frame,seconds,dt,member,cellX,cellY,gridX,gridY,rootX,rootY,footMidX,footMidY,footMidErrorPx,leftGroundX,leftGroundY,rightGroundX,rightGroundY,leftActualX,leftActualY,rightActualX,rightActualY,leftWorldX,leftWorldY,leftWorldZ,rightWorldX,rightWorldY,rightWorldZ,rootWorldX,rootWorldZ,yaw,phase,footLead,leftContact,rightContact,gaitDistance,displacement,pathErrorPx,lowestMeshY,direction,destinationX,destinationY,pathCount,hostCount
0,0.006662,0.333333,father,1,9,1.025760,9.000001,302.887200,450.941700,304.862500,449.429700,2.487509,309.189500,445.232100,300.535600,453.627300,309.189500,435.879500,300.535600,444.166500,-5.972968,0.238813,-2.176354,-6.129219,0.241575,-2.390719,-6.086759,-2.322143,44.390670,0.032199,0.262488,0,1,0.025600,0.015600,0.000068,0.131835,5,4,5,8,4
0,0.006662,0.333333,mother,9,6,8.974240,6.000000,765.736700,346.342400,763.059100,347.149800,2.796687,756.680700,349.726500,769.437400,344.573100,756.680700,340.373900,769.437400,335.112400,2.106735,0.238813,0.262327,2.337064,0.241575,0.393914,2.270246,0.348737,248.563000,0.032199,0.262488,0,1,0.025600,0.015600,0.000193,0.131834,1,8,11,7,4
0,0.006662,0.333333,older_sister,10,4,9.974240,4.000000,892.562400,367.479900,889.169000,368.575300,3.565782,880.419400,371.287700,897.918600,365.863000,880.419400,359.803600,897.918600,354.118100,4.340906,0.293240,-0.288226,4.656864,0.299899,-0.149709,4.560154,-0.190998,248.588200,0.032199,0.344719,0,0,0.025600,0.015600,0.000273,0.143359,1,4,9,12,4
0,0.006662,0.333333,player,2,2,2.025760,2.000000,641.089000,577.767300,643.549400,575.784700,3.159831,649.958100,570.774800,637.140600,580.794600,649.958100,559.290700,637.140600,569.049700,0.179799,0.293239,-5.382012,-0.051627,0.299899,-5.637860,0.019663,-5.560561,44.391720,0.032199,0.344719,0,0,0.025600,0.015600,0.000061,0.143359,5,8,4,9,4
1,0.224233,0.262037,father,1,9,1.098108,9.000001,305.945700,449.412400,306.632700,449.252000,0.705479,312.133500,445.684700,301.131900,452.819300,312.133500,436.887100,301.131900,442.831600,-5.919812,0.224641,-2.187908,-6.118452,0.255030,-2.370087,-6.031536,-2.283095,54.736750,0.122634,0.267369,0,0,0.097500,0.030000,0.000043,0.131835,5,4,5,8,4
1,0.224233,0.262037,mother,9,6,8.901893,6.000000,762.678200,347.871600,761.991200,348.032100,0.705443,756.490400,351.599400,767.492000,344.464800,756.490400,342.801800,767.492000,334.477100,2.103299,0.224641,0.214503,2.301938,0.255030,0.396682,2.215022,0.309690,234.736800,0.122634,0.267369,0,0,0.097500,0.030000,0.000246,0.131834,1,8,11,7,4
1,0.224233,0.262037,older_sister,10,4,9.901893,4.000000,889.503800,369.009100,888.689600,369.226200,0.842656,880.916400,373.328900,896.462900,365.123500,880.916400,362.431300,896.462900,352.776000,4.349879,0.278265,-0.340348,4.630580,0.315286,-0.130827,4.504930,-0.230045,234.736900,0.122634,0.350158,0,0,0.097500,0.030000,0.000356,0.143359,1,4,9,12,4
1,0.224233,0.262037,player,2,2,2.098108,2.000000,644.147500,576.238100,644.961700,576.021100,0.842641,652.734900,571.918300,637.188500,580.123800,652.734900,561.020600,637.188500,567.776400,0.229935,0.278265,-5.411209,-0.050763,0.315285,-5.620733,0.074885,-5.521513,54.736230,0.122634,0.350157,0,0,0.097500,0.030000,0.000061,0.143359,5,8,4,9,4
2,0.351253,0.128086,father,1,9,1.178606,9.000001,309.348800,447.710700,307.849500,448.709000,1.801202,312.325700,445.488500,303.373300,451.929400,312.325700,436.649000,303.373300,440.731300,-5.916341,0.225711,-2.182901,-6.077982,0.285937,-2.347364,-5.970092,-2.239642,54.732100,0.223257,0.226934,1,0,0.177500,0.030000,0.000246,0.131835,5,4,5,8,4
2,0.351253,0.128086,mother,9,6,8.821394,6.000000,759.275000,349.573400,760.774300,348.575100,1.801185,756.298200,351.795500,765.250500,345.354700,756.298200,342.956100,765.250500,334.156600,2.099827,0.225711,0.209495,2.261468,0.285938,0.373958,2.153577,0.266236,234.732100,0.223257,0.226935,1,0,0.177500,0.030000,0.000110,0.131834,1,8,11,7,4
2,0.351253,0.128086,older_sister,10,4,9.821395,4.000000,886.100800,370.710900,888.045800,369.369300,2.362851,881.811600,372.952800,894.280000,365.785800,881.811600,361.962800,894.280000,352.180500,4.366044,0.280623,-0.330742,4.591166,0.347404,-0.147738,4.443486,-0.273497,234.732800,0.223257,0.289470,1,0,0.177500,0.030000,0.000136,0.143359,1,4,9,12,4
2,0.351253,0.128086,player,2,2,2.178606,2.000000,647.550600,574.536400,645.605500,575.878000,2.362884,651.839600,572.294400,639.371500,579.461500,651.839600,561.304400,639.371500,565.856100,0.213771,0.280623,-5.420815,-0.011349,0.347404,-5.603821,0.136330,-5.478060,54.732060,0.223257,0.289469,1,0,0.177500,0.030000,0.000193,0.143359,5,8,4,9,4
3,0.473382,0.122903,father,1,9,1.259104,9.000001,312.751800,446.009200,311.054700,446.962500,1.946556,313.229400,444.964800,308.879900,448.960200,313.229400,436.062000,308.879900,436.243600,-5.900024,0.227327,-2.169527,-5.978558,0.324710,-2.271547,-5.908647,-2.196196,54.736670,0.323880,0.123023,1,0,0.257500,0.030000,0.000164,0.131835,5,4,5,8,4
3,0.473382,0.122903,mother,9,6,8.740895,6.000000,755.871900,351.274800,757.569200,350.321600,1.946636,755.394400,352.319300,759.744000,348.323900,755.394400,343.416400,759.744000,335.607300,2.083510,0.227328,0.196122,2.162044,0.324711,0.298141,2.092133,0.222791,234.737200,0.323880,0.123023,1,0,0.257500,0.030000,0.000164,0.131834,1,8,11,7,4
3,0.473382,0.122903,older_sister,10,4,9.740896,4.000000,882.697700,372.412400,884.781600,371.131100,2.446275,881.660700,373.049700,887.902600,369.212600,881.660700,361.968000,887.902600,353.711300,4.363318,0.282963,-0.333217,4.476019,0.395816,-0.235239,4.382041,-0.316943,234.737200,0.323880,0.148588,1,0,0.257500,0.030000,0.000220,0.143359,1,4,9,12,4
3,0.473382,0.122903,player,2,2,2.259104,2.000000,650.953700,572.835000,648.869600,574.116100,2.446331,651.990700,572.197700,645.748500,576.034600,651.990700,561.116000,645.748500,560.533300,0.216499,0.282963,-5.418344,0.103793,0.395816,-5.516318,0.197775,-5.434618,54.739470,0.323880,0.148588,1,0,0.257500,0.030000,0.000000,0.143359,5,8,4,9,4
4,0.591958,0.120149,father,1,9,1.339602,9.000001,316.154900,444.307500,316.126100,444.288700,0.034408,314.577100,444.227100,317.675100,444.350300,314.577100,435.261500,317.675100,433.588000,-5.875691,0.228933,-2.150691,-5.819755,0.274811,-2.153838,-5.847202,-2.152743,54.732670,0.424503,-0.043854,1,0,0.337500,0.030000,0.000341,0.131835,5,4,5,8,4
4,0.591958,0.120149,mother,9,6,8.660397,6.000000,752.468900,352.976600,752.497700,352.995400,0.034383,754.046700,353.056900,750.948700,352.933700,754.046700,344.091300,750.948700,342.171300,2.059177,0.228933,0.177285,2.003241,0.274812,0.180431,2.030688,0.179337,234.732000,0.424503,-0.043853,1,0,0.337500,0.030000,0.000031,0.131834,1,8,11,7,4
4,0.591958,0.120149,older_sister,10,4,9.660398,4.000000,879.294600,374.114100,879.309400,374.053100,0.062782,881.019000,373.443100,877.599900,374.663100,881.019000,362.176700,877.599900,361.360700,4.351731,0.287681,-0.343262,4.289997,0.339668,-0.374416,4.320597,-0.360397,234.732100,0.424503,-0.068391,1,0,0.337500,0.030000,0.000061,0.143359,1,4,9,12,4
4,0.591958,0.120149,player,2,2,2.339603,2.000000,654.356800,571.133400,654.342000,571.194400,0.062738,652.632400,571.804400,656.051600,570.584500,652.632400,560.538000,656.051600,557.282100,0.228084,0.287681,-5.408301,0.289820,0.339668,-5.377151,0.259219,-5.391169,54.735020,0.424503,-0.068392,1,0,0.337500,0.030000,0.000086,0.143359,5,8,4,9,4
5,0.714750,0.119619,father,1,9,1.420101,9.000001,319.558000,442.606200,321.602000,441.660900,2.251989,315.762000,443.606900,327.442000,439.714900,315.762000,434.631000,327.442000,430.323200,-5.854297,0.229193,-2.134853,-5.643408,0.239811,-2.035474,-5.785758,-2.109302,54.739490,0.525126,-0.229569,1,0,0.417500,0.030000,0.000136,0.131835,5,4,5,8,4
5,0.714750,0.119619,mother,9,6,8.579899,6.000000,749.065800,354.677900,747.021800,355.623200,2.252029,752.861800,353.677200,741.181800,357.569200,752.861800,344.701400,741.181800,348.177600,2.037782,0.229193,0.161446,1.826894,0.239811,0.062068,1.969243,0.135895,234.739600,0.525126,-0.229569,1,0,0.417500,0.030000,0.000193,0.131834,1,8,11,7,4
5,0.714750,0.119619,older_sister,10,4,9.579899,4.000000,875.891500,375.815600,873.271200,376.901400,2.836389,880.635100,373.663200,865.907200,380.139600,880.635100,362.264100,865.907200,368.646500,4.344801,0.291069,-0.348883,4.078880,0.293472,-0.514255,4.259152,-0.403842,234.737200,0.525126,-0.312603,1,0,0.417500,0.030000,0.000136,0.143359,1,4,9,12,4
5,0.714750,0.119619,player,2,2,2.420101,2.000000,657.759900,569.431800,660.380100,568.345900,2.836356,653.016300,571.584400,667.743900,565.107400,653.016300,560.185200,667.743900,553.614300,0.235017,0.291069,-5.402682,0.500931,0.293472,-5.237298,0.320664,-5.347720,54.734720,0.525126,-0.312602,1,0,0.417500,0.030000,0.000136,0.143359,5,8,4,9,4
6,0.836603,0.118868,father,2,9,1.500599,9.000001,322.961100,440.904700,323.478100,440.561300,0.620678,316.385000,443.249600,330.571300,437.873000,316.385000,433.811400,330.571300,428.956500,-5.843048,0.240999,-2.125730,-5.586908,0.227679,-1.988442,-5.724313,-2.065856,54.737110,0.625749,-0.288402,0,0,0.497500,0.030000,0.000043,0.123853,5,4,5,8,4
6,0.836603,0.118868,mother,8,6,8.499400,6.000000,745.662700,356.379400,745.145800,356.722800,0.620653,752.238800,354.034500,738.052600,359.411100,752.238800,344.596300,738.052600,350.494500,2.026533,0.240999,0.152323,1.770394,0.227679,0.015036,1.907799,0.092450,234.737100,0.625749,-0.288401,0,0,0.497500,0.030000,0.000246,0.123853,1,8,11,7,4
6,0.836603,0.118868,older_sister,9,4,9.499401,4.000000,872.488400,377.517300,871.853800,377.870700,0.726417,880.878200,373.650700,862.829300,382.090700,880.878200,361.640700,862.829300,371.186600,4.349190,0.306670,-0.348565,4.023307,0.278429,-0.564075,4.197707,-0.447296,234.732100,0.625749,-0.390507,0,0,0.497500,0.030000,0.000061,0.128809,1,4,9,12,4
6,0.836603,0.118868,player,3,2,2.500599,2.000000,661.163000,567.730400,661.797600,567.377000,0.726402,652.772700,571.596400,670.822600,563.157600,652.772700,559.586400,670.822600,552.253500,0.230617,0.306670,-5.402992,0.556519,0.278429,-5.187510,0.382109,-5.304274,54.737090,0.625749,-0.390506,0,0,0.497500,0.030000,0.000000,0.128809,5,8,4,9,4
7,1.006167,0.170725,father,2,9,1.581098,9.000001,326.364200,439.203000,324.495900,439.912100,1.998381,318.130300,442.131500,330.861500,437.692800,318.130300,431.470200,330.861500,428.812100,-5.811535,0.272230,-2.097181,-5.581668,0.226762,-1.983841,-5.662868,-2.022403,54.732010,0.726371,-0.253120,0,1,0.577500,0.030000,0.000232,0.123853,5,4,5,8,4
7,1.006167,0.170725,mother,8,6,8.418901,6.000000,742.259600,358.081100,744.127900,357.371900,1.998341,750.493500,355.152600,737.762400,359.591300,750.493500,344.491200,737.762400,350.710600,1.995021,0.272230,0.123775,1.765154,0.226763,0.010435,1.846354,0.048996,234.732100,0.726371,-0.253120,0,1,0.577500,0.030000,0.000110,0.123853,1,8,11,7,4
7,1.006167,0.170725,older_sister,9,4,9.418902,4.000000,869.085300,379.218600,871.508800,378.388300,2.561758,879.368300,374.899800,863.649300,381.876800,879.368300,361.534000,863.649300,371.034100,4.321929,0.341288,-0.380458,4.038112,0.276863,-0.558613,4.136262,-0.490737,234.739500,0.726371,-0.334594,0,1,0.577500,0.030000,0.000164,0.128809,1,4,9,12,4
7,1.006167,0.170725,player,3,2,2.581098,2.000000,664.566000,566.028700,662.142600,566.859200,2.561759,654.283800,570.348400,670.001600,563.370000,654.283800,556.982600,670.001600,552.527300,0.257901,0.341287,-5.371123,0.541695,0.276862,-5.192933,0.443554,-5.260821,54.732360,0.726371,-0.334594,0,1,0.577500,0.030000,0.000136,0.128809,5,8,4,9,4
8,1.127033,0.122215,father,2,9,1.661596,9.000001,329.767300,437.501500,328.213600,438.174700,1.693308,324.915500,438.933200,331.511700,437.416100,324.915500,426.896900,331.511700,428.371300,-5.689025,0.307342,-2.015515,-5.569928,0.230954,-1.976777,-5.601424,-1.978957,54.737110,0.826994,-0.119609,0,1,0.657500,0.030000,0.000136,0.123853,5,4,5,8,4
8,1.127033,0.122215,mother,8,6,8.338403,6.000000,738.856500,359.782600,740.410200,359.109400,1.693224,743.708300,358.350900,737.112100,359.867900,743.708300,346.314500,737.112100,350.823100,1.872510,0.307342,0.042109,1.753413,0.230955,0.003371,1.784909,0.005551,234.737100,0.826994,-0.119609,0,1,0.657500,0.030000,0.000164,0.123853,1,8,11,7,4
8,1.127033,0.122215,older_sister,9,4,9.338404,4.000000,865.682300,380.920000,867.570900,380.245500,2.005531,871.229300,378.746900,863.912700,381.744000,871.229300,363.586900,863.912700,370.689100,4.174974,0.387100,-0.478691,4.042867,0.282282,-0.555222,4.074818,-0.534183,234.737200,0.826994,-0.152050,0,1,0.657500,0.030000,0.000246,0.128809,1,4,9,12,4
8,1.127033,0.122215,player,3,2,2.661596,2.000000,667.969100,564.327300,666.080300,565.001900,2.005636,662.421900,566.500400,669.738700,563.503400,662.421900,551.340500,669.738700,552.448400,0.404839,0.387100,-5.272866,0.536949,0.282282,-5.196341,0.504998,-5.217379,54.739460,0.826994,-0.152050,0,1,0.657500,0.030000,0.000000,0.128809,5,8,4,9,4
9,1.247275,0.122182,father,2,9,1.742095,9.000001,333.170400,435.799800,334.040600,435.329700,0.989039,335.605500,433.700600,332.475700,436.958800,335.605500,423.578400,332.475700,427.730200,-5.496012,0.258464,-1.881902,-5.552521,0.235645,-1.965098,-5.539979,-1.935504,54.732590,0.927617,0.094174,0,1,0.737500,0.030000,0.000314,0.123853,5,4,5,8,4
9,1.247275,0.122182,mother,8,6,8.257905,6.000000,735.453400,361.484300,734.583100,361.954400,0.989161,733.018200,363.583500,736.148100,360.325300,733.018200,353.461300,736.148100,351.096800,1.679497,0.258464,-0.091503,1.736006,0.235645,-0.008308,1.723464,-0.037901,234.733000,0.927617,0.094174,0,1,0.737500,0.030000,0.000000,0.123853,1,8,11,7,4
9,1.247275,0.122182,older_sister,9,4,9.257905,4.000000,862.279100,382.621800,861.172500,383.300100,1.297890,858.544400,384.827900,863.800700,381.772300,858.544400,371.973800,863.800700,370.400700,3.945941,0.328224,-0.633968,4.040845,0.290366,-0.555943,4.013373,-0.577636,234.732100,0.927617,0.122537,0,1,0.737500,0.030000,0.000061,0.128809,1,4,9,12,4
9,1.247275,0.122182,player,3,2,2.742095,2.000000,671.372200,562.625700,672.478900,561.947500,1.297978,675.107100,560.419700,669.850600,563.475300,675.107100,547.565600,669.850600,552.103700,0.633877,0.328223,-5.117600,0.538970,0.290366,-5.195622,0.566443,-5.173930,54.734720,0.927617,0.122538,0,1,0.737500,0.030000,0.000061,0.128809,5,8,4,9,4
10,1.366026,0.119991,father,2,9,1.822593,9.000001,336.573500,434.098300,338.963500,432.818200,2.711224,344.271700,429.238300,333.655200,436.398200,344.271700,419.842200,333.655200,426.949500,-5.339538,0.239924,-1.767959,-5.531226,0.241267,-1.950783,-5.478534,-1.892059,54.737190,0.028240,0.262065,0,1,0.817500,0.030000,0.000205,0.123853,5,4,5,8,4
10,1.366026,0.119991,mother,8,6,8.177406,6.000000,732.050300,363.185800,729.660300,364.465900,2.711182,724.352100,368.045800,734.968600,360.885900,724.352100,358.649700,734.968600,351.437200,1.523024,0.239923,-0.205447,1.714711,0.241266,-0.022622,1.662020,-0.081347,234.737100,0.028240,0.262065,0,1,0.817500,0.030000,0.000086,0.123853,1,8,11,7,4
10,1.366026,0.119991,older_sister,9,4,9.177406,4.000000,858.876000,384.323300,855.870900,386.018900,3.450494,848.314100,390.132300,863.427700,381.905500,848.314100,378.600100,863.427700,370.175800,3.761227,0.294468,-0.769412,4.034110,0.299509,-0.559344,3.951928,-0.621082,234.737100,0.028240,0.344090,0,1,0.817500,0.030000,0.000136,0.128809,1,4,9,12,4
10,1.366026,0.119991,player,3,2,2.822593,2.000000,674.775300,560.924100,677.780400,559.228500,3.450441,685.336900,555.114900,670.223900,563.342100,685.336900,543.582700,670.223900,551.612500,0.818584,0.294467,-4.982143,0.545708,0.299509,-5.192222,0.627888,-5.130481,54.735020,0.028240,0.344090,0,1,0.817500,0.030000,0.000086,0.128809,5,8,4,9,4
11,1.483492,0.118147,father,2,9,1.903092,9.000001,339.976600,432.397000,340.513100,432.312200,0.543161,345.986800,428.748300,335.039400,435.876200,345.986800,419.957000,335.039400,425.831300,-5.308572,0.224480,-1.755448,-5.506234,0.256490,-1.937455,-5.417089,-1.848616,54.739110,0.128863,0.266470,0,0,0.897500,0.030000,0.000000,0.123853,5,4,5,8,4
11,1.483492,0.118147,mother,8,6,8.096908,6.000000,728.647200,364.887100,728.110700,364.971900,0.543161,722.637100,368.535900,733.584500,361.407900,722.637100,359.744500,733.584500,351.363000,1.492058,0.224481,-0.217959,1.689718,0.256491,-0.035951,1.600575,-0.124790,234.738700,0.128863,0.266470,0,0,0.897500,0.030000,0.000301,0.123853,1,8,11,7,4
11,1.483492,0.118147,older_sister,9,4,9.096909,4.000000,855.473000,386.025000,854.854500,386.140400,0.629135,847.127400,390.236200,862.581500,382.044500,847.127400,379.337700,862.581500,369.634900,3.739801,0.278286,-0.772065,4.018833,0.316871,-0.562895,3.890484,-0.664534,234.733000,0.128863,0.348594,0,0,0.897500,0.030000,0.000031,0.128809,1,4,9,12,4
11,1.483492,0.118147,player,3,2,2.903092,2.000000,678.178400,559.222700,678.796900,559.107300,0.629135,686.524300,555.011800,671.069500,563.202800,686.524300,544.113300,671.069500,550.793200,0.840021,0.278286,-4.979513,0.560977,0.316872,-5.188665,0.689332,-5.087034,54.736500,0.128863,0.348593,0,0,0.897500,0.030000,0.000000,0.128809,5,8,4,9,4
12,1.598103,0.115823,father,2,9,1.983590,9.000001,343.379700,430.695300,341.759300,431.745000,1.930707,346.142700,428.573400,337.375800,434.916600,346.142700,419.724000,337.375800,423.578100,-5.305756,0.225962,-1.750981,-5.464047,0.289523,-1.912954,-5.355645,-1.805163,54.732520,0.229486,0.222761,1,0,0.977500,0.030000,0.000205,0.126119,5,4,5,8,4
12,1.598103,0.115823,mother,8,6,8.016410,6.000000,725.244100,366.588800,726.864600,365.539100,1.930733,722.481100,368.710700,731.248000,362.367400,722.481100,359.861400,731.248000,351.028900,1.489241,0.225962,-0.222424,1.647534,0.289522,-0.060453,1.539130,-0.168242,234.732900,0.229486,0.222762,1,0,0.977500,0.030000,0.000110,0.126118,1,8,11,7,4
12,1.598103,0.115823,older_sister,9,4,9.016410,4.000000,852.069800,387.726300,854.166100,386.318200,2.525350,848.063600,389.831100,860.268700,382.805300,848.063600,378.834700,860.268700,369.046300,3.756703,0.280788,-0.761721,3.977074,0.351327,-0.582320,3.829039,-0.707976,234.739600,0.229486,0.283508,1,0,0.977500,0.030000,0.000193,0.130801,1,4,9,12,4
12,1.598103,0.115823,player,3,2,2.983590,2.000000,681.581500,557.520900,679.485500,558.929200,2.525165,685.587500,555.415800,673.383500,562.442600,685.587500,544.419300,673.383500,548.683600,0.823107,0.280788,-4.989828,0.602757,0.351328,-5.169254,0.750777,-5.043581,54.732640,0.229486,0.283507,1,0,0.977500,0.030000,0.000193,0.130802,5,8,4,9,4
13,1.764435,0.161633,father,2,9,2.064089,9.000001,346.782800,428.993800,345.125400,429.913100,1.895280,347.122200,428.012100,343.128500,431.814100,347.122200,419.101300,343.128500,419.088100,-5.288071,0.227530,-1.736650,-5.360179,0.324950,-1.833732,-5.294200,-1.761718,54.737190,0.330109,0.114926,1,0,1.057500,0.030000,0.000110,0.126119,5,4,5,8,4
13,1.764435,0.161633,mother,8,6,8.000000,6.021735,723.631600,366.476000,726.024900,366.461900,2.393353,721.007400,366.917800,731.042400,366.005900,721.007400,358.054700,731.042400,353.775400,1.462633,0.226316,-0.176644,1.643821,0.312297,-0.153357,1.510015,-0.165362,275.648900,0.277166,0.178016,1,0,1.015408,0.021600,0.000273,0.126118,2,8,11,7,4
13,1.764435,0.161633,older_sister,9,4,8.935911,4.000000,848.666700,389.427800,850.708000,388.189900,2.387247,847.814600,389.981000,853.601400,386.398900,847.814600,378.885700,853.601400,370.874300,3.752209,0.283311,-0.765548,3.856691,0.396412,-0.674082,3.767594,-0.751423,234.736200,0.330109,0.138117,1,0,1.057500,0.030000,0.000273,0.130801,1,4,9,12,4
13,1.764435,0.161633,player,3,2,3.064089,2.000000,684.984600,555.819500,682.943400,557.057300,2.387263,685.836700,555.266300,680.050000,558.848300,685.836700,544.171100,680.050000,543.323700,0.827607,0.283310,-4.986011,0.723124,0.396412,-5.077476,0.812222,-5.000136,54.737090,0.330109,0.138117,1,0,1.057500,0.030000,0.000136,0.130802,5,8,4,9,4
14,1.876470,0.120019,father,2,9,2.144587,9.000001,350.185900,427.292100,350.320300,427.191700,0.167768,348.483100,427.271100,352.157500,427.112300,348.483100,418.304900,352.157500,416.533200,-5.263499,0.228946,-1.717729,-5.197155,0.270131,-1.713675,-5.232755,-1.718265,54.732520,0.430732,-0.056508,1,0,1.137500,0.030000,0.000273,0.126119,5,4,5,8,4
14,1.876470,0.120019,mother,8,6,8.000000,6.100623,720.296600,364.808600,721.406100,365.363900,1.240687,719.775400,365.395200,723.036900,365.332600,719.775400,356.438100,723.036900,353.141800,1.440389,0.228712,-0.137764,1.499277,0.311284,-0.136166,1.449800,-0.122787,305.262400,0.375776,0.047160,1,0,1.093808,0.030000,0.000193,0.126118,3,8,11,7,4
14,1.876470,0.120019,older_sister,9,4,8.855413,4.000000,845.263700,391.129500,845.068100,391.172100,0.200197,847.158000,390.377000,842.978200,391.967100,847.158000,379.100300,842.978200,378.884600,3.740352,0.287944,-0.775661,3.664884,0.334056,-0.816263,3.706150,-0.794875,234.733000,0.430732,-0.085061,1,0,1.137500,0.030000,0.000086,0.130801,1,4,9,12,4
14,1.876470,0.120019,player,3,2,3.144587,2.000000,688.387700,554.117700,688.583300,554.075100,0.200143,686.493400,554.870200,690.673200,553.280000,686.493400,543.593600,690.673200,540.197400,0.839464,0.287944,-4.975897,0.914931,0.334056,-4.935293,0.873666,-4.956682,54.732060,0.430732,-0.085061,1,0,1.137500,0.030000,0.000273,0.130802,5,8,4,9,4
15,1.985006,0.110004,father,2,9,2.225086,9.000001,353.588900,425.590600,355.692200,424.622600,2.315355,349.640000,426.667000,361.744400,422.578200,349.640000,417.684200,361.744400,413.206800,-5.242610,0.229371,-1.702304,-5.024059,0.239294,-1.597898,-5.171310,-1.674819,54.736750,0.531355,-0.238726,1,0,1.217500,0.030000,0.000205,0.126119,5,4,5,8,4
15,1.985006,0.110004,mother,8,6,8.000000,6.181121,716.893400,363.107300,715.660500,362.493800,1.377128,718.382600,364.743000,712.938500,360.244600,718.382600,355.770200,712.938500,350.583000,1.415241,0.229116,-0.121111,1.316946,0.246705,-0.006248,1.388354,-0.079344,305.260700,0.476399,-0.146572,1,0,1.173808,0.030000,0.000086,0.126118,3,8,11,7,4
15,1.985006,0.110004,older_sister,9,4,8.774915,3.999999,841.860700,392.831000,839.165600,393.942500,2.915222,846.810200,390.576300,831.521100,397.308600,846.810200,379.162800,831.521100,385.857600,3.734071,0.291439,-0.780750,3.458021,0.292396,-0.952655,3.644706,-0.838320,234.736500,0.531355,-0.324644,0,0,1.217500,0.030000,0.000136,0.130801,1,4,9,12,4
15,1.985006,0.110004,player,3,2,3.225085,2.000000,691.790800,552.416400,694.485800,551.305000,2.915256,686.841100,554.670900,702.130600,547.939100,686.841100,543.257300,702.130600,536.488000,0.845743,0.291439,-4.970807,1.121803,0.292396,-4.798916,0.935111,-4.913241,54.739750,0.531355,-0.324644,0,0,1.217500,0.030000,0.000061,0.130802,5,8,4,9,4
16,2.094293,0.110414,father,2,9,2.305584,9.000001,356.992000,423.889300,357.345600,423.615700,0.447036,350.244300,426.307000,364.446700,420.924300,350.244300,416.810600,364.446700,412.022500,-5.231699,0.242486,-1.693112,-4.975267,0.227305,-1.555669,-5.109866,-1.631377,54.739350,0.631978,-0.288731,0,0,1.297500,0.030000,0.000031,0.126119,5,4,5,8,4
16,2.094293,0.110414,mother,8,6,8.000000,6.261620,713.490400,361.405600,711.725700,360.461000,2.001553,717.473100,364.293700,705.978300,356.628300,717.473100,355.177300,705.978300,347.474200,1.398820,0.232782,-0.109639,1.191274,0.233744,0.086094,1.326909,-0.035892,305.267000,0.577022,-0.282469,0,0,1.253808,0.030000,0.000110,0.126118,3,8,11,7,4
16,2.094293,0.110414,older_sister,9,4,8.694417,3.999999,838.457600,394.532700,838.033200,394.807000,0.505271,847.063700,390.583000,829.002700,399.030900,847.063700,378.505600,829.002700,388.142700,3.738651,0.308391,-0.780921,3.412550,0.278024,-0.996633,3.583261,-0.881774,234.732100,0.631978,-0.390801,0,0,1.297500,0.030000,0.000110,0.130801,1,4,9,12,4
16,2.094293,0.110414,player,3,2,3.305584,2.000000,695.193800,550.715000,695.618200,550.440700,0.505271,686.587200,554.664100,704.649200,546.217300,686.587200,542.586700,704.649200,535.329100,0.841158,0.308391,-4.970634,1.167278,0.278024,-4.754951,0.996556,-4.869795,54.737110,0.631978,-0.390801,0,0,1.297500,0.030000,0.000000,0.130802,5,8,4,9,4
17,2.202401,0.108980,father,2,9,2.386083,9.000001,360.395100,422.187600,358.455400,422.927800,2.076133,352.211200,425.078800,364.699700,420.776700,352.211200,414.292500,364.699700,411.890200,-5.196187,0.275421,-1.661750,-4.970699,0.226912,-1.551898,-5.048421,-1.587924,54.732590,0.732601,-0.247531,0,1,1.377500,0.030000,0.000136,0.126119,5,4,5,8,4
17,2.202401,0.108980,mother,8,6,8.000000,6.342118,710.087300,359.704100,710.704300,360.196800,0.789591,716.504000,363.993600,704.904500,356.400100,716.504000,353.984000,704.904500,347.564700,1.381322,0.255588,-0.101975,1.171888,0.225606,0.091921,1.265465,0.007553,305.262900,0.677645,-0.282946,0,1,1.333808,0.030000,0.000061,0.126118,3,8,11,7,4
17,2.202401,0.108980,older_sister,9,4,8.613918,3.999999,835.054400,396.234200,837.562600,395.376200,2.650853,845.247600,391.986700,829.877700,398.765800,845.247600,378.468300,829.877700,387.921500,3.705858,0.345183,-0.816761,3.428347,0.276902,-0.989864,3.521817,-0.925219,234.737200,0.732601,-0.326528,0,1,1.377500,0.030000,0.000031,0.130801,1,4,9,12,4
17,2.202401,0.108980,player,3,2,3.386082,2.000000,698.596900,549.013200,696.088900,549.871300,2.650767,688.404400,553.261400,703.773400,546.481300,688.404400,539.743000,703.773400,535.636900,0.873968,0.345183,-4.934815,1.151464,0.276902,-4.761689,1.058001,-4.826342,54.732340,0.732601,-0.326529,0,1,1.377500,0.030000,0.000193,0.130802,5,8,4,9,4
18,2.316109,0.107473,father,2,9,2.466581,9.000001,363.798200,420.486100,362.350500,421.125700,1.582711,359.310000,421.772500,365.390900,420.478900,359.310000,409.746400,365.390900,411.417600,-5.068013,0.307079,-1.577326,-4.958219,0.231376,-1.544294,-4.986977,-1.544479,54.737110,0.833224,-0.108718,0,1,1.457500,0.030000,0.000068,0.126388,5,4,5,8,4
18,2.316109,0.107473,mother,8,6,8.000000,6.422617,706.684300,358.002400,708.418000,359.114400,2.059745,712.126000,361.976800,704.710100,356.252000,712.126000,350.428200,704.710100,347.312300,1.302275,0.294887,-0.050478,1.168376,0.228271,0.095702,1.204021,0.051007,305.268500,0.778268,-0.193729,0,1,1.413808,0.030000,0.000246,0.112043,3,8,11,7,4
18,2.316109,0.107473,older_sister,9,4,8.533421,3.999999,831.651400,397.935500,833.404800,397.294900,1.866808,836.726800,395.934800,830.082900,398.655100,836.726800,380.775900,830.082900,387.576100,3.552012,0.387072,-0.917575,3.432051,0.282896,-0.987037,3.460372,-0.968661,234.739400,0.833224,-0.138053,0,1,1.457500,0.030000,0.000273,0.130903,1,4,9,12,4
18,2.316109,0.107473,player,3,2,3.466581,2.000000,702.000100,547.311800,700.246600,547.952300,1.866761,696.924700,549.312600,703.568600,546.592100,696.924700,534.153700,703.568600,535.513100,1.027807,0.387072,-4.833986,1.147766,0.282896,-4.764521,1.119445,-4.782897,54.737360,0.833224,-0.138053,0,1,1.457500,0.030000,0.000086,0.130903,5,8,4,9,4
19,2.476949,0.159439,father,3,9,2.547080,9.000001,367.201300,418.784300,368.269700,418.205600,1.215095,370.174900,416.396000,366.364600,420.015100,370.174900,406.390200,366.364600,410.778000,-4.871841,0.255494,-1.440041,-4.940640,0.235863,-1.532452,-4.925532,-1.501025,54.732140,0.933846,0.109530,0,1,1.537500,0.030000,0.000273,0.126388,5,4,5,8,4
19,2.476949,0.159439,mother,8,7,8.000000,6.503115,703.281100,356.300900,703.689700,356.531800,0.469314,703.540200,357.297000,703.839400,355.766700,703.540200,346.028600,703.839400,346.608800,1.147253,0.287732,0.069019,1.152655,0.233841,0.108094,1.142575,0.094453,305.262300,0.878891,-0.018148,0,1,1.493808,0.030000,0.000164,0.112043,3,8,11,7,4
19,2.476949,0.159439,older_sister,8,4,8.452922,3.999999,828.248300,399.637200,826.893900,400.452200,1.580716,823.822800,402.214600,829.964900,398.689800,823.822800,389.525500,829.964900,387.301400,3.319022,0.324008,-1.077926,3.429921,0.290797,-0.987923,3.398927,-1.012115,234.732100,0.933846,0.142513,0,1,1.537500,0.030000,0.000031,0.130903,1,4,9,12,4
19,2.476949,0.159439,player,4,2,3.547079,2.000000,705.403100,545.610000,706.757600,544.795000,1.580700,709.828600,543.032700,703.686600,546.557400,709.828600,530.343600,703.686600,535.169000,1.260795,0.324008,-4.673632,1.149897,0.290796,-4.763635,1.180890,-4.739443,54.732070,0.933846,0.142512,0,1,1.537500,0.030000,0.000329,0.130903,5,8,4,9,4
20,2.592303,0.116262,father,3,9,2.627578,9.000001,370.604400,417.082900,372.895600,415.871900,2.591573,378.227400,412.292100,367.563800,419.451600,378.227400,402.964400,367.563800,409.983800,-4.726449,0.238178,-1.335250,-4.918986,0.241755,-1.518064,-4.864087,-1.457579,54.737190,0.034469,0.262752,0,0,1.617500,0.030000,0.000205,0.126388,5,4,5,8,4
20,2.592303,0.116262,mother,8,7,8.000000,6.583614,699.878100,354.599600,697.262600,353.410600,2.873041,691.650300,351.548700,702.874900,355.272600,691.650300,341.982900,702.874900,345.955300,0.932573,0.244257,0.215798,1.135241,0.237913,0.120710,1.081132,0.137894,305.261100,0.979514,0.220379,0,1,1.573808,0.030000,0.000061,0.112043,3,8,11,7,4
20,2.592303,0.116262,older_sister,8,4,8.372423,3.999999,824.845300,401.338700,821.968100,402.943000,3.294263,814.378900,407.058300,829.557300,398.827700,814.378900,395.601700,829.557300,387.074000,3.148507,0.292538,-1.201609,3.422562,0.300123,-0.991444,3.337484,-1.055560,234.736600,0.034469,0.345103,0,0,1.617500,0.030000,0.000110,0.130903,1,4,9,12,4
20,2.592303,0.116262,player,4,2,3.627578,2.000000,708.806200,543.908700,711.683500,542.304500,3.294242,719.273100,538.189500,704.094100,546.419600,719.273100,526.732800,704.094100,534.665900,1.431319,0.292537,-4.549963,1.157254,0.300123,-4.760114,1.242335,-4.696002,54.739440,0.034469,0.345103,0,0,1.617500,0.030000,0.000086,0.130903,5,8,4,9,4
21,2.705925,0.114923,father,3,9,2.708077,9.000001,374.007500,415.381200,374.389000,415.371700,0.381587,379.827200,411.811000,368.950800,418.932300,379.827200,403.023000,368.950800,408.827400,-4.697564,0.224397,-1.322965,-4.893944,0.258025,-1.504804,-4.802642,-1.414127,54.732590,0.135092,0.265330,0,0,1.697500,0.030000,0.000341,0.126388,5,4,5,8,4
21,2.705925,0.114923,mother,8,7,8.000000,6.664112,696.475000,352.897900,695.059600,352.107200,1.621279,688.448600,349.646500,701.670500,354.567900,688.448600,340.701100,701.670500,344.888300,0.874767,0.228416,0.264369,1.113495,0.247161,0.138705,1.019687,0.181348,305.267900,0.080137,0.267470,0,0,1.653808,0.030000,0.000136,0.112043,3,8,11,7,4
21,2.705925,0.114923,older_sister,8,4,8.291924,3.999999,821.442100,403.040400,821.025400,403.054100,0.416971,813.355200,407.141700,828.695600,398.966500,813.355200,396.238800,828.695600,386.492000,3.130026,0.278400,-1.203737,3.407003,0.318528,-0.994987,3.276038,-1.099014,234.732800,0.135092,0.346673,0,0,1.697500,0.030000,0.000086,0.130903,1,4,9,12,4
21,2.705925,0.114923,player,4,2,3.708076,2.000000,712.209400,542.207300,712.626000,542.193700,0.416909,720.296600,538.106400,704.955400,546.280900,720.296600,527.203500,704.955400,533.806400,1.449799,0.278400,-4.547844,1.172807,0.318527,-4.756573,1.303779,-4.652556,54.737110,0.135092,0.346672,0,0,1.697500,0.030000,0.000061,0.130903,5,8,4,9,4
22,2.816344,0.111676,father,3,9,2.788575,9.000001,377.410600,413.679800,375.692400,414.770100,2.034837,379.974700,411.651500,371.410200,417.888600,379.974700,402.794800,371.410200,406.414100,-4.694901,0.226149,-1.318892,-4.849538,0.292996,-1.478153,-4.741198,-1.370685,54.739490,0.235715,0.218207,1,0,1.777500,0.030000,0.000136,0.126388,5,4,5,8,4
22,2.816344,0.111676,mother,8,7,8.000000,6.744611,693.071900,351.196400,694.017600,351.447800,0.978585,687.725800,349.230900,700.309600,353.664600,687.725800,340.443900,700.309600,343.065600,0.861715,0.224372,0.274981,1.088924,0.270641,0.161768,0.958243,0.224793,305.262800,0.180760,0.250880,1,0,1.733808,0.030000,0.000086,0.112043,3,8,11,7,4
22,2.816344,0.111676,older_sister,8,4,8.211426,3.999999,818.039100,404.741900,820.253900,403.281500,2.652956,814.295100,406.719600,826.212600,399.843400,814.295100,395.718400,826.212600,385.932000,3.146995,0.280910,-1.192960,3.362172,0.355219,-1.017379,3.214595,-1.142459,234.736600,0.235715,0.277063,1,0,1.777500,0.030000,0.000000,0.130903,1,4,9,12,4
22,2.816344,0.111676,player,4,2,3.788575,2.000000,715.612400,540.505500,713.397800,541.966000,2.652888,719.356200,538.527600,707.439300,545.404400,719.356200,527.526400,707.439300,531.493000,1.432820,0.280910,-4.558598,1.217655,0.355219,-4.734193,1.365224,-4.609103,54.732670,0.235715,0.277063,1,0,1.777500,0.030000,0.000193,0.130903,5,8,4,9,4
23,2.928105,0.112392,father,3,9,2.869074,9.000001,380.813700,411.978400,379.203700,412.859700,1.835383,381.016700,411.058900,377.390700,414.660600,381.016700,402.140800,377.390700,401.941800,-4.676087,0.227718,-1.303761,-4.741556,0.324767,-1.395727,-4.679753,-1.327239,54.736750,0.336338,0.106552,1,0,1.857500,0.030000,0.000068,0.126388,5,4,5,8,4
23,2.928105,0.112392,mother,8,7,8.000000,6.825109,689.668800,349.494700,691.750600,350.323000,2.240520,687.177000,349.014200,696.324400,351.631700,687.177000,340.150000,696.324400,339.333900,0.851806,0.226342,0.280514,1.016968,0.314019,0.213678,0.896798,0.268247,305.267900,0.281383,0.173439,1,0,1.813808,0.030000,0.000246,0.112043,3,8,11,7,4
23,2.928105,0.112392,older_sister,8,4,8.130928,3.999999,814.635900,406.443200,816.623800,405.252900,2.316980,813.965800,406.912500,819.281600,403.593200,813.965800,395.804400,819.281600,388.065900,3.141049,0.283641,-1.197886,3.237030,0.396482,-1.113128,3.153149,-1.185901,234.740100,0.336338,0.127301,1,0,1.857500,0.030000,0.000246,0.130903,1,4,9,12,4
23,2.928105,0.112392,player,4,2,3.869073,2.000000,719.015500,538.804100,717.027800,539.994400,2.316854,719.685600,538.334700,714.370100,541.654200,719.685600,527.226500,714.370100,526.127000,1.438767,0.283641,-4.553672,1.342792,0.396481,-4.638435,1.426669,-4.565657,54.736760,0.336338,0.127302,1,0,1.857500,0.030000,0.000086,0.130903,5,8,4,9,4
24,3.040768,0.113074,father,3,9,2.949572,9.000001,384.216800,410.276600,384.521500,410.091900,0.356420,382.389500,410.314900,386.653700,409.868800,382.389500,401.347800,386.653700,399.466900,-4.651301,0.228969,-1.284763,-4.574308,0.265605,-1.273372,-4.618308,-1.283787,54.733040,0.436961,-0.069440,1,0,1.937500,0.030000,0.000232,0.128927,5,4,5,8,4
24,3.040768,0.113074,mother,8,7,8.000000,6.905608,686.265700,347.793200,687.252500,348.295300,1.107157,685.862900,348.442800,688.642100,348.147800,685.862900,339.482300,688.642100,336.111400,0.828080,0.228801,0.295105,0.878260,0.307343,0.302637,0.835353,0.311692,305.262800,0.382006,0.036624,1,0,1.893808,0.030000,0.000164,0.128776,3,8,11,7,4
24,3.040768,0.113074,older_sister,8,4,8.050429,3.999999,811.232900,408.145000,810.816800,408.294600,0.442210,813.297000,407.310900,808.336700,409.278100,813.297000,396.023800,808.336700,396.411400,3.128973,0.288210,-1.208059,3.039412,0.328544,-1.258289,3.091705,-1.229355,234.731400,0.436961,-0.102127,1,0,1.937500,0.030000,0.000000,0.137850,1,4,9,12,4
24,3.040768,0.113074,player,4,2,3.949572,2.000000,722.418600,537.102300,722.834700,536.952700,0.442210,720.354500,537.936300,725.314900,535.969100,720.354500,526.649200,725.314900,523.102400,1.450845,0.288209,-4.543499,1.540407,0.328543,-4.493269,1.488114,-4.522204,54.732370,0.436961,-0.102127,1,0,1.937500,0.030000,0.000273,0.137849,5,8,4,9,4
25,3.194900,0.156472,father,3,9,3.030071,9.000001,387.619900,408.575200,389.769500,407.589700,2.364806,383.515400,409.728700,396.023600,405.450600,383.515400,400.736800,396.023600,396.097400,-4.630971,0.229601,-1.269794,-4.405130,0.238828,-1.160556,-4.556864,-1.240340,54.736100,0.537584,-0.247468,0,0,2.017500,0.030000,0.000136,0.128927,5,4,5,8,4
25,3.194900,0.156472,mother,8,7,8.000000,6.986106,682.862600,346.091400,681.515300,345.410900,1.509454,684.488000,347.797100,678.542400,343.024700,684.488000,338.825500,678.542400,333.421900,0.803257,0.229085,0.311592,0.695905,0.245202,0.433453,0.773909,0.355145,305.267000,0.482629,-0.158011,1,0,1.973808,0.030000,0.000356,0.128776,3,8,11,7,4
25,3.194900,0.156472,older_sister,8,4,7.969931,3.999999,807.829700,409.846400,805.076200,410.977100,2.976679,812.988000,407.488000,797.164300,414.466200,812.988000,396.057400,797.164300,403.054800,3.123394,0.291876,-1.212580,2.837689,0.291384,-1.390764,3.030259,-1.272800,234.737800,0.537584,-0.336152,0,0,2.017500,0.030000,0.000164,0.137850,1,4,9,12,4
25,3.194900,0.156472,player,4,2,4.030070,2.000000,725.821700,535.401000,728.575300,534.270300,2.976757,720.663400,537.759300,736.487300,530.781400,720.663400,526.328600,736.487300,519.370000,1.456422,0.291875,-4.538980,1.742131,0.291383,-4.360804,1.549558,-4.478762,54.739440,0.537584,-0.336152,0,0,2.017500,0.030000,0.000086,0.137849,5,8,4,9,4
26,3.302072,0.108789,father,3,9,3.110569,9.000000,391.023000,406.873400,391.210800,406.671400,0.275814,384.107300,409.362300,398.314300,403.980500,384.107300,399.804100,398.314300,395.092600,-4.620285,0.244061,-1.260438,-4.363770,0.226948,-1.123018,-4.495418,-1.196887,54.733380,0.638207,-0.288782,0,0,2.097500,0.030000,0.000341,0.128927,5,4,5,8,4
26,3.302072,0.108789,mother,8,7,8.000000,7.066605,679.459500,344.390100,677.864500,343.555500,1.800187,683.630900,347.373000,672.098300,339.738100,683.630900,338.228800,672.098300,330.648700,0.787779,0.233490,0.322422,0.579551,0.232093,0.517375,0.712464,0.398588,305.261300,0.583252,-0.282572,0,0,2.053808,0.030000,0.000136,0.128776,3,8,11,7,4
26,3.302072,0.108789,older_sister,8,4,7.889432,3.999999,804.426800,411.548200,804.215900,411.740900,0.285670,813.244300,407.519500,795.187700,415.962400,813.244300,395.371200,795.187700,405.089700,3.128021,0.310200,-1.213384,2.801999,0.277626,-1.428967,2.968816,-1.316253,234.732000,0.638207,-0.390662,0,0,2.097500,0.030000,0.000110,0.137850,1,4,9,12,4
26,3.302072,0.108789,player,4,2,4.110569,2.000000,729.224800,533.699600,729.435500,533.506800,0.285645,720.406700,537.727700,738.464400,529.285900,720.406700,525.579300,738.464400,518.413300,1.451788,0.310200,-4.538171,1.777830,0.277626,-4.322618,1.611003,-4.435317,54.737410,0.638207,-0.390662,0,0,2.097500,0.030000,0.000061,0.137849,5,8,4,9,4
27,3.409160,0.108204,father,3,9,3.191068,9.000000,394.426100,405.172100,392.428400,405.935900,2.138677,386.315900,408.012600,398.541000,403.859200,386.315900,397.109800,398.541000,394.966600,-4.580408,0.278395,-1.225974,-4.359677,0.227067,-1.119919,-4.433973,-1.153446,54.739570,0.738830,-0.241460,0,1,2.177500,0.030000,0.000136,0.128927,5,4,5,8,4
27,3.409160,0.108204,mother,8,7,8.000000,7.147103,676.056500,342.688700,676.815200,343.264600,0.952567,682.562000,347.043200,671.068500,339.486000,682.562000,336.958700,671.068500,330.650700,0.768481,0.257502,0.330844,0.560958,0.225604,0.523812,0.651019,0.442033,305.262900,0.683874,-0.280851,0,1,2.133808,0.030000,0.000061,0.128776,3,8,11,7,4
27,3.409160,0.108204,older_sister,8,4,7.808934,3.999999,801.023600,413.249600,803.598000,412.374500,2.719126,811.094200,409.091600,796.101800,415.657400,811.094200,395.430000,796.101800,404.809200,3.089200,0.348840,-1.253525,2.818505,0.277004,-1.421181,2.907370,-1.359699,234.737600,0.738830,-0.317819,0,1,2.177500,0.030000,0.000031,0.137850,1,4,9,12,4
27,3.409160,0.108204,player,4,2,4.191067,2.000000,732.627900,531.997800,730.053600,532.873000,2.719002,722.557900,536.156600,737.549300,529.589600,722.557900,522.494900,737.549300,518.741300,1.490628,0.348840,-4.498055,1.761306,0.277004,-4.330372,1.672448,-4.391863,54.732030,0.738830,-0.317819,0,1,2.177500,0.030000,0.000136,0.137849,5,8,4,9,4
28,3.514471,0.106096,father,3,9,3.271566,9.000000,397.829200,403.470700,396.502100,404.064000,1.453738,393.726200,404.589000,399.278000,403.539100,393.726200,392.611800,399.278000,394.461900,-4.446610,0.305831,-1.138554,-4.346370,0.231780,-1.111746,-4.372529,-1.110000,54.737190,0.839453,-0.097324,0,1,2.257500,0.030000,0.000000,0.128927,5,4,5,8,4
28,3.514471,0.106096,mother,8,7,8.000000,7.227602,672.653300,340.987000,674.369300,342.078300,2.033604,677.889900,344.838300,670.848600,339.318500,677.889900,333.200000,670.848600,330.369100,0.684123,0.297176,0.387145,0.556989,0.228515,0.528090,0.589574,0.485485,305.267000,0.784497,-0.185181,0,1,2.213808,0.030000,0.000193,0.128776,3,8,11,7,4
28,3.514471,0.106096,older_sister,8,4,7.728436,3.999999,797.620500,414.950900,799.222700,414.364100,1.706238,802.201500,413.157300,796.244000,415.570900,802.201500,398.046200,796.244000,404.468700,2.928638,0.385854,-1.357343,2.821073,0.283487,-1.418971,2.845927,-1.403140,234.738900,0.839453,-0.123408,0,1,2.257500,0.030000,0.000246,0.137850,1,4,9,12,4
28,3.514471,0.106096,player,4,2,4.271565,2.000000,736.030900,530.296300,734.428800,530.883200,1.706269,731.450100,532.090000,737.407500,529.676300,731.450100,516.978900,737.407500,518.574200,1.651183,0.385854,-4.394217,1.758746,0.283487,-4.332586,1.733892,-4.348418,54.737110,0.839453,-0.123408,0,1,2.257500,0.030000,0.000086,0.137849,5,8,4,9,4
29,3.619104,0.105747,father,3,9,3.352065,9.000000,401.232200,401.769000,402.509000,401.073100,1.454054,404.757700,399.077600,400.260300,403.068600,404.757700,389.179400,400.260300,393.822900,-4.247431,0.252745,-0.997825,-4.328634,0.236084,-1.099732,-4.311085,-1.066547,54.731730,0.940075,0.125141,0,1,2.337500,0.030000,0.000205,0.128927,5,4,5,8,4
29,3.619104,0.105747,mother,8,7,8.000000,7.308100,669.250200,339.285500,669.512100,339.440100,0.304092,669.059200,340.051800,669.964900,338.828500,669.059200,328.924400,669.964900,329.660600,0.524680,0.284129,0.509365,0.541034,0.234097,0.540601,0.528130,0.528931,305.262800,0.885120,-0.004680,0,1,2.293808,0.030000,0.000136,0.128776,3,8,11,7,4
29,3.619104,0.105747,older_sister,8,4,7.647937,3.999999,794.217400,416.652600,792.601100,417.617000,1.882172,789.081900,419.622200,796.120300,415.611800,789.081900,407.091800,796.120300,404.206300,2.691756,0.319958,-1.522420,2.818838,0.291232,-1.420015,2.784480,-1.446593,234.733200,0.940075,0.162886,0,1,2.337500,0.030000,0.000110,0.137850,1,4,9,12,4
29,3.619104,0.105747,player,4,2,4.352064,2.000000,739.434100,528.594600,741.050400,527.630200,1.882136,744.569500,525.625000,737.531200,529.635500,744.569500,513.094500,737.531200,518.230000,1.888060,0.319958,-4.229137,1.760980,0.291232,-4.331543,1.795337,-4.304965,54.732610,0.940075,0.162885,0,1,2.337500,0.030000,0.000220,0.137849,5,8,4,9,4
30,3.724328,0.104416,father,3,9,3.432563,9.000000,404.635400,400.067500,406.827400,398.927400,2.470771,412.185000,395.347700,401.469800,402.507000,412.185000,386.086800,401.469800,393.018900,-4.113326,0.236472,-0.902585,-4.306795,0.242274,-1.085394,-4.249639,-1.023101,54.737740,0.040698,0.263510,0,0,2.417500,0.030000,0.000136,0.131593,5,4,5,8,4
30,3.724328,0.104416,mother,8,7,8.000000,7.388598,665.847200,337.583700,663.085600,336.329800,3.032961,657.175500,334.322700,668.995700,338.336900,657.175500,324.729900,668.995700,329.005600,0.310113,0.244948,0.655653,0.523533,0.238267,0.553155,0.466685,0.572385,305.267900,0.985743,0.233431,0,1,2.373808,0.030000,0.000329,0.132373,3,8,11,7,4
30,3.724328,0.104416,older_sister,8,4,7.567439,3.999999,790.814300,418.354100,788.065800,419.864700,3.136321,780.441600,423.981900,795.690000,415.747600,780.441600,412.599100,795.690000,403.969100,2.535751,0.290654,-1.633742,2.811069,0.300757,-1.423482,2.723037,-1.490039,234.736500,0.040698,0.346190,0,0,2.417500,0.030000,0.000136,0.143313,1,4,9,12,4
30,3.724328,0.104416,player,4,2,4.432563,2.000000,742.837200,526.893300,745.585800,525.382800,3.136384,753.210300,521.265800,737.961300,529.499600,753.210300,509.883000,737.961300,517.721100,2.044075,0.290655,-4.117829,1.768746,0.300758,-4.328075,1.856782,-4.261523,54.739490,0.040698,0.346190,0,0,2.417500,0.030000,0.000000,0.143313,5,8,4,9,4
31,3.873760,0.150827,father,4,9,3.513062,9.000000,408.038400,398.365800,408.268100,398.431800,0.239040,413.666900,394.877200,402.869400,401.986400,413.666900,386.091600,402.869400,391.818800,-4.086570,0.224336,-0.890570,-4.281525,0.259624,-1.072100,-4.188195,-0.979648,54.731520,0.141321,0.263989,0,0,2.497500,0.030000,0.000341,0.131593,5,4,5,8,4
31,3.873760,0.150827,mother,8,7,8.000000,7.469097,662.444100,335.882400,661.164300,335.143100,1.478001,654.548600,332.675300,667.780200,337.611000,654.548600,323.761100,667.780200,327.890800,0.262682,0.227618,0.697720,0.501586,0.248199,0.571690,0.405240,0.615826,305.260500,0.086365,0.267830,0,0,2.453808,0.030000,0.000136,0.132373,3,8,11,7,4
31,3.873760,0.150827,older_sister,7,4,7.486940,3.999999,787.411200,420.055800,787.191300,419.967500,0.236993,779.584500,424.043500,794.798100,415.891400,779.584500,413.136000,794.798100,403.349500,2.520275,0.278518,-1.635315,2.794967,0.320251,-1.427156,2.661591,-1.533492,234.732700,0.141321,0.344466,0,0,2.497500,0.030000,0.000000,0.143313,1,4,9,12,4
31,3.873760,0.150827,player,5,2,4.513061,2.000000,746.240200,525.191700,746.460100,525.280100,0.236971,754.067100,521.204200,738.853100,529.356000,754.067100,510.296700,738.853100,516.814000,2.059546,0.278517,-4.116255,1.784848,0.320251,-4.324406,1.918226,-4.218073,54.734390,0.141321,0.344466,0,0,2.497500,0.030000,0.000136,0.143313,5,8,4,9,4
32,3.975887,0.103477,father,4,9,3.593560,9.000000,411.441500,396.664400,409.668600,397.779900,2.094576,413.833600,394.718400,405.503800,400.841400,413.833600,385.858200,405.503800,389.243700,-4.083561,0.226239,-0.886515,-4.233958,0.296140,-1.042862,-4.126750,-0.936206,54.739570,0.241944,0.213063,1,0,2.577500,0.030000,0.000136,0.131593,5,4,5,8,4
32,3.975887,0.103477,mother,8,8,8.000000,7.549595,659.041000,334.181000,660.129200,334.496000,1.132821,653.894700,332.319700,666.363500,336.672300,653.894700,323.528000,666.363500,326.002400,0.250878,0.224491,0.706800,0.476008,0.272449,0.595657,0.343796,0.659272,305.262800,0.186988,0.247987,1,0,2.533808,0.030000,0.000086,0.132373,3,8,11,7,4
32,3.975887,0.103477,older_sister,7,4,7.406442,3.999999,784.008200,421.757300,786.281400,420.264700,2.719398,780.487000,423.622700,792.075700,416.906800,780.487000,412.618500,792.075700,402.850500,2.536571,0.280988,-1.624570,2.745812,0.358918,-1.453082,2.600148,-1.576938,234.736600,0.241944,0.269853,1,0,2.577500,0.030000,0.000031,0.143313,1,4,9,12,4
32,3.975887,0.103477,player,5,2,4.593560,2.000000,749.643300,523.490100,747.370200,524.982700,2.719329,753.164400,521.624600,741.576000,528.340800,753.164400,510.620300,741.576000,514.284500,2.043247,0.280988,-4.126989,1.834011,0.358918,-4.298483,1.979671,-4.174624,54.734740,0.241944,0.269853,1,0,2.577500,0.030000,0.000193,0.143313,5,8,4,9,4
33,4.077485,0.103120,father,4,9,3.674059,9.000000,414.844600,394.963000,413.288000,395.803300,1.768967,414.913500,394.105700,411.662600,397.501000,414.913500,385.180100,411.662600,384.803600,-4.064063,0.227908,-0.870870,-4.122758,0.324222,-0.957568,-4.065305,-0.892760,54.737370,0.342567,0.097979,1,0,2.657500,0.030000,0.000031,0.131593,5,4,5,8,4
33,4.077485,0.103120,mother,8,8,8.000000,7.630094,655.637900,332.479200,657.701900,333.312200,2.225759,653.289200,332.075600,662.114500,334.548800,653.289200,323.208600,662.114500,322.160200,0.239944,0.226415,0.713032,0.399290,0.316337,0.649880,0.282351,0.702725,305.267900,0.287611,0.166564,1,0,2.613808,0.030000,0.000220,0.132373,3,8,11,7,4
33,4.077485,0.103120,older_sister,7,4,7.325943,3.999999,780.605100,423.458600,782.531800,422.318500,2.238719,780.113600,423.844300,784.950000,420.792800,780.113600,412.722800,784.950000,405.280400,2.529830,0.283980,-1.630227,2.617152,0.396101,-1.552310,2.538703,-1.620379,234.739600,0.342567,0.116282,1,0,2.657500,0.030000,0.000273,0.143313,1,4,9,12,4
33,4.077485,0.103120,player,5,2,4.674058,2.000000,753.046400,521.788600,751.119800,522.928700,2.238682,753.537800,521.403000,748.701700,524.454500,753.537800,510.281500,748.701700,508.942100,2.049988,0.283981,-4.121330,1.962670,0.396101,-4.199250,2.041116,-4.131178,54.737060,0.342567,0.116282,1,0,2.657500,0.030000,0.000061,0.143313,5,8,4,9,4
34,4.177030,0.100694,father,4,9,3.754557,9.000000,418.247700,393.261200,418.724400,392.991700,0.547594,416.295100,393.359300,421.153700,392.624200,416.295100,384.391100,421.153700,382.391700,-4.039116,0.228996,-0.851811,-3.951391,0.261281,-0.833041,-4.003860,-0.849307,54.732140,0.443189,-0.082462,1,0,2.737500,0.030000,0.000205,0.131593,5,4,5,8,4
34,4.177030,0.100694,mother,8,8,8.000000,7.710592,652.234800,330.777800,653.093300,331.222700,0.966944,651.952500,331.490500,654.234100,330.954800,651.952500,322.527900,654.234100,319.083400,0.215809,0.228855,0.727971,0.257006,0.303129,0.741652,0.220906,0.746171,305.262800,0.388234,0.025739,1,0,2.693808,0.030000,0.000164,0.132373,3,8,11,7,4
34,4.177030,0.100694,older_sister,7,4,7.245445,3.999999,777.202000,425.160400,776.563200,425.417200,0.688538,779.437200,424.244100,773.689100,426.590300,779.437200,412.946600,773.689100,413.932800,2.517616,0.288474,-1.640436,2.413832,0.323201,-1.700345,2.477258,-1.663833,234.732100,0.443189,-0.119327,1,0,2.737500,0.030000,0.000031,0.143313,1,4,9,12,4
34,4.177030,0.100694,player,5,2,4.754557,2.000000,756.449500,520.086900,757.088300,519.830000,0.688516,754.214400,521.003100,759.962400,518.657000,754.214400,509.705700,759.962400,505.999500,2.062203,0.288473,-4.111122,2.165987,0.323200,-4.051213,2.102561,-4.087725,54.732370,0.443189,-0.119327,1,0,2.737500,0.030000,0.000193,0.143313,5,8,4,9,4
35,4.285151,0.098933,father,4,9,3.835056,9.000000,421.650800,391.559800,423.826600,390.564900,2.392405,417.387500,392.792300,430.265600,388.337600,417.387500,383.788600,430.265600,379.004900,-4.019392,0.229903,-0.837332,-3.786871,0.238304,-0.723586,-3.942416,-0.805861,54.737050,0.543812,-0.255525,0,0,2.817500,0.030000,0.000136,0.131593,5,4,5,8,4
35,4.285151,0.098933,mother,8,8,8.000000,7.791090,648.831700,329.076000,647.373800,328.328800,1.638291,650.594100,330.851300,644.153400,325.806200,650.594100,321.881900,644.153400,316.248800,0.191283,0.229029,0.744294,0.074993,0.244044,0.873115,0.159461,0.789624,305.267900,0.488857,-0.169327,1,0,2.773808,0.030000,0.000356,0.132373,3,8,11,7,4
35,4.285151,0.098933,older_sister,7,4,7.164947,3.999999,773.798900,426.861800,771.012600,428.001800,3.010445,779.169600,424.397600,762.855800,431.606000,779.169600,412.946600,762.855800,420.235900,2.512784,0.292395,-1.644356,2.218229,0.290329,-1.828419,2.415813,-1.707278,234.737100,0.543812,-0.346772,0,0,2.817500,0.030000,0.000164,0.143313,1,4,9,12,4
35,4.285151,0.098933,player,5,2,4.835055,2.000000,759.852600,518.385600,762.638900,517.245700,3.010467,754.481800,520.849600,770.796000,513.641700,754.481800,509.398600,770.796000,502.271600,2.067033,0.292395,-4.107202,2.361595,0.290329,-3.923152,2.164005,-4.044283,54.739490,0.543812,-0.346772,0,0,2.817500,0.030000,0.000000,0.143313,5,8,4,9,4
36,4.383131,0.110752,father,4,9,3.915554,9.000000,425.053900,389.858000,425.076100,389.727100,0.132762,417.975100,392.413900,432.177100,387.040300,417.975100,382.790900,432.177100,378.165700,-4.008783,0.245719,-0.827672,-3.752357,0.226609,-0.690460,-3.880971,-0.762408,54.732140,0.644435,-0.288588,0,0,2.897500,0.030000,0.000341,0.121238,5,4,5,8,4
36,4.383131,0.110752,mother,8,8,8.000000,7.871589,645.428600,327.374700,644.013400,326.657600,1.586561,649.787000,330.453300,638.239800,322.861800,649.787000,321.278300,638.239800,313.836000,0.176710,0.234278,0.754457,-0.031782,0.230471,0.948300,0.098017,0.833066,305.260500,0.589479,-0.282145,0,0,2.853807,0.030000,0.000110,0.123428,3,8,11,7,4
36,4.383131,0.110752,older_sister,7,4,7.084449,4.000000,770.395800,428.563600,770.399000,428.675300,0.111802,779.417100,424.461600,761.380900,432.889000,779.417100,412.239200,761.380900,422.031600,2.517253,0.312093,-1.645991,2.191599,0.277238,-1.861180,2.354369,-1.750731,234.732600,0.644435,-0.390134,0,0,2.897500,0.030000,0.000031,0.125702,1,4,9,12,4
36,4.383131,0.110752,player,5,2,4.915554,2.000000,763.255700,516.684000,763.252600,516.572200,0.111799,754.234300,520.785700,772.270800,512.358700,754.234300,508.563200,772.270800,501.501300,2.062562,0.312093,-4.105569,2.388224,0.277238,-3.890391,2.225450,-4.000834,54.734740,0.644435,-0.390134,0,0,2.897500,0.030000,0.000086,0.125702,5,8,4,9,4
37,4.520973,0.139546,father,4,9,3.965866,9.000000,427.180800,388.794800,425.620100,389.358000,1.659231,418.936600,391.761700,432.303600,386.954400,418.936600,381.415200,432.303600,378.095800,-3.991422,0.264191,-0.811016,-3.750074,0.226199,-0.688266,-3.842568,-0.735259,54.742030,0.707324,-0.267935,0,1,2.947500,0.050000,0.000136,0.121238,5,4,5,8,4
37,4.520973,0.139546,mother,8,8,8.000000,7.952087,642.025500,325.673200,642.921600,326.327900,1.109762,648.603100,330.081700,637.240100,322.574100,648.603100,319.922100,637.240100,313.736800,0.155334,0.259420,0.763946,-0.049832,0.225657,0.955647,0.036572,0.876512,305.262800,0.690102,-0.278195,0,1,2.933807,0.030000,0.000031,0.123428,3,8,11,7,4
37,4.520973,0.139546,older_sister,7,4,7.034137,4.000000,768.268900,429.626800,770.314600,428.949300,2.154914,778.643400,425.184500,761.985600,432.714100,778.643400,412.184500,761.985600,421.882300,2.503284,0.331948,-1.664450,2.202519,0.276585,-1.856713,2.315966,-1.777881,234.741100,0.707324,-0.356579,0,1,2.947500,0.050000,0.000164,0.125702,1,4,9,12,4
37,4.520973,0.139546,player,5,2,4.965865,2.000000,765.382600,515.620600,763.337000,516.298200,2.154885,755.008500,520.063300,771.665600,512.533000,755.008500,507.063300,771.665600,501.701100,2.076542,0.331948,-4.087123,2.377295,0.276585,-3.894841,2.263853,-3.973681,54.737530,0.707324,-0.356579,0,1,2.947500,0.050000,0.000000,0.125702,5,8,4,9,4
38,4.618943,0.094537,father,4,9,4.000000,8.978266,429.542700,388.532600,427.198300,388.588800,2.345033,421.676800,388.367300,432.720000,388.810200,421.676800,376.835300,432.720000,379.872000,-3.941947,0.294463,-0.724344,-3.742556,0.228231,-0.735653,-3.799923,-0.728565,81.078640,0.777160,-0.195226,0,1,3.003022,0.021600,0.000178,0.121238,6,4,5,8,4
38,4.618943,0.094537,mother,8,8,8.000000,8.032586,638.622400,323.971500,640.314300,325.037500,1.999688,643.643600,327.691700,636.985000,322.383300,643.643600,315.968900,636.985000,313.423300,0.065787,0.299334,0.824973,-0.054436,0.228788,0.960519,-0.024873,0.919965,305.267900,0.790725,-0.176422,0,1,3.013807,0.030000,0.000220,0.123428,3,8,11,7,4
38,4.618943,0.094537,older_sister,7,4,6.969813,4.000000,765.549600,430.986300,768.048600,430.205700,2.618086,773.638500,427.913400,762.458600,432.498100,773.638500,413.250200,762.458600,421.567600,2.412918,0.374417,-1.734130,2.211058,0.279102,-1.851197,2.266867,-1.812594,234.739300,0.787729,-0.232408,0,1,3.011425,0.030000,0.000329,0.125702,1,4,9,12,4
38,4.618943,0.094537,player,5,2,5.030187,2.000000,768.101800,514.260900,765.602900,515.041600,2.618015,760.012900,517.334300,771.192600,512.748900,760.012900,502.671200,771.192600,501.818500,2.166901,0.374415,-4.017440,2.368756,0.279102,-3.900355,2.312949,-3.938963,54.734630,0.787726,-0.232413,0,1,3.011423,0.030000,0.000061,0.125702,5,8,4,9,4
39,4.720792,0.099402,father,4,9,4.000000,8.899378,432.877700,390.200300,432.347600,389.984300,0.572472,432.174200,389.152400,432.520900,390.816300,432.174200,377.815000,432.520900,381.663500,-3.752410,0.289494,-0.744391,-3.746150,0.233710,-0.786877,-3.739707,-0.771148,116.863200,0.875770,-0.024782,0,1,3.081422,0.030000,0.000031,0.121238,7,4,5,8,4
39,4.720792,0.099402,mother,8,8,8.000000,8.113084,635.219400,322.270100,635.329400,322.347100,0.134343,634.566800,322.802500,636.092000,321.891800,634.566800,311.826100,636.092000,312.714600,-0.098099,0.280276,0.949815,-0.070562,0.234335,0.973069,-0.086317,0.963411,305.262800,0.891348,0.009060,0,1,3.093807,0.030000,0.000136,0.123428,3,8,11,7,4
39,4.720792,0.099402,older_sister,7,4,6.889315,4.000000,762.146500,432.688000,762.378500,432.700800,0.232408,762.425800,432.894700,762.331200,432.506900,762.425800,418.845400,762.331200,421.243000,2.210466,0.358741,-1.861326,2.208759,0.287619,-1.851423,2.205422,-1.856047,234.732500,0.888352,0.004324,0,1,3.091425,0.030000,0.000136,0.125702,1,4,9,12,4
39,4.720792,0.099402,player,5,2,5.110685,2.000000,771.504900,512.559200,771.272700,512.546400,0.232528,771.225200,512.352600,771.320200,512.740200,771.225200,498.303200,771.320200,501.476300,2.369344,0.358744,-3.890235,2.371059,0.287619,-3.900133,2.374394,-3.895510,54.732520,0.888349,0.004315,0,1,3.091423,0.030000,0.000220,0.125702,5,8,4,9,4
40,4.820174,0.100368,father,4,9,4.000000,8.818879,436.280800,391.901700,438.817400,393.055300,2.786603,444.274300,394.842800,433.360400,391.267700,444.274300,385.279900,433.360400,381.957200,-3.533936,0.244184,-0.889692,-3.730993,0.237740,-0.798405,-3.678264,-0.814594,125.263500,0.976393,0.213602,0,1,3.161422,0.030000,0.000068,0.121238,7,4,5,8,4
40,4.820174,0.100368,mother,8,8,8.000000,8.193583,631.816300,320.568300,628.925500,319.257400,3.174075,622.734100,317.112200,635.116900,321.402700,622.734100,307.474400,635.116900,312.056900,-0.311746,0.246097,1.095114,-0.088166,0.238640,0.985558,-0.147761,1.006863,305.267400,0.991971,0.245802,0,1,3.173807,0.030000,0.000382,0.123428,3,8,11,7,4
40,4.820174,0.100368,older_sister,7,4,6.808816,4.000000,758.743300,434.389500,755.386000,436.325100,3.875365,748.522100,440.114400,762.249800,432.535700,748.522100,428.265100,762.249800,420.963000,1.959427,0.302566,-2.045676,2.207289,0.295503,-1.852159,2.143977,-1.899493,234.737100,0.988975,0.314105,0,1,3.171425,0.030000,0.000246,0.125702,1,4,9,12,4
40,4.820174,0.100368,player,5,2,5.191184,2.000000,774.908000,510.857700,778.265300,508.922200,3.875319,785.129000,505.133000,771.401600,512.711400,785.129000,493.283600,771.401600,501.138700,2.620385,0.302567,-3.705886,2.372529,0.295504,-3.899398,2.435839,-3.852065,54.737260,0.988972,0.314098,0,1,3.171423,0.030000,0.000164,0.125702,5,8,4,9,4
41,4.916648,0.097660,father,4,9,3.999999,8.738381,439.683800,393.603000,441.166900,394.418600,1.692569,447.775500,396.874300,434.558400,391.963000,447.775500,387.911500,434.558400,382.302900,-3.470721,0.228860,-0.941565,-3.709363,0.246664,-0.816158,-3.616820,-0.858035,125.260600,0.077016,0.267257,0,0,3.241422,0.030000,0.000301,0.121238,7,4,5,8,4
41,4.916648,0.097660,mother,8,8,8.000000,8.274081,628.413100,318.867000,627.271400,318.180500,1.332302,620.653400,315.706300,633.889300,320.654600,620.653400,306.820000,633.889300,310.892100,-0.349313,0.226908,1.131011,-0.110332,0.249280,1.004660,-0.209207,1.050305,305.260200,0.092594,0.268078,0,0,3.253807,0.030000,0.000110,0.123428,3,8,11,7,4
41,4.916648,0.097660,older_sister,7,4,6.728318,4.000000,755.340300,436.091200,753.670100,436.847400,1.833356,745.865500,440.985100,761.474700,432.709600,745.865500,430.002500,761.474700,420.636600,1.911461,0.280434,-2.067908,2.193294,0.308278,-1.856599,2.082533,-1.942946,234.732100,0.089598,0.352116,0,0,3.251425,0.030000,0.000061,0.125702,1,4,9,12,4
41,4.916648,0.097660,player,5,2,5.271682,2.000000,778.311100,509.156000,779.981300,508.399800,1.833424,787.785900,504.262100,772.176600,512.537600,787.785900,493.279500,772.176600,500.464500,2.668356,0.280434,-3.683648,2.386523,0.308277,-3.894958,2.497283,-3.808611,54.732070,0.089595,0.352116,0,0,3.251423,0.030000,0.000329,0.125702,5,8,4,9,4
42,5.015346,0.099775,father,4,9,3.999999,8.657883,443.086900,395.304800,442.214000,395.085800,0.899968,448.532300,397.322600,435.895600,392.849100,448.532300,388.537400,435.895600,382.284400,-3.457055,0.224325,-0.953012,-3.685218,0.269762,-0.838783,-3.555375,-0.901489,125.267900,0.177639,0.252242,1,0,3.321422,0.030000,0.000110,0.124643,7,4,5,8,4
42,5.015346,0.099775,mother,8,8,8.000000,8.354580,625.010100,317.165600,626.235400,317.542500,1.282004,620.064800,315.408800,632.406100,319.676200,620.064800,306.610900,632.406100,308.931900,-0.359941,0.224648,1.138610,-0.137113,0.274348,1.029643,-0.270652,1.093750,305.262800,0.193216,0.244852,1,0,3.333807,0.030000,0.000031,0.124952,3,8,11,7,4
42,5.015346,0.099775,older_sister,7,4,6.647820,4.000000,751.937200,437.792700,753.082800,436.907100,1.447982,746.177300,440.771400,759.988300,433.042800,746.177300,429.826700,759.988300,419.940300,1.917090,0.279466,-2.062451,2.166454,0.334563,-1.865105,2.021088,-1.986392,234.737100,0.190220,0.317542,1,0,3.331425,0.030000,0.000136,0.129832,1,4,9,12,4
42,5.015346,0.099775,player,5,2,5.352180,2.000000,781.714200,507.454700,780.568600,508.340200,1.447944,787.474400,504.476100,773.662800,512.204300,787.474400,493.531400,773.662800,499.101900,2.662731,0.279466,-3.689114,2.413357,0.334562,-3.886450,2.558728,-3.765170,54.739540,0.190218,0.317545,1,0,3.331423,0.030000,0.000110,0.129832,5,8,4,9,4
43,5.157481,0.143040,father,4,9,3.999999,8.577385,446.490000,397.006300,444.401400,396.181100,2.245705,449.054500,397.525400,439.748200,394.836800,449.054500,388.662000,439.748200,382.588500,-3.447627,0.226321,-0.958190,-3.615657,0.312755,-0.889539,-3.493931,-0.944934,125.263100,0.278262,0.176833,1,0,3.401422,0.030000,0.000136,0.124643,7,4,5,8,4
43,5.157481,0.143040,mother,8,8,8.000000,8.435078,621.607000,315.463800,623.646200,316.300700,2.204222,619.400100,315.136300,627.892200,317.465000,619.400100,306.265200,627.892200,304.992400,-0.371942,0.226518,1.145567,-0.218613,0.318482,1.086105,-0.332096,1.137204,305.267900,0.293839,0.159521,1,0,3.413807,0.030000,0.000193,0.124952,3,8,11,7,4
43,5.157481,0.143040,older_sister,7,4,6.567321,4.000000,748.534100,439.494400,750.732400,438.036300,2.637999,746.482400,440.606900,754.982400,435.465600,746.482400,429.581200,754.982400,420.357600,1.922598,0.281534,-2.058251,2.076072,0.385774,-1.926972,1.959643,-2.029845,234.732600,0.290844,0.201106,1,0,3.411425,0.030000,0.000000,0.129832,1,4,9,12,4
43,5.157481,0.143040,player,5,2,5.432679,2.000000,785.117200,505.753200,782.918800,507.211300,2.638050,787.169200,504.640800,778.668300,509.781800,787.169200,493.615100,778.668300,494.673800,2.657222,0.281535,-3.693320,2.503734,0.385773,-3.824590,2.620173,-3.721724,54.737110,0.290840,0.201111,1,0,3.411423,0.030000,0.000031,0.129832,5,8,4,9,4
44,5.254550,0.098285,father,4,8,3.999999,8.496886,449.893000,398.708000,448.844200,398.178700,1.174790,450.355700,398.090000,447.332800,398.267400,450.355700,389.131200,447.332800,386.153400,-3.424134,0.228759,-0.972608,-3.478714,0.309322,-0.977136,-3.432487,-0.988387,125.267300,0.378884,0.041948,1,0,3.481422,0.030000,0.000031,0.124643,7,4,5,8,4
44,5.254550,0.098285,mother,8,9,8.000000,8.515576,618.203900,313.762400,618.928100,314.145600,0.819391,618.042800,314.538300,619.813400,313.752900,618.042800,305.574800,619.813400,302.058500,-0.396449,0.228879,1.160836,-0.364480,0.298608,1.180892,-0.393542,1.180649,305.262500,0.394462,0.014524,1,0,3.493807,0.030000,0.000136,0.124952,3,8,11,7,4
44,5.254550,0.098285,older_sister,6,4,6.486823,4.000000,745.131000,441.195700,746.152000,440.616300,1.173974,745.967500,440.953500,746.336400,440.279000,745.967500,429.742800,746.336400,425.795500,1.913303,0.286258,-2.067102,1.919961,0.369828,-2.049878,1.898198,-2.073287,234.739000,0.391466,0.015380,1,0,3.491425,0.030000,0.000193,0.129832,1,4,9,12,4
44,5.254550,0.098285,player,6,2,5.513178,2.000000,788.520400,504.051500,787.499500,504.631100,1.173982,787.683800,504.293700,787.314900,504.968400,787.683800,493.083100,787.314900,490.484800,2.666515,0.286257,-3.684456,2.659853,0.369830,-3.701685,2.681617,-3.678271,54.732070,0.391463,0.015387,1,0,3.491423,0.030000,0.000193,0.129832,5,8,4,9,4
45,5.352118,0.098505,father,4,8,3.999999,8.416388,453.296100,400.409500,454.586500,401.056300,1.443400,451.739000,398.738800,457.434000,403.373800,451.739000,389.766400,457.434000,393.743600,-3.399157,0.229105,-0.989174,-3.296331,0.245901,-1.107525,-3.371042,-1.031833,125.263600,0.479507,-0.152287,1,0,3.561422,0.030000,0.000043,0.124643,7,4,5,8,4
45,5.352118,0.098505,mother,8,9,8.000000,8.596075,614.800800,312.060600,613.239000,311.249600,1.759800,616.701600,313.906000,609.776400,308.593200,616.701600,304.938400,609.776400,299.073800,-0.420666,0.228982,1.176982,-0.545705,0.243072,1.312641,-0.454986,1.224103,305.268200,0.495085,-0.180420,1,0,3.573807,0.030000,0.000301,0.124952,3,8,11,7,4
45,5.352118,0.098505,older_sister,6,4,6.406324,4.000000,741.727900,442.897200,739.732100,443.750900,2.170708,745.429400,441.266500,734.034900,446.235300,745.429400,429.908800,734.034900,434.486200,1.903588,0.290013,-2.075094,1.697851,0.300008,-2.201969,1.836754,-2.116733,234.737100,0.492089,-0.241235,1,0,3.571425,0.030000,0.000273,0.129832,1,4,9,12,4
45,5.352118,0.098505,player,6,2,5.593676,2.000000,791.923500,502.350000,793.919100,501.496300,2.170596,788.222000,503.980700,799.616300,499.012000,788.222000,492.623000,799.616300,487.262800,2.676230,0.290013,-3.676462,2.881961,0.300008,-3.549592,2.743062,-3.634825,54.737260,0.492086,-0.241228,1,0,3.571423,0.030000,0.000136,0.129832,5,8,4,9,4
46,5.440358,0.094515,father,4,8,3.999999,8.335890,456.699200,402.111200,458.382300,403.003200,1.904878,452.622900,399.175900,464.141800,406.830600,452.622900,390.046000,464.141800,397.707900,-3.383198,0.233128,-1.000336,-3.175217,0.232940,-1.195792,-3.309597,-1.075286,125.267100,0.580130,-0.282664,0,0,3.641422,0.030000,0.000164,0.124643,7,4,5,8,4
46,5.440358,0.094515,mother,8,9,8.000000,8.676574,611.397700,310.359300,610.142400,309.745700,1.397271,615.935200,313.531200,604.349600,305.960100,615.935200,304.320600,604.349600,296.980000,-0.434504,0.235188,1.186551,-0.643688,0.229303,1.379875,-0.516430,1.267544,305.260500,0.595707,-0.282411,0,0,3.653807,0.030000,0.000110,0.124952,3,8,11,7,4
46,5.440358,0.094515,older_sister,6,4,6.325826,4.000000,738.324800,444.599000,736.660800,445.311900,1.810304,745.534100,441.232300,727.787600,449.391500,745.534100,429.515500,727.787600,438.415600,1.905477,0.299180,-2.074220,1.585054,0.280265,-2.282561,1.775309,-2.160186,234.732700,0.592712,-0.381909,0,0,3.651425,0.030000,0.000086,0.129832,1,4,9,12,4
46,5.440358,0.094515,player,6,2,5.674175,2.000000,795.326500,500.648300,796.990600,499.935300,1.810384,788.117400,504.014900,805.863800,495.855700,788.117400,492.298200,805.863800,484.879700,2.674342,0.299180,-3.677337,2.994763,0.280265,-3.468995,2.804507,-3.591372,54.732410,0.592709,-0.381909,0,0,3.651423,0.030000,0.000301,0.129832,5,8,4,9,4
47,5.527563,0.089721,father,4,8,3.999999,8.255391,460.102300,403.812500,459.414100,403.277900,0.871475,453.639200,399.489700,465.188900,407.066100,453.639200,389.442800,465.188900,398.231100,-3.364848,0.256541,-1.008347,-3.156312,0.225597,-1.201807,-3.248153,-1.118727,125.260500,0.680753,-0.281961,0,1,3.721422,0.030000,0.000068,0.124643,7,4,5,8,4
47,5.527563,0.089721,mother,8,9,8.000000,8.757071,607.994600,308.657800,609.027700,309.387400,1.264698,614.629800,313.109400,603.425600,305.665300,614.629800,302.879900,603.425600,296.822700,-0.458073,0.261202,1.197323,-0.660371,0.225793,1.387402,-0.577875,1.310990,305.262800,0.696330,-0.274917,0,1,3.733807,0.030000,0.000031,0.124952,3,8,11,7,4
47,5.527563,0.089721,older_sister,6,4,6.245327,4.000000,734.921800,446.300400,736.571100,445.793400,1.725515,745.180600,441.855000,727.961700,449.731800,745.180600,429.004900,727.961700,438.915800,1.899094,0.328120,-2.090119,1.588196,0.276182,-2.291251,1.713864,-2.203631,234.737100,0.693335,-0.369971,0,1,3.731425,0.030000,0.000164,0.129832,1,4,9,12,4
47,5.527563,0.089721,player,6,2,5.754673,2.000000,798.729600,498.947000,797.080300,499.453900,1.725448,788.470500,503.392200,805.690100,495.515700,788.470500,490.542100,805.690100,484.699600,2.680718,0.328120,-3.661435,2.991626,0.276182,-3.460314,2.865952,-3.547930,54.739490,0.693332,-0.369974,0,1,3.731422,0.030000,0.000136,0.129832,5,8,4,9,4
48,5.610599,0.084048,father,4,8,3.999999,8.174892,463.505400,405.513900,461.779700,404.411800,2.047672,458.164200,401.600300,465.395100,407.223200,458.164200,390.006200,465.395100,398.278900,-3.283145,0.296050,-1.062242,-3.152589,0.228388,-1.205818,-3.186708,-1.162173,125.262800,0.781375,-0.189491,0,1,3.801422,0.030000,0.000164,0.111714,7,4,5,8,4
48,5.610599,0.084048,mother,8,9,8.000000,8.837570,604.591600,306.956100,606.252000,307.990200,1.956069,609.385400,310.533700,603.118400,305.446700,609.385400,298.729100,603.118400,296.474900,-0.552762,0.301423,1.263093,-0.665917,0.229091,1.392985,-0.639319,1.354444,305.268200,0.796953,-0.167387,0,1,3.813807,0.030000,0.000220,0.113619,3,8,11,7,4
48,5.610599,0.084048,older_sister,6,4,6.164829,4.000000,731.518600,448.002200,733.949300,447.236300,2.548476,739.256000,445.068100,728.642600,449.404500,739.256000,430.293900,728.642600,438.459200,1.792122,0.377250,-2.172163,1.600491,0.279483,-2.282893,1.652420,-2.247085,234.732100,0.793957,-0.220395,0,1,3.811425,0.030000,0.000000,0.127622,1,4,9,12,4
48,5.610599,0.084048,player,6,2,5.835172,2.000000,802.132700,497.245500,799.702000,498.011300,2.548439,794.394800,500.179200,805.009100,495.843300,794.394800,485.405100,805.009100,484.898000,2.787685,0.377249,-3.579396,2.979331,0.279483,-3.468681,2.927396,-3.504485,54.737260,0.793954,-0.220401,0,1,3.811422,0.030000,0.000031,0.127622,5,8,4,9,4
49,5.744887,0.134493,father,4,8,3.999999,8.094394,466.908500,407.215700,466.572500,407.022700,0.387496,466.872600,406.333800,466.272300,407.711600,466.872600,395.134500,466.272300,398.548700,-3.125911,0.285968,-1.183107,-3.136749,0.233970,-1.218289,-3.125263,-1.205626,125.267900,0.881999,-0.011465,0,1,3.881422,0.030000,0.000031,0.111714,7,4,5,8,4
49,5.744887,0.134493,mother,8,9,8.000000,8.918069,601.188400,305.254700,601.140600,305.252300,0.047847,600.062000,305.548900,602.219300,304.955800,600.062000,294.727000,602.219300,295.769600,-0.721104,0.276330,1.390376,-0.682152,0.234564,1.405520,-0.700764,1.397889,305.262500,0.897576,0.023062,0,1,3.893806,0.030000,0.000110,0.113619,3,8,11,7,4
49,5.744887,0.134493,older_sister,6,4,6.084330,4.000000,728.115500,449.703600,728.156100,449.806200,0.110280,727.797500,450.197400,728.514700,449.414900,727.797500,436.336200,728.514700,438.133100,1.585233,0.353940,-2.303140,1.598182,0.288073,-2.283158,1.590975,-2.290530,234.737200,0.894580,0.022109,0,1,3.891425,0.030000,0.000086,0.127622,1,4,9,12,4
49,5.744887,0.134493,player,6,2,5.915670,2.000000,805.535800,495.543800,805.495100,495.441300,0.110297,805.853400,495.050000,805.136800,495.832500,805.853400,481.188700,805.136800,484.550800,2.994576,0.353942,-3.448425,2.981636,0.288072,-3.468404,2.988841,-3.461031,54.732070,0.894577,0.022101,0,1,3.891422,0.030000,0.000164,0.127622,5,8,4,9,4
50,5.827713,0.083471,father,4,8,3.999999,8.013896,470.311600,408.917200,473.002000,410.139500,2.955036,478.765000,412.074400,467.239000,408.204500,478.765000,402.498200,467.239000,398.880400,-2.911188,0.244524,-1.329691,-3.119295,0.238087,-1.230876,-3.063818,-1.249072,125.262800,0.982621,0.226971,0,1,3.961421,0.030000,0.000031,0.111714,7,4,5,8,4
50,5.827713,0.083471,mother,8,9,8.000000,8.998568,597.785300,303.552900,594.785100,302.192400,3.294316,588.330100,299.916000,601.240100,304.468700,588.330100,290.227600,601.240100,295.107200,-0.932929,0.247387,1.534207,-0.699831,0.239040,1.417958,-0.762209,1.441343,305.267900,0.998199,0.257438,0,1,3.973806,0.030000,0.000329,0.113619,3,8,11,7,4
50,5.827713,0.083471,older_sister,6,4,6.003832,4.000000,724.712500,451.404900,721.219100,453.419600,4.032682,713.999300,457.390600,728.439000,449.448700,713.999300,445.527800,728.439000,437.851500,1.336097,0.302910,-2.486812,1.596816,0.296126,-2.284020,1.529530,-2.333972,234.739500,0.995203,0.329956,0,1,3.971425,0.030000,0.000301,0.127622,1,4,9,12,4
50,5.827713,0.083471,player,6,2,5.996169,2.000000,808.938900,493.842300,812.432100,491.827600,4.032592,819.651600,487.856500,805.212500,495.798600,819.651600,475.993700,805.212500,484.201500,3.243708,0.302909,-3.264742,2.983005,0.296125,-3.467538,3.050286,-3.417586,54.737260,0.995200,0.329948,0,1,3.971422,0.030000,0.000136,0.127622,5,8,4,9,4
51,5.911536,0.084760,father,4,8,3.999999,7.933397,473.714700,410.618500,475.062700,411.383600,1.550074,481.676500,413.847800,468.448900,408.919500,481.676500,404.918500,468.448900,399.220000,-2.858619,0.228004,-1.374973,-3.097450,0.247672,-1.249132,-3.002374,-1.292513,125.260600,0.083244,0.267662,0,0,4.041421,0.030000,0.000246,0.111714,7,4,5,8,4
51,5.911536,0.084760,mother,8,9,8.000000,9.079065,594.382300,301.851600,593.381200,301.218900,1.184202,586.764000,298.739400,599.998400,303.698500,586.764000,289.878300,599.998400,293.893200,-0.961204,0.226262,1.564253,-0.722251,0.250373,1.437624,-0.823654,1.484784,305.260500,0.098822,0.268216,0,0,4.053806,0.030000,0.000110,0.113619,3,8,11,7,4
51,5.911536,0.084760,older_sister,6,4,5.923333,4.000000,721.309300,453.106700,719.790300,453.763700,1.655052,711.979700,457.899200,727.600800,449.628300,711.979700,446.943700,727.600800,437.506900,1.299633,0.279742,-2.499799,1.581682,0.309515,-2.288608,1.468086,-2.377425,234.732500,0.095826,0.352224,0,0,4.051425,0.030000,0.000110,0.127622,1,4,9,12,4
51,5.911536,0.084760,player,6,2,6.076667,2.000000,812.342000,492.140600,813.861100,491.483500,1.655188,821.671800,487.348000,806.050500,495.618900,821.671800,476.392500,806.050500,483.497400,3.280184,0.279743,-3.251758,2.998136,0.309514,-3.462950,3.111730,-3.374133,54.732410,0.095823,0.352224,0,0,4.051422,0.030000,0.000329,0.127622,5,8,4,9,4
52,5.992559,0.081517,father,4,8,3.999999,7.852899,477.117800,412.320200,476.100400,412.036900,1.056050,482.364100,414.234100,469.836700,409.839600,482.364100,405.444900,469.836700,399.205600,-2.846203,0.224427,-1.384838,-3.072392,0.271531,-1.272625,-2.940929,-1.335967,125.267900,0.183867,0.249467,1,0,4.121421,0.030000,0.000097,0.111714,7,4,5,8,4
52,5.992559,0.081517,mother,8,9,8.000000,9.159564,590.979100,300.150100,592.339500,300.587300,1.428861,586.237500,298.498900,598.441500,302.675600,586.237500,289.693500,598.441500,291.860000,-0.970711,0.224840,1.570392,-0.750362,0.276170,1.463744,-0.885099,1.528230,305.262500,0.199444,0.241489,1,0,4.133806,0.030000,0.000000,0.113619,3,8,11,7,4
52,5.992559,0.081517,older_sister,6,4,5.842835,4.000000,717.906300,454.808100,719.208000,453.827800,1.629581,712.421100,457.649400,725.994900,450.006200,712.421100,446.696000,725.994900,436.831800,1.307604,0.279690,-2.493421,1.552685,0.336402,-2.298257,1.406641,-2.420870,234.737200,0.196448,0.312785,1,0,4.131424,0.030000,0.000220,0.127622,1,4,9,12,4
52,5.992559,0.081517,player,6,2,6.157166,2.000000,815.745100,490.439300,814.443400,491.419500,1.629544,821.230500,487.598100,807.656300,495.240900,821.230500,476.644600,807.656300,482.066400,3.272218,0.279690,-3.258143,3.027126,0.336402,-3.453298,3.173175,-3.330691,54.739490,0.196446,0.312788,1,0,4.131422,0.030000,0.000086,0.127622,5,8,4,9,4
53,6.074115,0.082280,father,4,8,3.999999,7.772400,480.520900,414.021700,478.447000,413.190900,2.234068,482.941000,414.463400,473.953000,411.918300,482.941000,405.598000,473.953000,399.573800,-2.835786,0.226373,-1.390693,-2.998070,0.315210,-1.325705,-2.879484,-1.379413,125.262800,0.284490,0.170026,1,0,4.201421,0.030000,0.000164,0.111714,7,4,5,8,4
53,6.074115,0.082280,mother,8,9,8.000000,9.240062,587.576000,298.448400,589.583800,299.287600,2.176057,585.509600,298.196600,593.658000,300.378500,585.509600,289.320500,593.658000,287.829900,-0.983853,0.226647,1.578111,-0.836731,0.320420,1.522399,-0.946543,1.571682,305.267300,0.300067,0.152288,1,0,4.213806,0.030000,0.000136,0.113619,3,8,11,7,4
53,6.074115,0.082280,older_sister,6,4,5.762336,4.000000,714.503200,456.509900,716.692600,455.077500,2.616354,712.646000,457.528500,720.739200,452.626600,712.646000,446.495300,720.739200,437.414500,1.311665,0.281727,-2.490334,1.457792,0.388431,-2.365165,1.345196,-2.464324,234.732100,0.297072,0.191579,1,0,4.211424,0.030000,0.000031,0.127622,1,4,9,12,4
53,6.074115,0.082280,player,6,2,6.237664,2.000000,819.148200,488.737700,816.958600,490.170000,2.616423,821.005500,487.719000,812.911700,492.620800,821.005500,476.685800,812.911700,477.408900,3.268154,0.281727,-3.261231,3.122018,0.388430,-3.386397,3.234620,-3.287241,54.734440,0.297068,0.191585,1,0,4.211422,0.030000,0.000136,0.127622,5,8,4,9,4
54,6.134722,0.061229,father,4,8,3.999999,7.691902,483.924000,415.723400,483.000500,415.249200,1.038117,484.266900,415.042300,481.734000,415.456100,484.266900,406.080600,481.734000,403.500200,-2.811848,0.228832,-1.405474,-2.857580,0.305288,-1.416041,-2.818040,-1.422866,125.267400,0.385112,0.031238,1,0,4.281421,0.030000,0.000031,0.128806,7,4,5,8,4
54,6.134722,0.061229,mother,8,9,8.000000,9.320560,584.173000,296.746900,584.756900,297.064200,0.664546,584.133100,297.586200,585.380700,296.542300,584.133100,288.622300,585.380700,285.031300,-1.008708,0.228888,1.593699,-0.986183,0.293926,1.620354,-1.007988,1.615128,305.262900,0.400690,0.003004,1,0,4.293806,0.030000,0.000110,0.128866,3,8,11,7,4
54,6.134722,0.061229,older_sister,6,4,5.681838,4.000000,711.100100,458.211300,711.954400,457.721600,0.984731,712.104200,457.888000,711.804500,457.555200,712.104200,446.667100,711.804500,443.276700,1.301883,0.286520,-2.499513,1.296471,0.364591,-2.491014,1.283751,-2.507769,234.737200,0.397694,0.000487,1,0,4.291424,0.030000,0.000110,0.136214,1,4,9,12,4
54,6.134722,0.061229,player,6,2,6.318162,2.000000,822.551300,487.036100,821.696900,487.525900,0.984814,821.547200,487.359400,821.846600,487.692400,821.547200,476.138500,821.846600,473.413900,3.277935,0.286520,-3.252048,3.283342,0.364593,-3.260551,3.296065,-3.243792,54.734890,0.397691,0.000494,1,0,4.291422,0.030000,0.000164,0.136214,5,8,4,9,4
55,6.242943,0.108278,father,4,8,3.999999,7.611403,487.327000,417.424900,488.730200,418.138800,1.574390,485.633200,415.684600,491.827300,420.593000,485.633200,406.714100,491.827300,411.014100,-2.787178,0.229057,-1.421875,-2.675340,0.244592,-1.547208,-2.756595,-1.466312,125.263400,0.485735,-0.163676,1,0,4.361421,0.030000,0.000068,0.128806,7,4,5,8,4
55,6.242943,0.108278,mother,8,9,8.000000,9.401059,580.769900,295.045200,579.113200,294.175900,1.870867,582.811400,296.961900,575.415000,291.390000,582.811400,287.994600,575.415000,281.906700,-1.032571,0.228974,1.609641,-1.166118,0.242150,1.751914,-1.069433,1.658581,305.267900,0.501313,-0.191184,1,0,4.373806,0.030000,0.000301,0.128866,3,8,11,7,4
55,6.242943,0.108278,older_sister,6,4,5.601339,4.000000,707.697000,459.912600,705.557400,460.821400,2.324623,711.590000,458.186800,699.524800,463.455900,711.590000,446.823800,699.524800,451.763900,1.292597,0.290147,-2.507144,1.074755,0.298546,-2.641686,1.222307,-2.551211,234.739500,0.498317,-0.255547,1,0,4.371424,0.030000,0.000301,0.136214,1,4,9,12,4
55,6.242943,0.108278,player,6,2,6.398661,2.000000,825.954300,485.334600,828.093800,484.425800,2.324466,822.061500,487.060500,834.126000,481.791200,822.061500,475.697500,834.126000,470.099300,3.287222,0.290147,-3.244416,3.505053,0.298547,-3.109868,3.357509,-3.200347,54.737010,0.498314,-0.255540,1,0,4.371422,0.030000,0.000136,0.136214,5,8,4,9,4
56,6.303755,0.061804,father,4,8,3.999999,7.530905,490.730100,419.126600,492.234700,419.902400,1.692767,486.465400,416.095600,498.003900,423.709200,486.465400,406.936500,498.003900,414.652600,-2.772152,0.233871,-1.432369,-2.563818,0.231255,-1.626777,-2.695150,-1.509765,125.267500,0.586358,-0.282348,0,0,4.441421,0.030000,0.000110,0.128806,7,4,5,8,4
56,6.303755,0.061804,mother,8,9,8.000000,9.481558,577.366800,293.343900,576.244800,292.814500,1.240696,582.074500,296.606000,570.415000,289.022900,582.074500,287.355200,570.415000,280.064600,-1.045879,0.236212,1.618728,-1.256395,0.228746,1.812357,-1.130877,1.702023,305.260800,0.601935,-0.283675,0,0,4.453806,0.030000,0.000086,0.128866,3,8,11,7,4
56,6.303755,0.061804,older_sister,6,4,5.520841,4.000000,704.293900,461.614400,702.851000,462.250100,1.576751,711.736800,458.141900,693.965100,466.358200,711.736800,446.377700,693.965100,455.410400,1.295248,0.300394,-2.505998,0.974369,0.279544,-2.715794,1.160862,-2.594665,234.732000,0.598940,-0.383121,0,0,4.451424,0.030000,0.000136,0.136214,1,4,9,12,4
56,6.303755,0.061804,player,6,2,6.479159,2.000000,829.357400,483.632900,830.800500,482.997200,1.576919,821.914700,487.105300,839.686400,478.889100,821.914700,475.341000,839.686400,467.941400,3.284570,0.300393,-3.245559,3.605449,0.279543,-3.035764,3.418954,-3.156893,54.732220,0.598937,-0.383121,0,0,4.451422,0.030000,0.000273,0.136214,5,8,4,9,4
57,6.365188,0.061908,father,4,7,3.999999,7.450407,494.133200,420.827900,493.305300,420.212100,1.031887,487.589100,416.445000,499.021500,423.979100,487.589100,406.323100,499.021500,415.143000,-2.751863,0.258459,-1.441293,-2.545445,0.225624,-1.633669,-2.633706,-1.553206,125.260400,0.686981,-0.279606,0,1,4.521421,0.030000,0.000097,0.128806,7,4,5,8,4
57,6.365188,0.061908,mother,8,10,8.000000,9.562056,573.963700,291.642400,575.134700,292.443900,1.419036,580.645100,296.129100,569.624200,288.758800,580.645100,285.835000,569.624200,279.907500,-1.071685,0.262852,1.630906,-1.270674,0.226012,1.819102,-1.192322,1.745468,305.262500,0.702559,-0.271128,0,1,4.533806,0.030000,0.000031,0.128866,3,8,11,7,4
57,6.365188,0.061908,older_sister,5,4,5.440342,4.000000,700.890800,463.315800,702.723500,462.731800,1.923524,711.216400,458.865300,694.230700,466.598200,711.216400,445.949000,694.230700,455.776100,1.285852,0.329809,-2.524468,0.979166,0.276336,-2.721923,1.099417,-2.638110,234.737200,0.699563,-0.364409,0,1,4.531424,0.030000,0.000220,0.136214,1,4,9,12,4
57,6.365188,0.061908,player,7,2,6.559658,2.000000,832.760600,481.931400,830.927900,482.515400,1.923505,822.435000,486.382000,839.420800,478.649000,822.435000,473.465800,839.420800,467.826900,3.293965,0.329808,-3.227091,3.600652,0.276336,-3.029632,3.480399,-3.113448,54.737110,0.699560,-0.364412,0,1,4.531422,0.030000,0.000164,0.136214,5,8,4,9,4
58,6.425478,0.060965,father,4,7,3.999999,7.369908,497.536300,422.529400,495.831400,421.449900,2.017935,492.405400,418.742300,499.257300,424.157500,492.405400,407.061900,499.257300,415.203000,-2.664902,0.298253,-1.499952,-2.541187,0.228648,-1.638226,-2.572261,-1.596652,125.262800,0.787603,-0.180844,0,1,4.601421,0.030000,0.000205,0.128806,7,4,5,8,4
58,6.425478,0.060965,mother,8,10,8.000000,9.642554,570.560600,289.940700,572.181900,290.937200,1.903100,575.114000,293.365400,569.249900,288.509100,575.114000,281.487500,569.249900,279.524400,-1.171553,0.303295,1.701474,-1.277433,0.229419,1.825477,-1.253767,1.788922,305.267900,0.803181,-0.158046,0,1,4.613806,0.030000,0.000136,0.128866,3,8,11,7,4
58,6.425478,0.060965,older_sister,5,4,5.359844,4.000000,697.487700,465.017600,699.837500,464.267200,2.466712,704.852200,462.223700,694.822900,466.310600,704.852200,447.344600,694.822900,455.348900,1.170942,0.379928,-2.610223,0.989856,0.279902,-2.714580,1.037973,-2.681563,234.732500,0.800185,-0.208106,0,1,4.611424,0.030000,0.000031,0.136214,1,4,9,12,4
58,6.425478,0.060965,player,7,2,6.640156,2.000000,836.163600,480.230100,833.813700,480.980300,2.466763,828.798500,483.023400,838.828900,478.937300,828.798500,468.144400,838.828900,467.975500,3.408862,0.379927,-3.141331,3.589966,0.279901,-3.036994,3.541843,-3.070006,54.739630,0.800182,-0.208112,0,1,4.611422,0.030000,0.000031,0.136214,5,8,4,9,4
59,6.485945,0.061282,father,4,7,3.999999,7.289410,500.939400,424.231100,500.752600,424.115000,0.219939,501.359300,423.581000,500.146000,424.649000,501.359300,412.528100,500.146000,415.476300,-2.503235,0.282230,-1.623505,-2.525141,0.234217,-1.650774,-2.510816,-1.640105,125.267900,0.888227,0.002140,0,1,4.681421,0.030000,0.000000,0.128806,7,4,5,8,4
59,6.485945,0.061282,mother,8,10,8.000000,9.723053,567.157500,288.239200,566.944300,288.154800,0.229355,565.543200,288.290300,568.345400,288.019300,565.543200,277.619400,568.345400,278.824300,-1.344360,0.272475,1.831063,-1.293763,0.234788,1.837983,-1.315212,1.832367,305.262900,0.903804,0.037317,0,1,4.693806,0.030000,0.000086,0.128866,3,8,11,7,4
59,6.485945,0.061282,older_sister,5,4,5.279346,4.000000,694.084600,466.719100,693.926900,466.916500,0.252729,693.155400,467.510200,694.698400,466.322800,693.155400,453.840200,694.698400,455.023700,0.959750,0.349057,-2.745211,0.987608,0.288515,-2.714892,0.976528,-2.725009,234.737100,0.900808,0.040251,0,1,4.691424,0.030000,0.000110,0.136214,1,4,9,12,4
59,6.485945,0.061282,player,7,2,6.720654,2.000000,839.566700,478.528400,839.724400,478.330900,0.252729,840.495600,477.737300,838.953200,478.924500,840.495600,464.067100,838.953200,467.625400,3.620060,0.349060,-3.006353,3.592211,0.288516,-3.036669,3.603288,-3.026553,54.732520,0.900805,0.040242,0,1,4.691422,0.030000,0.000164,0.136214,5,8,4,9,4
60,6.544826,0.059045,father,4,7,3.999999,7.208911,504.342500,425.932600,507.171000,427.215700,3.105905,513.223800,429.292200,501.118200,425.139300,513.223800,419.678400,501.118200,415.800900,-2.289016,0.245483,-1.769337,-2.507588,0.238450,-1.663294,-2.449372,-1.683551,125.263000,0.988849,0.239689,0,1,4.761421,0.030000,0.000097,0.132484,7,4,5,8,4
60,6.544826,0.059045,mother,8,10,8.000000,9.803552,563.754400,286.537500,560.807400,285.196900,3.237617,554.277900,282.880400,567.336800,287.513400,554.277900,273.225300,567.336800,278.134400,-1.547761,0.246538,1.969202,-1.311974,0.239487,1.850902,-1.376657,1.875821,305.267600,0.004426,0.260817,0,1,4.773806,0.030000,0.000246,0.132714,3,8,11,7,4
60,6.544826,0.059045,older_sister,5,4,5.198847,4.000000,690.681500,468.420300,687.127600,470.467300,4.101316,679.645300,474.570300,694.609900,466.364400,679.645300,462.712000,694.609900,454.742100,0.715817,0.302794,-2.925485,0.986011,0.296769,-2.715955,0.915083,-2.768450,234.739600,0.001431,0.341583,0,1,4.771424,0.030000,0.000329,0.143182,1,4,9,12,4
60,6.544826,0.059045,player,7,2,6.801153,2.000001,842.969800,476.826900,846.523700,474.779800,4.101339,854.005700,470.676600,839.041700,478.882900,854.005700,458.818300,839.041700,467.260600,3.863993,0.302795,-2.826063,3.593809,0.296770,-3.035605,3.664733,-2.983108,54.737010,0.001428,0.341583,0,1,4.771421,0.030000,0.000061,0.143183,5,8,4,9,4
61,6.653513,0.107956,father,4,7,3.999999,7.128413,507.745600,427.634300,508.956800,428.347700,1.405599,515.573500,430.819400,502.339900,425.875900,515.573500,421.919500,502.339900,416.134800,-2.246589,0.227254,-1.808332,-2.485528,0.248734,-1.682104,-2.387927,-1.727004,125.267400,0.089472,0.267969,0,0,4.841421,0.030000,0.000068,0.132484,7,4,5,8,4
61,6.653513,0.107956,mother,8,10,8.000000,9.884049,560.351300,284.836000,559.493700,284.257700,1.034406,552.879600,281.772100,566.107700,286.743300,552.879600,272.932900,566.107700,276.894900,-1.573007,0.225704,1.997501,-1.334167,0.251474,1.870565,-1.438101,1.919266,305.263100,0.105050,0.268300,0,0,4.853806,0.030000,0.000164,0.132714,3,8,11,7,4
61,6.653513,0.107956,older_sister,5,4,5.118349,4.000000,687.278400,470.122100,685.912500,470.678000,1.474709,678.097200,474.808300,693.727800,466.547800,678.097200,463.874500,693.727800,454.378200,0.687867,0.279187,-2.931563,0.970085,0.310744,-2.720637,0.853639,-2.811904,234.732100,0.102054,0.352209,0,0,4.851424,0.030000,0.000136,0.143182,1,4,9,12,4
61,6.653513,0.107956,player,7,2,6.881651,2.000001,846.372800,475.125200,847.738800,474.569100,1.474800,855.554100,470.438900,839.923600,478.699400,855.554100,459.505100,839.923600,466.529800,3.891948,0.279187,-2.819992,3.609731,0.310744,-3.030921,3.726176,-2.939654,54.731600,0.102051,0.352209,0,0,4.851421,0.030000,0.000301,0.143183,5,8,4,9,4
62,6.712501,0.060886,father,4,7,3.999999,7.047914,511.148700,429.335600,509.991500,428.989600,1.207806,516.195000,431.144700,503.788100,426.834400,516.195000,422.350200,503.788100,416.127500,-2.235368,0.224563,-1.816641,-2.459382,0.273394,-1.706577,-2.326482,-1.770445,125.260400,0.190095,0.246454,1,0,4.921421,0.030000,0.000136,0.132484,7,4,5,8,4
62,6.712501,0.060886,mother,8,10,8.000000,9.964548,556.948200,283.134700,558.439800,283.630600,1.571856,552.411900,281.589400,564.467700,285.671700,552.411900,272.775800,564.467700,274.781100,-1.581453,0.225052,2.002165,-1.363777,0.278085,1.897928,-1.499546,1.962708,305.260500,0.205672,0.237916,1,0,4.933805,0.030000,0.000061,0.132714,3,8,11,7,4
62,6.712501,0.060886,older_sister,5,4,5.037850,4.000000,683.875400,471.823500,685.328900,470.749900,1.807073,678.666500,474.525500,691.991300,466.974200,678.666500,463.562600,691.991300,453.730200,0.698145,0.279932,-2.924343,0.938731,0.338179,-2.731525,0.792194,-2.855349,234.737200,0.202676,0.307760,1,0,4.931424,0.030000,0.000246,0.143182,1,4,9,12,4
62,6.712501,0.060886,player,7,2,6.962150,2.000001,849.776000,473.423700,848.322500,474.497300,1.806988,854.985000,470.721600,841.660100,478.272900,854.985000,459.758700,841.660100,465.028900,3.881674,0.279932,-2.827213,3.641085,0.338178,-3.020030,3.787622,-2.896209,54.737740,0.202673,0.307762,1,0,4.931421,0.030000,0.000164,0.143183,5,8,4,9,4
63,6.770469,0.058741,father,4,7,3.999999,6.967416,514.551800,431.037100,512.499300,430.202200,2.215778,516.829700,431.402600,508.168800,429.001900,516.829700,422.533700,508.168800,416.570500,-2.223909,0.226463,-1.823224,-2.380286,0.317426,-1.761923,-2.265037,-1.813892,125.263300,0.290718,0.163074,1,0,5.001420,0.030000,0.000220,0.132484,7,4,5,8,4
63,6.770469,0.058741,mother,8,10,8.000000,10.045050,553.545200,281.433000,555.515300,282.271200,2.141046,551.617100,281.256200,559.413600,283.286100,551.617100,272.374300,559.413600,270.673800,-1.595803,0.226794,2.010674,-1.455032,0.322049,1.958842,-1.560990,2.006162,305.267900,0.306295,0.144862,1,0,5.013805,0.030000,0.000110,0.132714,3,8,11,7,4
63,6.770469,0.058741,older_sister,5,4,4.957352,4.000000,680.472300,473.525300,682.648400,472.123300,2.588608,678.809000,474.451700,686.487900,469.795000,678.809000,463.409500,686.487900,454.490100,0.700717,0.281956,-2.922457,0.839365,0.390802,-2.803552,0.730749,-2.898802,234.732500,0.303299,0.181856,1,0,5.011424,0.030000,0.000031,0.143182,1,4,9,12,4
63,6.770469,0.058741,player,7,2,7.042648,2.000000,853.179000,471.722400,851.002700,473.124100,2.588698,854.842600,470.796100,847.162700,475.452200,854.842600,459.753900,847.162700,460.147400,3.879102,0.281956,-2.829114,3.740438,0.390801,-2.948007,3.849066,-2.852767,54.738850,0.303296,0.181861,1,0,5.011421,0.030000,0.000000,0.143183,5,8,4,9,4
64,6.825854,0.056151,father,4,7,3.999999,6.886917,517.954800,432.738900,517.162500,432.324100,0.894281,518.176800,431.994600,516.148300,432.653700,518.176800,423.031400,516.148300,420.869400,-2.199586,0.228869,-1.838341,-2.236210,0.300903,-1.855170,-2.203593,-1.857345,125.267800,0.391340,0.020186,1,0,5.081420,0.030000,0.000000,0.132484,7,4,5,8,4
64,6.825854,0.056151,mother,8,10,8.000000,10.125550,550.142100,279.731500,550.579200,279.978600,0.502057,550.222700,280.633800,550.935600,279.323400,550.222700,271.669400,550.935600,267.998200,-1.620980,0.228902,2.026567,-1.608107,0.289181,2.060029,-1.622434,2.049607,305.263200,0.406918,-0.008808,1,0,5.093805,0.030000,0.000031,0.132714,3,8,11,7,4
64,6.825854,0.056151,older_sister,5,4,4.876853,4.000000,677.069200,475.226700,677.746500,474.830100,0.784967,678.241300,474.822500,677.251700,474.837600,678.241300,463.591400,677.251700,460.770200,0.690467,0.286781,-2.931927,0.672600,0.359202,-2.932312,0.669304,-2.942248,234.737100,0.403922,-0.014810,1,0,5.091424,0.030000,0.000136,0.143182,1,4,9,12,4
64,6.825854,0.056151,player,7,2,7.123146,2.000000,856.582200,470.020700,855.904800,470.417400,0.784930,855.410200,470.424800,856.399500,470.409900,855.410200,459.193700,856.399500,456.342400,3.889351,0.286781,-2.819634,3.907212,0.359204,-2.819253,3.910511,-2.809313,54.732750,0.403919,-0.014803,1,0,5.091421,0.030000,0.000136,0.143183,5,8,4,9,4
65,6.882266,0.056980,father,4,7,3.999999,6.806419,521.358000,434.440300,522.868800,435.219700,1.700020,519.526500,432.630200,526.211100,437.809300,519.526500,423.661900,526.211100,428.271300,-2.175216,0.229002,-1.854572,-2.054523,0.243545,-1.986814,-2.142148,-1.900790,125.262600,0.491963,-0.174895,1,0,5.161420,0.030000,0.000136,0.132484,7,4,5,8,4
65,6.882266,0.056980,mother,8,10,8.000000,10.206040,546.739000,278.029800,544.994400,277.106400,1.973862,548.923400,280.018200,541.065400,274.194600,548.923400,271.050600,541.065400,264.740400,-1.644439,0.228983,2.042286,-1.786319,0.241408,2.190989,-1.683880,2.093060,305.266800,0.507541,-0.201699,1,0,5.173805,0.030000,0.000220,0.132714,3,8,11,7,4
65,6.882266,0.056980,older_sister,5,4,4.796355,4.000000,673.666100,476.928000,671.395600,477.886800,2.464628,677.753000,475.105400,665.038100,480.668100,677.753000,463.735900,665.038100,469.031000,0.681652,0.290315,-2.939150,0.452078,0.297146,-3.081190,0.607860,-2.985690,234.739200,0.504545,-0.269454,1,0,5.171423,0.030000,0.000356,0.143182,1,4,9,12,4
65,6.882266,0.056980,player,7,2,7.203645,2.000000,859.985200,468.319200,862.255600,467.360400,2.464471,855.898400,470.141900,868.612700,464.578900,855.898400,458.772400,868.612700,452.941800,3.898166,0.290314,-2.812410,4.127728,0.297146,-2.670362,3.971955,-2.765868,54.736500,0.504542,-0.269448,1,0,5.171421,0.030000,0.000110,0.143183,5,8,4,9,4
66,6.941955,0.057626,father,4,7,3.999999,6.725920,524.761000,436.142000,526.092200,436.804600,1.486884,520.312500,433.016000,531.871800,440.593100,520.312500,423.824000,531.871800,431.593400,-2.161025,0.234713,-1.864422,-1.952315,0.229803,-2.057899,-2.080703,-1.944243,125.267400,0.592586,-0.282117,0,0,5.241420,0.030000,0.000061,0.122998,7,4,5,8,4
66,6.941955,0.057626,mother,8,10,8.000000,10.286540,543.335900,276.328300,542.335900,275.874700,1.098073,548.207700,279.679200,536.464000,272.070100,548.207700,270.384900,536.464000,263.121400,-1.657361,0.237325,2.050942,-1.869400,0.228501,2.245236,-1.745324,2.136505,305.262800,0.608163,-0.285305,0,0,5.253805,0.030000,0.000136,0.123056,3,8,11,7,4
66,6.941955,0.057626,older_sister,5,4,4.715857,4.000000,670.263000,478.629800,669.007600,479.201100,1.379317,677.930900,475.058600,660.084400,483.343600,677.930900,463.243600,660.084400,472.406100,0.684863,0.301688,-2.937954,0.362634,0.279284,-3.149508,0.546415,-3.029143,234.732500,0.605168,-0.385239,0,0,5.251423,0.030000,0.000164,0.129360,1,4,9,12,4
66,6.941955,0.057626,player,7,2,7.284143,2.000000,863.388400,466.617400,864.643900,466.046100,1.379373,855.720500,470.188500,873.567200,461.903700,855.720500,458.373600,873.567200,450.966100,3.894954,0.301688,-2.813601,4.217185,0.279284,-2.602051,4.033401,-2.722415,54.733150,0.605165,-0.385238,0,0,5.251421,0.030000,0.000246,0.129361,5,8,4,9,4
67,7.044043,0.103972,father,4,7,3.999999,6.645422,528.164100,437.843500,527.200400,437.151400,1.186533,521.556800,433.412700,532.843900,440.890000,521.556800,423.217000,532.843900,432.050500,-2.138557,0.260342,-1.874552,-1.934763,0.225711,-2.065480,-2.019258,-1.987689,125.263300,0.693209,-0.276630,0,1,5.321420,0.030000,0.000000,0.122998,7,4,5,8,4
67,7.044043,0.103972,mother,8,10,8.000000,10.367040,539.932800,274.627000,541.233400,275.494400,1.563311,546.642200,279.138100,535.824500,271.850700,546.642200,268.774200,535.824500,262.989900,-1.685627,0.264637,2.064759,-1.880946,0.226256,2.250839,-1.806769,2.179948,305.261400,0.708787,-0.266909,0,1,5.333805,0.030000,0.000086,0.123056,3,8,11,7,4
67,7.044043,0.103972,older_sister,5,4,4.635358,4.000000,666.859900,480.331200,668.865600,479.671300,2.111518,677.228000,475.885300,660.503200,483.457300,677.228000,462.903300,660.503200,472.627400,0.672172,0.331488,-2.959064,0.370196,0.276537,-3.152411,0.484970,-3.072589,234.737100,0.705791,-0.358192,0,1,5.331423,0.030000,0.000273,0.129360,1,4,9,12,4
67,7.044043,0.103972,player,7,2,7.364642,2.000000,866.791400,464.916000,864.785800,465.575900,2.111325,856.423300,469.362000,873.148300,461.789800,856.423300,456.380000,873.148300,450.959800,3.907644,0.331488,-2.792495,4.209621,0.276537,-2.599144,4.094844,-2.678969,54.736640,0.705788,-0.358195,0,1,5.331421,0.030000,0.000164,0.129361,5,8,4,9,4
68,7.097125,0.053984,father,4,7,3.999999,6.564923,531.567300,439.544800,529.890000,438.494100,1.979219,526.657200,435.894900,533.122700,441.093400,526.657200,424.130600,533.122700,432.127600,-2.046468,0.300394,-1.937932,-1.929728,0.228936,-2.070673,-1.957813,-2.031131,125.260200,0.793831,-0.171953,0,1,5.401420,0.030000,0.000246,0.122998,7,4,5,8,4
68,7.097125,0.053984,mother,8,10,8.000000,10.447540,536.529700,272.925300,538.104400,273.879600,1.841325,540.828100,276.188300,535.380700,271.571000,540.828100,264.251600,535.380700,262.572400,-1.790604,0.304796,2.140081,-1.888959,0.229774,2.257981,-1.868214,2.223400,305.266800,0.809409,-0.148378,0,1,5.413805,0.030000,0.000061,0.123056,3,8,11,7,4
68,7.097125,0.053984,older_sister,5,4,4.554860,4.000000,663.456800,482.033000,665.714600,481.299900,2.373855,670.428200,479.382800,661.000900,483.216900,670.428200,464.412400,661.000900,472.237100,0.549398,0.382261,-3.048372,0.379184,0.280364,-3.146272,0.423526,-3.116042,234.732200,0.806413,-0.195500,0,1,5.411423,0.030000,0.000086,0.129360,1,4,9,12,4
68,7.097125,0.053984,player,7,2,7.445140,2.000000,870.194600,463.214200,867.936800,463.947400,2.373855,863.223000,465.864400,872.650600,462.030300,863.223000,450.894000,872.650600,451.050500,4.030415,0.382259,-2.703186,4.200635,0.280363,-2.605285,4.156291,-2.635516,54.732700,0.806410,-0.195506,0,1,5.411421,0.030000,0.000329,0.129361,5,8,4,9,4
69,7.150656,0.054215,father,4,6,3.999999,6.484425,534.970300,441.246500,534.938200,441.208800,0.049595,535.857700,440.832400,534.018700,441.585100,535.857700,429.933100,534.018700,432.403400,-1.880347,0.278308,-2.064009,-1.913552,0.234450,-2.083230,-1.896369,-2.074584,125.267800,0.894455,0.016012,0,1,5.481420,0.030000,0.000086,0.122998,7,4,5,8,4
69,7.150656,0.054215,mother,8,11,8.000000,10.528040,533.126600,271.223800,532.740200,271.054300,0.421921,531.009900,271.026100,534.470600,271.082400,531.009900,260.503100,534.470600,261.878500,-1.967876,0.268697,2.271895,-1.905393,0.235016,2.270457,-1.929659,2.266846,305.263100,0.910032,0.051849,0,1,5.493805,0.030000,0.000000,0.123056,3,8,11,7,4
69,7.150656,0.054215,older_sister,4,4,4.474361,4.000000,660.053700,483.734400,659.688500,484.033500,0.472079,658.496900,484.835200,660.880000,483.231800,658.496900,471.352800,660.880000,471.915600,0.333973,0.344266,-3.187595,0.377000,0.288953,-3.146654,0.362081,-3.159488,234.737100,0.907036,0.058769,0,1,5.491423,0.030000,0.000164,0.129360,1,4,9,12,4
69,7.150656,0.054215,player,8,2,7.525639,2.000000,873.597500,461.512900,873.962700,461.213900,0.471993,875.154100,460.412400,872.771500,462.015500,875.154100,446.929800,872.771500,450.699300,4.245838,0.344268,-2.563972,4.202817,0.288952,-2.604906,4.217734,-2.592074,54.739010,0.907033,0.058759,0,1,5.491421,0.030000,0.000164,0.129361,5,8,4,9,4
70,7.203555,0.053064,father,4,6,3.999999,6.403927,538.373400,442.948000,541.321500,444.284400,3.236863,547.647000,446.495600,534.996100,442.073200,547.647000,436.832500,534.996100,432.719700,-1.667484,0.246741,-2.208615,-1.895903,0.238836,-2.095690,-1.834924,-2.118029,125.262900,0.995077,0.251701,0,1,5.561420,0.030000,0.000136,0.122998,7,4,5,8,4
70,7.203555,0.053064,mother,8,11,8.000000,10.607530,529.766100,269.543400,526.908900,268.240000,3.140460,520.377900,265.919700,533.440000,270.560200,520.377900,256.318600,533.440000,261.167200,-2.159843,0.245160,2.402282,-1.924001,0.239845,2.283791,-1.990334,2.309753,305.266800,0.009397,0.260974,0,1,5.572804,0.029058,0.000136,0.123056,3,8,11,7,4
70,7.203555,0.053064,older_sister,4,4,4.474361,4.000000,660.053700,483.734400,659.688500,484.033500,0.472079,658.496900,484.835200,660.880000,483.231800,658.496900,471.352800,660.880000,471.915600,0.333973,0.344266,-3.187595,0.377000,0.288953,-3.146654,0.362081,-3.159488,234.737100,0.907036,0.058769,0,0,5.491423,0.000000,0.000164,0.129360,1,4,9,12,4
70,7.203555,0.053064,player,8,2,7.606137,2.000000,877.000700,459.811500,880.427200,457.843200,3.951520,887.922100,453.737600,872.932200,461.948800,887.922100,441.954300,872.932200,450.301600,4.476372,0.300879,-2.393536,4.205720,0.297406,-2.603205,4.279180,-2.548629,54.737740,0.007656,0.342038,0,1,5.571421,0.030000,0.000086,0.129361,5,8,4,9,4
71,7.255553,0.053503,father,4,6,3.999999,6.323429,541.776500,444.649700,542.848300,445.309500,1.258618,549.465700,447.786900,536.231000,442.832200,549.465700,438.913500,536.231000,433.048300,-1.634647,0.226576,-2.241588,-1.873608,0.249826,-2.115072,-1.773480,-2.161483,125.267800,0.095700,0.268153,0,0,5.641420,0.030000,0.000061,0.122998,7,4,5,8,4
71,7.255553,0.053503,mother,8,11,8.000000,10.680470,526.682600,268.001700,525.721600,267.384100,1.142318,519.105300,264.902600,532.338000,269.865700,519.105300,256.048000,532.338000,260.048400,-2.182822,0.226097,2.428255,-1.943898,0.250680,2.301524,-2.046010,2.349122,305.264100,0.100571,0.268249,0,0,5.645293,0.025909,0.000110,0.123056,3,8,11,7,4
71,7.255553,0.053503,older_sister,4,4,4.474361,4.000000,660.053700,483.734400,659.688500,484.033500,0.472079,658.496900,484.835200,660.880000,483.231800,658.496900,471.352800,660.880000,471.915600,0.333973,0.344266,-3.187595,0.377000,0.288953,-3.146654,0.362081,-3.159488,234.737100,0.907036,0.058769,0,0,5.491423,0.000000,0.000164,0.129360,1,4,9,12,4
71,7.255553,0.053503,player,8,2,7.686635,2.000000,880.403800,458.109700,881.613300,457.656200,1.291696,889.429900,453.533400,873.796700,461.779000,889.429900,442.615900,873.796700,449.560200,4.503596,0.278772,-2.388323,4.221329,0.312002,-2.598868,4.340624,-2.505176,54.732310,0.108279,0.352029,0,0,5.651421,0.030000,0.000273,0.129361,5,8,4,9,4
72,7.305617,0.050598,father,4,6,4.000000,6.242931,545.179600,446.351000,543.886500,445.944000,1.355594,550.023700,448.055200,537.749400,443.832700,550.023700,439.253800,537.749400,433.052800,-1.624573,0.224740,-2.248439,-1.846191,0.275260,-2.140620,-1.712036,-2.204925,125.260900,0.196323,0.243202,1,0,5.721420,0.030000,0.000164,0.125033,7,4,5,8,4
72,7.305617,0.050598,mother,8,11,8.000000,10.742670,524.053200,266.687000,524.942000,266.913000,0.917140,518.629200,264.680800,531.254900,269.145300,518.629200,255.895200,531.254900,258.573200,-2.191418,0.224334,2.433918,-1.963452,0.269953,2.319920,-2.093485,2.382691,305.263700,0.178318,0.251951,1,0,5.707105,0.021750,0.000086,0.124652,3,8,11,7,4
72,7.305617,0.050598,older_sister,4,4,4.474361,4.000000,660.053700,483.734400,659.688500,484.033500,0.472079,658.496900,484.835200,660.880000,483.231800,658.496900,471.352800,660.880000,471.915600,0.333973,0.344266,-3.187595,0.377000,0.288953,-3.146654,0.362081,-3.159488,234.737100,0.907036,0.058769,0,0,5.491423,0.000000,0.000164,0.136808,1,4,9,12,4
72,7.305617,0.050598,player,8,2,7.767134,2.000000,883.806900,456.408300,882.206400,457.570700,1.978102,888.740200,453.846000,875.672500,461.295400,888.740200,442.873900,875.672500,447.971600,4.491144,0.280167,-2.396303,4.255197,0.340216,-2.586520,4.402069,-2.461730,54.737260,0.208901,0.302471,1,0,5.731421,0.030000,0.000164,0.130324,5,8,4,9,4
73,7.402874,0.097678,father,4,6,4.000000,6.162432,548.582700,448.052500,546.558300,447.214400,2.191055,550.719300,448.342000,542.397300,446.086600,550.719300,439.468600,542.397300,433.574900,-1.612013,0.226579,-2.255764,-1.762272,0.319480,-2.198173,-1.650590,-2.248370,125.262600,0.296946,0.155937,1,0,5.801420,0.030000,0.000273,0.125033,7,4,5,8,4
73,7.402874,0.097678,mother,8,11,7.999999,10.793770,521.892900,265.606800,523.972400,266.417400,2.231887,518.507000,264.663800,529.437900,268.170900,518.507000,255.803600,529.437900,256.568500,-2.193623,0.226241,2.434351,-1.996261,0.296262,2.344801,-2.132489,2.410275,305.268800,0.242191,0.212845,1,0,5.757887,0.017754,0.000220,0.124652,3,8,11,7,4
73,7.402874,0.097678,older_sister,4,4,4.474361,4.000000,660.053700,483.734400,659.688500,484.033500,0.472079,658.496900,484.835200,660.880000,483.231800,658.496900,471.352800,660.880000,471.915600,0.333973,0.344266,-3.187595,0.377000,0.288953,-3.146654,0.362081,-3.159488,234.737100,0.907036,0.058769,0,0,5.491423,0.000000,0.000164,0.136808,1,4,9,12,4
73,7.402874,0.097678,player,8,2,7.847632,2.000000,887.210000,454.706500,885.054900,456.075000,2.552917,888.681400,453.870100,881.428300,458.279900,888.681400,442.817700,881.428300,442.898000,4.490081,0.282215,-2.396918,4.359122,0.392767,-2.509520,4.463514,-2.418277,54.732070,0.309524,0.171939,1,0,5.811420,0.030000,0.000356,0.130324,5,8,4,9,4
74,7.452033,0.050066,father,4,6,4.000000,6.081934,551.985800,449.754200,551.330800,449.403400,0.743040,552.086400,448.946700,550.575100,449.859900,552.086400,439.983000,550.575100,438.256700,-1.587328,0.228883,-2.271204,-1.614615,0.296283,-2.294522,-1.589146,-2.291823,125.267400,0.397568,0.008815,1,0,5.881420,0.030000,0.000086,0.125033,7,4,5,8,4
74,7.452033,0.050066,mother,8,11,7.999999,10.835520,520.127900,264.724600,522.165000,265.561300,2.202212,517.933200,264.404000,526.396700,266.718700,517.933200,255.532500,526.396700,254.239100,-2.203984,0.226529,2.440985,-2.051170,0.318660,2.381882,-2.164356,2.432800,305.253800,0.294379,0.158902,1,0,5.799379,0.014515,0.000086,0.124652,3,8,11,7,4
74,7.452033,0.050066,older_sister,4,4,4.474361,4.000000,660.053700,483.734400,659.688500,484.033500,0.472079,658.496900,484.835200,660.880000,483.231800,658.496900,471.352800,660.880000,471.915600,0.333973,0.344266,-3.187595,0.377000,0.288953,-3.146654,0.362081,-3.159488,234.737100,0.907036,0.058769,0,0,5.491423,0.000000,0.000164,0.136808,1,4,9,12,4
74,7.452033,0.050066,player,8,2,7.928131,2.000000,890.613100,453.005200,890.124600,453.304500,0.572845,889.273800,453.489900,890.975600,453.119100,889.273800,442.248200,890.975600,439.272800,4.500777,0.287050,-2.387211,4.531504,0.353556,-2.377742,4.524959,-2.374835,54.739490,0.410147,-0.030556,1,0,5.891420,0.030000,0.000136,0.130324,5,8,4,9,4
75,7.503241,0.051853,father,4,6,4.000000,6.031622,554.112700,450.817500,555.039900,451.259500,1.027212,552.974200,449.362500,557.105700,453.156600,552.974200,440.391500,557.105700,443.288800,-1.571299,0.229071,-2.281821,-1.496703,0.251965,-2.378699,-1.550744,-2.318973,125.260000,0.460458,-0.116837,1,0,5.931420,0.050000,0.000246,0.125033,7,4,5,8,4
75,7.503241,0.051853,mother,8,11,8.000000,10.870100,518.665800,263.993300,520.363200,264.768700,1.866145,517.398300,264.178400,523.328200,265.359000,517.398300,255.258800,523.328200,252.643400,-2.213641,0.227757,2.446746,-2.106575,0.324687,2.416599,-2.190755,2.451473,305.273600,0.337609,0.104819,1,0,5.833749,0.012088,0.000164,0.124652,3,8,11,7,4
75,7.503241,0.051853,older_sister,4,4,4.474361,4.000000,660.053700,483.734400,659.688500,484.033500,0.472079,658.496900,484.835200,660.880000,483.231800,658.496900,471.352800,660.880000,471.915600,0.333973,0.344266,-3.187595,0.377000,0.288953,-3.146654,0.362081,-3.159488,234.737100,0.907036,0.058769,0,0,5.491423,0.000000,0.000164,0.136808,1,4,9,12,4
75,7.503241,0.051853,player,8,2,8.000000,2.000000,893.651400,451.486000,895.826700,450.563400,2.362916,889.706800,453.237800,901.946700,447.889000,889.706800,441.873100,901.946700,436.212600,4.508595,0.290192,-2.380774,4.729593,0.298150,-2.244195,4.579816,-2.336044,54.734740,0.499984,-0.259299,1,0,5.962845,0.021424,0.000193,0.130324,5,8,4,9,4
76,7.555207,0.048642,father,4,6,4.000000,5.969813,556.725700,452.124200,558.756800,453.229400,2.312290,553.816400,449.770600,563.697200,456.688200,553.816400,440.778500,563.697200,447.335400,-1.556093,0.229607,-2.292241,-1.377689,0.238819,-2.468878,-1.503564,-2.352340,125.269300,0.537719,-0.247651,0,0,5.992846,0.030000,0.000061,0.125033,7,4,5,8,4
76,7.555207,0.048642,mother,8,11,8.000000,10.899410,517.426700,263.373600,518.565400,263.941400,1.272447,516.876600,263.944600,520.254200,263.938100,516.876600,254.988600,520.254200,251.710100,-2.223061,0.228686,2.452715,-2.162077,0.312236,2.452881,-2.213129,2.467297,305.268500,0.374247,0.049695,1,0,5.862878,0.010328,0.000273,0.124652,3,8,11,7,4
76,7.555207,0.048642,older_sister,4,4,4.474361,4.000000,660.053700,483.734400,659.688500,484.033500,0.472079,658.496900,484.835200,660.880000,483.231800,658.496900,471.352800,660.880000,471.915600,0.333973,0.344266,-3.187595,0.377000,0.288953,-3.146654,0.362081,-3.159488,234.737100,0.907036,0.058769,0,0,5.491423,0.000000,0.000164,0.136808,1,4,9,12,4
76,7.555207,0.048642,player,8,2,8.000001,2.025760,892.562400,450.941700,894.135700,449.028500,2.477000,889.818100,454.651800,898.453200,443.405100,889.818100,443.236100,898.453200,431.959400,4.510605,0.291494,-2.416879,4.666516,0.292261,-2.129702,4.560154,-2.322143,25.151240,0.532183,-0.326213,0,0,5.988445,0.015600,0.000086,0.130324,3,8,4,9,4
77,7.608064,0.052985,father,4,6,4.000000,5.889315,560.128800,453.825700,560.457500,453.881700,0.333471,554.502000,450.042900,566.413000,457.720500,554.502000,440.483400,566.413000,448.832800,-1.543714,0.244096,-2.299194,-1.328653,0.226940,-2.495235,-1.442119,-2.395785,125.262700,0.638342,-0.288780,0,0,6.072846,0.030000,0.000136,0.125033,7,4,5,8,4
77,7.608064,0.052985,mother,8,11,8.000000,10.924920,516.348400,262.834600,516.804400,263.090800,0.523089,516.413800,263.728900,517.195100,262.452600,516.413800,254.764600,517.195100,251.103500,-2.231416,0.228900,2.458223,-2.217311,0.289793,2.490814,-2.232599,2.481061,305.259100,0.406131,-0.007296,1,0,5.888227,0.009073,0.000136,0.124652,3,8,11,7,4
77,7.608064,0.052985,older_sister,4,4,4.474361,4.000000,660.053700,483.734400,659.688500,484.033500,0.472079,658.496900,484.835200,660.880000,483.231800,658.496900,471.352800,660.880000,471.915600,0.333973,0.344266,-3.187595,0.377000,0.288953,-3.146654,0.362081,-3.159488,234.737100,0.907036,0.058769,0,0,5.491423,0.000000,0.000164,0.136808,1,4,9,12,4
77,7.608064,0.052985,player,8,2,8.000001,2.098108,889.503800,449.412400,889.364700,448.767500,0.659741,890.357700,456.379300,888.371600,441.155800,890.357700,444.401800,888.371600,430.243700,4.520346,0.305838,-2.460989,4.484488,0.278633,-2.072266,4.504930,-2.283095,352.926400,0.622618,-0.390180,0,0,6.060345,0.030000,0.000031,0.130324,3,8,4,9,4
78,7.658832,0.051439,father,4,6,4.000000,5.808816,563.531900,455.527000,561.846600,454.449400,2.000386,557.042700,451.068500,566.650500,457.830300,557.042700,440.163300,566.650500,448.937600,-1.497840,0.278456,-2.325381,-1.324367,0.227070,-2.498039,-1.380674,-2.439227,125.260600,0.738965,-0.241321,0,1,6.152846,0.030000,0.000329,0.122871,7,4,5,8,4
78,7.658832,0.051439,mother,8,11,8.000000,10.947740,515.383700,262.352200,515.098900,262.242500,0.305113,515.999100,263.534300,514.198800,260.950800,515.999100,254.567600,514.198800,250.483900,-2.238905,0.228960,2.463193,-2.271411,0.267266,2.529162,-2.250017,2.493378,305.266400,0.434657,-0.064629,1,0,5.910907,0.008201,0.000164,0.128921,3,8,11,7,4
78,7.658832,0.051439,older_sister,4,4,4.474361,4.000000,660.053700,483.734400,659.688500,484.033500,0.472079,658.496900,484.835200,660.880000,483.231800,658.496900,471.352800,660.880000,471.915600,0.333973,0.344266,-3.187595,0.377000,0.288953,-3.146654,0.362081,-3.159488,234.737100,0.907036,0.058769,0,0,5.491423,0.000000,0.000164,0.136808,1,4,9,12,4
78,7.658832,0.051439,player,8,2,8.000001,2.178606,886.100800,447.710700,887.376600,449.343200,2.071919,892.799700,454.760200,881.953600,443.926100,892.799700,441.469900,881.953600,433.084000,4.564438,0.339360,-2.419646,4.368606,0.276849,-2.143006,4.443486,-2.239642,321.641700,0.723240,-0.338455,0,1,6.140345,0.030000,0.000220,0.125314,3,8,4,9,4
79,7.756723,0.097825,father,4,6,4.000000,5.728318,566.934900,457.228800,565.703900,456.543200,1.409035,564.084400,454.870500,567.323500,458.215900,564.084400,442.894800,567.323500,449.138500,-1.370699,0.305793,-2.422465,-1.312215,0.231787,-2.507887,-1.319230,-2.482680,125.267800,0.839588,-0.097073,0,1,6.232846,0.030000,0.000136,0.122871,7,4,5,8,4
79,7.756723,0.097825,mother,8,11,8.000000,10.968740,514.495800,261.908300,513.559400,261.461300,1.037685,515.644000,263.368400,511.474700,259.554200,515.644000,254.397200,511.474700,249.693600,-2.245316,0.229074,2.467431,-2.320595,0.251784,2.564823,-2.266047,2.504712,305.260400,0.460907,-0.117692,1,0,5.931777,0.007628,0.000110,0.128921,3,8,11,7,4
79,7.756723,0.097825,older_sister,4,4,4.474361,4.000000,660.053700,483.734400,659.688500,484.033500,0.472079,658.496900,484.835200,660.880000,483.231800,658.496900,471.352800,660.880000,471.915600,0.333973,0.344266,-3.187595,0.377000,0.288953,-3.146654,0.362081,-3.159488,234.737100,0.907036,0.058769,0,0,5.491423,0.000000,0.000164,0.136808,1,4,9,12,4
79,7.756723,0.097825,player,8,2,8.000001,2.259104,882.697700,446.009200,884.262800,447.081800,1.897340,887.622400,449.110300,880.903200,445.053400,887.622400,433.964400,880.903200,434.010900,4.470960,0.386740,-2.275380,4.349641,0.281964,-2.171790,4.382041,-2.196196,305.263300,0.823864,-0.158864,0,1,6.220345,0.030000,0.000136,0.125314,3,8,4,9,4
80,7.813840,0.051734,father,4,6,4.000000,5.647820,570.338100,458.930200,571.696400,459.551600,1.493683,575.114400,460.389300,568.278300,458.713900,575.114400,450.493300,568.278300,449.468000,-1.171545,0.252688,-2.563383,-1.294975,0.236088,-2.520603,-1.257785,-2.526125,125.262500,0.940211,0.125481,0,1,6.312846,0.030000,0.000246,0.122871,7,4,5,8,4
80,7.813840,0.051734,mother,8,11,8.000000,11.000000,513.174300,261.247400,511.537200,260.390000,1.848072,515.185400,263.148800,507.889000,257.631100,515.185400,254.181700,507.889000,248.140300,-2.253596,0.228971,2.473036,-2.385337,0.242342,2.613928,-2.289908,2.521589,305.271900,0.499983,-0.188915,0,0,5.962844,0.000000,0.000246,0.128921,3,10,9,5,4
80,7.813840,0.051734,older_sister,4,4,4.477983,4.000000,660.206800,483.658000,660.301800,484.180100,0.530722,660.433000,485.606400,660.170800,482.753800,660.433000,472.264700,660.170800,471.425300,0.368928,0.340673,-3.207288,0.364194,0.289267,-3.134447,0.364846,-3.157535,183.009800,0.911564,0.072492,0,1,5.495023,0.003600,0.000086,0.136808,5,4,9,12,4
80,7.813840,0.051734,player,8,2,8.000001,2.339603,879.294600,444.307500,878.145400,443.853900,1.235390,875.458900,442.720200,880.832000,444.987700,875.458900,429.777600,880.832000,433.624600,4.251340,0.330481,-2.112212,4.348356,0.290150,-2.170112,4.320597,-2.152743,305.267300,0.924486,0.112641,0,1,6.300344,0.030000,0.000301,0.125314,3,8,4,9,4
81,7.867808,0.057390,father,4,6,4.000000,5.567321,573.741100,460.632000,575.989100,461.712400,2.494127,582.548000,464.091400,569.430300,459.333400,582.548000,454.831900,569.430300,449.844800,-1.037328,0.236436,-2.657913,-1.274176,0.242285,-2.536421,-1.196340,-2.569579,125.267900,0.040833,0.263527,0,0,6.392846,0.030000,0.000031,0.122871,7,4,5,8,4
81,7.867808,0.057390,mother,8,11,8.013257,11.000000,513.734700,260.967100,513.015700,259.400500,1.723732,514.004300,263.653200,512.027100,255.147900,514.004300,254.683500,512.027100,245.725500,-2.274922,0.229036,2.460159,-2.310621,0.240595,2.677335,-2.279789,2.528745,340.171300,0.516554,-0.216410,1,0,5.976019,0.003175,0.000301,0.128921,5,10,9,5,4
81,7.867808,0.057390,older_sister,5,4,4.521452,4.000000,662.044600,482.738900,664.976900,484.008500,3.195395,670.752800,486.613700,659.201000,481.403400,670.752800,474.605600,659.201000,469.915600,0.555259,0.306620,-3.233007,0.346685,0.293334,-3.099966,0.398026,-3.134066,125.626900,0.965900,0.247032,0,1,5.538223,0.021200,0.000301,0.136808,5,4,9,12,4
81,7.867808,0.057390,player,8,2,8.000001,2.420101,875.891500,442.606200,872.548100,441.140100,3.650681,864.550200,437.482900,880.546000,444.797400,864.550200,425.913000,880.546000,433.080100,4.054378,0.295432,-1.978482,4.343191,0.299192,-2.165252,4.259152,-2.109302,305.260500,0.025109,0.343648,0,1,6.380344,0.030000,0.000110,0.125314,3,8,4,9,4
82,7.920871,0.053534,father,4,5,4.000000,5.486823,577.144200,462.333400,577.129500,462.507000,0.174181,583.667800,464.920900,570.591100,460.093000,583.667800,456.135300,570.591100,449.924000,-1.017109,0.224335,-2.679095,-1.253217,0.259660,-2.555818,-1.134896,-2.613024,125.262700,0.141457,0.263957,0,0,6.472846,0.030000,0.000136,0.122871,7,4,5,8,4
82,7.920871,0.053534,mother,8,11,8.049523,11.000000,515.267900,260.200900,515.925400,258.478000,1.844058,513.137800,263.543300,518.713100,253.412800,513.137800,254.487600,518.713100,244.158200,-2.290569,0.231230,2.462964,-2.189901,0.236309,2.721641,-2.252106,2.548310,12.725810,0.561888,-0.274498,0,0,6.012062,0.003086,0.000000,0.128921,5,10,9,5,4
82,7.920871,0.053534,older_sister,5,4,4.579412,4.000000,664.494800,481.513900,667.817100,480.628400,3.438300,676.818500,478.305600,658.815600,482.951200,676.818500,466.895300,658.815600,471.182300,0.664779,0.291355,-3.020864,0.339726,0.300513,-3.139488,0.442267,-3.102786,72.099530,0.038349,0.345779,0,0,5.595823,0.021600,0.000220,0.136808,5,4,9,12,4
82,7.920871,0.053534,player,8,3,8.000001,2.500600,872.488400,440.904700,872.027000,440.481400,0.626203,863.977200,436.679900,880.076800,444.282800,863.977200,425.782500,880.076800,431.904800,4.044033,0.278259,-1.957978,4.334720,0.316065,-2.152113,4.197707,-2.065856,305.262900,0.125732,0.349430,0,0,6.460344,0.030000,0.000031,0.125314,3,8,4,9,4
83,7.975070,0.054217,father,4,5,4.000000,5.406896,580.523100,464.022800,578.448000,463.214300,2.227063,583.929700,464.976000,572.966300,461.452600,583.929700,456.116000,572.966300,449.866200,-1.012380,0.226234,-2.680500,-1.210330,0.295853,-2.590535,-1.073888,-2.656161,125.262900,0.241365,0.213569,1,0,6.552278,0.029432,0.000246,0.122871,7,4,5,8,4
83,7.975070,0.054217,mother,8,11,8.103279,11.000000,517.540500,259.064500,517.896900,258.714100,0.499771,511.485100,262.160100,524.308700,255.268100,511.485100,252.691100,524.308700,246.359500,-2.320407,0.241784,2.498285,-2.088871,0.227477,2.674265,-2.211074,2.577328,45.695140,0.629084,-0.288614,0,0,6.065485,0.004216,0.000110,0.128921,5,10,9,5,4
83,7.975070,0.054217,older_sister,5,4,4.637371,4.000000,666.944900,480.288800,668.089500,479.877000,1.216372,675.904600,475.758100,660.274200,483.995900,675.904600,464.845700,660.274200,471.756300,0.648278,0.278640,-2.955815,0.366062,0.312532,-3.166164,0.486506,-3.071505,54.736850,0.110797,0.351874,0,0,5.653423,0.021600,0.000164,0.136808,5,4,9,12,4
83,7.975070,0.054217,player,8,3,8.000001,2.581098,869.085300,439.203000,871.594200,440.092700,2.662015,864.805900,437.162400,878.382600,443.023000,864.805900,426.169000,878.382600,429.341900,4.058995,0.280710,-1.970298,4.304130,0.349339,-2.119946,4.136262,-2.022403,305.267800,0.226355,0.286549,1,0,6.540344,0.030000,0.000220,0.125314,3,8,4,9,4
84,8.028358,0.053550,father,4,5,4.000000,5.332299,583.676800,465.599600,581.945900,464.814500,1.900612,585.006000,465.447800,578.885800,464.181300,585.006000,456.531800,578.885800,451.459100,-0.992948,0.227666,-2.692550,-1.103450,0.324854,-2.660208,-1.016947,-2.696425,125.265300,0.334610,0.108897,1,0,6.626412,0.026608,0.000220,0.127723,7,4,5,8,4
84,8.028358,0.053550,mother,8,11,8.157164,11.000000,519.818500,257.925500,518.499000,258.372200,1.393075,511.670100,260.865300,525.327800,255.879000,511.670100,250.634800,525.327800,247.036300,-2.317068,0.261231,2.531345,-2.070470,0.225796,2.658666,-2.169944,2.606411,54.735860,0.696438,-0.274856,0,1,6.119035,0.003550,0.000110,0.121632,5,10,9,5,4
84,8.028358,0.053550,older_sister,5,4,4.695329,4.000000,669.395200,479.063700,668.430900,479.840100,1.238063,675.461400,475.932400,661.400500,483.747900,675.461400,464.996000,661.400500,470.726900,0.640275,0.279253,-2.960266,0.386399,0.332484,-3.159832,0.530747,-3.040221,54.734600,0.183246,0.322509,1,0,5.711023,0.021600,0.000193,0.129654,5,4,9,12,4
84,8.028358,0.053550,player,8,3,8.000001,2.661597,865.682300,437.501500,868.050500,438.457400,2.553845,864.573400,437.070200,871.527500,439.844500,864.573400,425.981800,871.527500,424.329200,4.054798,0.283137,-1.967944,4.180357,0.396176,-2.038785,4.074818,-1.978957,305.262900,0.326978,0.143420,1,0,6.620344,0.030000,0.000136,0.132952,3,8,4,9,4
85,8.127911,0.100108,father,4,5,4.000000,5.267987,586.395500,466.959100,586.161900,466.810800,0.276691,586.159700,465.975800,586.164100,467.645800,586.159700,457.010700,586.164100,456.578400,-0.972116,0.228918,-2.706030,-0.972037,0.282598,-2.748672,-0.967859,-2.731139,125.266400,0.414999,-0.024685,1,0,6.690326,0.022537,0.000110,0.127723,7,4,5,8,4
85,8.127911,0.100108,mother,8,11,8.237662,11.000000,523.221600,256.224000,521.290300,256.986100,2.076140,516.858400,258.225800,525.722400,255.746400,516.858400,246.419900,525.722400,246.774300,-2.223391,0.301458,2.598742,-2.063346,0.229096,2.662052,-2.108500,2.649857,54.736800,0.797061,-0.167229,0,1,6.199035,0.030000,0.000061,0.121632,5,10,9,5,4
85,8.127911,0.100108,older_sister,5,4,4.753288,4.000000,671.845400,477.838600,669.605100,479.347800,2.701216,674.977400,476.181800,664.232800,482.513700,674.977400,465.172500,664.232800,468.128700,0.631536,0.281118,-2.966636,0.437538,0.367313,-3.128318,0.574986,-3.008941,54.736840,0.255695,0.251745,1,0,5.768623,0.021600,0.000164,0.129654,5,4,9,12,4
85,8.127911,0.100108,player,8,3,8.000001,2.742095,862.279100,435.799800,862.262000,435.737000,0.065105,863.830500,436.768500,860.693400,434.705500,863.830500,425.496900,860.693400,421.514400,4.041384,0.287813,-1.960240,3.984741,0.336825,-1.907562,4.013373,-1.935504,305.267400,0.427600,-0.076663,1,0,6.700344,0.030000,0.000301,0.132952,3,8,4,9,4
86,8.179289,0.051962,father,4,5,4.000000,5.214930,588.638500,468.080700,589.962100,468.747200,1.481879,587.041800,466.389700,592.882400,471.104700,587.041800,457.417800,592.882400,461.491000,-0.956190,0.229094,-2.716600,-0.850734,0.245482,-2.836995,-0.927360,-2.759780,125.267800,0.481321,-0.155617,1,0,6.743055,0.018445,0.000000,0.127723,7,4,5,8,4
86,8.179289,0.051962,mother,8,11,8.310181,11.000000,526.287400,254.691200,526.057500,254.783200,0.247590,525.521900,254.213700,526.593100,255.352900,525.521900,243.148200,526.593100,246.181000,-2.066966,0.282550,2.701190,-2.047625,0.234197,2.672102,-2.053145,2.688996,54.737380,0.887710,0.001001,0,1,6.271105,0.022070,0.000061,0.121632,5,10,9,5,4
86,8.179289,0.051962,older_sister,5,4,4.811247,4.000000,674.295700,476.613600,672.239700,477.865500,2.407119,675.205800,476.033900,669.273700,479.697100,675.205800,464.942900,669.273700,464.177700,0.635661,0.283202,-2.962859,0.528554,0.396280,-3.056397,0.619227,-2.977660,54.737680,0.328143,0.141456,1,0,5.826223,0.021600,0.000086,0.129654,5,4,9,12,4
86,8.179289,0.051962,player,8,3,8.000001,2.822594,858.876000,434.098300,856.524000,432.692200,2.740249,863.428800,436.594300,849.619300,428.790200,863.428800,425.188200,849.619300,417.318500,4.034132,0.291247,-1.955791,3.784792,0.292922,-1.756517,3.951928,-1.892059,305.262900,0.528223,-0.318635,1,0,6.780344,0.030000,0.000220,0.132952,3,8,4,9,4
87,8.231546,0.052380,father,4,5,4.000000,5.171615,590.469700,468.996200,592.488900,470.093200,2.297913,587.616300,466.671300,597.361400,473.515200,587.616300,457.682800,597.361400,464.155800,-0.945816,0.229516,-2.723790,-0.769863,0.238988,-2.898545,-0.894296,-2.783156,125.261300,0.535465,-0.244558,0,0,6.786102,0.015051,0.000086,0.127723,7,4,5,8,4
87,8.231546,0.052380,mother,8,11,8.362887,11.000000,528.515500,253.576900,530.234300,252.632800,1.961011,533.222800,250.236300,527.245800,255.029400,533.222800,240.527300,527.245800,245.762400,-1.927921,0.247913,2.802750,-2.035839,0.236628,2.680361,-2.012914,2.717450,54.729550,0.953592,0.158780,0,1,6.323485,0.002380,0.000164,0.121632,5,10,9,5,4
87,8.231546,0.052380,older_sister,5,4,4.869206,4.000000,676.745900,475.388500,675.972700,475.835400,0.893077,675.663600,475.749500,676.281800,475.921200,675.663600,464.523800,676.281800,461.740500,0.643926,0.286641,-2.955598,0.655088,0.362096,-2.959981,0.663468,-2.946380,54.737920,0.400592,-0.006583,1,0,5.883823,0.021600,0.000031,0.129654,5,4,9,12,4
87,8.231546,0.052380,player,8,3,8.000001,2.903092,855.473000,432.397000,854.876700,432.148100,0.646142,863.516700,436.759500,846.236700,427.536700,863.516700,424.716300,846.236700,416.640600,4.035717,0.307514,-1.960009,3.723718,0.278227,-1.724511,3.890484,-1.848616,305.260900,0.628846,-0.390710,0,0,6.860344,0.030000,0.000000,0.132952,3,8,4,9,4
88,8.282555,0.051530,father,4,5,4.000000,5.135858,591.981300,469.752200,593.663600,470.643700,1.903908,587.904200,466.816300,599.422900,474.471200,587.904200,457.686200,599.422900,465.348800,-0.940618,0.233132,-2.727493,-0.732643,0.232933,-2.922955,-0.867004,-2.802459,125.269800,0.580161,-0.282665,0,0,6.821637,0.012483,0.000031,0.127723,7,4,5,8,4
88,8.282555,0.051530,mother,8,11,8.414739,11.000000,530.707500,252.480900,533.254200,251.098100,2.897829,538.537200,247.517900,527.971100,254.678400,538.537200,238.015400,527.971100,245.259800,-1.831967,0.242641,2.872162,-2.022743,0.240499,2.689324,-1.973337,2.745435,54.736480,0.018406,0.261329,0,1,6.375015,0.001530,0.000136,0.121632,5,10,9,5,4
88,8.282555,0.051530,older_sister,5,4,4.927166,4.000000,679.196100,474.163100,680.708300,473.505600,1.648963,676.073900,475.508600,685.342700,471.502500,676.073900,464.167300,685.342700,459.525000,0.651334,0.289595,-2.949445,0.818688,0.305839,-2.847152,0.707707,-2.915087,54.726540,0.473040,-0.195702,1,0,5.941423,0.021600,0.000329,0.129654,5,4,9,12,4
88,8.282555,0.051530,player,8,3,8.000001,2.983591,852.069800,430.695300,854.019500,432.058700,2.379158,861.197800,436.095000,846.841400,428.022500,861.197800,422.653000,846.841400,417.179200,3.993848,0.343231,-1.943041,3.734636,0.276878,-1.736916,3.829039,-1.805163,305.267500,0.729468,-0.330654,0,1,6.940344,0.030000,0.000193,0.132952,3,8,4,9,4
89,8.335300,0.053011,father,4,5,4.000000,5.105693,593.256600,470.389800,594.063700,470.725500,0.874111,588.136400,466.901100,599.990900,474.549900,588.136400,457.531400,599.990900,465.614400,-0.936427,0.239250,-2.729657,-0.722387,0.228162,-2.924966,-0.843978,-2.818739,125.262300,0.617867,-0.287523,0,0,6.851615,0.010612,0.000031,0.127723,7,4,5,8,4
89,8.335300,0.053011,mother,8,11,8.468081,11.000000,532.962500,251.353300,534.398600,250.731400,1.564909,539.892200,247.143600,528.904900,254.319200,539.892200,238.223400,528.904900,244.607600,-1.807503,0.227773,2.881719,-2.005883,0.247981,2.698495,-1.932621,2.774228,54.733250,0.085082,0.267764,0,0,6.428026,0.003011,0.000233,0.121632,5,10,9,5,4
89,8.335300,0.053011,older_sister,5,4,4.985124,4.000000,681.646400,472.938000,684.435700,471.797800,3.013430,676.217700,475.431100,692.653700,468.164400,676.217700,463.973900,692.653700,456.806200,0.653931,0.292552,-2.947465,0.950693,0.290027,-2.761917,0.751948,-2.883807,54.737710,0.545489,-0.349433,0,0,5.999023,0.021600,0.000246,0.129654,5,4,9,12,4
89,8.335300,0.053011,player,8,3,8.000001,3.064089,848.666700,428.993800,850.154700,429.989200,1.790234,853.227800,431.839900,847.081600,428.138600,853.227800,416.675200,847.081600,417.071500,3.849946,0.387223,-1.834391,3.738973,0.282592,-1.739880,3.767594,-1.761718,305.262900,0.830092,-0.145175,0,1,7.020344,0.030000,0.000110,0.132952,3,8,4,9,4
90,8.394352,0.050807,father,4,5,4.000000,5.079575,594.360700,470.941500,594.394000,470.826900,0.119370,588.455300,466.991300,600.332800,474.662500,588.455300,457.301200,600.332800,465.799300,-0.930669,0.247429,-2.731960,-0.716213,0.226318,-2.927840,-0.824042,-2.832827,125.247700,0.650515,-0.288184,0,0,6.877572,0.009274,0.000301,0.120788,7,4,5,8,4
90,8.394352,0.050807,mother,9,11,8.519203,11.000000,535.123800,250.272900,535.176400,250.432800,0.168330,540.523900,246.890700,529.828900,253.974900,540.523900,238.108300,529.828900,243.726900,-1.796096,0.224252,2.888179,-1.989201,0.261678,2.707286,-1.893598,2.801816,54.740350,0.148986,0.262104,0,0,6.478833,0.000807,0.000061,0.124633,5,10,9,5,4
90,8.394352,0.050807,older_sister,5,4,5.003622,4.000000,682.428300,472.547100,685.032400,471.489500,2.810631,676.168300,475.456600,693.896400,467.522300,676.168300,463.888100,693.896400,456.331900,0.653040,0.295395,-2.948118,0.973130,0.285741,-2.745521,0.766068,-2.873824,54.739130,0.568613,-0.378323,0,0,6.017408,0.003600,0.000220,0.137389,5,4,9,9,4
90,8.394352,0.050807,player,8,3,8.000001,3.144588,845.263700,427.292100,843.862700,426.721700,1.512645,840.723100,425.370900,847.002300,428.072600,840.723100,412.599500,847.002300,416.692600,3.624167,0.326108,-1.669208,3.737540,0.290581,-1.738194,3.706150,-1.718265,305.267500,0.930714,0.132398,0,1,7.100344,0.030000,0.000273,0.138398,3,8,4,9,4
91,8.511688,0.124043,father,4,5,4.000000,5.056328,595.343500,471.433200,594.682400,470.914200,0.840414,588.899500,467.121400,600.465300,474.707100,588.899500,457.088700,600.465300,465.872100,-0.922648,0.256179,-2.735283,-0.713820,0.225598,-2.928980,-0.806298,-2.845381,125.279000,0.679573,-0.282349,0,1,6.900674,0.008338,0.000061,0.120788,7,4,5,8,4
91,8.511688,0.124043,mother,9,11,8.599702,11.000000,538.526900,248.571400,536.741200,249.699300,2.112033,540.740500,246.713100,532.741900,252.685600,540.740500,237.851800,532.741900,240.941500,-1.792184,0.226269,2.892713,-1.936605,0.299879,2.740209,-1.832154,2.845262,54.736750,0.249609,0.205966,1,0,6.558833,0.030000,0.000000,0.124633,5,10,9,5,4
91,8.511688,0.124043,older_sister,5,4,5.048701,4.000000,684.334100,471.594100,684.995000,471.230900,0.754080,675.971800,475.449900,694.018000,467.011900,675.971800,463.448200,694.018000,456.105900,0.649492,0.306458,-2.947947,0.975325,0.278480,-2.732488,0.800477,-2.849490,54.731850,0.624961,-0.390436,0,0,6.062208,0.022800,0.000329,0.137389,5,4,9,9,4
91,8.511688,0.124043,player,8,3,8.000001,3.225086,841.860600,425.590600,838.679100,424.179800,3.480221,830.668900,420.503300,846.689300,427.856400,830.668900,409.008800,846.689300,416.114800,3.442634,0.293506,-1.544918,3.731890,0.299814,-1.732673,3.644705,-1.674819,305.263200,0.031337,0.344577,0,0,7.180344,0.030000,0.000220,0.138398,3,8,4,9,4
92,8.582333,0.070384,father,4,5,4.000000,5.035048,596.243200,471.882700,594.995000,471.042300,1.504721,589.541000,467.381700,600.449000,474.702900,589.541000,457.048500,600.449000,465.846000,-0.911065,0.263853,-2.741930,-0.714116,0.226154,-2.928872,-0.790054,-2.856860,125.246300,0.706174,-0.268727,0,1,6.921824,0.007714,0.000329,0.120788,7,4,5,8,4
92,8.582333,0.070384,mother,9,11,8.680201,11.000000,541.930000,246.869700,540.450000,247.654800,1.675326,541.836700,246.088300,539.063400,249.221300,541.836700,237.153900,539.063400,236.575000,-1.772392,0.228137,2.908665,-1.822467,0.322913,2.828669,-1.770708,2.888714,54.733540,0.350232,0.087073,1,0,6.638833,0.030000,0.000136,0.124633,5,10,9,5,4
92,8.582333,0.070384,older_sister,5,4,5.128294,4.000000,687.698900,469.911900,685.305100,470.731700,2.530274,677.394300,474.249700,693.215900,467.213700,677.394300,460.930500,693.215900,456.371200,0.675175,0.340098,-2.917299,0.960842,0.276854,-2.737639,0.861230,-2.806536,54.739060,0.724452,-0.336974,0,1,6.141308,0.030000,0.000110,0.137389,5,4,9,9,4
92,8.582333,0.070384,player,8,3,8.000001,3.305584,838.457500,423.889300,838.198300,423.565400,0.414841,830.175500,419.796400,846.221100,427.334500,830.175500,408.895900,846.221100,414.893000,3.433726,0.278337,-1.526866,3.723436,0.317686,-1.719349,3.583260,-1.631377,305.260400,0.131960,0.347678,0,0,7.260344,0.030000,0.000000,0.138398,3,8,4,9,4
93,8.652853,0.071810,father,4,5,4.000000,5.000000,597.724700,472.623700,595.994000,471.506800,2.059872,591.480500,468.248100,600.507400,474.765400,591.480500,457.150600,600.507400,465.860900,-0.876046,0.283369,-2.764054,-0.713061,0.227371,-2.930469,-0.763304,-2.875781,125.272400,0.749983,-0.229162,0,0,6.956654,0.000000,0.000136,0.120788,7,-1,-1,8,4
93,8.652853,0.071810,mother,9,11,8.760699,11.000000,545.333100,245.168200,546.010400,244.801300,0.770312,543.222100,245.342000,548.798600,244.260700,543.222100,236.372400,548.798600,234.213500,-1.747378,0.229031,2.927725,-1.646692,0.256550,2.955334,-1.709264,2.932159,54.736950,0.450854,-0.098151,1,0,6.718832,0.030000,0.000086,0.124633,5,10,9,5,4
93,8.652853,0.071810,older_sister,5,4,5.208793,4.000000,691.102000,468.210400,689.174200,468.892200,2.044807,685.413700,470.430900,692.934600,467.353600,685.413700,455.278600,692.934600,456.306300,0.819969,0.386905,-2.819788,0.955764,0.282087,-2.741213,0.922675,-2.763091,54.737090,0.825075,-0.156242,0,1,6.221308,0.030000,0.000031,0.137389,5,4,9,9,4
93,8.652853,0.071810,player,8,3,8.000001,3.386083,835.054400,422.187600,837.689800,423.149500,2.805449,831.043600,420.286200,844.335900,426.012800,831.043600,409.287100,844.335900,412.177200,3.449398,0.280855,-1.539374,3.689398,0.353286,-1.685600,3.521816,-1.587924,305.267500,0.232582,0.280382,1,0,7.340343,0.030000,0.000136,0.138398,3,8,4,9,4
94,8.702600,0.050601,father,4,5,4.000000,5.000000,597.724700,472.623700,595.994000,471.506800,2.059872,591.480500,468.248100,600.507400,474.765400,591.480500,457.150600,600.507400,465.860900,-0.876046,0.283369,-2.764054,-0.713061,0.227371,-2.930469,-0.763304,-2.875781,125.272400,0.749983,-0.229162,0,0,6.956654,0.000000,0.000136,0.120788,7,-1,-1,8,4
94,8.702600,0.050601,mother,9,11,8.838016,11.000000,548.601600,243.533800,550.780100,242.538500,2.395097,544.242500,244.814400,557.317700,240.262500,544.242500,235.802200,557.317700,230.944700,-1.728955,0.230122,2.941195,-1.492875,0.237925,3.057425,-1.650249,2.973893,54.733470,0.547500,-0.259863,0,0,6.795670,0.026838,0.000164,0.124633,5,10,9,5,4
94,8.702600,0.050601,older_sister,5,4,5.289291,4.000000,694.505100,466.508700,695.538500,465.869500,1.215077,698.031000,464.412100,693.046000,467.326900,698.031000,451.504300,693.046000,455.960600,1.047783,0.329591,-2.666102,0.957774,0.290233,-2.740532,0.984120,-2.719638,54.732640,0.925698,0.116464,0,1,6.301308,0.030000,0.000246,0.137389,5,4,9,9,4
94,8.702600,0.050601,player,8,3,8.000001,3.466581,831.651300,420.486100,833.942900,421.425000,2.476451,830.715500,420.149200,837.170300,422.700900,830.715500,409.047500,837.170300,407.172500,3.443474,0.283475,-1.535875,3.560019,0.396507,-1.601031,3.460371,-1.544479,305.262900,0.333205,0.132776,1,0,7.420343,0.030000,0.000086,0.138398,3,8,4,9,4
95,8.755089,0.052805,father,4,5,4.000000,5.000000,597.724700,472.623700,595.994000,471.506800,2.059872,591.480500,468.248100,600.507400,474.765400,591.480500,457.150600,600.507400,465.860900,-0.876046,0.283369,-2.764054,-0.713061,0.227371,-2.930469,-0.763304,-2.875781,125.272400,0.749983,-0.229162,0,0,6.956654,0.000000,0.000136,0.120788,7,-1,-1,8,4
95,8.755089,0.052805,mother,9,11,8.891150,11.000000,550.847900,242.410600,551.657300,241.946800,0.932828,544.598000,244.613200,558.716500,239.280500,544.598000,235.275300,558.716500,230.338200,-1.722535,0.238437,2.946332,-1.467618,0.228334,3.082500,-1.609691,3.002576,54.731730,0.613917,-0.286753,0,0,6.848475,0.002805,0.000287,0.124633,5,10,9,5,4
95,8.755089,0.052805,older_sister,5,4,5.369790,4.000000,697.908200,464.807200,700.952800,463.084300,3.498273,708.500700,458.971500,693.404800,467.197000,708.500700,447.416000,693.404800,455.475000,1.236818,0.295060,-2.527179,0.964253,0.299316,-2.737215,1.045564,-2.676192,54.737090,0.026320,0.343812,0,1,6.381308,0.030000,0.000136,0.137389,5,4,9,9,4
95,8.755089,0.052805,player,8,4,8.000001,3.547080,828.248200,418.784300,828.019700,418.613400,0.285370,829.964900,419.839300,826.074500,417.387500,829.964900,408.557400,826.074500,404.412400,3.429922,0.288076,-1.527962,3.359679,0.331310,-1.465357,3.398926,-1.501025,305.267900,0.433828,-0.093499,1,0,7.500343,0.030000,0.000273,0.138398,3,8,4,9,4
96,8.802139,0.048950,father,4,5,4.000000,5.000000,597.724700,472.623700,595.994000,471.506800,2.059872,591.480500,468.248100,600.507400,474.765400,591.480500,457.150600,600.507400,465.860900,-0.876046,0.283369,-2.764054,-0.713061,0.227371,-2.930469,-0.763304,-2.875781,125.272400,0.749983,-0.229162,0,0,6.956654,0.000000,0.000136,0.123154,7,-1,-1,8,4
96,8.802139,0.048950,mother,9,11,8.940406,11.000000,552.930200,241.369600,552.123500,241.593100,0.837046,545.115400,244.202400,559.131700,238.983800,545.115400,234.218800,559.131700,230.147900,-1.713195,0.254926,2.956821,-1.460122,0.225620,3.090075,-1.572094,3.029156,54.740410,0.675487,-0.283570,0,1,6.897426,0.048950,0.000164,0.120690,5,10,9,5,4
96,8.802139,0.048950,older_sister,5,4,5.450288,4.000000,701.311300,463.105500,701.991200,462.958800,0.695583,709.733600,458.860600,694.248700,467.056900,709.733600,447.963000,694.248700,454.666700,1.259080,0.278266,-2.524349,0.979491,0.316376,-2.733637,1.107009,-2.632739,54.732220,0.126944,0.349117,0,0,6.461308,0.030000,0.000301,0.129229,5,4,9,9,4
96,8.802139,0.048950,player,8,4,8.000001,3.625618,824.928000,417.124300,822.542100,415.694300,2.781603,829.605500,419.683000,815.478600,411.705600,829.605500,408.267800,815.478600,400.258600,3.423433,0.291482,-1.523972,3.168365,0.292291,-1.320273,3.338977,-1.458636,305.263400,0.532001,-0.325867,0,0,7.578395,0.028471,0.000193,0.140321,3,8,4,9,4
97,8.897854,0.094462,father,4,5,4.000000,5.000000,597.724700,472.623700,595.994000,471.506800,2.059872,591.480500,468.248100,600.507400,474.765400,591.480500,457.150600,600.507400,465.860900,-0.876046,0.283369,-2.764054,-0.713061,0.227371,-2.930469,-0.763304,-2.875781,125.272400,0.749983,-0.229162,0,0,6.956654,0.000000,0.000136,0.123154,7,-1,-1,8,4
97,8.897854,0.094462,mother,9,11,9.020905,11.000000,556.333300,239.668100,554.263000,240.454500,2.214588,549.143000,242.003600,559.383100,238.905500,549.143000,230.487500,559.383100,229.968700,-1.640474,0.294057,3.012966,-1.455584,0.228194,3.092076,-1.510650,3.072602,54.736750,0.776110,-0.196637,0,1,6.977426,0.030000,0.000110,0.120690,5,10,9,5,4
97,8.897854,0.094462,older_sister,6,4,5.530787,4.000000,704.714400,461.404200,702.662400,462.793000,2.477760,708.806600,459.258000,696.518300,466.328000,708.806600,448.263300,696.518300,452.616900,1.242341,0.280742,-2.534495,1.020470,0.350107,-2.715025,1.168454,-2.589297,54.739440,0.227566,0.285385,1,0,6.541307,0.030000,0.000110,0.129229,5,4,9,9,4
97,8.897854,0.094462,player,8,4,8.000000,3.696234,821.942700,415.631600,821.112700,415.228300,0.922738,829.729600,419.833700,812.495800,410.622900,829.729600,407.880000,812.495800,399.704900,3.425673,0.305229,-1.527819,3.114509,0.278785,-1.292628,3.285076,-1.420520,305.266200,0.620271,-0.389852,0,0,7.648574,0.024967,0.000273,0.140321,3,8,4,9,4
98,8.957575,0.049339,father,4,5,4.000000,5.000000,597.724700,472.623700,595.994000,471.506800,2.059872,591.480500,468.248100,600.507400,474.765400,591.480500,457.150600,600.507400,465.860900,-0.876046,0.283369,-2.764054,-0.713061,0.227371,-2.930469,-0.763304,-2.875781,125.272400,0.749983,-0.229162,0,0,6.956654,0.000000,0.000153,0.123154,7,1,2,7,4
98,8.957575,0.049339,mother,9,11,9.085103,11.000000,559.047200,238.311100,558.091100,238.742700,1.049108,556.063800,238.905000,560.118300,238.580500,556.063800,227.182200,560.118300,229.463500,-1.515514,0.299334,3.092089,-1.442307,0.232799,3.100374,-1.461647,3.107255,54.733340,0.856358,-0.064555,0,1,7.041226,0.013801,0.000164,0.120690,5,10,9,5,4
98,8.957575,0.049339,older_sister,6,4,5.611285,4.000000,708.117400,459.702700,706.062000,460.954300,2.406564,709.026200,459.123700,703.097600,462.785000,709.026200,448.032600,703.097600,447.265400,1.246308,0.283204,-2.531065,1.139262,0.396284,-2.624557,1.229898,-2.545851,54.737110,0.328189,0.141379,1,0,6.621307,0.030000,0.000031,0.129229,5,4,9,9,4
98,8.957575,0.049339,player,8,4,8.000000,3.755723,819.427800,414.374200,820.687600,415.325200,1.578462,828.782700,419.741000,812.592700,410.909400,828.782700,406.876300,812.592700,400.092400,3.408576,0.328493,-1.525452,3.116256,0.276207,-1.299943,3.239668,-1.388415,305.261500,0.694632,-0.368876,0,1,7.707695,0.020755,0.000164,0.140321,3,8,4,9,4
99,9.018522,0.060014,father,4,5,4.000000,4.985504,598.337600,472.930100,596.589000,471.796700,2.083838,592.584200,468.776400,600.593800,474.817000,592.584200,457.384900,600.593800,465.890800,-0.856118,0.290876,-2.777543,-0.711501,0.227926,-2.931786,-0.752237,-2.883605,125.260400,0.768104,-0.207129,0,1,6.971061,0.004407,0.000193,0.123154,7,1,2,7,4
99,9.018522,0.060014,mother,9,11,9.145492,11.000000,561.600200,237.034600,562.603300,236.492100,1.140411,564.398600,234.741600,560.808000,238.242700,564.398600,224.699100,560.808000,229.008300,-1.365025,0.256427,3.198399,-1.429856,0.235794,3.108999,-1.415553,3.139847,54.736420,0.931842,0.104549,0,1,7.101240,0.010014,0.000136,0.120690,5,10,9,5,4
99,9.018522,0.060014,older_sister,6,4,5.691783,4.000000,711.520500,458.001000,711.650700,457.990400,0.130616,709.678700,458.728300,713.622600,457.252500,709.678700,447.454700,713.622600,444.103500,1.258088,0.287864,-2.520971,1.329297,0.335752,-2.483287,1.291343,-2.502399,54.732610,0.428812,-0.079898,1,0,6.701307,0.030000,0.000220,0.129229,5,4,9,9,4
99,9.018522,0.060014,player,8,4,8.000000,3.804414,817.369400,413.345100,819.398800,414.831100,2.515350,825.635100,418.464200,813.162500,411.198100,825.635100,404.435300,813.162500,400.326100,3.351745,0.358219,-1.492850,3.126545,0.277611,-1.307315,3.202503,-1.362136,305.263500,0.755495,-0.290994,0,1,7.756084,0.016910,0.000136,0.140321,3,8,4,9,4
100,9.077318,0.059562,father,4,5,4.000000,4.942450,600.157700,473.840200,598.689500,472.983800,1.699723,596.397000,470.929900,600.982100,475.037700,596.397000,458.908100,600.982100,466.006900,-0.787276,0.306970,-2.832530,-0.704490,0.230598,-2.937422,-0.719375,-2.906844,125.266900,0.821920,-0.128156,0,1,7.013848,0.008782,0.000110,0.123154,7,1,2,7,4
100,9.077318,0.059562,mother,9,11,9.205424,11.000000,564.133900,235.767800,566.866200,234.272200,3.114905,572.133700,230.691300,561.598800,237.853100,572.133700,221.061400,561.598800,228.467500,-1.225363,0.245894,3.301821,-1.415578,0.239656,3.118948,-1.369806,3.172195,54.735790,0.006758,0.260892,0,1,7.160802,0.009562,0.000150,0.120690,5,10,9,5,4
100,9.077318,0.059562,older_sister,6,4,5.772282,4.000000,714.923600,456.299500,717.596900,455.195400,2.892331,710.037900,458.522500,725.155900,451.868300,710.037900,447.113600,725.155900,440.404700,1.264573,0.291319,-2.515714,1.537537,0.292716,-2.345804,1.352788,-2.458952,54.736670,0.529434,-0.320972,0,0,6.781307,0.030000,0.000110,0.129229,5,4,9,9,4
100,9.077318,0.059562,player,8,4,8.000000,3.844275,815.684200,412.502500,817.424200,413.773500,2.154779,821.598800,416.305200,813.249500,411.241800,821.598800,401.349500,813.249500,400.265300,3.278866,0.381885,-1.437721,3.128116,0.280279,-1.308430,3.172076,-1.340621,305.263900,0.805322,-0.197733,0,1,7.795699,0.013871,0.000136,0.140321,3,8,4,9,4
101,9.136631,0.060070,father,4,5,4.000000,4.882124,602.708000,475.115400,602.749500,475.114600,0.041452,603.815400,474.811700,601.683400,475.417400,603.815400,463.983700,601.683400,466.231600,-0.653333,0.276487,-2.931650,-0.691827,0.234555,-2.947117,-0.673328,-2.939406,125.265800,0.897328,0.022500,0,1,7.073801,0.010070,0.000061,0.123154,7,1,2,7,4
101,9.136631,0.060070,mother,9,11,9.265869,11.000000,566.689100,234.490100,568.175700,233.835600,1.624272,573.664400,230.248100,562.687000,237.423100,573.664400,221.314100,562.687000,227.729600,-1.197726,0.228124,3.313136,-1.395928,0.247518,3.129927,-1.323668,3.204819,54.735570,0.082314,0.267607,0,0,7.220873,0.010070,0.000136,0.120690,5,10,9,5,4
101,9.136631,0.060070,older_sister,6,4,5.852780,4.000000,718.326700,454.597800,718.816400,454.298700,0.573791,709.786900,458.522200,727.845900,450.075300,709.786900,446.465800,727.845900,439.182200,1.260040,0.307851,-2.515706,1.586107,0.278149,-2.300020,1.414232,-2.415499,54.732520,0.630057,-0.390758,0,0,6.861307,0.030000,0.000301,0.129229,5,4,9,9,4
101,9.136631,0.060070,player,8,4,8.000000,3.877455,814.281500,411.801100,815.425300,412.571000,1.378791,817.630200,413.944100,813.220300,411.197800,817.630200,398.937400,813.220300,400.068700,3.207213,0.383187,-1.377433,3.127589,0.284175,-1.307308,3.146749,-1.322711,305.266600,0.846798,-0.105499,0,1,7.828674,0.011618,0.000193,0.140321,3,8,4,9,4
102,9.194775,0.058562,father,4,5,4.000000,4.823197,605.199200,476.360900,607.587200,477.446700,2.623231,612.761800,479.100000,602.412500,475.793300,612.761800,469.525200,602.412500,466.494000,-0.491800,0.244486,-3.041150,-0.678663,0.237454,-2.956715,-0.628348,-2.971209,125.262800,0.970986,0.201322,0,1,7.132362,0.008562,0.000110,0.132010,7,1,2,7,4
102,9.194775,0.058562,mother,9,11,9.324796,11.000000,569.180300,233.244500,569.075100,233.490200,0.267299,574.369300,229.961400,563.780900,237.019000,574.369300,221.180900,563.780900,226.694800,-1.184998,0.224205,3.320459,-1.376177,0.263624,3.140245,-1.278689,3.236625,54.734790,0.155973,0.260144,1,0,7.279435,0.008562,0.000233,0.124554,5,10,9,5,4
102,9.194775,0.058562,older_sister,6,4,5.933279,4.000000,721.729800,452.896500,719.245800,453.746900,2.625507,711.505500,457.167500,726.986100,450.326300,711.505500,443.695900,726.986100,439.482700,1.291072,0.343990,-2.481117,1.570582,0.276886,-2.306431,1.475677,-2.372058,54.739590,0.730681,-0.329075,0,1,6.941307,0.030000,0.000086,0.125305,5,4,9,9,4
102,9.194775,0.058562,player,8,4,8.000000,3.905747,813.085400,411.203300,813.321800,411.457800,0.347292,813.466800,411.754200,813.176900,411.161300,813.466800,397.529500,813.176900,399.915700,3.132039,0.363218,-1.321513,3.126804,0.287153,-1.306377,3.125154,-1.307449,305.251700,0.882162,-0.013012,0,1,7.856791,0.009990,0.000061,0.135051,3,8,4,9,4
103,9.299747,0.105285,father,4,5,4.000000,4.742699,608.602200,478.062300,610.201900,478.920300,1.815288,616.804900,481.367400,603.598800,476.473300,616.804900,472.371100,603.598800,466.845000,-0.418799,0.229717,-3.099047,-0.657245,0.245853,-2.974077,-0.566904,-3.014651,125.260800,0.071610,0.266843,0,0,7.212362,0.030000,0.000301,0.132010,7,1,2,7,4
103,9.299747,0.105285,mother,9,11,9.405294,11.000000,572.583400,231.542900,570.806800,232.672800,2.105481,574.646500,229.759600,566.967000,235.585900,574.646500,220.898200,566.967000,223.713100,-1.179992,0.226271,3.325610,-1.318652,0.303165,3.176838,-1.217244,3.280075,54.734690,0.256595,0.199110,1,0,7.359435,0.030000,0.000273,0.124554,5,10,9,5,4
103,9.299747,0.105285,older_sister,6,4,6.000000,4.000000,724.550500,451.486000,722.418700,452.196700,2.247101,718.087600,453.956300,726.749800,450.437000,718.087600,438.896400,726.749800,439.431900,1.409915,0.384545,-2.399120,1.566315,0.281009,-2.309257,1.526606,-2.336044,54.733890,0.814081,-0.179582,0,1,7.007615,0.016308,0.000193,0.125305,5,4,9,9,4
103,9.299747,0.105285,player,8,4,8.000000,3.930528,812.037800,410.679300,811.307700,410.429800,0.771551,809.423300,409.692100,813.192100,411.167500,809.423300,396.400000,813.192100,399.834700,3.059032,0.339405,-1.268859,3.127081,0.289374,-1.306532,3.106238,-1.294066,305.277800,0.913138,0.077310,0,1,7.881418,0.008836,0.000164,0.135051,3,8,4,9,4
104,9.364285,0.059649,father,4,5,4.000000,4.662200,612.005400,479.764000,611.259500,479.601800,0.763276,617.621100,481.870900,604.897900,477.332800,617.621100,473.088200,604.897900,466.827300,-0.404063,0.224259,-3.111902,-0.633787,0.268253,-2.996026,-0.505458,-3.058104,125.266900,0.172233,0.254469,1,0,7.292362,0.030000,0.000136,0.132010,7,1,2,7,4
104,9.364285,0.059649,mother,9,11,9.485793,11.000000,575.986500,229.841400,574.590100,230.570300,1.575150,575.748500,229.127900,573.431600,232.012800,575.748500,220.186100,573.431600,219.444500,-1.160096,0.228323,3.341741,-1.201930,0.320922,3.268078,-1.155800,3.323521,54.736660,0.357218,0.076687,1,0,7.439435,0.030000,0.000164,0.124554,5,10,9,5,4
104,9.364285,0.059649,older_sister,6,4,6.000000,4.025760,723.461400,450.941700,722.743800,451.949300,1.237119,721.510600,453.862600,723.976900,450.036100,721.510600,438.847300,723.976900,438.908900,1.471720,0.383406,-2.396727,1.516249,0.284127,-2.299020,1.506943,-2.322143,18.455640,0.846281,-0.106779,0,1,7.033215,0.015600,0.000061,0.125305,3,4,9,9,4
104,9.364285,0.059649,player,8,4,8.000000,3.952847,811.094300,410.207200,809.225200,409.431200,2.023824,805.305800,407.718800,813.144500,411.143600,805.305800,395.212100,813.144500,399.735400,2.984688,0.319351,-1.218473,3.126221,0.291300,-1.305922,3.089202,-1.282012,305.283400,0.941037,0.166047,0,1,7.903599,0.008041,0.000437,0.135051,3,8,4,9,4
105,9.427103,0.063949,father,4,5,4.000000,4.592887,614.935500,481.229200,612.837600,480.422600,2.247690,617.951100,481.985300,607.723900,478.859900,617.951100,473.123900,607.723900,466.946300,-0.398105,0.226272,-3.114824,-0.582762,0.304206,-3.035018,-0.452553,-3.095519,125.268200,0.258873,0.196845,1,0,7.361246,0.018884,0.000000,0.132010,7,1,2,7,4
105,9.427103,0.063949,mother,10,11,9.555105,11.000000,578.916700,228.376300,579.411600,228.098000,0.567784,576.950400,228.480800,581.872700,227.715100,576.950400,219.512500,581.872700,217.499900,-1.138394,0.229000,3.358264,-1.049520,0.260838,3.377815,-1.102893,3.360932,54.735790,0.443858,-0.083854,1,0,7.508318,0.018884,0.000164,0.124554,5,10,9,5,4
105,9.427103,0.063949,older_sister,6,4,6.000000,4.098108,720.402900,449.412400,719.573200,448.178900,1.486596,717.850600,445.459300,721.295800,450.898500,717.850600,432.844200,721.295800,439.502300,1.405636,0.322119,-2.182154,1.467842,0.290995,-2.321040,1.451719,-2.283095,339.562300,0.936715,0.151866,0,1,7.105115,0.030000,0.000000,0.125305,3,4,9,9,4
105,9.427103,0.063949,player,8,4,8.000000,4.000000,809.100900,409.211000,805.152100,407.511600,4.298968,797.188800,403.895300,813.115400,411.127800,797.188800,392.020300,813.115400,399.511400,2.838132,0.303221,-1.120843,3.125695,0.296619,-1.305520,3.053210,-1.256575,305.249600,0.999979,0.341422,0,0,7.950460,0.000000,0.000061,0.135051,3,-1,-1,9,4
106,9.487673,0.061819,father,4,5,4.000000,4.530684,617.565200,482.543900,615.856600,481.765500,1.877659,618.852900,482.369500,612.860200,481.161400,618.852900,473.451100,612.860200,468.443300,-0.381823,0.227726,-3.124634,-0.490024,0.324750,-3.093787,-0.405072,-3.129088,125.260700,0.336628,0.106158,1,0,7.423064,0.011819,0.000136,0.132010,7,1,2,7,4
106,9.487673,0.061819,mother,10,11,9.617310,11.000000,581.546400,227.061500,583.553000,226.130400,2.212090,577.835800,228.020200,589.270100,224.240600,577.835800,219.047500,589.270100,214.835600,-1.122410,0.229112,3.370026,-0.915955,0.240151,3.466535,-1.055412,3.394505,54.736040,0.521613,-0.224290,1,0,7.570137,0.011819,0.000164,0.124554,5,10,9,5,4
106,9.487673,0.061819,older_sister,6,4,6.000000,4.178607,716.999800,447.710700,713.978600,446.352400,3.312492,705.955600,442.654000,722.001800,450.050700,705.955600,431.231800,722.001800,438.285800,1.190865,0.291660,-2.110523,1.480588,0.300410,-2.299393,1.390274,-2.239642,305.267500,0.037338,0.345601,0,0,7.185115,0.030000,0.000164,0.125305,3,4,9,9,4
106,9.487673,0.061819,player,8,4,8.000000,4.000000,809.100900,409.211000,805.152100,407.511600,4.298968,797.188800,403.895300,813.115400,411.127800,797.188800,392.020300,813.115400,399.511400,2.838132,0.303221,-1.120843,3.125695,0.296619,-1.305520,3.053210,-1.256575,305.249600,0.999979,0.341422,0,0,7.950460,0.000000,0.000061,0.135051,3,-1,-1,9,4
107,9.549097,0.061945,father,4,4,4.000000,4.468352,620.200300,483.861600,619.954900,483.707500,0.289731,619.973300,482.882800,619.936400,484.532100,619.973300,473.917800,619.936400,473.449900,-0.361593,0.228918,-3.137743,-0.362259,0.282980,-3.179856,-0.357495,-3.162734,125.267200,0.414541,-0.023772,1,0,7.485009,0.011945,0.000031,0.132010,7,1,2,7,4
107,9.549097,0.061945,mother,10,11,9.679640,11.000000,584.181500,225.744000,585.319600,225.149800,1.283943,578.330400,227.762900,592.308800,222.536700,578.330400,218.528100,592.308800,213.571900,-1.113478,0.235806,3.376595,-0.861091,0.228909,3.510043,-1.007835,3.428146,54.736430,0.599526,-0.283119,0,0,7.632082,0.011945,0.000136,0.124554,5,10,9,5,4
107,9.549097,0.061945,older_sister,6,4,6.000000,4.259105,713.596700,446.009200,713.532800,445.781600,0.236460,705.542100,442.048000,721.523600,449.515100,705.542100,431.142800,721.523600,437.010000,1.183398,0.278459,-2.095049,1.471954,0.319312,-2.285717,1.328830,-2.196196,305.263400,0.137960,0.345687,0,0,7.265115,0.030000,0.000110,0.125305,3,4,9,9,4
107,9.549097,0.061945,player,8,4,8.000000,4.000000,809.100900,409.211000,805.152100,407.511600,4.298968,797.188800,403.895300,813.115400,411.127800,797.188800,392.020300,813.115400,399.511400,2.838132,0.303221,-1.120843,3.125695,0.296619,-1.305520,3.053210,-1.256575,305.249600,0.999979,0.341422,0,0,7.950460,0.000000,0.000061,0.135051,3,-1,-1,9,4
108,9.608978,0.060861,father,4,4,4.000000,4.407113,622.789200,485.155900,624.285400,485.926400,1.682875,620.977100,483.355700,627.593800,488.497000,620.977100,474.387100,627.593800,478.953800,-0.343469,0.229009,-3.149817,-0.224001,0.243682,-3.281098,-0.310750,-3.195784,125.261600,0.491091,-0.173338,1,0,7.545870,0.010861,0.000136,0.128934,7,1,2,7,4
108,9.608978,0.060861,mother,10,11,9.740880,11.000000,586.770400,224.449500,585.948400,224.679500,0.853540,578.943800,227.286900,592.953000,222.072100,578.943800,217.296200,592.953000,213.236400,-1.102402,0.255107,3.388749,-0.849460,0.225615,3.521906,-0.961090,3.461201,54.734730,0.676076,-0.283404,0,1,7.692942,0.010861,0.000164,0.120715,5,10,9,5,4
108,9.608978,0.060861,older_sister,6,4,6.000000,4.339603,710.193600,444.307500,712.914400,445.315300,2.901410,706.416700,442.524900,719.412100,448.105600,706.416700,431.522100,719.412100,434.127700,1.199190,0.280950,-2.107226,1.433830,0.356919,-2.249726,1.267385,-2.152743,305.267300,0.238584,0.273854,1,0,7.345115,0.030000,0.000273,0.130930,3,4,9,9,4
108,9.608978,0.060861,player,8,4,8.000000,4.000000,809.100900,409.211000,805.152100,407.511600,4.298968,797.188800,403.895300,813.115400,411.127800,797.188800,392.020300,813.115400,399.511400,2.838132,0.303221,-1.120843,3.125695,0.296619,-1.305520,3.053210,-1.256575,305.249600,0.999979,0.341422,0,0,7.950460,0.000000,0.000061,0.143160,3,-1,-1,9,4
109,9.715820,0.105135,father,4,4,4.000000,4.326614,626.192300,486.857400,627.546300,487.534700,1.513973,621.768600,483.744800,633.324100,491.324700,621.768600,474.557600,633.324100,482.318200,-0.329178,0.234588,-3.159751,-0.120537,0.229976,-3.353300,-0.249305,-3.239230,125.262900,0.591714,-0.282099,0,0,7.625870,0.030000,0.000220,0.128934,7,1,2,7,4
109,9.715820,0.105135,mother,10,11,9.821379,11.000000,590.173500,222.747900,588.105800,223.534100,2.212043,583.004200,225.074800,593.207300,221.993300,583.004200,213.549800,593.207300,213.055800,-1.029090,0.294285,3.445233,-0.844867,0.228214,3.523919,-0.899646,3.504651,54.734280,0.776699,-0.195846,0,1,7.772942,0.030000,0.000233,0.120715,5,10,9,5,4
109,9.715820,0.105135,older_sister,6,4,6.000000,4.420102,706.790500,442.606200,709.001000,443.523900,2.393388,706.020400,442.358200,711.981800,444.689500,706.020400,431.244000,711.981800,429.166700,1.192034,0.283796,-2.102971,1.299670,0.396366,-2.162498,1.205940,-2.109302,305.260600,0.339207,0.122254,1,0,7.425115,0.030000,0.000086,0.130930,3,4,9,9,4
109,9.715820,0.105135,player,8,4,8.000000,4.000000,809.100900,409.211000,805.152100,407.511600,4.298968,797.188800,403.895300,813.115400,411.127800,797.188800,392.020300,813.115400,399.511400,2.838132,0.303221,-1.120843,3.125695,0.296619,-1.305520,3.053210,-1.256575,305.249600,0.999979,0.341422,0,0,7.950460,0.000000,0.000061,0.143160,3,7,3,3,4
110,9.776075,0.061465,father,4,4,4.000000,4.246116,629.595400,488.559100,628.650900,487.877500,1.164814,622.996800,484.134100,634.305100,491.620800,622.996800,473.948200,634.305100,482.782100,-0.307003,0.260090,-3.169693,-0.102826,0.225692,-3.360862,-0.187861,-3.282683,125.267800,0.692336,-0.277084,0,1,7.705870,0.030000,0.000031,0.128934,7,1,2,7,4
110,9.776075,0.061465,mother,10,11,9.901877,11.000000,593.576600,221.046400,593.095200,221.259600,0.526470,592.049000,220.942200,594.141500,221.577000,592.049000,209.639100,594.141500,212.421700,-0.865783,0.288619,3.550757,-0.828000,0.233776,3.534549,-0.838201,3.548096,54.737520,0.877322,-0.021493,0,1,7.852942,0.030000,0.000136,0.120715,5,10,9,5,4
110,9.776075,0.061465,older_sister,6,5,6.000000,4.500600,703.387500,440.904700,702.948700,440.625100,0.520276,705.263900,442.042600,700.633600,439.207600,705.263900,430.750700,700.633600,426.438600,1.178375,0.288332,-2.094911,1.094773,0.326047,-2.022519,1.144496,-2.065856,305.262900,0.439829,-0.110056,1,0,7.505115,0.030000,0.000000,0.130930,3,4,9,9,4
110,9.776075,0.061465,player,8,4,8.000000,3.984794,809.743700,409.532100,809.963400,406.633000,2.907389,810.672100,399.930100,809.254800,413.335800,810.672100,388.286400,809.254800,401.643500,3.081580,0.297317,-1.019594,3.055988,0.298558,-1.361901,3.064817,-1.264773,6.708834,0.018986,0.342953,0,1,7.965571,0.005112,0.000273,0.143160,7,7,3,3,4
111,9.834763,0.059935,father,4,4,4.000000,4.179167,632.425700,489.974200,630.686800,488.856000,2.067390,626.911900,485.957700,634.461700,491.754300,626.911900,474.443000,634.461700,482.817700,-0.236313,0.294022,-3.216258,-0.099997,0.228190,-3.364269,-0.136759,-3.318816,125.263000,0.776022,-0.196755,0,1,7.772404,0.016534,0.000086,0.128934,7,1,2,7,4
111,9.834763,0.059935,mother,10,11,9.968825,11.000000,596.406900,219.631400,598.356900,218.561100,2.224468,601.751300,215.947600,594.962500,221.174600,601.751300,206.311400,594.962500,211.894300,-0.690601,0.246057,3.678292,-0.813177,0.236967,3.544823,-0.787098,3.584228,54.737390,0.961007,0.177139,0,1,7.919476,0.016534,0.000046,0.120715,5,10,9,5,4
111,9.834763,0.059935,older_sister,6,5,6.000000,4.581099,699.984400,439.203000,697.545000,437.733500,2.847772,704.945200,441.904400,690.144800,433.562500,704.945200,430.464900,690.144800,422.169700,1.172622,0.292103,-2.091383,0.905392,0.290908,-1.878375,1.083051,-2.022403,305.267800,0.540452,-0.341174,0,0,7.585114,0.030000,0.000164,0.130930,3,4,9,9,4
111,9.834763,0.059935,player,8,4,8.000000,3.940681,811.608600,410.464700,813.885100,409.785500,2.375718,822.695600,406.873100,805.074600,412.697800,822.695600,395.801900,805.074600,400.738300,3.298671,0.282698,-1.196879,2.980515,0.305382,-1.345610,3.098488,-1.288588,66.638460,0.074126,0.351050,0,0,8.009411,0.009254,0.000086,0.143160,7,7,3,3,4
112,9.894382,0.058341,father,4,4,4.000000,4.120461,634.907500,491.214900,633.868700,490.640800,1.186914,632.668400,489.185700,635.068900,492.095800,632.668400,477.346800,635.068900,482.994300,-0.132377,0.302301,-3.298683,-0.089034,0.232402,-3.372990,-0.091949,-3.350497,125.260800,0.849403,-0.078288,0,1,7.830745,0.008341,0.000273,0.128934,7,1,2,7,4
112,9.894382,0.058341,mother,10,11,10.000000,10.994680,597.949500,219.084700,600.971300,217.895600,3.247328,606.940200,214.915500,595.002400,220.875700,606.940200,205.284000,595.002400,211.490600,-0.596912,0.245932,3.704647,-0.812456,0.239646,3.552454,-0.759245,3.598186,63.383720,0.006620,0.260887,0,1,7.955740,0.005283,0.000164,0.120715,6,10,9,5,4
112,9.894382,0.058341,older_sister,6,5,6.000000,4.661597,696.581300,437.501500,696.336800,437.478500,0.245593,704.969400,442.088900,687.704200,432.868000,704.969400,429.906800,687.704200,422.002500,1.173058,0.311061,-2.096092,0.861327,0.277445,-1.860643,1.021606,-1.978957,305.262900,0.641075,-0.390464,0,0,7.665114,0.030000,0.000110,0.130930,3,4,9,9,4
112,9.894382,0.058341,player,8,4,8.000000,3.882029,814.088100,411.704300,813.848900,411.793100,0.255207,821.802200,415.439100,805.895400,408.147000,821.802200,404.529000,805.895400,395.536200,3.282540,0.278584,-1.415607,2.995335,0.322011,-1.229407,3.143258,-1.320239,124.974700,0.147442,0.342070,0,0,8.067700,0.008341,0.000301,0.143160,7,7,3,3,4
113,9.966890,0.065811,father,4,4,4.000000,4.054242,637.707000,492.614900,638.776300,493.108100,1.177604,641.728000,493.730700,635.824500,492.485600,641.728000,483.694400,635.824500,483.250800,0.031201,0.256269,-3.414734,-0.075391,0.235805,-3.382944,-0.041402,-3.386245,125.268400,0.932179,0.105383,0,1,7.896556,0.015811,0.000061,0.128934,7,1,2,7,4
113,9.966890,0.065811,mother,10,11,10.000000,10.935450,600.453700,220.336600,602.244800,220.340900,1.791082,609.593200,219.384900,594.896400,221.296900,609.593200,210.442300,594.896400,211.614000,-0.549012,0.228344,3.590522,-0.814371,0.247247,3.541700,-0.714030,3.566219,87.075540,0.080665,0.267504,0,0,8.014609,0.015811,0.000315,0.120715,7,10,9,5,4
113,9.966890,0.065811,older_sister,6,5,6.000000,4.742095,693.178200,435.799800,695.214800,437.239100,2.493942,701.988800,441.098500,688.440900,433.379700,701.988800,427.373500,688.440900,422.528400,1.119242,0.350460,-2.070804,0.874627,0.277081,-1.873709,0.960162,-1.935504,305.267400,0.741697,-0.313522,0,1,7.745114,0.030000,0.000246,0.130930,3,4,9,9,4
113,9.966890,0.065811,player,8,4,8.000000,3.815809,816.887700,413.104200,814.296800,412.167600,2.755027,820.998000,415.057200,807.595500,409.278100,820.998000,404.060100,807.595500,395.500900,3.268020,0.280805,-1.405854,3.026028,0.351793,-1.258289,3.193805,-1.355986,125.268400,0.230217,0.282781,1,0,8.133511,0.015811,0.000136,0.143160,7,7,3,3,4
114,10.039700,0.073956,father,4,4,4.000000,4.000000,640.000000,493.761200,643.027800,495.134300,3.324621,649.555300,497.446000,636.500300,492.822600,649.555300,487.743700,636.500300,483.456400,0.172526,0.247741,-3.509603,-0.063189,0.239161,-3.391548,0.000000,-3.415514,125.259100,0.999980,0.260623,0,1,7.950461,0.003906,0.000246,0.132860,7,1,2,7,4
114,10.039700,0.073956,mother,10,11,9.999999,10.861030,603.599700,221.909900,602.785100,221.846700,0.817028,609.647500,223.160900,595.922700,220.532400,609.647500,214.377600,595.922700,210.011000,-0.548031,0.224275,3.494105,-0.795840,0.268659,3.561220,-0.657228,3.526047,113.699500,0.173685,0.253887,1,0,8.088565,0.023956,0.000031,0.124593,7,10,9,5,4
114,10.039700,0.073956,older_sister,6,5,6.000000,4.822594,689.775100,434.098300,691.027000,434.931200,1.503640,693.476300,436.432700,688.577600,433.429700,693.476300,421.357400,688.577600,422.317000,0.965545,0.384939,-1.951666,0.877095,0.283757,-1.874986,0.898717,-1.892059,305.262800,0.842320,-0.116490,0,1,7.825114,0.030000,0.000164,0.131735,3,4,9,9,4
114,10.039700,0.073956,player,8,4,8.000000,3.741392,820.033600,414.677200,817.623700,413.713800,2.595337,821.247100,415.166000,814.000200,412.261700,821.247100,404.085700,814.000200,396.763900,3.272517,0.282927,-1.408631,3.141671,0.395726,-1.334472,3.250606,-1.396151,125.264900,0.323237,0.149651,1,0,8.207466,0.023956,0.000110,0.132748,7,7,3,3,4
115,10.153720,0.120265,father,4,4,4.000000,3.919502,643.403100,495.463000,644.363300,496.080200,1.141502,650.979300,498.562100,637.747100,493.598300,650.979300,489.707700,637.747100,483.780800,0.198238,0.226093,-3.538104,-0.040676,0.250685,-3.411356,0.061445,-3.458968,125.267800,0.100603,0.268249,0,0,8.030461,0.030000,0.000031,0.132860,7,1,2,7,4
115,10.153720,0.120265,mother,10,11,9.999999,10.780530,607.002700,223.611400,604.907900,222.790600,2.249896,609.659900,224.179900,600.155900,221.401300,609.659900,215.317200,600.155900,209.218700,-0.547808,0.226304,3.468085,-0.719406,0.311077,3.539033,-0.595784,3.482602,125.262800,0.274308,0.181073,1,0,8.168565,0.030000,0.000110,0.124593,7,10,9,5,4
115,10.153720,0.120265,older_sister,6,5,6.000000,4.903092,686.372000,432.397000,684.413400,431.583100,2.121008,680.347200,429.805200,688.479600,433.361000,680.347200,417.344800,688.479600,421.947400,0.728490,0.318168,-1.782436,0.875325,0.291438,-1.873231,0.837272,-1.848616,305.260900,0.942944,0.172312,0,1,7.905114,0.030000,0.000061,0.131735,3,4,9,9,4
115,10.153720,0.120265,player,8,4,8.000000,3.660894,823.436800,416.379000,823.328900,416.378500,0.107850,821.984300,415.461700,824.673500,417.295400,821.984300,404.196400,824.673500,403.969300,3.285829,0.287654,-1.416184,3.334383,0.340273,-1.463005,3.312052,-1.439605,125.267200,0.423861,-0.066677,1,0,8.287466,0.030000,0.000031,0.132748,7,7,3,3,4
116,10.211810,0.058865,father,4,4,4.000000,3.839003,646.806200,497.164400,645.407800,496.710300,1.470251,651.489100,498.785300,639.326400,494.635300,651.489100,489.977600,639.326400,483.799000,0.207442,0.224899,-3.543803,-0.012162,0.276698,-3.437835,0.122889,-3.502414,125.262900,0.201226,0.240487,1,0,8.110461,0.030000,0.000136,0.132860,7,1,2,7,4
116,10.211810,0.058865,mother,10,11,9.999999,10.700030,610.405800,225.312900,609.280000,224.750700,1.258362,610.942900,224.734800,607.617100,224.766400,610.942900,215.778400,607.617100,212.555000,-0.524641,0.228697,3.453915,-0.584690,0.311812,3.453107,-0.534340,3.439156,125.263400,0.374930,0.048565,1,0,8.248565,0.030000,0.000150,0.124593,7,10,9,5,4
116,10.211810,0.058865,older_sister,6,5,6.000000,4.983591,682.968900,430.695300,680.116500,429.391700,3.136168,672.079200,425.670900,688.153700,433.112500,672.079200,414.320600,688.153700,421.321700,0.579206,0.289823,-1.676869,0.869443,0.301071,-1.866885,0.775827,-1.805163,305.267500,0.043566,0.346682,0,0,7.985114,0.030000,0.000136,0.131735,3,4,9,9,4
116,10.211810,0.058865,player,8,4,8.000000,3.580395,826.839700,418.080300,829.154700,419.460500,2.695173,822.409400,415.646100,835.899800,423.274800,822.409400,404.248400,835.899800,411.777000,3.293504,0.291034,-1.420892,3.537080,0.293591,-1.615687,3.373496,-1.483047,125.261100,0.524483,-0.311343,1,0,8.367466,0.030000,0.000136,0.132748,7,7,3,3,4
117,10.269790,0.059254,father,4,4,4.000000,3.760131,650.140500,498.831700,648.131300,497.992600,2.177317,652.212600,499.086400,644.050200,496.898800,652.212600,490.210600,644.050200,484.353100,0.220505,0.226640,-3.551491,0.073127,0.320346,-3.495631,0.183093,-3.544985,125.265300,0.299815,0.152584,1,0,8.188845,0.028384,0.000031,0.132860,7,1,2,7,4
117,10.269790,0.059254,mother,10,11,9.999999,10.621160,613.740200,226.979900,614.919600,227.562900,1.315574,612.314500,225.376700,617.524600,229.749100,612.314500,216.403800,617.524600,220.055200,-0.499878,0.229118,3.437525,-0.405806,0.247527,3.325879,-0.474136,3.396588,125.263200,0.473520,-0.141268,1,0,8.326948,0.028384,0.000233,0.124593,7,10,9,5,4
117,10.269790,0.059254,older_sister,6,5,6.000000,5.030187,680.999100,429.710400,679.795200,428.982500,1.406843,671.682900,425.149200,687.907500,432.815800,671.682900,414.214700,687.907500,420.648000,0.572053,0.279206,-1.663547,0.864997,0.310696,-1.859309,0.740261,-1.780017,305.261400,0.101811,0.352212,0,0,8.031422,0.030000,0.000061,0.131735,3,4,9,9,4
117,10.269790,0.059254,player,8,4,8.000000,3.501523,830.174100,419.747500,830.929800,420.101000,0.834295,822.302600,415.493000,839.557000,424.709000,822.302600,403.510800,839.557000,413.798100,3.291575,0.305957,-1.416981,3.603112,0.278603,-1.652308,3.433699,-1.525619,125.265400,0.623073,-0.390235,0,0,8.445849,0.028384,0.000031,0.132748,7,7,3,3,4
118,10.326840,0.057804,father,4,4,4.000000,3.701967,652.599400,500.060900,651.427900,499.479400,1.307923,653.181700,499.507300,649.674100,499.451600,653.181700,490.552500,649.674100,487.182200,0.238002,0.228654,-3.562237,0.174671,0.313293,-3.560816,0.227489,-3.576373,125.259900,0.372520,0.052533,1,0,8.246649,0.007804,0.000273,0.132860,7,1,2,7,4
118,10.326840,0.057804,mother,10,11,9.999999,10.563000,616.199100,228.209600,618.252800,229.330300,2.339607,613.072400,225.746800,623.433200,232.913900,613.072400,216.737700,623.433200,223.590600,-0.486193,0.230043,3.428075,-0.299122,0.238064,3.245068,-0.429738,3.365189,125.268700,0.546226,-0.258405,0,0,8.384752,0.007804,0.000046,0.124593,7,10,9,5,4
118,10.326840,0.057804,older_sister,6,5,6.000000,5.110685,677.595900,428.009000,679.505300,428.617400,2.003931,672.246000,425.432000,686.764800,431.802800,672.246000,414.469400,686.764800,418.561600,0.582219,0.279923,-1.670768,0.844363,0.338107,-1.833443,0.678816,-1.736571,305.262800,0.202434,0.307961,1,0,8.111422,0.030000,0.000086,0.131735,3,4,9,9,4
118,10.326840,0.057804,player,8,3,8.000000,3.443359,832.633100,420.976900,831.343000,420.007900,1.613392,823.272200,415.601700,839.413800,424.414100,823.272200,402.724600,839.413800,413.596000,3.309081,0.328810,-1.419759,3.600528,0.276233,-1.644777,3.478097,-1.557009,125.261900,0.695778,-0.367879,0,1,8.503654,0.007804,0.000164,0.132748,7,7,3,3,4
119,10.382260,0.056497,father,4,4,4.000000,3.645118,655.002700,501.262600,655.531500,501.496000,0.577957,654.213500,499.989400,656.849400,503.002500,654.213500,491.021200,656.849400,492.780200,0.256633,0.228998,-3.574549,0.304226,0.261020,-3.651486,0.270883,-3.607058,125.265400,0.443583,-0.083281,1,0,8.303146,0.006497,0.000193,0.132860,7,1,2,7,4
119,10.382260,0.056497,mother,10,11,9.999998,10.506150,618.602400,229.411300,619.421600,229.754500,0.888193,613.497200,225.930700,625.346100,233.578400,613.497200,216.565700,625.346100,224.641700,-0.478524,0.239129,3.423381,-0.264585,0.228194,3.228099,-0.386345,3.334503,125.266400,0.617288,-0.287428,0,0,8.441250,0.006497,0.000000,0.124593,7,10,9,5,4
119,10.382260,0.056497,older_sister,6,5,6.000000,5.191184,674.192900,426.307300,676.789200,427.290900,2.776468,672.396200,425.503200,681.182400,429.078700,672.396200,414.461400,681.182400,413.777100,0.584930,0.281947,-1.672587,0.743571,0.390717,-1.763884,0.617372,-1.693118,305.267500,0.303057,0.182239,1,0,8.191422,0.030000,0.000136,0.131735,3,4,9,9,4
119,10.382260,0.056497,player,8,3,8.000000,3.386510,835.036300,422.178600,833.038600,420.689100,2.491904,827.253800,417.267900,838.823300,424.110400,827.253800,403.006300,838.823300,413.219600,3.380972,0.364160,-1.462302,3.589865,0.278090,-1.637023,3.521489,-1.587695,125.266700,0.766840,-0.271437,0,1,8.560151,0.006497,0.000086,0.132748,7,7,3,3,4
120,10.436080,0.055090,father,4,4,4.000000,3.589685,657.346200,502.434400,659.160000,503.401000,2.055284,655.038000,500.384000,663.282100,506.418000,655.038000,491.415500,663.282100,496.983300,0.271519,0.229004,-3.584624,0.420371,0.240909,-3.738698,0.313195,-3.636981,125.267700,0.512874,-0.210494,1,0,8.358236,0.005090,0.000110,0.128789,7,1,2,7,4
120,10.436080,0.055090,mother,10,10,9.999998,10.450720,620.945900,230.582900,620.126800,229.972100,1.021668,614.406400,226.203600,625.847200,233.740700,614.406400,216.086400,625.847200,224.904700,-0.462107,0.258335,3.416411,-0.255537,0.225621,3.223956,-0.344033,3.304589,125.260000,0.686579,-0.279776,0,1,8.496340,0.005090,0.000150,0.121232,7,10,9,5,4
120,10.436080,0.055090,older_sister,6,5,6.000000,5.271682,670.789800,424.605800,671.551800,424.928600,0.827513,671.713100,425.249100,671.390400,424.608000,671.713100,414.018400,671.390400,410.532400,0.572598,0.286771,-1.666099,0.566771,0.359413,-1.649729,0.555927,-1.649672,305.263300,0.403680,-0.014209,1,0,8.271421,0.030000,0.000061,0.136468,3,4,9,9,4
120,10.436080,0.055090,player,8,3,8.000000,3.331076,837.379800,423.350300,835.994600,422.433000,1.661383,833.220100,420.754900,838.769200,424.111100,833.220100,405.612600,838.769200,413.021300,3.488695,0.386650,-1.551342,3.588888,0.283172,-1.637042,3.563802,-1.617614,125.262900,0.836131,-0.131286,0,1,8.615241,0.005090,0.000136,0.131169,7,7,3,3,4
121,10.536360,0.100325,father,4,4,4.000000,3.509186,660.749300,504.135700,661.645800,504.525900,0.977697,655.739900,500.709400,667.551600,508.342400,655.739900,491.374800,667.551600,499.399600,0.284192,0.238352,-3.592932,0.497459,0.228349,-3.787836,0.374640,-3.680423,125.260500,0.613497,-0.286657,0,0,8.438236,0.030000,0.000301,0.128789,7,1,2,7,4
121,10.536360,0.100325,mother,10,10,9.999998,10.370220,624.348900,232.284500,622.642500,231.203400,2.020054,619.204500,228.488800,626.080600,233.917900,619.204500,216.813800,626.080600,224.964100,-0.375475,0.298115,3.358058,-0.251322,0.228630,3.219431,-0.282589,3.261139,125.265400,0.787202,-0.181408,0,1,8.576340,0.030000,0.000110,0.121232,7,10,9,5,4
121,10.536360,0.100325,older_sister,6,5,6.000000,5.352180,667.386700,422.904100,665.355800,421.712600,2.354609,671.171600,425.017300,659.539900,418.408000,671.171600,413.648100,659.539900,406.769000,0.562821,0.290308,-1.660181,0.352803,0.297195,-1.491415,0.494482,-1.606219,305.267400,0.504302,-0.268917,1,0,8.351421,0.030000,0.000246,0.136468,3,4,9,9,4
121,10.536360,0.100325,player,8,3,8.000000,3.250577,840.783000,425.051800,842.453100,425.741000,1.806783,846.046600,427.302600,838.859900,424.179400,846.046600,414.688500,838.859900,412.783100,3.720285,0.322093,-1.718533,3.590524,0.290998,-1.638783,3.625247,-1.661059,125.262800,0.936754,0.151993,0,1,8.695241,0.030000,0.000246,0.131169,7,7,3,3,4
122,10.589660,0.054155,father,4,3,4.000000,3.434242,663.917500,505.719900,662.649200,504.868800,1.527481,657.213500,501.213700,668.084800,508.523800,657.213500,490.869000,668.084800,499.665500,0.310800,0.264147,-3.605810,0.507088,0.226193,-3.792470,0.431845,-3.720873,125.264900,0.707177,-0.268037,0,1,8.512716,0.024480,0.000273,0.128789,7,1,2,7,4
122,10.589660,0.054155,mother,10,10,9.999998,10.295270,627.517200,233.868700,627.154900,233.661900,0.417134,627.400600,232.945500,626.909100,234.378400,627.400600,221.721300,626.909100,225.217200,-0.227488,0.286605,3.244259,-0.236363,0.233924,3.207673,-0.225384,3.220688,125.264900,0.880881,-0.013877,0,1,8.650820,0.024480,0.000015,0.121232,7,10,9,5,4
122,10.589660,0.054155,older_sister,6,5,6.000000,5.432679,663.983600,421.202600,662.797900,420.552300,1.352362,671.293200,425.119800,654.302700,415.984800,671.293200,413.306800,654.302700,405.047000,0.565016,0.301637,-1.662795,0.258244,0.279290,-1.429539,0.433037,-1.562774,305.262800,0.604925,-0.385148,0,0,8.431421,0.030000,0.000164,0.136468,3,4,9,9,4
122,10.589660,0.054155,player,8,3,8.000000,3.175633,843.951200,426.635900,847.156400,428.054700,3.505179,855.164400,431.728400,839.148300,424.381000,855.164400,420.222900,839.148300,412.642900,3.884913,0.293787,-1.831543,3.595733,0.299726,-1.643933,3.682452,-1.701510,125.265400,0.030434,0.344431,0,0,8.769721,0.024480,0.000193,0.131169,7,7,3,3,4
123,10.642920,0.054184,father,4,3,4.000000,3.379720,666.222500,506.872700,664.482500,505.752500,2.069371,660.687700,502.842900,668.277300,508.662100,660.687700,491.338700,668.277300,499.726500,0.373528,0.293752,-3.647409,0.510562,0.228165,-3.796001,0.473461,-3.750307,125.270500,0.775329,-0.197682,0,1,8.566900,0.004184,0.000031,0.128789,7,1,2,7,4
123,10.642920,0.054184,mother,10,10,9.999999,10.240750,629.822100,235.020900,631.499500,235.783000,1.842305,635.431000,236.856000,627.567800,234.709900,635.431000,227.091900,627.567800,225.450600,-0.082494,0.249322,3.144408,-0.224470,0.236431,3.199208,-0.183767,3.191265,125.260400,0.949034,0.147563,0,1,8.705004,0.004184,0.000233,0.121232,7,10,9,5,4
123,10.642920,0.054184,older_sister,6,6,6.000000,5.513177,660.580500,419.501300,662.123200,420.615000,1.902653,669.965300,424.929900,654.281100,416.300100,669.965300,411.950600,654.281100,405.470500,0.541041,0.331418,-1.657948,0.257853,0.276529,-1.437592,0.371593,-1.519332,305.260500,0.705548,-0.358444,0,1,8.511421,0.030000,0.000086,0.136468,3,4,9,9,4
123,10.642920,0.054184,player,8,3,8.000000,3.121111,846.256100,427.788500,847.556500,428.552000,1.507924,855.671400,432.383200,839.441500,424.720800,855.671400,421.438100,839.441500,412.577900,3.894066,0.279477,-1.848265,3.601027,0.310060,-1.652608,3.724068,-1.730941,125.267100,0.098586,0.352228,0,0,8.823905,0.004184,0.000086,0.131169,7,7,3,3,4
124,10.694260,0.051617,father,4,3,4.000000,3.327782,668.418200,507.970400,667.199200,507.292200,1.394991,665.606800,505.634200,668.791400,508.950300,665.606800,493.665900,668.791400,499.871100,0.462346,0.305605,-3.718686,0.519845,0.231831,-3.803358,0.513106,-3.778338,125.261900,0.840251,-0.095832,0,1,8.618517,0.001617,0.000136,0.128789,7,1,2,7,4
124,10.694260,0.051617,mother,10,10,9.999999,10.188810,632.017900,236.119000,634.792300,237.388600,3.051130,641.324800,239.712800,628.259800,235.064500,641.324800,230.161600,628.259800,225.658700,0.023920,0.243884,3.071461,-0.211975,0.240172,3.190153,-0.144121,3.163228,125.268100,0.013956,0.261131,0,1,8.756620,0.001617,0.000031,0.121232,7,10,9,5,4
124,10.694260,0.051617,older_sister,6,6,6.000000,5.593676,657.177400,417.799500,658.909500,419.062700,2.143814,663.046900,421.572800,654.772200,416.552700,663.046900,406.605600,654.772200,405.573600,0.416126,0.382179,-1.572226,0.266719,0.280344,-1.444041,0.310148,-1.475878,305.267900,0.806171,-0.195998,0,1,8.591421,0.030000,0.000136,0.136468,3,4,9,9,4
124,10.694260,0.051617,player,8,3,8.000000,3.069173,848.451800,428.886300,847.704800,428.755600,0.758408,855.491400,432.314800,839.918200,425.196400,855.491400,421.396500,839.918200,412.397000,3.890817,0.278791,-1.846517,3.609633,0.326826,-1.664754,3.763714,-1.758971,125.261200,0.163508,0.334527,1,0,8.875522,0.001617,0.000193,0.131169,7,7,3,3,4
125,10.747390,0.053705,father,4,3,4.000000,3.273742,670.702800,509.112700,671.026400,509.251500,0.352117,672.637900,509.220600,669.414700,509.282300,672.637900,498.644100,669.414700,500.081600,0.589296,0.270066,-3.810262,0.531100,0.234934,-3.811837,0.554355,-3.807506,125.264500,0.907801,0.046608,0,1,8.672222,0.003705,0.000136,0.128789,7,1,2,7,4
125,10.747390,0.053705,mother,10,10,9.999998,10.134770,634.302400,237.261300,635.688200,238.040700,1.589974,642.300500,240.503000,629.076000,235.578500,642.300500,231.564800,629.076000,225.890200,0.041537,0.228231,3.051285,-0.197239,0.247384,3.177028,-0.102873,3.134060,125.264300,0.081506,0.267558,0,0,8.810326,0.003705,0.000015,0.121232,7,10,9,5,4
125,10.747390,0.053705,older_sister,6,6,6.000000,5.674174,653.774400,416.098100,653.262000,415.958400,0.531088,651.812300,415.439600,654.711700,416.477200,651.812300,401.949800,654.711700,405.161700,0.213277,0.344455,-1.415620,0.265628,0.288936,-1.442114,0.248703,-1.432433,305.262800,0.906794,0.058041,0,1,8.671421,0.030000,0.000031,0.136468,3,4,9,9,4
125,10.747390,0.053705,player,8,3,8.000000,3.000000,851.376100,430.348500,848.610200,429.339800,2.944094,854.791900,431.959100,842.428600,426.720400,854.791900,420.951800,842.428600,412.471500,3.878187,0.281065,-1.837434,3.654961,0.363840,-1.703668,3.816513,-1.796309,125.267100,0.249975,0.259493,1,0,8.944267,0.018745,0.000061,0.131169,7,7,3,3,4
126,10.799950,0.051263,father,4,3,4.000000,3.222160,672.883400,510.202900,675.308500,511.305700,2.664117,680.552400,512.991800,670.064600,509.619600,680.552400,503.421400,670.064600,500.317600,0.732195,0.244375,-3.906556,0.542834,0.237521,-3.820449,0.593728,-3.835345,125.263200,0.972279,0.204328,0,1,8.723485,0.001263,0.000136,0.132024,7,1,2,7,4
126,10.799950,0.051263,mother,10,10,9.999998,10.083190,636.483000,238.351700,636.359400,238.473600,0.173652,642.878500,240.870100,629.840300,236.077100,642.878500,232.086500,629.840300,225.860900,0.051974,0.224284,3.041910,-0.183440,0.260863,3.164298,-0.063501,3.106217,125.267900,0.145984,0.262873,0,0,8.861588,0.001263,0.000061,0.124689,7,10,9,5,4
126,10.799950,0.051263,older_sister,6,6,6.000000,5.754673,650.371200,414.396400,646.599100,412.765800,4.109417,638.627100,409.138000,654.571200,416.393800,638.627100,397.351700,654.571200,404.747400,-0.024789,0.300954,-1.254710,0.263092,0.297382,-1.439983,0.187259,-1.388980,305.267400,0.007416,0.342021,0,1,8.751421,0.030000,0.000193,0.143269,3,4,9,9,4
126,10.799950,0.051263,player,8,3,7.989423,3.000000,850.929000,430.572000,849.289600,428.727500,2.467749,852.473900,432.904700,846.105300,424.550300,852.473900,421.892700,846.105300,409.996900,3.836335,0.281183,-1.861579,3.721345,0.371613,-1.648254,3.808439,-1.802016,156.446000,0.263197,0.241504,0,0,8.954779,0.000511,0.000136,0.131133,1,7,3,3,4
127,10.898450,0.098498,father,4,3,4.000000,3.141662,676.286500,511.904500,677.858200,512.752700,1.785957,684.462300,515.202300,671.254000,510.303100,684.462300,506.214400,671.254000,500.667400,0.802793,0.229501,-3.963000,0.564309,0.246041,-3.837902,0.655172,-3.878794,125.265300,0.072902,0.266946,0,0,8.803485,0.030000,0.000110,0.132024,7,1,2,7,4
127,10.898450,0.098498,mother,10,10,9.999998,10.002690,639.886100,240.053100,637.791000,239.237800,2.248142,643.168300,240.942900,632.413800,237.532700,643.168300,232.081700,632.413800,225.845400,0.057206,0.226264,3.040052,-0.136974,0.298429,3.127127,-0.002057,3.062771,125.263200,0.246606,0.208821,1,0,8.941588,0.030000,0.000000,0.124689,7,10,9,5,4
127,10.898450,0.098498,older_sister,6,6,6.000000,5.835171,646.968100,412.694900,645.953000,412.037000,1.209699,637.850100,408.200000,654.055800,415.873900,637.850100,397.282000,654.055800,403.657000,-0.038817,0.278786,-1.230760,0.253786,0.311953,-1.426709,0.125814,-1.345535,305.262900,0.108039,0.352041,0,0,8.831421,0.030000,0.000136,0.143269,3,4,9,9,4
127,10.898450,0.098498,player,8,3,7.930809,3.000000,848.451000,431.810900,849.805800,430.239300,2.074971,848.027200,432.403400,851.584400,428.075200,848.027200,421.294900,851.584400,412.547900,3.756047,0.283648,-1.848779,3.820273,0.396478,-1.738260,3.763700,-1.833652,216.354400,0.336465,0.127079,1,0,9.013030,0.027746,0.000164,0.131133,1,7,3,3,4
128,10.949660,0.051854,father,4,3,4.000000,3.070872,679.279100,513.400900,678.788100,513.354200,0.493237,685.225800,515.681600,672.350200,511.026900,685.225800,506.901500,672.350200,500.642400,0.816578,0.224194,-3.975238,0.584101,0.265163,-3.856385,0.709206,-3.917002,125.264400,0.161388,0.258437,1,0,8.873837,0.020352,0.000086,0.132024,7,1,2,7,4
128,10.949660,0.051854,mother,10,10,9.999998,9.931901,642.878800,241.549400,641.153200,240.765900,1.895128,644.198100,241.392200,638.108400,240.139700,644.198100,232.475600,638.108400,227.418300,0.075798,0.227681,3.028578,-0.034155,0.324833,3.060562,0.051978,3.024563,125.264200,0.335094,0.108242,1,0,9.011940,0.020352,0.000015,0.124689,7,10,9,5,4
128,10.949660,0.051854,older_sister,6,6,6.000000,5.915669,643.565100,410.993600,645.642300,411.670400,2.184751,638.493200,408.553800,652.791400,414.787000,638.493200,397.582100,652.791400,401.466600,-0.027206,0.280157,-1.239795,0.230956,0.340128,-1.398954,0.064369,-1.302092,305.260900,0.208662,0.302680,1,0,8.911421,0.030000,0.000086,0.143269,3,4,9,9,4
128,10.949660,0.051854,player,8,3,7.860018,3.000000,845.458400,433.307300,845.458100,433.253800,0.053498,847.194900,432.630500,843.721200,433.877100,847.194900,421.363300,843.721200,420.591200,3.741020,0.287700,-1.854578,3.678299,0.339248,-1.886409,3.709665,-1.871859,234.736200,0.424952,-0.069590,1,0,9.083382,0.020352,0.000164,0.131133,1,7,3,3,4
129,11.002130,0.053378,father,4,3,4.000000,3.017161,681.549700,514.535900,679.625600,513.814900,2.054785,685.330900,515.687100,673.920200,511.942800,685.330900,506.839200,673.920200,500.626000,0.818476,0.225926,-3.975380,0.612449,0.288969,-3.879771,0.750204,-3.945986,125.258900,0.228527,0.223424,1,0,8.927215,0.003378,0.000273,0.132024,7,1,2,7,4
129,11.002130,0.053378,mother,10,10,9.999998,9.878190,645.149500,242.684700,644.601300,242.384400,0.625014,645.159400,241.829800,644.043100,242.939000,645.159400,232.865900,644.043100,231.473800,0.093156,0.228891,3.017404,0.073001,0.292757,2.989082,0.092976,2.995575,125.262400,0.402232,0.000106,1,0,9.065318,0.003378,0.000061,0.124689,7,10,9,5,4
129,11.002130,0.053378,older_sister,6,6,6.000000,5.965981,641.438100,409.929900,644.182900,410.906800,2.913425,638.670500,408.628200,649.695300,413.185500,638.670500,397.614300,649.695300,398.451200,-0.024004,0.281234,-1.241694,0.175053,0.376230,-1.358060,0.025966,-1.274933,305.269200,0.271551,0.229712,1,0,8.961421,0.050000,0.000110,0.143269,3,4,9,9,4
129,11.002130,0.053378,player,8,3,7.806306,2.999999,843.187700,434.442700,841.192000,435.296500,2.170688,846.889200,432.811800,835.494900,437.781100,846.889200,421.454100,835.494900,426.032000,3.735499,0.290013,-1.859208,3.529767,0.300007,-1.986097,3.668667,-1.900851,234.734000,0.492090,-0.241238,1,0,9.136760,0.003378,0.000110,0.131133,1,7,3,3,4
130,11.053430,0.050699,father,4,3,4.000000,2.966146,683.706400,515.614600,681.660500,514.778600,2.210135,685.948400,515.961100,677.372700,513.596000,685.948400,507.091100,677.372700,501.143600,0.829622,0.226490,-3.982375,0.674786,0.317965,-3.921985,0.789144,-3.973529,125.272100,0.292296,0.161284,0,0,8.977914,0.000699,0.000000,0.132024,7,1,2,7,4
130,11.053430,0.050699,mother,10,10,9.999997,9.827175,647.306200,243.762900,648.343600,244.265700,1.152835,646.046400,242.245200,650.640800,246.286200,646.046400,233.273100,650.640800,236.499600,0.109171,0.229098,3.006798,0.192126,0.249894,2.903614,0.131916,2.968044,125.260400,0.466001,-0.127303,0,0,9.116017,0.000699,0.000233,0.124689,7,10,9,5,4
130,11.053430,0.050699,older_sister,6,6,5.978266,6.000000,639.081200,409.670100,641.556100,410.050600,2.503992,638.306200,409.621200,644.806000,410.480000,638.306200,398.502500,644.806000,394.962800,-0.030583,0.283908,-1.267049,0.086776,0.396224,-1.288978,-0.016590,-1.268298,286.998500,0.341244,0.118643,1,0,9.016829,0.021600,0.000246,0.143269,2,4,9,9,4
130,11.053430,0.050699,player,8,3,7.755291,3.000000,841.031000,435.521100,838.267700,436.646000,2.983489,846.825000,432.844700,829.710400,440.447400,846.825000,421.343200,829.710400,429.165100,3.734339,0.293685,-1.860049,3.425327,0.288086,-2.054177,3.629727,-1.928390,234.731800,0.555859,-0.364386,0,0,9.187459,0.000699,0.000000,0.131133,1,7,3,3,4
131,11.105790,0.051430,father,4,3,4.000000,2.914396,685.894200,516.708200,684.453100,516.019000,1.597430,686.770800,516.314100,682.135300,515.723900,686.770800,507.372600,682.135300,503.152500,0.844473,0.228317,-3.991390,0.760777,0.321003,-3.976318,0.828645,-4.001452,125.257300,0.356983,0.077043,1,0,9.029344,0.001430,0.000273,0.132024,7,1,2,7,4
131,11.105790,0.051430,mother,10,10,9.999998,9.775425,649.493900,244.856900,651.480700,245.933200,2.259641,646.758800,242.591300,656.202500,249.275200,646.758800,233.609300,656.202500,239.901900,0.122034,0.229349,2.997962,0.292546,0.239344,2.827290,0.171417,2.940110,125.267200,0.530688,-0.237762,1,0,9.167447,0.001430,0.000110,0.124689,7,10,9,5,4
131,11.105790,0.051430,older_sister,6,6,5.899377,6.000000,635.746200,411.337800,635.156900,411.299500,0.590534,638.213400,411.454700,632.100400,411.144300,638.213400,400.162800,632.100400,398.376300,-0.032259,0.288332,-1.313868,-0.142632,0.326025,-1.305942,-0.076806,-1.310881,268.483700,0.439854,-0.110125,1,0,9.095229,0.030000,0.000110,0.143269,1,4,9,9,4
131,11.105790,0.051430,player,8,3,7.703541,3.000000,838.843300,436.614900,838.037800,437.030600,0.906430,847.051600,432.820700,829.024100,441.240500,847.051600,420.864300,829.024100,430.323200,3.738432,0.305300,-1.859434,3.412936,0.278768,-2.074429,3.590226,-1.956317,234.739300,0.620546,-0.389895,0,0,9.238889,0.001430,0.000110,0.131133,1,7,3,3,4
132,11.157620,0.052415,father,4,3,4.000000,2.861654,688.123800,517.823200,688.097400,517.777000,0.053281,687.736100,516.760600,688.458700,518.793300,687.736100,507.795100,688.458700,507.981400,0.861900,0.228930,-4.002791,0.874950,0.276077,-4.054696,0.868903,-4.029925,125.269600,0.422911,-0.040625,1,0,9.081758,0.002415,0.000086,0.128905,7,1,2,7,4
132,11.157620,0.052415,mother,10,10,9.999997,9.722683,651.723600,245.972000,652.958300,246.572700,1.373084,647.161700,242.786200,658.754800,250.359200,647.161700,233.570000,658.754800,241.383500,0.129308,0.235331,2.992983,0.338628,0.229191,2.799611,0.211675,2.911637,125.270500,0.596615,-0.282556,0,0,9.219862,0.002415,0.000110,0.122687,7,10,9,5,4
132,11.157620,0.052415,older_sister,6,6,5.818879,6.000000,632.343100,413.039200,629.251000,413.634800,3.148878,638.296800,411.665900,620.205300,415.603800,638.296800,400.226200,620.205300,404.211200,-0.030753,0.292105,-1.319259,-0.357405,0.290904,-1.419811,-0.138250,-1.354327,249.599900,0.540476,-0.341215,0,0,9.175229,0.030000,0.000164,0.140578,1,4,9,9,4
132,11.157620,0.052415,player,8,3,7.650799,3.000000,836.613600,437.729800,838.055500,437.303700,1.503465,846.772700,433.298300,829.338300,441.309200,846.772700,420.534800,829.338300,430.495700,3.733396,0.325910,-1.871630,3.418608,0.276116,-2.076183,3.549968,-1.984786,234.733900,0.686473,-0.375121,0,1,9.291304,0.002415,0.000031,0.124485,1,7,3,3,4
133,11.255180,0.097877,father,4,3,4.000000,2.781156,691.527000,519.524600,693.455100,520.563100,2.189996,688.965500,517.347100,697.944600,523.779000,688.965500,508.372900,697.944600,514.381200,0.884099,0.229153,-4.017768,1.046223,0.239966,-4.182002,0.930348,-4.073367,125.260500,0.523533,-0.227192,1,0,9.161758,0.030000,0.000273,0.128905,7,1,2,7,4
133,11.255180,0.097877,mother,10,10,9.999997,9.642184,655.126600,247.673300,654.073200,246.933100,1.287465,648.483600,243.216300,659.663000,250.649900,648.483600,232.977400,659.663000,241.806100,0.153176,0.261444,2.982002,0.355025,0.225820,2.792190,0.273120,2.868195,125.260500,0.697238,-0.274395,0,1,9.299862,0.030000,0.000098,0.122687,7,10,9,5,4
133,11.255180,0.097877,older_sister,6,6,5.738380,6.000000,628.939900,414.741000,628.828500,414.896000,0.190883,637.853000,410.677600,619.804000,419.114400,637.853000,398.495200,619.804000,408.248900,-0.038764,0.311069,-1.294024,-0.364651,0.277444,-1.509452,-0.199696,-1.397781,234.732400,0.641099,-0.390462,0,0,9.255229,0.030000,0.000000,0.140578,1,4,9,9,4
133,11.255180,0.097877,player,8,3,7.570301,3.000000,833.210400,439.431300,835.715600,438.649100,2.624443,841.333700,436.344000,830.097500,440.954300,841.333700,421.692100,830.097500,430.025300,3.635193,0.374127,-1.949399,3.432316,0.279065,-2.067121,3.488522,-2.028231,234.737700,0.787096,-0.233616,0,1,9.371304,0.030000,0.000136,0.124485,1,7,3,3,4
134,11.304940,0.050376,father,4,3,4.000000,2.712477,694.430300,520.976500,695.406800,521.415800,1.070779,689.527500,517.608000,701.286100,525.223800,689.527500,508.304700,701.286100,516.276300,0.894245,0.237553,-4.024427,1.106556,0.228467,-4.218893,0.982770,-4.110442,125.269900,0.609382,-0.285629,0,0,9.230012,0.018254,0.000061,0.128905,7,1,2,7,4
134,11.304940,0.050376,mother,10,10,9.999997,9.573504,658.030000,249.124900,656.309500,248.028600,2.040121,652.745800,245.245400,659.873100,250.811900,652.745800,233.626800,659.873100,241.864800,0.230133,0.296674,2.930191,0.358820,0.228457,2.788053,0.325542,2.831127,125.264600,0.783086,-0.187136,0,1,9.368115,0.018254,0.000123,0.122687,7,10,9,5,4
134,11.304940,0.050376,older_sister,6,6,5.657882,6.000000,625.536900,416.442400,628.135000,415.564400,2.742504,635.537900,412.335200,620.732100,418.793600,635.537900,398.609600,620.732100,407.942300,-0.080565,0.350473,-1.336349,-0.347893,0.277082,-1.501261,-0.261140,-1.441226,234.736800,0.741722,-0.313484,0,1,9.335229,0.030000,0.000086,0.140578,1,4,9,9,4
134,11.304940,0.050376,player,8,3,7.501622,3.000000,830.307100,440.882800,830.993200,440.689800,0.712698,832.012100,440.415800,829.974200,440.964000,832.012100,425.951600,829.974200,429.746600,3.466885,0.369334,-2.053370,3.430090,0.286429,-2.067369,3.436100,-2.065295,234.738800,0.872944,-0.038125,0,1,9.439557,0.018254,0.000356,0.124485,1,7,3,3,4
135,11.357600,0.053402,father,4,3,4.000000,2.658742,696.702000,522.112100,696.110200,521.634300,0.760506,690.301800,517.835300,701.918600,525.433400,690.301800,507.838900,701.918600,516.597800,0.908227,0.255252,-4.030233,1.117976,0.225612,-4.224246,1.023785,-4.139438,125.257800,0.676550,-0.283268,0,1,9.283414,0.003402,0.000329,0.128905,7,1,2,7,4
135,11.357600,0.053402,mother,10,10,9.999997,9.519771,660.301600,250.261000,659.280500,249.696600,1.166706,658.117900,248.260500,660.443200,251.132600,658.117900,236.435400,660.443200,242.029100,0.327128,0.301947,2.853200,0.369113,0.232452,2.779863,0.366558,2.802121,125.267500,0.850254,-0.076623,0,1,9.421517,0.003402,0.000086,0.122687,7,10,9,5,4
135,11.357600,0.053402,older_sister,6,6,5.577384,6.000000,622.133800,418.143700,623.661000,417.587200,1.625481,626.478300,416.455500,620.843800,418.718800,626.478300,401.380600,620.843800,407.606000,-0.244142,0.384931,-1.441561,-0.345877,0.283760,-1.499350,-0.322584,-1.484668,234.739500,0.842344,-0.116432,0,1,9.415229,0.030000,0.000301,0.140578,1,4,9,9,4
135,11.357600,0.053402,player,7,3,7.447914,3.000000,828.036600,442.018200,826.420200,442.982600,1.882240,822.900900,444.988000,829.939600,440.977200,822.900900,432.457700,829.939600,429.571700,3.302376,0.319956,-2.170121,3.429464,0.291232,-2.067707,3.395105,-2.094287,234.732100,0.940079,0.162897,0,1,9.492932,0.003375,0.000164,0.124485,1,7,3,3,4
136,11.404170,0.049362,father,4,3,4.000000,2.609073,698.801800,523.162000,697.118800,522.085700,1.997658,692.307500,518.701000,701.930200,525.470500,692.307500,507.801700,701.930200,516.578100,0.944441,0.278307,-4.052338,1.118184,0.227062,-4.225191,1.061698,-4.166247,125.266000,0.738635,-0.241658,0,1,9.332775,0.049362,0.000273,0.128905,7,1,2,7,4
136,11.404170,0.049362,mother,10,9,9.999998,9.470101,662.401500,251.310800,662.853800,251.512500,0.495223,664.707900,251.602200,660.999600,251.422900,664.707900,241.135100,660.999600,242.215700,0.446114,0.267270,2.767873,0.379160,0.235098,2.772452,0.404472,2.775315,125.260900,0.912341,0.057314,0,1,9.470880,0.049362,0.000031,0.122687,7,10,9,5,4
136,11.404170,0.049362,older_sister,5,6,5.496885,6.000000,618.730700,419.845500,616.991600,420.880500,2.023830,613.263900,422.999600,620.719200,418.761400,613.263900,410.539800,620.719200,407.347800,-0.482735,0.318154,-1.608659,-0.348125,0.291440,-1.500440,-0.384029,-1.528121,234.732600,0.942967,0.172390,0,1,9.495229,0.030000,0.000110,0.140578,1,4,9,9,4
136,11.404170,0.049362,player,7,3,7.398812,3.000000,825.960800,443.056200,822.407500,445.103100,4.100681,814.925800,449.206600,829.889300,440.999700,814.925800,437.348600,829.889300,429.377300,3.158383,0.302787,-2.277840,3.428556,0.296772,-2.068280,3.357625,-2.120791,234.733300,0.001454,0.341585,0,1,9.541729,0.048797,0.000136,0.124485,1,7,3,3,4
137,11.451670,0.047694,father,4,3,4.000000,2.561082,700.830600,524.176700,699.180100,523.152100,1.942728,696.100100,520.639100,702.260000,525.665200,696.100100,508.813800,702.260000,516.690000,1.012919,0.301953,-4.101826,1.124138,0.229176,-4.230164,1.098330,-4.192156,125.270400,0.798625,-0.164910,0,1,9.380469,0.047694,0.000061,0.128905,7,1,2,7,4
137,11.451670,0.047694,mother,10,9,9.999998,9.422187,664.427100,252.323600,666.850900,253.425900,2.662643,672.092200,255.111200,661.609500,251.740600,672.092200,245.540600,661.609500,242.438700,0.579442,0.244379,2.678272,0.390172,0.237519,2.764338,0.441045,2.749451,125.267800,0.972235,0.204226,0,1,9.518497,0.047618,0.000015,0.122687,7,10,9,5,4
137,11.451670,0.047694,older_sister,5,6,5.416387,6.000000,615.327600,421.547000,612.639300,423.013800,3.062473,604.999300,427.132000,620.279400,418.895600,604.999300,415.782000,620.279400,407.104700,-0.631957,0.289816,-1.714176,-0.356067,0.301074,-1.503865,-0.445473,-1.571567,234.736400,0.043591,0.346687,0,0,9.575229,0.030000,0.000164,0.140578,1,4,9,9,4
137,11.451670,0.047694,player,7,3,7.353603,3.000000,824.049600,444.011700,821.665200,445.259200,2.691010,813.955600,449.385100,829.374900,441.133200,813.955600,438.181200,829.374900,429.270800,3.140863,0.286085,-2.282398,3.419268,0.302899,-2.071689,3.323117,-2.145190,234.738000,0.057966,0.348969,0,0,9.586658,0.044930,0.000164,0.124485,1,7,3,3,4
138,11.498810,0.047428,father,4,3,4.000000,2.513358,702.848100,525.185400,701.993300,524.713900,0.976211,701.187300,523.460700,702.799400,525.967200,701.187300,511.770400,702.799400,516.846100,1.104770,0.298504,-4.173874,1.133879,0.232902,-4.237875,1.134758,-4.217913,125.263100,0.858279,-0.060717,0,1,9.427897,0.047428,0.000061,0.128315,7,1,2,7,4
138,11.498810,0.047428,mother,10,9,9.999998,9.375981,666.380500,253.300200,668.849200,254.454600,2.725295,675.394200,256.803900,662.304300,252.105200,675.394200,247.427000,662.304300,242.651200,0.639062,0.239433,2.635051,0.402717,0.241403,2.755027,0.476314,2.724514,125.261500,0.029992,0.262245,0,1,9.564418,0.045920,0.000086,0.131901,7,10,9,5,4
138,11.498810,0.047428,older_sister,5,6,5.335888,6.000000,611.924500,423.248700,611.791600,423.112800,0.190082,604.215100,427.181700,619.368200,419.043800,604.215100,416.272900,619.368200,406.469600,-0.646116,0.278552,-1.715448,-0.372520,0.321075,-1.507651,-0.506919,-1.615020,234.732800,0.144213,0.343363,0,0,9.655229,0.030000,0.000000,0.129196,1,4,9,9,4
138,11.498810,0.047428,player,7,3,7.311957,3.000000,822.288900,444.891900,821.124400,445.316500,1.239549,813.308400,449.436500,828.940400,441.196500,813.308400,438.522700,828.940400,428.963300,3.129179,0.278678,-2.283710,3.411424,0.312368,-2.073307,3.291329,-2.167666,234.737100,0.110025,0.351928,0,0,9.628047,0.041388,0.000273,0.130620,1,7,3,3,4
139,11.592530,0.092151,father,4,2,4.000000,2.432860,706.251200,526.886700,708.259200,527.798200,2.205168,712.754800,529.133400,703.763700,526.463000,712.754800,519.478500,703.763700,517.186600,1.313627,0.246530,-4.318722,1.151288,0.236868,-4.250536,1.196203,-4.261355,125.260600,0.958901,0.171919,0,1,9.507897,0.030000,0.000273,0.128315,7,1,2,7,4
139,11.592530,0.092151,mother,10,9,9.999998,9.305020,669.380400,254.800200,669.917500,255.248200,0.699467,676.515000,257.733200,663.320000,252.763100,676.515000,248.929100,663.320000,242.809800,0.659300,0.224808,2.611321,0.421056,0.254151,2.738230,0.530478,2.686214,125.264400,0.118692,0.267796,0,0,9.634938,0.025048,0.000086,0.131901,7,10,9,5,4
139,11.592530,0.092151,older_sister,5,6,5.255390,6.000000,608.521400,424.950200,610.800100,423.449500,2.728431,605.089800,426.768600,616.510400,420.130400,605.089800,415.763200,616.510400,406.005200,-0.630323,0.281017,-1.704900,-0.424118,0.360679,-1.535395,-0.568363,-1.658465,234.737200,0.244836,0.266228,1,0,9.735229,0.030000,0.000086,0.129196,1,4,9,9,4
139,11.592530,0.092151,player,7,3,7.250795,3.000000,819.703300,446.184900,820.752400,445.357100,1.336382,813.779300,449.245800,827.725500,441.468400,813.779300,438.305800,827.725500,428.410600,3.137682,0.279348,-2.278841,3.389489,0.333423,-2.080249,3.244643,-2.200683,234.732100,0.186477,0.320259,1,0,9.688830,0.021263,0.000110,0.130620,1,7,3,3,4
140,11.640400,0.048551,father,4,2,4.000000,2.371779,708.833400,528.178000,711.195700,529.296700,2.613839,717.746800,531.660500,704.644700,526.932900,717.746800,522.341200,704.644700,517.462600,1.403762,0.237960,-4.383249,1.167196,0.241818,-4.262535,1.242825,-4.294329,125.270200,0.035253,0.262846,0,0,9.568600,0.010702,0.000086,0.128315,7,1,2,7,4
140,11.640400,0.048551,mother,10,9,9.999999,9.258485,671.347700,255.783800,670.492900,255.572900,0.880417,676.817900,257.814100,664.167800,253.331800,676.817900,249.029300,664.167800,242.775700,0.664768,0.224314,2.609256,0.436363,0.269545,2.723708,0.565999,2.661099,125.262900,0.176862,0.252572,1,0,9.681186,0.007745,0.000098,0.131901,7,10,9,5,4
140,11.640400,0.048551,older_sister,5,6,5.174891,6.000000,605.118300,426.651500,607.013500,425.536000,2.199042,604.708800,426.998400,609.318200,424.073600,604.708800,415.870600,609.318200,408.575300,-0.637203,0.284140,-1.710765,-0.553976,0.395742,-1.636084,-0.629808,-1.701907,234.739500,0.345459,0.111070,1,0,9.815228,0.030000,0.000301,0.129196,1,4,9,9,4
140,11.640400,0.048551,player,7,3,7.211883,3.000000,818.058300,447.007400,820.264000,445.551200,2.642944,814.290500,448.996600,826.237400,442.105800,814.290500,437.995800,826.237400,428.208700,3.146912,0.280900,-2.272478,3.362620,0.354855,-2.096525,3.214942,-2.221682,234.738300,0.235117,0.277710,1,0,9.727502,0.006417,0.000136,0.130620,1,7,3,3,4
141,11.687040,0.048560,father,4,2,4.000000,2.322917,710.899000,529.210700,711.956700,529.864900,1.243635,718.574600,532.342000,705.338900,527.387700,718.574600,523.471200,705.338900,517.599500,1.418708,0.226511,-4.400653,1.179730,0.249936,-4.274148,1.280122,-4.320696,125.258700,0.096331,0.268166,0,0,9.617160,0.048560,0.000273,0.128315,7,1,2,7,4
141,11.687040,0.048560,mother,10,9,9.999998,9.226207,672.712300,256.466000,670.996400,255.862200,1.819034,676.869900,257.816500,665.122800,253.907900,676.869900,248.986900,665.122800,242.836600,0.665706,0.225457,2.609195,0.453607,0.282698,2.708998,0.590638,2.643677,125.263500,0.217210,0.230800,1,0,9.713264,0.032078,0.000136,0.131901,7,10,9,5,4
141,11.687040,0.048560,older_sister,5,6,5.094393,6.000000,601.715200,428.353200,600.975700,428.658200,0.799939,604.031000,427.398100,597.920400,429.918400,604.031000,416.095900,597.920400,417.352800,-0.649440,0.288594,-1.720973,-0.759771,0.320854,-1.785326,-0.691253,-1.745361,234.732400,0.446081,-0.127238,1,0,9.895228,0.030000,0.000136,0.129196,1,4,9,9,4
141,11.687040,0.048560,player,7,3,7.184972,3.000000,816.920700,447.576200,819.139400,446.069000,2.682276,814.175300,449.031900,824.103400,443.106100,814.175300,438.018600,824.103400,428.432000,3.144832,0.281218,-2.273378,3.324090,0.374694,-2.122067,3.194400,-2.236209,234.732900,0.268755,0.233723,1,0,9.754246,0.026744,0.000110,0.130620,1,7,3,3,4
142,11.731700,0.045023,father,4,2,4.000000,2.277614,712.814300,530.168500,712.523500,530.213100,0.294175,719.009200,532.580300,706.037700,527.845900,719.009200,523.799100,706.037700,517.554700,1.426554,0.224221,-4.406736,1.192349,0.262777,-4.285846,1.314702,-4.345152,125.269000,0.152960,0.261021,0,0,9.662183,0.045023,0.000086,0.128315,7,1,2,7,4
142,11.731700,0.045023,mother,10,9,9.999998,9.199387,673.846100,257.033100,671.746500,256.219400,2.251742,677.037200,257.877600,666.455800,254.561200,677.037200,249.016200,666.455800,242.796100,0.668727,0.226269,2.607635,0.477675,0.300416,2.692317,0.611109,2.629197,125.272900,0.250733,0.204879,1,0,9.739918,0.026653,0.000061,0.131901,7,10,9,5,4
142,11.731700,0.045023,older_sister,5,6,5.013895,6.000000,598.312100,430.054700,595.522300,431.194500,3.013732,603.783000,427.540500,587.261500,434.848500,603.783000,416.078700,587.261500,423.499100,-0.653918,0.292671,-1.724609,-0.952223,0.289802,-1.911214,-0.752697,-1.788806,234.736800,0.546704,-0.351302,0,0,9.975228,0.030000,0.000220,0.129196,1,4,9,9,4
142,11.731700,0.045023,player,7,3,7.162580,3.000000,815.974100,448.049500,818.164200,446.615800,2.617668,814.106600,449.072900,822.221800,444.158700,814.106600,438.040100,822.221800,428.951900,3.143592,0.281716,-2.274425,3.290117,0.388297,-2.148945,3.177309,-2.248293,234.737200,0.296745,0.192083,1,0,9.776499,0.022253,0.000110,0.130620,1,7,3,3,4
143,11.778460,0.045791,father,4,2,4.000000,2.231537,714.762200,531.142500,713.172500,530.601200,1.679300,719.137600,532.605500,707.207500,528.596800,719.137600,523.785300,707.207500,517.638900,1.428874,0.225220,-4.407382,1.213468,0.279804,-4.305021,1.349873,-4.370024,125.266700,0.210556,0.234974,1,0,9.707974,0.045791,0.000000,0.128315,7,1,2,7,4
143,11.778460,0.045791,mother,10,9,9.999998,9.175108,674.872400,257.546300,672.789900,256.718300,2.241156,677.371300,258.030400,668.208400,255.406300,677.371300,249.166200,668.208400,243.113000,0.674759,0.226341,2.603733,0.509318,0.313901,2.670738,0.629641,2.616093,125.265300,0.281083,0.173767,1,0,9.764047,0.024129,0.000061,0.131901,7,10,9,5,4
143,11.778460,0.045791,older_sister,5,6,5.000000,6.021734,596.806000,429.889000,594.857200,430.247000,1.981402,605.004600,428.121600,584.709700,432.372400,605.004600,416.415300,584.709700,421.385900,-0.631861,0.298913,-1.739444,-0.998296,0.280536,-1.847989,-0.779893,-1.784575,251.221700,0.591240,-0.381872,0,0,10.010640,0.021600,0.000220,0.129196,2,4,9,9,4
143,11.778460,0.045791,player,7,3,7.142140,3.000000,815.109900,448.481600,817.203300,447.189900,2.459819,814.025600,449.140500,820.381000,445.239300,814.025600,438.062400,820.381000,429.747000,3.142128,0.282874,-2.276152,3.256880,0.395585,-2.176536,3.161707,-2.259326,234.735200,0.322294,0.151208,1,0,9.796812,0.020313,0.000136,0.130620,1,7,3,3,4
144,11.825570,0.046423,father,4,2,4.000000,2.184826,716.736900,532.129900,714.637500,531.315200,2.251938,719.519900,532.765100,709.755200,529.865500,719.519900,523.902800,709.755200,517.775300,1.435776,0.226293,-4.411455,1.259469,0.308715,-4.337417,1.385527,-4.395236,125.264600,0.268946,0.186700,1,0,9.754397,0.046423,0.000000,0.125016,7,1,2,7,4
144,11.825570,0.046423,mother,10,9,9.999999,9.153096,675.803000,258.011500,673.848000,257.175000,2.126477,677.680700,258.160600,670.015300,256.189400,677.680700,249.276300,670.015300,243.557200,0.680346,0.226854,2.600409,0.541942,0.322555,2.650741,0.646443,2.604214,125.260600,0.308599,0.142068,1,0,9.785923,0.021876,0.000031,0.126958,7,10,9,5,4
144,11.825570,0.046423,older_sister,5,6,5.000000,6.100623,593.470900,428.221400,595.124900,428.430100,1.667043,605.454900,428.460400,584.794800,428.399900,605.454900,415.653200,584.794800,417.585400,-0.623731,0.327025,-1.748097,-0.996760,0.276141,-1.746552,-0.840108,-1.741996,267.933800,0.689850,-0.372731,0,1,10.089040,0.030000,0.000246,0.124590,3,4,9,9,4
144,11.825570,0.046423,player,7,3,7.123407,3.000000,814.317900,448.877600,816.210000,447.764200,2.195390,813.915500,449.221200,818.504500,446.307300,813.915500,438.092900,818.504500,430.810300,3.140142,0.284153,-2.278211,3.222998,0.395705,-2.203806,3.147407,-2.269439,234.732800,0.345713,0.110609,1,0,9.815431,0.018618,0.000086,0.133940,1,7,3,3,4
145,11.920380,0.093869,father,4,2,4.000000,2.104327,720.140000,533.831200,718.913600,533.226900,1.367158,720.777300,533.307500,717.049900,533.146400,720.777300,524.355000,717.049900,520.808500,1.458480,0.228597,-4.425305,1.391179,0.315041,-4.421192,1.446972,-4.438678,125.260600,0.369569,0.057328,1,0,9.834397,0.030000,0.000273,0.125016,7,1,2,7,4
145,11.920380,0.093869,mother,10,9,9.999999,9.120248,677.191700,258.705700,675.643700,257.978200,1.710488,678.213900,258.389200,673.073400,257.567100,678.213900,249.455400,673.073400,244.916000,0.689974,0.228120,2.594570,0.597159,0.323039,2.615562,0.671517,2.586487,125.259600,0.349659,0.087905,1,0,9.818568,0.011476,0.000136,0.126958,7,10,9,5,4
145,11.920380,0.093869,older_sister,5,6,5.000000,6.181121,590.067800,426.520000,592.041100,427.825300,2.366006,597.090500,430.508500,586.991800,425.142200,597.090500,415.796100,586.991800,414.205400,-0.774756,0.375672,-1.800393,-0.957093,0.279266,-1.663370,-0.901553,-1.698550,301.726700,0.790473,-0.227146,0,1,10.169040,0.030000,0.000136,0.124590,3,4,9,9,4
145,11.920380,0.093869,player,7,3,7.094952,3.000000,813.115000,449.478900,814.384400,448.760700,1.458496,813.678100,449.368500,815.090600,448.153000,813.678100,438.175100,815.090600,433.359600,3.135856,0.285817,-2.281972,3.161359,0.377739,-2.250935,3.125688,-2.284793,234.741900,0.381282,0.038742,1,0,9.843710,0.010027,0.000246,0.133940,1,7,3,3,4
146,11.966830,0.046972,father,4,2,4.000000,2.043108,722.728100,535.125400,723.323400,535.392800,0.652519,721.889100,533.826200,724.757600,536.959400,721.889100,524.857500,724.757600,526.800800,1.478554,0.229009,-4.438550,1.530344,0.259392,-4.518554,1.493702,-4.471724,125.266900,0.446094,-0.088478,1,0,9.895238,0.010841,0.000136,0.125016,7,1,2,7,4
146,11.966830,0.046972,mother,10,9,9.999998,9.098583,678.107500,259.163700,677.016700,258.616400,1.220476,678.610700,258.567400,675.422700,258.665400,678.610700,249.609800,675.422700,246.498400,0.697137,0.228727,2.590021,0.639577,0.310678,2.587518,0.688053,2.574795,125.262500,0.376740,0.045554,1,0,9.840098,0.003609,0.000136,0.126958,7,10,9,5,4
146,11.966830,0.046972,older_sister,5,6,5.000000,6.261620,586.664700,424.818500,586.645100,424.934800,0.117851,586.228000,424.941100,587.062400,424.928400,586.228000,410.973700,587.062400,413.656600,-0.970884,0.356650,-1.658234,-0.955818,0.287821,-1.657910,-0.962998,-1.655105,305.262800,0.891095,0.012114,0,1,10.249040,0.030000,0.000031,0.124590,3,4,9,9,4
146,11.966830,0.046972,player,7,3,7.075767,3.000000,812.304000,449.884500,812.941800,449.508300,0.740509,813.512000,449.462900,812.371500,449.553700,813.512000,438.229500,812.371500,435.532200,3.132857,0.286839,-2.284384,3.112262,0.358031,-2.286702,3.111043,-2.295150,234.731500,0.405263,-0.018153,1,0,9.862776,0.003222,0.000164,0.133940,1,7,3,3,4
147,12.013230,0.047502,father,4,2,4.000000,2.000000,724.550500,536.036700,726.187600,536.894000,1.848029,722.539400,534.135400,729.835800,539.652600,722.539400,525.168200,729.835800,530.161700,1.490294,0.228972,-4.446445,1.622035,0.242344,-4.587324,1.526606,-4.494994,125.268700,0.499977,-0.188905,1,0,9.938078,0.042840,0.000000,0.125016,7,1,2,7,4
147,12.013230,0.047502,mother,10,9,9.999999,9.083187,678.758400,259.489200,678.067900,259.121600,0.782223,678.889900,258.697800,677.246000,259.545400,678.889900,249.734200,677.246000,247.895600,0.702180,0.228881,2.586691,0.672497,0.297473,2.565047,0.699804,2.566483,125.272500,0.395985,0.011735,1,0,9.855399,0.015301,0.000086,0.126958,7,10,9,5,4
147,12.013230,0.047502,older_sister,5,6,5.000000,6.342118,583.261700,423.116800,579.492200,421.494200,4.103852,571.990000,418.102300,586.994400,424.886200,571.990000,406.248100,586.994400,413.302800,-1.227958,0.302691,-1.483610,-0.957046,0.295775,-1.656831,-1.024443,-1.611652,305.267400,0.991718,0.321207,0,1,10.329040,0.030000,0.000246,0.124590,3,4,9,9,4
147,12.013230,0.047502,player,7,3,7.061893,3.000000,811.717500,450.177900,811.796200,450.085200,0.121657,813.390400,449.531400,810.202000,450.638900,813.390400,438.268200,810.202000,437.266200,3.130659,0.287599,-2.286132,3.073093,0.341466,-2.314413,3.100454,-2.302642,234.719600,0.422606,-0.063328,1,0,9.876564,0.013788,0.000031,0.133940,1,7,3,3,4
148,12.059450,0.046622,father,4,2,4.000000,2.000000,724.550500,536.036700,726.187600,536.894000,1.848029,722.539400,534.135400,729.835800,539.652600,722.539400,525.168200,729.835800,530.161700,1.490294,0.228972,-4.446445,1.622035,0.242344,-4.587324,1.526606,-4.494994,125.268700,0.499977,-0.188905,1,0,9.938078,0.042840,0.000000,0.125016,7,1,2,7,4
148,12.059450,0.046622,mother,10,9,9.999999,9.069089,679.354500,259.787400,679.085100,259.621500,0.316373,679.145600,258.817900,679.024400,260.425000,679.145600,249.852900,679.024400,249.312400,0.706797,0.228917,2.583623,0.704608,0.283756,2.542587,0.710567,2.558869,125.278700,0.413608,-0.021914,1,0,9.869411,0.014011,0.000061,0.126958,7,10,9,5,4
148,12.059450,0.046622,older_sister,5,6,5.000000,6.422616,579.858500,421.415300,578.373500,420.583500,1.702102,570.255000,416.757100,586.492100,424.409900,570.255000,405.787000,586.492100,412.315500,-1.259285,0.280116,-1.449262,-0.966116,0.308822,-1.644669,-1.085888,-1.568206,305.262600,0.092341,0.352191,0,0,10.409040,0.030000,0.000110,0.124590,3,4,9,9,4
148,12.059450,0.046622,player,7,3,7.049012,3.000000,811.172900,450.450000,810.693900,450.629700,0.511551,813.285400,449.593800,808.102400,451.665700,813.285400,438.303700,808.102400,438.858800,3.128763,0.288284,-2.287724,3.035183,0.327016,-2.340631,3.090621,-2.309589,234.758600,0.438708,-0.106957,1,0,9.889366,0.012802,0.000246,0.133940,1,7,3,3,4
149,12.107570,0.045434,father,4,2,3.991692,2.000000,724.199200,536.212200,725.157000,537.635400,1.715426,723.532000,533.683800,726.782000,541.587000,723.532000,524.715800,726.782000,532.143500,1.508216,0.228992,-4.434914,1.566897,0.241134,-4.636718,1.520264,-4.499476,152.902700,0.510363,-0.206382,1,0,9.946335,0.008257,0.000086,0.125016,1,1,2,7,4
149,12.107570,0.045434,mother,10,9,9.999999,9.056167,679.900600,260.060500,680.053600,260.103700,0.158958,679.379900,258.928200,680.727200,261.279300,679.379900,249.962100,680.727200,250.672300,0.711027,0.228944,2.580807,0.735352,0.270843,2.520775,0.720429,2.551896,125.263400,0.429760,-0.054520,1,0,9.882252,0.012841,0.000086,0.126958,7,10,9,5,4
149,12.107570,0.045434,older_sister,5,7,5.000000,6.503115,576.455400,419.714100,578.096900,420.214700,1.716079,570.684100,416.927700,585.509600,423.501800,570.684100,405.979300,585.509600,410.366500,-1.251537,0.279561,-1.453617,-0.983854,0.335401,-1.621482,-1.147332,-1.524764,305.261100,0.192964,0.315481,1,0,10.489040,0.030000,0.000110,0.124590,3,4,9,9,4
149,12.107570,0.045434,player,7,3,7.037029,3.000000,810.666400,450.703400,809.681500,451.124800,1.071261,813.199800,449.643000,806.163300,452.606700,813.199800,438.329100,806.163300,440.255500,3.127220,0.288895,-2.288983,3.000170,0.315380,-2.364658,3.081476,-2.316058,234.723600,0.453687,-0.147425,1,0,9.901275,0.011908,0.000110,0.133940,1,7,3,3,4
150,12.156430,0.048894,father,4,2,3.964188,2.000000,723.036500,536.793300,722.809400,538.619700,1.840414,724.281700,533.636800,721.337300,543.602700,724.281700,524.631000,721.337300,534.273500,1.521753,0.229956,-4.433713,1.468589,0.238215,-4.688187,1.499270,-4.514315,182.641200,0.544743,-0.256653,0,0,9.973669,0.027334,0.000273,0.128616,1,1,2,7,4
150,12.156430,0.048894,mother,10,9,9.999999,9.042949,680.459500,260.339700,681.059800,260.609500,0.658128,679.616100,259.038700,682.503500,262.180200,679.616100,250.070000,682.503500,252.026300,0.715290,0.229011,2.577985,0.767425,0.259273,2.497770,0.730519,2.544765,125.246000,0.446283,-0.088869,1,0,9.895389,0.013137,0.000136,0.128949,7,10,9,5,4
150,12.156430,0.048894,older_sister,5,7,5.000000,6.583613,573.052400,418.012300,575.713700,418.993200,2.836396,570.969200,417.058500,580.458300,420.927900,570.969200,406.029600,580.458300,405.773000,-1.246389,0.281615,-1.456956,-1.075060,0.386972,-1.555759,-1.208777,-1.481311,305.267500,0.293587,0.196933,1,0,10.569040,0.030000,0.000110,0.131496,3,4,9,9,4
150,12.156430,0.048894,player,7,3,7.024591,3.000000,810.140400,450.966300,808.726200,451.581300,1.542187,813.146000,449.678200,804.306400,453.484400,813.146000,438.341700,804.306400,441.446600,3.126247,0.289471,-2.289881,2.966644,0.307377,-2.387070,3.071980,-2.322772,234.736800,0.469235,-0.186427,1,0,9.913636,0.012361,0.000164,0.139002,1,7,3,3,4
151,12.255470,0.095373,father,4,2,3.887476,2.000000,719.793500,538.415000,719.670300,538.589200,0.213341,726.773400,535.899600,712.567100,541.278900,726.773400,526.316600,712.567100,532.396200,1.566741,0.244697,-4.491493,1.310239,0.226813,-4.628850,1.440715,-4.555724,234.732900,0.640633,-0.288734,0,0,10.049910,0.030000,0.000193,0.128616,1,1,2,7,4
151,12.255470,0.095373,mother,10,9,10.000000,9.000000,682.275300,261.247400,683.912400,262.104400,1.847887,680.263900,259.346400,687.561000,264.862300,680.263900,250.379300,687.561000,255.371400,0.726987,0.228971,2.570128,0.858740,0.242344,2.429282,0.763303,2.521589,125.258800,0.499969,-0.188890,0,0,9.938071,0.000000,0.000246,0.128949,7,-1,-1,5,4
151,12.255470,0.095373,older_sister,5,7,5.000000,6.664112,569.649300,416.310800,570.686100,416.763200,1.131216,570.323400,416.825100,571.048800,416.701400,570.323400,405.609900,571.048800,402.307200,-1.258049,0.286374,-1.450996,-1.244951,0.367547,-1.447838,-1.270221,-1.437865,305.262900,0.394210,0.008872,1,0,10.649040,0.030000,0.000031,0.131496,3,4,9,9,4
151,12.255470,0.095373,player,7,3,7.000000,3.000000,809.100900,451.486000,806.925700,452.408500,2.362756,813.045300,449.734600,800.806000,455.082400,813.045300,438.369900,800.806000,443.405900,3.124428,0.290191,-2.291322,2.903442,0.298152,-2.427874,3.053210,-2.336044,234.738100,0.499972,-0.259274,0,0,9.938074,0.000000,0.000193,0.139002,1,-1,-1,3,4
152,12.306390,0.052200,father,4,2,3.819483,2.000000,716.919000,539.852400,718.778000,539.147500,1.988106,725.157400,536.920300,712.398400,541.374600,725.157400,526.274000,712.398400,532.494700,1.537564,0.271846,-4.517556,1.307193,0.226744,-4.631294,1.388816,-4.592425,234.733400,0.725624,-0.253762,0,1,10.117480,0.017573,0.000061,0.128616,1,1,2,7,4
152,12.306390,0.052200,mother,10,9,10.000000,9.000000,682.275300,261.247400,683.912400,262.104400,1.847887,680.263900,259.346400,687.561000,264.862300,680.263900,250.379300,687.561000,255.371400,0.726987,0.228971,2.570128,0.858740,0.242344,2.429282,0.763303,2.521589,125.258800,0.499969,-0.188890,0,0,9.938071,0.000000,0.000246,0.128949,7,-1,-1,5,4
152,12.306390,0.052200,older_sister,5,7,5.000000,6.744610,566.246200,414.609100,564.387900,413.528100,2.149876,569.737900,416.575300,559.037800,410.480800,569.737900,405.215500,559.037800,398.757000,-1.268622,0.290067,-1.444620,-1.461817,0.299363,-1.289000,-1.331665,-1.394412,305.268200,0.494832,-0.247591,1,0,10.729040,0.030000,0.000164,0.131496,3,4,9,9,4
152,12.306390,0.052200,player,7,3,7.000000,3.000000,809.100900,451.486000,806.925700,452.408500,2.362756,813.045300,449.734600,800.806000,455.082400,813.045300,438.369900,800.806000,443.405900,3.124428,0.290191,-2.291322,2.903442,0.298152,-2.427874,3.053210,-2.336044,234.738100,0.499972,-0.259274,0,0,9.938074,0.000000,0.000193,0.139002,1,-1,-1,3,4
153,12.358650,0.052615,father,4,2,3.766539,2.000000,714.680800,540.971500,716.657700,540.200400,2.121883,721.269900,538.881400,712.045300,541.519300,721.269900,527.144200,712.045300,532.557300,1.467373,0.299704,-4.567633,1.300819,0.228839,-4.634989,1.348404,-4.621001,234.735300,0.791803,-0.174879,0,1,10.170090,0.002615,0.000000,0.128616,1,1,2,7,4
153,12.358650,0.052615,mother,10,9,10.000000,9.000000,682.275300,261.247400,683.912400,262.104400,1.847887,680.263900,259.346400,687.561000,264.862300,680.263900,250.379300,687.561000,255.371400,0.726987,0.228971,2.570128,0.858740,0.242344,2.429282,0.763303,2.521589,125.258800,0.499969,-0.188890,0,0,9.938071,0.000000,0.000246,0.128949,7,-1,-1,5,4
153,12.358650,0.052615,older_sister,5,7,5.000000,6.825109,562.843100,412.907600,561.421000,412.093000,1.638851,569.833300,416.645500,553.008800,407.540600,569.833300,404.908300,553.008800,396.580300,-1.266899,0.299702,-1.446410,-1.570674,0.279864,-1.213921,-1.393111,-1.350966,305.262600,0.595455,-0.382259,0,0,10.809040,0.030000,0.000110,0.131496,3,4,9,9,4
153,12.358650,0.052615,player,7,3,7.000000,3.000000,809.100900,451.486000,806.925700,452.408500,2.362756,813.045300,449.734600,800.806000,455.082400,813.045300,438.369900,800.806000,443.405900,3.124428,0.290191,-2.291322,2.903442,0.298152,-2.427874,3.053210,-2.336044,234.738100,0.499972,-0.259274,0,0,9.938074,0.000000,0.000193,0.139002,1,-1,-1,3,4
154,12.415190,0.049772,father,4,2,3.716457,2.000000,712.563600,542.030000,713.563400,541.578900,1.096819,715.679200,541.373600,711.447600,541.784100,715.679200,529.618000,711.447600,532.671200,1.366430,0.300174,-4.631270,1.290027,0.232692,-4.641749,1.310177,-4.648028,234.739600,0.854405,-0.068436,0,1,10.219870,0.049772,0.000136,0.128616,1,1,2,7,4
154,12.415190,0.049772,mother,10,9,10.000000,9.000000,682.275300,261.247400,683.912400,262.104400,1.847887,680.263900,259.346400,687.561000,264.862300,680.263900,250.379300,687.561000,255.371400,0.726987,0.228971,2.570128,0.858740,0.242344,2.429282,0.763303,2.521589,125.258800,0.499969,-0.188890,0,0,9.938071,0.000000,0.000275,0.128949,7,7,10,5,4
154,12.415190,0.049772,older_sister,5,7,5.000000,6.905607,559.440000,411.205900,560.737900,412.179600,1.622516,568.801600,416.583700,552.674100,407.775500,568.801600,403.703400,552.674100,396.957100,-1.285526,0.328891,-1.444834,-1.576718,0.276240,-1.219919,-1.454556,-1.307513,305.267400,0.696078,-0.367613,0,1,10.889040,0.030000,0.000273,0.131496,3,4,9,9,4
154,12.415190,0.049772,player,7,3,7.000000,3.000000,809.100900,451.486000,806.925700,452.408500,2.362756,813.045300,449.734600,800.806000,455.082400,813.045300,438.369900,800.806000,443.405900,3.124428,0.290191,-2.291322,2.903442,0.298152,-2.427874,3.053210,-2.336044,234.738100,0.499972,-0.259274,0,0,9.938074,0.000000,0.000193,0.139002,1,9,5,5,4
155,12.475340,0.057507,father,4,2,3.658592,2.000000,710.117300,543.253200,709.274000,543.708700,0.958453,707.757000,545.312900,710.791100,542.104700,707.757000,535.173200,710.791100,532.877400,1.223391,0.258910,-4.731856,1.278173,0.235614,-4.649937,1.266008,-4.679263,234.733500,0.926737,0.092026,0,1,10.277370,0.007507,0.000086,0.128616,1,1,2,7,4
155,12.475340,0.057507,mother,10,9,9.986690,9.000000,681.712500,261.528900,682.429300,263.096600,1.723788,681.446400,258.841600,683.412400,267.351500,681.446400,249.871900,683.412400,257.929200,0.748337,0.229036,2.583018,0.783835,0.240591,2.365724,0.753142,2.514401,160.231000,0.516607,-0.216495,1,0,9.951300,0.003228,0.000164,0.128949,1,7,10,5,4
155,12.475340,0.057507,older_sister,5,7,5.000000,6.986105,556.036900,409.504600,557.848100,410.849200,2.255697,562.392400,413.597500,553.303800,408.100900,562.392400,398.775900,553.303800,397.148500,-1.401249,0.378460,-1.368581,-1.565349,0.279663,-1.228228,-1.516000,-1.264072,305.260500,0.796701,-0.215019,0,1,10.969040,0.030000,0.000061,0.131496,3,4,9,9,4
155,12.475340,0.057507,player,7,3,7.013311,3.000000,809.663600,451.204700,809.565600,453.253300,2.050961,809.660800,447.458100,809.470300,459.048600,809.660800,436.074400,809.470300,447.495600,3.063321,0.290675,-2.233192,3.059882,0.294998,-2.529149,3.063371,-2.328860,177.231900,0.516611,-0.295445,1,0,9.951303,0.003228,0.000136,0.139002,5,9,5,5,4
156,12.534950,0.058957,father,4,2,3.599268,2.000000,707.609400,544.506900,704.783000,546.058800,3.224432,699.522000,549.639600,710.043900,542.478000,699.522000,539.946700,710.043900,533.109100,1.074702,0.247503,-4.842336,1.264683,0.239229,-4.659469,1.220725,-4.711276,234.741100,0.000893,0.260694,0,1,10.336330,0.008957,0.000273,0.132832,1,1,2,7,4
156,12.534950,0.058957,mother,10,9,9.945407,9.000001,679.967300,262.401300,679.200300,264.035900,1.805575,682.429700,259.005400,675.970800,269.066400,682.429700,249.925900,675.970800,259.845600,0.766092,0.231840,2.578836,0.649473,0.235451,2.321933,0.721631,2.492123,196.085000,0.568211,-0.279157,0,0,9.992327,0.008024,0.000301,0.127467,1,7,10,5,4
156,12.534950,0.058957,older_sister,5,7,4.978266,7.000000,554.530700,409.670100,556.155100,410.133600,1.689223,559.277200,410.920200,553.033000,409.347100,559.277200,395.830400,553.033000,398.238300,-1.457496,0.385307,-1.300218,-1.570238,0.283656,-1.260050,-1.543195,-1.268298,284.036000,0.841236,-0.119118,0,1,11.004440,0.021600,0.000273,0.131637,2,4,9,9,4
156,12.534950,0.058957,player,7,3,7.054594,3.000000,811.408800,450.332100,813.916000,451.513000,2.771378,804.951700,447.672100,822.880300,455.353800,804.951700,436.105900,822.880300,444.160500,2.978293,0.295338,-2.238657,3.302006,0.285814,-2.434805,3.094882,-2.306579,118.275900,0.568214,-0.378006,0,0,9.992330,0.008024,0.000164,0.137468,5,9,5,5,4
157,12.642130,0.106237,father,4,2,3.518770,2.000000,704.206300,546.208600,703.080800,546.631800,1.202408,697.565900,550.215100,708.595800,543.048400,697.565900,541.364000,708.595800,533.224600,1.039383,0.226010,-4.857032,1.238536,0.250846,-4.674035,1.159281,-4.754729,234.732000,0.101515,0.268263,0,0,10.416330,0.030000,0.000136,0.132832,1,1,2,7,4
157,12.642130,0.106237,mother,10,9,9.865202,9.000001,676.576600,264.096600,677.199800,263.950500,0.640084,684.242000,261.315000,670.157600,266.586000,684.242000,251.415100,670.157600,257.746000,0.798814,0.252788,2.519863,0.544513,0.225723,2.385271,0.660411,2.448834,234.736100,0.668467,-0.285343,0,1,10.072030,0.030000,0.000329,0.127467,1,7,10,5,4
157,12.642130,0.106237,older_sister,5,7,4.899377,7.000000,551.195700,411.337800,549.358900,412.060900,1.973995,545.379800,413.545000,553.338000,410.576800,545.379800,401.008900,553.338000,399.171900,-1.708420,0.320103,-1.367242,-1.564731,0.291215,-1.291448,-1.603411,-1.310881,245.790600,0.939846,0.162133,0,1,11.082840,0.030000,0.000136,0.131637,1,4,9,9,4
157,12.642130,0.106237,player,7,3,7.134799,3.000000,814.799600,448.636800,813.957000,448.841600,0.867057,805.055400,452.971000,822.858900,444.712200,805.055400,440.440200,822.858900,433.894500,2.980166,0.319966,-2.373960,3.301618,0.276223,-2.163077,3.156103,-2.263289,54.736240,0.668469,-0.384218,0,1,10.072040,0.030000,0.000110,0.137468,5,9,5,5,4
158,12.702490,0.061258,father,3,2,3.438271,2.000000,700.803200,547.910100,701.892800,547.119300,1.346344,697.111500,550.476700,706.674100,543.761700,697.111500,541.667800,706.674100,532.914600,1.031180,0.224930,-4.863713,1.203838,0.276973,-4.692247,1.097836,-4.798175,234.737100,0.202138,0.239969,1,0,10.496330,0.030000,0.000193,0.132832,1,1,2,7,4
158,12.702490,0.061258,mother,10,9,9.784704,9.000001,673.173500,265.798400,675.265800,265.010400,2.235753,680.598800,263.361200,669.932700,266.659500,680.598800,251.954100,669.932700,257.732100,0.733035,0.291274,2.467613,0.540452,0.227958,2.383392,0.598966,2.405381,234.732200,0.769089,-0.205866,0,1,10.152030,0.030000,0.000136,0.127467,1,7,10,5,4
158,12.702490,0.061258,older_sister,5,7,4.818879,7.000000,547.792600,413.039200,545.039300,414.553300,3.142154,537.416300,418.670400,552.662300,410.436300,537.416300,407.284900,552.662300,398.658700,-1.852206,0.290722,-1.498115,-1.576931,0.300733,-1.287862,-1.664856,-1.354327,234.737200,0.040469,0.346150,0,0,11.162840,0.030000,0.000193,0.131637,1,4,9,9,4
158,12.702490,0.061258,player,7,3,7.215297,3.000000,818.202600,446.935000,815.560100,447.765400,2.769956,809.162600,450.436500,821.957700,445.094200,809.162600,436.129500,821.957700,434.199800,3.054324,0.365320,-2.309244,3.285347,0.278184,-2.172832,3.217548,-2.219836,54.732220,0.769093,-0.267385,0,1,10.152040,0.030000,0.000301,0.137468,5,9,5,5,4
159,12.764060,0.061986,father,3,2,3.368357,2.000000,697.847600,549.387900,699.645500,548.294600,2.104276,696.572500,550.797800,702.718500,545.791300,696.572500,541.929600,702.718500,533.376100,1.021448,0.226443,-4.871911,1.132417,0.317013,-4.744071,1.044470,-4.835909,234.736400,0.289530,0.164414,1,0,10.565810,0.019481,0.000136,0.132832,1,1,2,7,4
159,12.764060,0.061986,mother,10,9,9.714790,9.000001,670.217900,267.276200,671.171300,266.845700,1.046108,673.193100,266.686300,669.149700,267.005200,673.193100,254.965600,669.149700,257.887800,0.599318,0.299280,2.382709,0.526313,0.232806,2.374567,0.545601,2.367646,234.736000,0.856481,-0.064310,0,1,10.221520,0.019481,0.000136,0.127467,1,7,10,5,4
159,12.764060,0.061986,older_sister,5,7,4.738380,7.000000,544.389500,414.741000,544.162700,414.656400,0.242137,536.553500,418.733000,551.771800,410.579700,536.553500,407.825600,551.771800,398.040300,-1.867784,0.278514,-1.499715,-1.593010,0.320186,-1.291525,-1.726300,-1.397781,234.731800,0.141092,0.344551,0,0,11.242840,0.030000,0.000000,0.131637,1,4,9,9,4
159,12.764060,0.061986,player,7,3,7.285212,3.000000,821.158300,445.457200,820.017000,445.846800,1.205939,818.010500,446.590500,822.023600,445.103100,818.010500,431.760300,822.023600,433.939700,3.214078,0.378680,-2.211038,3.286537,0.285050,-2.173058,3.270914,-2.182101,54.736020,0.856484,-0.081090,0,1,10.221520,0.019481,0.000246,0.137468,5,9,5,5,4
160,12.823800,0.060568,father,3,2,3.307411,2.000000,695.271100,550.676300,696.546400,550.023400,1.432737,695.680400,551.310900,697.412400,548.735900,695.680400,542.361500,697.412400,536.314800,1.005341,0.228517,-4.885010,1.036612,0.317167,-4.819261,0.997950,-4.868807,234.732800,0.365712,0.063495,1,0,10.626380,0.010568,0.000086,0.132832,1,1,2,7,4
160,12.823800,0.060568,mother,10,9,9.653845,9.000001,667.641400,268.564600,666.611600,269.121900,1.170852,664.771400,270.896600,668.451800,267.347100,664.771400,260.869200,668.451800,258.111600,0.447262,0.256043,2.275201,0.513714,0.235823,2.365834,0.499080,2.334747,234.732200,0.932664,0.106588,0,1,10.282080,0.010568,0.000061,0.127467,1,7,10,5,4
160,12.823800,0.060568,older_sister,5,7,4.657882,7.000000,540.986400,416.442400,543.258700,414.950700,2.718163,537.457800,418.311700,549.059600,411.589800,537.457800,407.307500,549.059600,397.538900,-1.851457,0.280986,-1.488956,-1.641980,0.358780,-1.317316,-1.787745,-1.441226,234.737400,0.241715,0.270134,1,0,11.322840,0.030000,0.000110,0.131637,1,4,9,9,4
160,12.823800,0.060568,player,7,3,7.346157,3.000000,823.734700,444.169300,825.041000,443.381700,1.525356,828.028100,441.664900,822.054000,445.098500,828.028100,428.945000,822.054000,433.713200,3.394952,0.324794,-2.085266,3.287086,0.290715,-2.172940,3.317433,-2.149215,54.741840,0.932667,0.138690,0,1,10.282090,0.010568,0.000000,0.137468,5,9,5,5,4
161,12.884500,0.060914,father,3,2,3.246118,2.000000,692.679900,551.971900,692.226700,552.229700,0.521471,694.615100,551.882200,689.838300,552.577300,694.615100,542.914200,689.838300,542.322100,0.986106,0.228992,-4.899600,0.899858,0.261860,-4.917348,0.951165,-4.901888,234.736400,0.442329,-0.080668,1,0,10.687290,0.010914,0.000061,0.132832,1,1,2,7,4
161,12.884500,0.060914,mother,10,9,9.592551,9.000001,665.050200,269.860100,662.358000,271.331600,3.068047,657.087600,274.912400,667.628400,267.750900,657.087600,265.310000,667.628400,258.358300,0.308527,0.245192,2.172662,0.498846,0.239836,2.355525,0.452295,2.301666,234.736600,0.009279,0.260971,0,1,10.343000,0.010914,0.000086,0.127467,1,7,10,5,4
161,12.884500,0.060914,older_sister,5,7,4.577384,7.000000,537.583300,418.143700,539.512400,417.001800,2.241731,537.085400,418.532500,541.939500,415.471100,537.085400,407.411500,541.939500,399.957800,-1.858181,0.283968,-1.494594,-1.770537,0.396124,-1.416423,-1.849190,-1.484668,234.739500,0.342338,0.116692,1,0,11.402840,0.030000,0.000329,0.131637,1,4,9,9,4
161,12.884500,0.060914,player,7,3,7.407450,3.000000,826.325900,442.873700,829.719000,440.925900,3.912416,837.217100,436.819500,822.220900,445.032300,837.217100,425.056200,822.220900,433.378600,3.560864,0.300368,-1.961541,3.290100,0.297571,-2.171252,3.364218,-2.116133,54.735720,0.009283,0.342155,0,1,10.343000,0.010914,0.000031,0.137468,5,9,5,5,4
162,12.943220,0.058641,father,3,2,3.187112,2.000000,690.185400,553.219000,688.247400,554.123500,2.138745,693.764200,552.325900,682.730600,555.921100,693.764200,543.356400,682.730600,546.497200,0.970743,0.229031,-4.910930,0.771524,0.240635,-5.002732,0.906125,-4.933734,234.737600,0.516086,-0.215665,1,0,10.745930,0.008641,0.000136,0.128764,1,1,2,7,4
162,12.943220,0.058641,mother,10,9,9.533545,9.000000,662.555700,271.107300,661.082200,271.753300,1.608827,655.592000,275.340600,666.572500,268.165900,655.592000,266.410300,666.572500,258.467700,0.281522,0.228031,2.161725,0.479781,0.247638,2.344929,0.407256,2.269821,234.737800,0.083036,0.267650,0,0,10.401640,0.008641,0.000164,0.130773,1,7,10,5,4
162,12.943220,0.058641,older_sister,4,7,4.496885,7.000000,534.180200,419.845500,533.549400,420.098400,0.679618,536.409100,418.932300,530.689800,421.264600,536.409100,407.635200,530.689800,408.599700,-1.870391,0.288464,-1.504802,-1.973656,0.323390,-1.564357,-1.910635,-1.528121,234.732600,0.442961,-0.118699,1,0,11.482840,0.030000,0.000136,0.138079,1,4,9,9,4
162,12.943220,0.058641,player,7,3,7.466456,3.000000,828.820400,441.626100,830.645200,440.767500,2.016705,838.438400,436.629500,822.852200,444.905300,838.438400,425.613500,822.852200,432.882200,3.582914,0.281288,-1.956691,3.301497,0.307005,-2.168010,3.409257,-2.084277,54.728240,0.083040,0.351783,0,0,10.401640,0.008641,0.000273,0.135306,5,9,5,5,4
163,13.049890,0.107082,father,3,2,3.106614,2.000000,686.782300,554.920700,686.037800,555.358200,0.863454,693.108800,552.684100,678.966900,558.032200,693.108800,543.323900,678.966900,549.094400,0.958908,0.239007,-4.920076,0.703569,0.228221,-5.056636,0.844680,-4.977187,234.732600,0.616708,-0.287325,0,0,10.825930,0.030000,0.000000,0.128764,1,1,2,7,4
163,13.049890,0.107082,mother,9,9,9.453046,9.000000,659.152600,272.808700,659.865100,272.227400,0.919546,654.845200,275.671800,664.885000,268.783100,654.845200,266.882700,664.885000,258.151500,0.268039,0.224424,2.153270,0.449312,0.271471,2.329169,0.345811,2.226376,234.737100,0.183660,0.249563,1,0,10.481640,0.030000,0.000273,0.130773,1,7,10,5,4
163,13.049890,0.107082,older_sister,4,7,4.416387,7.000000,530.777100,421.547000,527.991500,422.686800,3.009834,536.139800,419.086700,519.843100,426.287000,536.139800,407.636500,519.843100,414.915300,-1.875253,0.292374,-1.508745,-2.169500,0.290370,-1.692601,-1.972080,-1.571567,234.737000,0.543583,-0.346401,0,0,11.562840,0.030000,0.000220,0.138079,1,4,9,9,4
163,13.049890,0.107082,player,8,3,7.546955,3.000001,832.223500,439.924700,831.248200,440.707900,1.250841,838.271600,436.802700,824.224800,444.613000,838.271600,425.865900,824.224800,431.587300,3.579904,0.279265,-1.961113,3.326281,0.332603,-2.160543,3.470702,-2.040831,54.737260,0.183662,0.322223,1,0,10.481640,0.030000,0.000164,0.135306,5,9,5,5,4
164,13.126030,0.077402,father,3,2,3.026115,2.000000,683.379200,556.622200,685.120100,555.971600,1.858494,691.645600,553.660800,678.594500,558.282400,691.645600,543.172000,678.594500,549.410900,0.932492,0.267827,-4.945017,0.696846,0.226529,-5.063025,0.783236,-5.020632,234.737100,0.717331,-0.260537,0,1,10.905930,0.030000,0.000086,0.128764,1,1,2,7,4
164,13.126030,0.077402,mother,9,9,9.372548,9.000000,655.749500,274.510500,657.548500,273.404400,2.111800,654.348800,275.979100,660.748200,270.829700,654.348800,267.113700,660.748200,258.488300,0.259075,0.226371,2.145424,0.374619,0.315132,2.276909,0.284366,2.182923,234.732900,0.284282,0.170255,1,0,10.561640,0.030000,0.000061,0.130773,1,7,10,5,4
164,13.126030,0.077402,older_sister,4,7,4.335888,7.000000,527.374000,423.248700,527.369300,423.363500,0.114842,536.387900,419.149300,518.350800,427.577600,536.387900,406.929700,518.350800,416.719600,-1.870775,0.312022,-1.510345,-2.196445,0.277252,-1.725555,-2.033524,-1.615020,234.732200,0.644206,-0.390160,0,0,11.642840,0.030000,0.000031,0.138079,1,4,9,9,4
164,13.126030,0.077402,player,8,3,7.627453,3.000001,835.626600,438.223000,833.420300,439.702000,2.656147,837.883200,437.010700,828.957500,442.393400,837.883200,425.991100,828.957500,427.402300,3.572891,0.281376,-1.966422,3.411731,0.382790,-2.103868,3.532147,-1.997378,54.732520,0.284286,0.210941,1,0,10.561640,0.030000,0.000382,0.135306,5,9,5,5,4
165,13.209860,0.077215,father,3,2,2.945617,2.000000,679.976100,558.323500,681.663600,557.617100,1.829315,685.322900,556.708900,678.004200,558.525500,685.322900,544.708900,678.004200,549.505400,0.818331,0.306414,-5.022846,0.686186,0.230322,-5.069232,0.721791,-5.064074,234.739500,0.817954,-0.134679,0,1,10.985930,0.030000,0.000273,0.128764,1,1,2,7,4
165,13.209860,0.077215,mother,9,9,9.292049,9.000000,652.346400,276.211900,653.290400,275.752100,1.050028,653.136000,276.669600,653.444800,274.834600,653.136000,267.707900,653.444800,262.873200,0.237180,0.228831,2.127793,0.242753,0.305429,2.174646,0.222922,2.139478,234.737200,0.384905,0.031600,1,0,10.641640,0.030000,0.000136,0.130773,1,7,10,5,4
165,13.209860,0.077215,older_sister,4,7,4.255390,7.000000,523.970900,424.950200,526.589700,424.072900,2.761746,533.889000,420.904800,519.290300,427.241100,533.889000,407.110000,519.290300,416.385800,-1.915893,0.352241,-1.555169,-2.179481,0.277182,-1.716962,-2.094969,-1.658465,234.737200,0.744829,-0.308631,0,1,11.722840,0.030000,0.000110,0.138079,1,4,9,9,4
165,13.209860,0.077215,player,8,3,7.707952,3.000001,839.029700,436.521700,837.845300,437.191700,1.360730,838.369300,436.678800,837.321300,437.704700,838.369300,425.479200,837.321300,423.016900,3.581667,0.285976,-1.957949,3.562746,0.375044,-1.984144,3.593592,-1.953937,54.739570,0.384909,0.030572,1,0,10.641640,0.030000,0.000136,0.135306,5,9,5,5,4
166,13.285210,0.083243,father,3,2,2.865119,2.000000,676.573000,560.025200,675.973900,560.351900,0.682417,674.900300,561.728100,677.047500,558.975800,674.900300,551.409800,677.047500,549.759900,0.630144,0.263472,-5.151009,0.668914,0.235323,-5.080731,0.660346,-5.107527,234.732300,0.918576,0.072232,0,1,11.065930,0.030000,0.000136,0.128764,1,1,2,7,4
166,13.285210,0.083243,mother,9,9,9.211551,9.000000,648.943400,277.913700,647.528000,278.609500,1.577198,651.823700,277.366700,643.232100,279.852300,651.823700,268.396100,643.232100,270.271900,0.213483,0.229060,2.109990,0.058358,0.244630,2.046522,0.161477,2.096024,234.732100,0.485528,-0.163300,1,0,10.721640,0.030000,0.000031,0.130773,1,7,10,5,4
166,13.285210,0.083243,older_sister,4,7,4.174891,7.000000,520.567900,426.651500,522.012200,426.129800,1.535647,524.654500,425.081100,519.370000,427.178500,524.654500,410.052400,519.370000,416.054300,-2.082628,0.383749,-1.661809,-2.178042,0.284050,-1.715365,-2.156414,-1.701907,234.739600,0.845451,-0.108827,0,1,11.802840,0.030000,0.000329,0.138079,1,4,9,9,4
166,13.285210,0.083243,player,8,3,7.788450,3.000000,842.432800,434.820200,844.265800,434.030000,1.996076,838.930500,436.352000,849.601100,431.708000,838.930500,424.998800,849.601100,419.894500,3.591800,0.289896,-1.949604,3.784466,0.301653,-1.831024,3.655036,-1.910491,54.737080,0.485531,-0.225773,1,0,10.721640,0.030000,0.000086,0.135306,5,9,5,5,4
167,13.342690,0.058113,father,3,2,2.784620,2.000000,673.169900,561.726700,670.635900,563.101500,2.882926,665.351300,566.681600,675.920400,559.521400,665.351300,557.187700,675.920400,550.100300,0.457733,0.242421,-5.277495,0.648564,0.240560,-5.094660,0.598902,-5.150973,234.737100,0.019199,0.261371,0,1,11.145930,0.030000,0.000220,0.128764,1,1,2,7,4
167,13.342690,0.058113,mother,9,9,9.131052,9.000000,645.540200,279.615000,643.997100,280.362100,1.714490,650.996800,277.785400,636.997300,282.938900,650.996800,268.627300,636.997300,273.880200,0.198554,0.233845,2.099301,-0.054216,0.231311,1.967708,0.100032,2.052583,234.739500,0.586150,-0.282364,0,0,10.801640,0.030000,0.000164,0.130773,1,7,10,5,4
167,13.342690,0.058113,older_sister,4,7,4.094393,7.000000,517.164800,428.353200,515.294700,429.463400,2.174776,511.343500,431.704600,519.246000,427.222300,511.343500,419.317800,519.246000,415.799500,-2.322965,0.316288,-1.830936,-2.180280,0.291672,-1.716482,-2.217858,-1.745361,234.731700,0.946075,0.182582,0,1,11.882840,0.030000,0.000136,0.138079,1,4,9,9,4
167,13.342690,0.058113,player,8,3,7.868949,3.000000,845.835900,433.118500,847.788800,432.303200,2.116216,838.886200,436.363900,856.691200,428.242600,838.886200,424.691500,856.691200,417.211300,3.591002,0.298047,-1.949908,3.912480,0.281676,-1.742534,3.716481,-1.867038,54.732140,0.586154,-0.382212,0,0,10.801640,0.030000,0.000220,0.135306,5,9,5,5,4
168,13.399510,0.057529,father,3,2,2.723659,2.000000,670.592800,563.015300,669.350100,563.513700,1.338902,663.842100,567.100000,674.858300,559.927400,663.842100,558.225400,674.858300,550.145600,0.430482,0.226608,-5.288178,0.629385,0.249774,-5.105030,0.552370,-5.183879,234.732900,0.095400,0.268146,0,0,11.206520,0.010584,0.000136,0.128671,1,1,2,7,4
168,13.399510,0.057529,mother,9,9,9.070091,9.000000,642.963100,280.903500,643.425400,280.826200,0.468644,650.492500,278.171900,636.358200,283.480400,650.492500,268.344500,636.358200,274.634300,0.189448,0.250937,2.089431,-0.065754,0.225880,1.953881,0.053500,2.019681,234.736600,0.662351,-0.286632,0,1,10.862220,0.010584,0.000220,0.120484,1,7,10,5,4
168,13.399510,0.057529,older_sister,4,7,4.013894,7.000000,513.761700,430.054700,511.138500,431.474300,2.982754,503.482400,435.593700,518.794600,427.355000,503.482400,424.277500,518.794600,415.550000,-2.464901,0.288953,-1.930242,-2.188431,0.301435,-1.719872,-2.279302,-1.788806,234.737200,0.046698,0.347194,0,0,11.962840,0.030000,0.000220,0.142063,1,4,9,9,4
168,13.399510,0.057529,player,8,3,7.929910,3.000000,848.413100,431.829900,847.779500,431.956300,0.646032,838.833100,436.115900,856.726000,427.796700,838.833100,423.665200,856.726000,416.971700,3.590043,0.317923,-1.943577,3.913106,0.276410,-1.731150,3.763014,-1.834136,54.737540,0.662355,-0.386425,0,1,10.862220,0.010584,0.000164,0.124257,5,9,5,5,4
169,13.502500,0.100811,father,3,2,2.643160,2.000000,667.189700,564.717000,668.157500,563.994000,1.207998,663.292600,567.383000,673.022500,560.605100,663.292600,558.581900,673.022500,549.828600,0.420561,0.224731,-5.295403,0.596239,0.275173,-5.122334,0.490925,-5.227328,234.735000,0.196023,0.243363,1,0,11.286520,0.030000,0.000061,0.128671,1,1,2,7,4
169,13.502500,0.100811,mother,9,9,8.989593,9.000000,639.560000,282.605300,641.657500,281.818800,2.240052,647.165800,280.083800,636.149200,283.553900,647.165800,268.773500,636.149200,274.633900,0.129381,0.288802,2.040612,-0.069528,0.227765,1.952006,-0.007944,1.976228,234.732200,0.762974,-0.213563,0,1,10.942220,0.030000,0.000061,0.120484,1,7,10,5,4
169,13.502500,0.100811,older_sister,4,7,4.000000,7.021734,512.255500,429.889000,510.329700,429.794900,1.928138,500.574100,429.861800,520.085200,429.728100,500.574100,418.886700,520.085200,417.642400,-2.517412,0.280242,-1.783880,-2.165128,0.308602,-1.780467,-2.306498,-1.784575,271.029100,0.091233,0.352165,0,0,11.998250,0.021600,0.000193,0.142063,2,4,9,9,4
169,13.502500,0.100811,player,8,3,8.010408,3.000000,851.816100,430.128600,849.155000,430.971500,2.791366,842.512200,433.764800,855.797900,428.178100,842.512200,419.581300,855.797900,417.293600,3.656471,0.362169,-1.883543,3.896351,0.277930,-1.740889,3.824457,-1.790694,54.738850,0.762978,-0.278223,0,1,10.942220,0.030000,0.000000,0.124257,5,9,5,5,4
170,13.560060,0.056959,father,3,2,2.564906,2.000000,663.881500,566.371000,665.676900,565.290500,2.095500,662.709400,567.733200,668.644500,562.847800,662.709400,558.862100,668.644500,550.375100,0.410031,0.226518,-5.304345,0.517192,0.318482,-5.179599,0.431194,-5.269564,234.735500,0.293841,0.159519,1,0,11.364290,0.027770,0.000086,0.128671,1,1,2,7,4
170,13.560060,0.056959,mother,9,9,8.911339,9.000001,636.251800,284.259300,637.109500,283.871700,0.941240,638.934100,283.808200,635.285000,283.935300,638.934100,272.162600,635.285000,274.809100,-0.019246,0.297362,1.945512,-0.085132,0.233031,1.942266,-0.067677,1.933991,234.736300,0.860792,-0.055670,0,1,11.019990,0.027770,0.000086,0.120484,1,7,10,5,4
170,13.560060,0.056959,older_sister,4,7,4.000000,7.100623,508.920500,428.221400,510.583600,428.412300,1.674089,502.223800,426.437400,518.943400,430.387100,502.223800,415.493200,518.943400,417.289300,-2.487625,0.279454,-1.696440,-2.185744,0.334445,-1.797295,-2.366714,-1.741996,291.558800,0.189843,0.317822,1,0,12.076650,0.030000,0.000205,0.142063,3,4,9,9,4
170,13.560060,0.056959,player,8,3,8.088664,3.000000,855.124400,428.474100,854.101300,428.813300,1.077837,852.349500,429.436200,855.853100,428.190300,852.349500,414.690200,855.853100,417.012300,3.834089,0.376530,-1.773015,3.897348,0.285423,-1.741200,3.884190,-1.748446,54.728710,0.860796,-0.070018,0,1,11.019990,0.027770,0.000356,0.124257,5,9,5,5,4
171,13.617980,0.058388,father,3,2,2.506154,2.000000,661.397800,567.612900,662.648900,566.974800,1.404411,661.838300,568.233100,663.459500,565.716400,661.838300,559.282500,663.459500,553.328100,0.394301,0.228550,-5.317111,0.423574,0.316327,-5.252849,0.386349,-5.301272,234.738000,0.367280,0.061002,1,0,11.422670,0.008388,0.000136,0.128671,1,1,2,7,4
171,13.617980,0.058388,mother,9,9,8.852588,9.000001,633.768100,285.501100,632.686900,286.086900,1.229684,630.760300,287.907700,634.613500,284.266100,630.760300,277.908800,634.613500,275.028500,-0.166828,0.255317,1.840833,-0.097256,0.235877,1.933820,-0.112521,1.902284,234.737000,0.934232,0.110490,0,1,11.078380,0.008388,0.000164,0.120484,1,7,10,5,4
171,13.617980,0.058388,older_sister,4,7,4.000000,7.181121,505.517400,426.520000,508.196400,427.499400,2.852372,503.338600,425.517000,513.054100,429.481800,503.338600,414.491700,513.054100,414.380300,-2.467497,0.281524,-1.672939,-2.292079,0.385606,-1.774177,-2.428158,-1.698550,305.262900,0.290465,0.201678,1,0,12.156650,0.030000,0.000136,0.142063,3,4,9,9,4
171,13.617980,0.058388,player,8,3,8.147415,3.000001,857.608100,427.232300,858.978800,426.408400,1.599269,862.077900,424.631200,855.879600,428.185500,862.077900,411.952300,855.879600,416.796000,4.009739,0.323750,-1.650322,3.897826,0.290823,-1.741078,3.929035,-1.716739,54.737900,0.934235,0.143774,0,1,11.078380,0.008388,0.000246,0.124257,5,9,5,5,4
172,13.674470,0.057392,father,2,2,2.448405,2.000000,658.956400,568.833700,658.582100,569.052800,0.433691,660.834000,568.771500,656.330300,569.334100,660.834000,559.804000,656.330300,559.001800,0.376168,0.228980,-5.330857,0.294852,0.263830,-5.345224,0.342268,-5.332446,234.732300,0.439467,-0.074687,1,0,11.480070,0.007392,0.000000,0.128671,1,1,2,7,4
172,13.674470,0.057392,mother,9,9,8.794838,9.000001,631.326700,286.722000,628.589000,288.220900,3.121189,623.322200,291.802100,633.855800,284.639800,623.322200,282.168500,633.855800,275.255200,-0.301128,0.245987,1.741392,-0.110937,0.239630,1.924277,-0.156602,1.871110,234.732300,0.006418,0.260881,0,1,11.135770,0.007392,0.000031,0.120484,1,7,10,5,4
172,13.674470,0.057392,older_sister,4,7,4.000000,7.261620,502.114300,424.818500,503.237700,425.310700,1.226449,502.706200,425.290300,503.769200,425.331000,502.706200,414.080300,503.769200,410.835300,-2.478915,0.286242,-1.667152,-2.459724,0.370138,-1.668190,-2.489603,-1.655105,305.262800,0.391089,0.016269,1,0,12.236650,0.030000,0.000043,0.142063,3,4,9,9,4
172,13.674470,0.057392,player,8,3,8.205166,3.000001,860.049500,426.011900,863.501300,424.028300,3.981183,870.994300,419.923700,856.008400,428.133000,870.994300,408.125300,856.008400,416.490700,4.170731,0.301263,-1.530117,3.900152,0.297281,-1.739738,3.973116,-1.685577,54.742590,0.006422,0.341950,0,1,11.135770,0.007392,0.000000,0.124257,5,9,5,5,4
173,13.731220,0.057053,father,2,2,2.390996,2.000000,656.529500,570.047100,654.660300,570.924600,2.064953,659.994400,569.210800,649.326200,572.638500,659.994400,560.242800,649.326200,563.198100,0.361009,0.228995,-5.342076,0.168391,0.241055,-5.429599,0.298449,-5.363429,234.737200,0.511228,-0.207804,1,0,11.537120,0.007053,0.000086,0.128671,1,1,2,7,4
173,13.731220,0.057053,mother,9,9,8.737430,9.000001,628.899800,287.935200,627.338600,288.638300,1.712221,621.858200,292.225000,632.819000,285.051500,621.858200,283.268800,632.819000,275.384300,-0.327561,0.228691,1.730592,-0.129658,0.246847,1.913764,-0.200421,1.840130,234.740000,0.078178,0.267338,0,0,11.192820,0.007053,0.000193,0.120484,1,7,10,5,4
173,13.731220,0.057053,older_sister,4,7,4.000000,7.342118,498.711200,423.116800,496.915400,422.075700,2.075714,502.107800,425.035300,491.723100,419.116200,502.107800,413.677800,491.723100,407.363600,-2.489721,0.290006,-1.660638,-2.677222,0.300098,-1.509499,-2.551048,-1.611652,305.267500,0.491712,-0.240355,1,0,12.316650,0.030000,0.000232,0.142063,3,4,9,9,4
173,13.731220,0.057053,player,8,3,8.262574,3.000000,862.476500,424.798200,864.413600,423.864300,2.150459,872.195700,419.727800,856.631400,428.000700,872.195700,408.683200,856.631400,416.013000,4.192423,0.282018,-1.525116,3.911400,0.306101,-1.736360,4.016937,-1.654585,54.730960,0.078182,0.351417,0,0,11.192830,0.007053,0.000164,0.124257,5,9,5,5,4
174,13.787470,0.056727,father,2,2,2.333916,2.000000,654.116300,571.253700,652.448500,572.047600,1.847150,659.463300,569.477400,645.433700,574.617800,659.463300,560.336300,645.433700,565.521200,0.351421,0.233410,-5.348881,0.098110,0.232277,-5.480140,0.254879,-5.394240,234.733200,0.582577,-0.282609,0,0,11.593840,0.006727,0.000000,0.124750,1,1,2,7,4
174,13.787470,0.056727,mother,9,9,8.680350,9.000001,626.486700,289.141700,626.446500,288.975200,0.171323,621.103200,292.516600,631.789700,285.433700,621.103200,283.734400,631.789700,275.179800,-0.341192,0.224248,1.723147,-0.148241,0.261828,1.904005,-0.243990,1.809323,234.736300,0.149529,0.261961,0,0,11.249550,0.006727,0.000246,0.124625,1,7,10,5,4
174,13.787470,0.056727,older_sister,4,7,4.000000,7.422616,495.308100,421.415300,493.790600,420.535200,1.754260,502.186100,425.091900,485.395100,415.978500,502.186100,413.377900,485.395100,405.000000,-2.488306,0.299111,-1.662086,-2.791478,0.280331,-1.429380,-2.612492,-1.568206,305.262900,0.592334,-0.381891,0,0,12.396650,0.030000,0.000136,0.130780,3,4,9,9,4
174,13.787470,0.056727,player,8,3,8.319654,3.000001,864.889500,423.591700,864.865700,423.815600,0.225115,872.383700,419.761700,857.347500,427.869500,872.383700,408.850700,857.347500,415.234600,4.195818,0.278605,-1.525981,3.924330,0.322625,-1.733009,4.060505,-1.623778,54.735970,0.149531,0.341197,1,0,11.249550,0.006727,0.000136,0.129178,5,9,5,5,4
175,13.888630,0.101675,father,2,2,2.253418,2.000000,650.713300,572.955100,651.717300,572.648400,1.049828,658.676300,570.073600,644.758200,575.223300,658.676300,559.997300,644.758200,566.388100,0.337211,0.257294,-5.364107,0.085913,0.225601,-5.495600,0.193434,-5.437685,234.737400,0.683200,-0.281102,0,1,11.673840,0.030000,0.000136,0.124750,1,1,2,7,4
175,13.888630,0.101675,mother,9,9,8.599852,9.000001,623.083600,290.843500,624.868700,289.715100,2.111829,620.881800,292.696000,628.855500,286.734200,620.881800,283.834700,628.855500,274.979900,-0.345190,0.226269,1.718567,-0.201220,0.300138,1.870797,-0.305436,1.765870,234.733200,0.250151,0.205443,1,0,11.329550,0.030000,0.000061,0.124625,1,7,10,5,4
175,13.888630,0.101675,older_sister,4,8,4.000000,7.503115,491.905000,419.714100,493.121100,420.638600,1.527578,501.250300,425.067900,484.991900,416.209200,501.250300,412.222200,484.991900,405.393400,-2.505203,0.328009,-1.661473,-2.798758,0.276176,-1.435270,-2.673937,-1.524764,305.260800,0.692957,-0.370284,0,1,12.476650,0.030000,0.000097,0.130780,3,4,9,9,4
175,13.888630,0.101675,player,8,3,8.400152,3.000001,868.292600,421.890000,866.026600,423.397900,2.721854,871.573500,420.152000,860.479700,426.643800,871.573500,409.144600,860.479700,412.390400,4.181189,0.281067,-1.535948,3.980884,0.363950,-1.701711,4.121950,-1.580325,54.732590,0.250155,0.259252,1,0,11.329550,0.030000,0.000329,0.129178,5,9,5,5,4
176,13.944100,0.056005,father,2,2,2.175255,2.000000,647.408900,574.607300,649.456200,573.823900,2.192063,654.425000,572.344100,644.487400,575.303800,654.425000,560.756700,644.487400,566.360200,0.260452,0.295877,-5.422081,0.081024,0.228370,-5.497656,0.133772,-5.479872,234.735800,0.780905,-0.190137,0,1,11.751520,0.027680,0.000136,0.124750,1,1,2,7,4
176,13.944100,0.056005,mother,9,9,8.521688,9.000001,619.779200,292.495300,621.284500,291.692500,1.706055,619.822400,293.300100,622.746600,290.085000,619.822400,284.368300,622.746600,277.419500,-0.364317,0.228068,1.703141,-0.311519,0.323406,1.785237,-0.365098,1.723691,234.740900,0.347856,0.090504,1,0,11.407230,0.027680,0.000356,0.124625,1,7,10,5,4
176,13.944100,0.056005,older_sister,4,8,4.000000,7.583613,488.501900,418.012300,490.335800,419.380200,2.287910,495.011100,422.204800,485.660600,416.555700,495.011100,407.437300,485.660600,405.611300,-2.617855,0.377081,-1.588364,-2.786685,0.279459,-1.444118,-2.735382,-1.481311,305.267500,0.793580,-0.221130,0,1,12.556650,0.030000,0.000110,0.130780,3,4,9,9,4
176,13.944100,0.056005,player,8,3,8.478316,3.000001,871.597000,420.238100,869.729900,421.332400,2.164144,871.939200,419.923300,867.520600,422.741400,871.939200,408.790400,867.520600,407.258700,4.187791,0.284271,-1.530107,4.108011,0.395344,-1.602067,4.181613,-1.538146,54.741580,0.347859,0.106685,1,0,11.407230,0.027680,0.000000,0.129178,5,9,5,5,4
177,13.999290,0.055996,father,2,2,2.118909,2.000000,645.026900,575.798500,646.095500,575.316500,1.172276,648.349300,575.043500,643.841600,575.589400,648.349300,563.236300,643.841600,566.483500,0.150752,0.301491,-5.491011,0.069363,0.232515,-5.504950,0.090764,-5.510287,234.732500,0.851336,-0.074500,0,1,11.807520,0.005996,0.000000,0.124750,1,1,2,7,4
177,13.999290,0.055996,mother,8,9,8.465343,9.000001,617.397200,293.686700,617.588300,293.623500,0.201281,618.851800,293.826000,616.324800,293.421000,618.851800,284.860700,616.324800,282.460800,-0.381842,0.228924,1.689713,-0.427469,0.279863,1.700054,-0.408106,1.693268,234.725000,0.418286,-0.031278,1,0,11.463230,0.005996,0.000031,0.124625,1,7,10,5,4
177,13.999290,0.055996,older_sister,4,8,4.000000,7.664112,485.098800,416.310800,484.987000,416.378100,0.130498,484.370200,416.282000,485.603800,416.474200,484.370200,402.409100,485.603800,405.193500,-2.809983,0.354236,-1.437128,-2.787709,0.288046,-1.442036,-2.796826,-1.437865,305.262900,0.894202,0.021021,0,1,12.636650,0.030000,0.000031,0.130780,3,4,9,9,4
177,13.999290,0.055996,player,9,3,8.534662,3.000001,873.979000,419.047100,873.755500,419.212300,0.277894,872.421900,419.637300,875.089100,418.787200,872.421900,408.381500,875.089100,405.250500,4.196507,0.287410,-1.522805,4.244665,0.345653,-1.501098,4.224621,-1.507735,54.735420,0.418290,-0.051853,1,0,11.463230,0.005996,0.000000,0.129178,5,9,5,5,4
178,14.052220,0.053020,father,2,2,2.065558,2.000000,642.771500,576.926100,642.188500,577.244300,0.664262,641.144700,578.605300,643.232400,575.883500,641.144700,568.274000,643.232400,566.668400,0.020667,0.263801,-5.581957,0.058362,0.235303,-5.512459,0.050042,-5.539080,234.737300,0.918024,0.070902,0,1,11.860540,0.003020,0.000000,0.124750,1,1,2,7,4
178,14.052220,0.053020,mother,8,9,8.411992,9.000001,615.141800,294.814400,613.737400,295.505500,1.565197,618.009900,294.273700,609.465000,296.737300,618.009900,285.302900,609.465000,287.152800,-0.397043,0.229064,1.678281,-0.551327,0.244734,1.615374,-0.448829,1.664475,234.738500,0.484975,-0.162294,1,0,11.516250,0.003020,0.000031,0.124625,1,7,10,5,4
178,14.052220,0.053020,older_sister,4,8,4.000000,7.744610,481.695700,414.609100,477.853400,412.955400,4.183109,470.173300,409.476300,485.533400,416.434500,470.173300,397.614500,485.533400,404.838900,-3.066314,0.302884,-1.263348,-2.788980,0.296087,-1.441024,-2.858271,-1.394412,305.267900,0.994825,0.329023,0,1,12.716650,0.030000,0.000164,0.130780,3,4,9,9,4
178,14.052220,0.053020,player,9,3,8.588014,3.000001,876.234500,417.919100,878.053300,417.134200,1.980959,872.749300,419.442900,883.357400,414.825500,872.749300,408.090200,883.357400,403.006100,4.202418,0.289885,-1.517842,4.393953,0.301802,-1.399939,4.265345,-1.478930,54.727670,0.484979,-0.224457,1,0,11.516250,0.003020,0.000301,0.129178,5,9,5,5,4
179,14.106550,0.054847,father,2,2,2.010369,2.000000,640.438400,578.092500,637.820400,579.530000,2.986676,633.116600,582.830700,642.524200,576.229400,633.116600,573.229700,642.524200,566.895300,-0.124284,0.245155,-5.689850,0.045576,0.238340,-5.521292,0.007915,-5.568865,234.738400,0.987010,0.236005,0,1,11.915390,0.004847,0.000136,0.124750,1,1,2,7,4
179,14.106550,0.054847,mother,8,9,8.356803,9.000001,612.808700,295.980900,610.642300,296.970000,2.381444,617.339500,294.614500,603.945300,299.325400,617.339500,285.584700,603.945300,290.035300,-0.409149,0.230571,1.669578,-0.650988,0.237216,1.549289,-0.490955,1.634691,234.738200,0.553962,-0.266912,0,0,11.571090,0.004847,0.000110,0.124625,1,7,10,5,4
179,14.106550,0.054847,older_sister,4,8,4.000000,7.825109,478.292700,412.907600,476.899000,412.109700,1.605873,468.781500,408.281200,485.016500,415.938200,468.781500,397.324200,485.016500,403.819700,-3.091444,0.279781,-1.232834,-2.798313,0.309439,-1.428351,-2.919716,-1.350966,305.262900,0.095448,0.352223,0,0,12.796650,0.030000,0.000110,0.130780,3,4,9,9,4
179,14.106550,0.054847,player,9,3,8.643203,3.000000,878.567600,416.752600,881.340800,415.623300,2.994327,872.840900,419.394600,889.840600,411.852000,872.840900,407.901900,889.840600,400.556000,4.204072,0.293459,-1.516606,4.511011,0.288435,-1.324010,4.307472,-1.449146,54.738450,0.553965,-0.361811,0,0,11.571100,0.004847,0.000220,0.129178,5,9,5,5,4
180,14.159440,0.053019,father,2,2,1.957020,2.000000,638.183000,579.220200,636.202800,580.210800,2.214177,630.796400,583.792200,641.609100,576.629300,630.796400,574.655700,641.609100,567.090000,-0.166177,0.233295,-5.714402,0.029053,0.243583,-5.531504,-0.032807,-5.597658,234.737300,0.053698,0.265000,0,0,11.968410,0.003019,0.000220,0.131320,1,1,2,7,4
180,14.159440,0.053019,mother,8,9,8.303453,9.000001,610.553300,297.108500,609.905800,297.506400,0.760016,616.988400,294.824600,602.823100,300.188100,616.988400,285.431300,602.823100,291.259300,-0.415488,0.239851,1.664215,-0.671249,0.227994,1.527258,-0.531677,1.605896,234.736200,0.620648,-0.287900,0,0,11.624110,0.003019,0.000193,0.123786,1,7,10,5,4
180,14.159440,0.053019,older_sister,4,8,4.000000,7.905607,474.889600,411.205900,476.619800,411.742700,1.811555,469.256100,408.487800,483.983400,414.997500,469.256100,397.534900,483.983400,401.827200,-3.082875,0.279676,-1.238109,-2.816967,0.336296,-1.404331,-2.981161,-1.307513,305.267400,0.196072,0.313081,1,0,12.876650,0.030000,0.000273,0.129987,3,4,9,9,4
180,14.159440,0.053019,player,9,3,8.696553,3.000001,880.823100,415.625000,881.625100,415.210500,0.902778,872.611200,419.420800,890.638900,411.000100,872.611200,407.463300,890.638900,400.083000,4.199925,0.305327,-1.517278,4.525424,0.278761,-1.302259,4.348194,-1.420352,54.737240,0.620652,-0.389910,0,0,11.624120,0.003019,0.000136,0.129003,5,9,5,5,4
181,14.258820,0.100201,father,2,2,1.876521,2.000000,634.779900,580.921900,634.848000,580.696500,0.235511,629.541000,584.229000,640.155000,577.163900,629.541000,575.448200,640.155000,566.857900,-0.188843,0.224213,-5.725556,0.002798,0.263158,-5.545155,-0.094252,-5.641112,234.732100,0.154321,0.260631,1,0,12.048410,0.030000,0.000000,0.131320,1,1,2,7,4
181,14.258820,0.100201,mother,8,9,8.222955,9.000001,607.150200,298.809900,608.950200,298.131900,1.923470,615.408300,295.860200,602.492100,300.403500,615.408300,285.299400,602.492100,291.527900,-0.444017,0.269664,1.637771,-0.677226,0.226635,1.521759,-0.593122,1.562451,234.737200,0.721272,-0.257395,0,1,11.704110,0.030000,0.000246,0.123786,1,7,10,5,4
181,14.258820,0.100201,older_sister,4,8,4.000000,7.986106,471.486500,409.504600,474.128600,410.486600,2.818700,469.497700,408.600100,478.759400,412.373200,469.497700,397.567300,478.759400,397.167100,-3.078512,0.281715,-1.240976,-2.911289,0.388277,-1.337319,-3.042605,-1.264072,305.260400,0.296694,0.192162,1,0,12.956650,0.030000,0.000068,0.129987,3,4,9,9,4
181,14.258820,0.100201,player,9,3,8.777052,3.000000,884.226100,413.923500,881.885300,414.723800,2.473883,873.892000,418.289800,889.878500,411.157700,873.892000,405.045200,889.878500,400.316000,4.223050,0.338192,-1.488397,4.511695,0.276839,-1.306284,4.409639,-1.376907,54.737110,0.721275,-0.340821,0,1,11.704120,0.030000,0.000061,0.129003,5,9,5,5,4
182,14.309880,0.051587,father,2,2,1.804286,2.000000,631.726100,582.448700,633.508500,581.327000,2.105993,629.399500,584.363000,637.617600,578.291100,629.399500,575.502200,637.617600,566.641800,-0.191399,0.226256,-5.728978,-0.043016,0.297455,-5.573935,-0.149389,-5.680098,234.737000,0.244614,0.210667,1,0,12.120200,0.021788,0.000086,0.131320,1,1,2,7,4
182,14.309880,0.051587,mother,8,9,8.150720,9.000001,604.096400,300.336700,605.867300,299.611400,1.913654,609.772300,298.600100,601.962300,300.622800,609.772300,286.646400,601.962300,291.619200,-0.545777,0.305230,1.567810,-0.686792,0.229903,1.516160,-0.648259,1.523465,234.736900,0.811565,-0.144960,0,1,11.775900,0.021788,0.000329,0.123786,1,7,10,5,4
182,14.309880,0.051587,older_sister,4,8,4.000000,8.066605,468.083400,407.803100,469.032000,408.214500,1.034024,468.839400,408.359700,469.224800,408.069300,468.839400,397.139300,469.224800,393.778300,-3.090401,0.286504,-1.234837,-3.083441,0.364914,-1.227424,-3.104050,-1.220626,305.263000,0.397316,0.001403,1,0,13.036650,0.030000,0.000031,0.129987,3,4,9,9,4
182,14.309880,0.051587,player,9,3,8.849287,3.000000,887.279900,412.396700,885.105500,413.113900,2.289652,880.647500,414.924300,889.563500,411.303500,880.647500,399.892400,889.563500,400.307200,4.345023,0.383831,-1.402460,4.506006,0.280784,-1.310005,4.464776,-1.337920,54.736360,0.811569,-0.184822,0,1,11.775900,0.021788,0.000000,0.129003,5,9,5,5,4
183,14.362250,0.052881,father,2,2,1.751075,2.000000,629.476700,583.573500,631.234700,582.559900,2.029297,628.710400,584.749000,633.759000,580.370800,628.710400,575.862100,633.759000,567.719500,-0.203839,0.226922,-5.738835,-0.112684,0.323045,-5.627041,-0.190004,-5.708819,234.733600,0.311128,0.138973,1,0,12.173080,0.002881,0.000061,0.131320,1,1,2,7,4
183,14.362250,0.052881,mother,8,9,8.097508,9.000001,601.847000,301.461900,602.310400,301.257100,0.506664,603.320200,301.592400,601.300600,300.921800,603.320200,290.305900,601.300600,291.765300,-0.662274,0.288192,1.491403,-0.698739,0.233807,1.508525,-0.688874,1.494736,234.726700,0.878079,-0.019883,0,1,11.828780,0.002881,0.000031,0.123786,1,7,10,5,4
183,14.362250,0.052881,older_sister,4,8,4.000000,8.147102,464.680300,406.101400,462.762500,404.982400,2.220421,468.267500,408.115600,457.257500,401.849200,468.267500,396.753000,457.257500,390.153800,-3.100727,0.290138,-1.228605,-3.299517,0.298635,-1.068596,-3.165495,-1.177173,305.267900,0.497940,-0.254694,1,0,13.116650,0.030000,0.000164,0.129987,3,4,9,9,4
183,14.362250,0.052881,player,9,3,8.902497,3.000000,889.529400,411.271600,888.991000,411.398900,0.553300,888.290500,411.520600,889.691400,411.277200,888.290500,397.188500,889.691400,400.043900,4.483022,0.365962,-1.315551,4.508317,0.286835,-1.309335,4.505392,-1.309191,54.727610,0.878082,-0.024241,0,1,11.828780,0.002881,0.000301,0.129003,5,9,5,5,4
184,14.412270,0.050641,father,2,2,1.700119,2.000000,627.322400,584.650300,628.449200,584.086300,1.260054,627.911900,585.202100,628.986700,582.970400,627.911900,576.245800,628.986700,570.756300,-0.218259,0.228695,-5.750406,-0.198851,0.311879,-5.693419,-0.228900,-5.736315,234.742700,0.374823,0.048743,0,0,12.223720,0.000641,0.000273,0.131320,1,1,2,7,4
184,14.412270,0.050641,mother,8,9,8.046553,9.000001,599.692700,302.538700,598.358500,303.266800,1.519975,596.015500,305.313000,600.701500,301.220600,596.015500,295.442400,600.701500,291.972400,-0.794165,0.252042,1.396398,-0.709556,0.236146,1.500897,-0.727770,1.467240,234.742200,0.941774,0.129412,0,0,11.879420,0.000641,0.000246,0.123786,1,7,10,5,4
184,14.412270,0.050641,older_sister,4,8,4.000000,8.227601,461.277200,404.399900,459.939000,403.643100,1.537364,468.375000,408.197400,451.503000,399.088800,468.375000,396.436100,451.503000,388.140000,-3.098784,0.300318,-1.230693,-3.403418,0.279570,-0.998111,-3.226939,-1.133727,305.262800,0.598562,-0.383013,0,0,13.196650,0.030000,0.000097,0.129987,3,4,9,9,4
184,14.412270,0.050641,player,9,3,8.953454,3.000000,891.683600,410.194600,893.372300,409.188800,1.965571,897.014500,407.116900,889.730200,411.260700,897.014500,394.628200,889.730200,399.850500,4.640541,0.318890,-1.203102,4.509016,0.291355,-1.308914,4.544287,-1.281692,54.738910,0.941777,0.168479,0,0,11.879430,0.000641,0.000220,0.129003,5,9,5,5,4
185,14.464340,0.052517,father,2,2,1.647275,2.000000,625.088500,585.767700,624.675200,586.006000,0.477073,626.994400,585.691800,622.356100,586.320300,626.994400,576.724100,622.356100,576.026200,-0.234823,0.228986,-5.762908,-0.318571,0.262850,-5.778955,-0.269235,-5.764845,234.727400,0.440878,-0.077639,1,0,12.276230,0.002517,0.000061,0.131320,1,1,2,7,4
185,14.464340,0.052517,mother,8,9,7.993709,9.000001,597.458700,303.655700,594.743400,305.141000,3.095044,589.474600,308.721800,600.012100,301.560200,589.474600,299.103600,600.012100,292.171700,-0.912264,0.245595,1.309357,-0.722003,0.239731,1.492224,-0.768106,1.438718,234.736500,0.007829,0.260925,0,1,11.931940,0.002517,0.000246,0.123786,1,7,10,5,4
185,14.464340,0.052517,older_sister,4,8,4.000000,8.308100,457.874100,402.698200,459.253800,403.719600,1.716690,467.248600,408.096300,451.259200,399.342900,467.248600,395.183900,451.259200,388.521300,-3.119123,0.329710,-1.228112,-3.407821,0.276324,-1.004599,-3.288384,-1.090273,305.267900,0.699184,-0.364768,0,1,13.276650,0.030000,0.000273,0.129987,3,4,9,9,4
185,14.464340,0.052517,player,9,3,9.000000,3.000000,893.651400,409.211000,897.234200,407.146100,4.135289,904.711400,403.045100,889.757000,411.247100,904.711400,391.170100,889.757000,399.630700,4.779512,0.303220,-1.099132,4.509501,0.296617,-1.308565,4.579816,-1.256575,54.741900,0.999960,0.341378,0,1,11.925680,0.046258,0.000061,0.129003,5,9,5,5,4
186,14.518530,0.050578,father,2,2,1.596382,2.000000,622.937000,586.843300,621.173000,587.679100,1.951919,626.246100,586.084900,616.100000,589.273200,626.246100,577.117600,616.100000,579.806000,-0.248334,0.228977,-5.772945,-0.431528,0.241741,-5.854358,-0.308083,-5.792311,234.739700,0.504495,-0.196583,0,0,12.326810,0.000578,0.000136,0.128854,1,1,2,7,4
186,14.518530,0.050578,mother,8,9,7.942816,9.000001,595.307300,304.731400,593.627000,305.513500,1.853438,588.163100,309.099600,599.090800,301.927600,588.163100,300.102100,599.090800,292.300100,-0.935944,0.229745,1.299711,-0.738639,0.245830,1.482844,-0.806953,1.411251,234.737300,0.071445,0.266830,0,0,11.982520,0.000578,0.000301,0.131163,1,7,10,5,4
186,14.518530,0.050578,older_sister,4,8,4.000000,8.364046,455.509000,401.515600,457.496600,403.000500,2.481114,463.189300,406.375000,451.804000,399.626100,463.189300,392.067500,451.804000,388.731600,-3.192415,0.365333,-1.184159,-3.397983,0.278185,-1.011830,-3.331088,-1.060076,305.265200,0.769117,-0.267340,0,1,13.332250,0.005600,0.000314,0.126418,3,4,9,9,4
186,14.518530,0.050578,player,9,3,9.000001,3.010296,893.216100,408.993100,894.694300,406.157200,3.198015,898.175200,399.913500,891.213400,412.400900,898.175200,388.193900,891.213400,400.733100,4.661496,0.299253,-1.019169,4.535798,0.297931,-1.338027,4.571957,-1.251011,23.990240,0.012831,0.342420,0,0,11.935920,0.000233,0.000220,0.143311,3,9,5,5,4
187,14.617290,0.099333,father,2,2,1.515884,2.000000,619.533900,588.544700,618.527300,589.087300,1.143440,625.541500,586.452800,611.513100,591.721900,625.541500,577.180200,611.513100,582.769300,-0.261056,0.236768,-5.782339,-0.514346,0.228597,-5.916882,-0.369527,-5.835756,234.736800,0.605118,-0.284490,0,0,12.406810,0.030000,0.000193,0.128854,1,1,2,7,4
187,14.617290,0.099333,mother,8,9,7.862318,9.000001,591.904200,306.433100,592.365400,305.991800,0.638274,587.218300,309.477400,597.512500,302.506200,587.218300,300.694800,597.512500,292.002500,-0.953004,0.224258,1.290064,-0.767136,0.268207,1.468068,-0.868397,1.367799,234.732700,0.172069,0.254533,1,0,12.062520,0.030000,0.000136,0.131163,1,7,10,5,4
187,14.617290,0.099333,older_sister,4,8,4.000000,8.444545,452.105900,399.814300,452.674600,400.254200,0.718964,453.569500,400.941300,451.779600,399.566900,453.569500,386.397800,451.779600,388.359700,-3.366107,0.371360,-1.045414,-3.398423,0.286170,-1.010320,-3.392533,-1.016635,305.260600,0.869741,-0.046648,0,1,13.412250,0.030000,0.000068,0.126418,3,4,9,9,4
187,14.617290,0.099333,player,9,3,9.000001,3.068502,890.755500,407.763100,889.562400,406.531300,1.714814,883.557100,401.100300,895.567900,411.962500,883.557100,390.097800,895.567900,399.920200,4.397559,0.280940,-1.049471,4.614419,0.307494,-1.326833,4.527529,-1.219604,323.595600,0.085588,0.351936,0,0,11.993760,0.027614,0.000031,0.143311,3,9,5,5,4
188,14.670610,0.053814,father,1,2,1.442348,2.000000,616.425100,590.099100,617.758500,589.645800,1.408361,624.580300,587.157200,610.936800,592.134400,624.580300,576.920500,610.936800,583.290900,-0.278411,0.261390,-5.800327,-0.524751,0.225813,-5.927415,-0.425658,-5.875444,234.737200,0.697037,-0.274511,0,1,12.479890,0.023081,0.000273,0.128854,1,1,2,7,4
188,14.670610,0.053814,mother,8,9,7.788714,9.000001,588.792600,307.988700,590.571800,306.858700,2.107678,586.900500,309.688300,594.243000,304.029200,586.900500,300.826400,594.243000,292.024400,-0.958741,0.226284,1.284677,-0.826168,0.306533,1.429181,-0.924578,1.328076,234.737900,0.264072,0.191673,1,0,12.135660,0.023147,0.000273,0.131163,1,7,10,5,4
188,14.670610,0.053814,older_sister,4,9,4.000000,8.518147,448.994300,398.258600,446.219200,397.080000,3.014987,440.732100,394.646000,451.706400,399.513900,440.732100,382.570600,451.706400,388.040600,-3.597892,0.308340,-0.884668,-3.399745,0.292965,-1.008966,-3.448714,-0.976913,305.261200,0.961744,0.233551,0,1,13.485400,0.023147,0.000068,0.126418,3,4,9,9,4
188,14.670610,0.053814,player,9,3,9.000001,3.142105,887.643900,406.207000,888.827600,406.520400,1.224489,881.201200,403.081700,896.454100,409.959000,881.201200,392.151300,896.454100,397.000300,4.355022,0.279103,-1.100068,4.630421,0.330893,-1.275675,4.471348,-1.179869,305.270100,0.177591,0.326247,1,0,12.066910,0.023147,0.000246,0.143311,3,9,5,5,4
189,14.723590,0.053859,father,1,2,1.389029,2.000000,614.171100,591.226100,616.268700,590.439400,2.240319,621.757300,588.714500,610.780200,592.164300,621.757300,577.392900,610.780200,583.243500,-0.329381,0.289089,-5.840091,-0.527581,0.227787,-5.928180,-0.466356,-5.904223,234.734700,0.763684,-0.212687,0,1,12.532880,0.003741,0.000273,0.128854,1,1,2,7,4
189,14.723590,0.053859,mother,8,9,7.734519,9.000001,586.501500,309.134300,588.146600,308.224900,1.879674,586.199700,310.098900,590.093600,306.351000,586.199700,301.186200,590.093600,293.625400,-0.971395,0.227582,1.274193,-0.901089,0.324940,1.369895,-0.965944,1.298826,234.735300,0.331816,0.112658,1,0,12.189520,0.003859,0.000246,0.131163,1,7,10,5,4
189,14.723590,0.053859,older_sister,4,9,4.000000,8.572285,446.705600,397.114300,443.473800,395.686500,3.533201,435.467800,392.016200,451.479700,399.356800,435.467800,380.498300,451.479700,387.622600,-3.692943,0.294103,-0.817515,-3.403839,0.299626,-1.004954,-3.490037,-0.947693,305.265100,0.029415,0.344270,0,0,13.539200,0.003803,0.000000,0.126418,3,4,9,9,4
189,14.723590,0.053859,player,9,3,9.000001,3.196300,885.352800,405.061400,888.114600,406.079900,2.943632,881.799600,403.387200,894.429600,408.772600,881.799600,392.381600,894.429600,394.635400,4.365825,0.281022,-1.107867,4.593868,0.360984,-1.245379,4.429981,-1.150618,305.264300,0.245335,0.265589,1,0,12.120770,0.003859,0.000246,0.143311,3,9,5,5,4
190,14.774780,0.051462,father,1,2,1.341091,2.000000,612.144500,592.239600,613.750600,591.552300,1.746999,617.185700,590.736200,610.315500,592.368400,617.185700,578.707700,610.315500,583.332900,-0.411925,0.307142,-5.891714,-0.535970,0.230716,-5.933391,-0.502947,-5.930102,234.730400,0.823607,-0.125341,0,1,12.580520,0.001344,0.000086,0.128854,1,1,2,7,4
190,14.774780,0.051462,mother,8,9,7.682736,9.000000,584.312400,310.229000,585.020500,309.897500,0.781875,585.335000,310.575000,584.706100,309.220100,585.335000,301.611400,584.706100,297.586600,-0.987007,0.228882,1.262036,-0.998363,0.297054,1.296635,-1.005471,1.270871,234.730600,0.396544,0.010707,1,0,12.240990,0.001462,0.000110,0.131163,1,7,10,5,4
190,14.774780,0.051462,older_sister,4,9,4.000000,8.622631,444.577300,396.050000,443.092500,395.218100,1.701890,434.974400,391.391300,451.210600,399.044900,434.974400,380.421200,451.210600,386.950500,-3.701851,0.280115,-0.801560,-3.408696,0.308823,-0.996990,-3.528466,-0.920516,305.267100,0.092348,0.352191,0,0,13.589230,0.001414,0.000097,0.126418,3,4,9,9,4
190,14.774780,0.051462,player,9,3,9.000002,3.248084,883.163600,403.966800,885.701800,404.947100,2.720908,881.573600,403.273100,889.829800,406.621000,881.573600,392.219800,889.829800,391.233300,4.361746,0.282239,-1.104954,4.510816,0.392916,-1.190442,4.390454,-1.122669,305.264300,0.310063,0.171072,1,0,12.172230,0.001462,0.000246,0.143311,3,9,5,5,4
191,14.833330,0.058314,father,1,2,1.291656,2.000000,610.054600,593.284600,610.341200,593.164900,0.310552,610.991800,593.677600,609.690600,592.652300,610.991800,582.556900,609.690600,583.484000,-0.523759,0.283959,-5.966821,-0.547254,0.234107,-5.940639,-0.540680,-5.956786,234.733200,0.885401,-0.004066,0,1,12.629650,0.006722,0.000000,0.128854,1,1,2,7,4
191,14.833330,0.058314,mother,8,9,7.624058,9.000000,581.831700,311.469500,580.735400,312.029000,1.230889,584.362900,311.093100,577.107700,312.964900,584.362900,302.120500,577.107700,303.228300,-1.004559,0.229111,1.248808,-1.135555,0.248619,1.201012,-1.050260,1.239198,234.733900,0.469891,-0.134553,1,0,12.299300,0.008314,0.000000,0.131163,1,7,10,5,4
191,14.833330,0.058314,older_sister,4,9,4.000000,8.675748,442.331700,394.927100,442.929800,394.994300,0.601877,435.097100,391.398200,450.762500,398.590500,435.097100,380.482900,450.762500,385.847400,-3.699635,0.278715,-0.801736,-3.416789,0.325386,-0.985386,-3.569011,-0.891845,305.265700,0.158745,0.336973,1,0,13.642020,0.007263,0.000136,0.126418,3,4,9,9,4
191,14.833330,0.058314,player,9,3,9.000002,3.306762,880.683000,402.726700,882.009900,403.309800,1.449453,881.073500,403.094200,882.946300,403.525500,881.073500,391.897200,882.946300,388.793400,4.352717,0.285911,-1.100387,4.386531,0.376176,-1.111399,4.345665,-1.091003,305.260500,0.383411,0.033967,1,0,12.230550,0.008314,0.000110,0.143311,3,9,5,5,4
192,14.883950,0.051848,father,1,2,1.253143,2.000000,608.426500,594.098600,607.367900,594.671800,1.203756,605.479200,596.472200,609.256700,592.871300,605.479200,586.460900,609.256700,583.634700,-0.623291,0.255634,-6.038180,-0.555089,0.235853,-5.946234,-0.570078,-5.977572,234.737100,0.933542,0.108771,0,1,12.667930,0.001348,0.000000,0.131113,1,1,2,7,4
192,14.883950,0.051848,mother,8,9,7.571887,9.000000,579.626200,312.572100,577.493000,313.551400,2.347219,583.668400,311.449600,571.317600,315.653400,583.668400,302.461600,571.317600,306.292800,-1.017098,0.229502,1.239705,-1.240098,0.239015,1.132365,-1.090082,1.211042,234.737300,0.535104,-0.244054,0,0,12.351150,0.001848,0.000061,0.128661,1,7,10,5,4
192,14.883950,0.051848,older_sister,4,9,4.000000,8.717938,440.548100,394.035500,442.697700,394.743100,2.263069,435.601500,391.657800,449.793900,397.828400,435.601500,380.682200,449.793900,384.465500,-3.690529,0.280256,-0.808365,-3.434277,0.341214,-0.965927,-3.601215,-0.869079,305.257900,0.211483,0.300200,1,0,13.683950,0.001479,0.000043,0.130386,3,4,9,9,4
192,14.883950,0.051848,player,9,3,9.000002,3.358933,878.477500,401.623700,877.741300,401.188800,0.855032,880.592700,402.885800,874.890000,399.491800,880.592700,391.579600,874.890000,387.003000,4.344033,0.288697,-1.095064,4.241070,0.318896,-1.008402,4.305843,-1.062838,305.270500,0.448624,-0.134105,1,0,12.282390,0.001848,0.000301,0.138290,3,9,5,5,4
193,14.979650,0.095979,father,1,2,1.202637,2.000000,606.291300,595.165900,603.500600,596.699600,3.184356,598.376200,600.212500,608.625000,593.186800,598.376200,590.536400,608.625000,583.829300,-0.751541,0.247075,-6.133686,-0.566493,0.238939,-5.954289,-0.608630,-6.004824,234.743900,0.996674,0.254660,0,1,12.718120,0.017473,0.000329,0.131113,1,1,2,7,4
193,14.979650,0.095979,mother,7,9,7.491388,9.000000,576.223100,314.273400,575.969200,314.504000,0.342988,583.072600,311.812900,568.865700,317.195100,583.072600,302.279800,568.865700,308.301700,-1.027855,0.243423,1.230428,-1.284369,0.227087,1.092996,-1.151528,1.167600,234.740100,0.635727,-0.288793,0,0,12.431150,0.030000,0.000301,0.128661,1,7,10,5,4
193,14.979650,0.095979,older_sister,4,9,4.000000,8.773756,438.188400,392.855500,440.907100,393.833200,2.889222,435.726000,391.707000,446.088300,395.959400,435.726000,380.689600,446.088300,381.025800,-3.688282,0.281324,-0.809622,-3.501184,0.381321,-0.918204,-3.643821,-0.838946,305.269800,0.281256,0.215453,1,0,13.739420,0.019349,0.000136,0.130386,3,4,9,9,4
193,14.979650,0.095979,player,9,3,9.000002,3.439431,875.074300,399.922300,872.628800,398.443500,2.857880,880.339100,402.775700,864.918500,394.111300,880.339100,391.303700,864.918500,382.780800,4.339457,0.292931,-1.092255,4.061028,0.289317,-0.871014,4.244397,-1.019393,305.262200,0.549246,-0.355069,0,0,12.362390,0.030000,0.000193,0.138290,3,9,5,5,4
194,15.028740,0.049466,father,1,2,1.168398,2.000000,604.843800,595.889900,602.632500,597.044300,2.494503,597.281000,600.624700,607.984100,593.463900,597.281000,591.350900,607.984100,583.980000,-0.771316,0.236801,-6.144210,-0.578066,0.242167,-5.961365,-0.634764,-6.023310,234.726600,0.039473,0.263360,0,0,12.752150,0.007469,0.000086,0.131113,1,1,2,7,4
194,15.028740,0.049466,mother,7,9,7.425536,9.000000,573.439200,315.665600,575.191100,315.009700,1.870655,581.704300,312.705300,568.677900,317.314200,581.704300,302.204000,568.677900,308.441800,-1.052561,0.268146,1.207640,-1.287760,0.226550,1.089956,-1.201792,1.132050,234.729600,0.718042,-0.259980,0,1,12.496590,0.015445,0.000086,0.128661,1,7,10,5,4
194,15.028740,0.049466,older_sister,4,9,4.000000,8.811581,436.589400,392.055900,438.939200,393.008200,2.535486,435.524000,391.648300,442.354400,394.368100,435.524000,380.556500,442.354400,378.847400,-3.691927,0.283223,-0.808123,-3.568601,0.396310,-0.877570,-3.672692,-0.818530,305.266600,0.328537,0.140790,1,0,13.777010,0.008256,0.000205,0.130386,3,4,9,9,4
194,15.028740,0.049466,player,9,4,9.000002,3.505284,872.290400,398.530100,871.771400,398.330900,0.555940,880.412500,402.944000,863.130400,393.717800,880.412500,390.871200,863.130400,382.828500,4.340781,0.308274,-1.096552,4.028742,0.278052,-0.860966,4.194132,-0.983844,305.268900,0.631562,-0.390795,0,0,12.427840,0.015445,0.000409,0.138290,3,9,5,5,4
195,15.079390,0.051094,father,1,2,1.145110,2.000000,603.859300,596.382000,602.129200,597.197900,1.912900,596.672700,600.783100,607.585600,593.612700,596.672700,591.765900,607.585600,584.001000,-0.782298,0.230248,-6.148254,-0.585260,0.245428,-5.965162,-0.652540,-6.035876,234.742400,0.068583,0.266584,0,0,12.775290,0.000491,0.000273,0.131113,1,1,2,7,4
195,15.079390,0.051094,mother,7,9,7.374124,9.000000,571.265700,316.752200,573.305500,315.970100,2.184605,578.229600,314.510900,568.381500,317.429200,578.229600,302.903400,568.381500,308.483400,-1.115298,0.296392,1.161536,-1.293112,0.228425,1.087020,-1.241035,1.104306,234.740500,0.782308,-0.188210,0,1,12.547690,0.001094,0.000246,0.128661,1,7,10,5,4
195,15.079390,0.051094,older_sister,4,9,4.000000,8.837137,435.509000,391.515700,437.362500,392.315700,2.018799,435.311500,391.570100,439.413500,393.061300,435.311500,380.412200,439.413500,377.735300,-3.695765,0.284912,-0.806126,-3.621701,0.391340,-0.844202,-3.692199,-0.804737,305.262900,0.360481,0.082456,0,0,13.802410,0.000539,0.000205,0.130386,3,4,9,9,4
195,15.079390,0.051094,player,9,4,9.000002,3.556697,870.116900,397.443500,871.408400,398.413200,1.614990,879.478400,402.818800,863.338400,394.007700,879.478400,389.941100,863.338400,383.189500,4.323915,0.328824,-1.093353,4.032498,0.276235,-0.868367,4.154890,-0.956100,305.259800,0.695828,-0.367835,0,1,12.478930,0.001094,0.000246,0.138290,3,9,5,5,4
196,15.124990,0.048931,father,1,2,1.125092,2.000000,603.013100,596.805100,601.736100,597.325100,1.378721,596.229500,600.911600,607.242700,593.738600,596.229500,592.029500,607.242700,583.969100,-0.790300,0.226799,-6.151537,-0.591451,0.249457,-5.968378,-0.667819,-6.046679,234.738300,0.093605,0.268106,0,0,12.795180,0.019894,0.000220,0.131113,1,1,2,7,4
196,15.124990,0.048931,mother,7,9,7.324888,9.000000,569.184300,317.793000,570.418500,317.238500,1.353060,573.003500,316.804300,567.833400,317.672500,573.003500,304.881500,567.833400,308.584400,-1.209659,0.304443,1.102974,-1.303007,0.232060,1.080805,-1.278617,1.077729,234.733600,0.843853,-0.089016,0,1,12.596620,0.048931,0.000164,0.128661,1,7,10,5,4
196,15.124990,0.048931,older_sister,4,9,4.000000,8.858988,434.585200,391.053800,435.797500,391.586200,1.324053,435.090500,391.480900,436.504500,391.691600,435.090500,380.276400,436.504500,377.091800,-3.699754,0.286101,-0.803847,-3.674224,0.372796,-0.809226,-3.708879,-0.792941,305.267400,0.387795,0.023951,1,0,13.824130,0.021715,0.000246,0.130386,3,4,9,9,4
196,15.124990,0.048931,player,9,4,9.000001,3.605932,868.035400,396.402700,870.059900,397.892000,2.513328,876.220700,401.492300,863.899200,394.291700,876.220700,387.423700,863.899200,383.416400,4.265097,0.359234,-1.059484,4.042624,0.277692,-0.875618,4.117306,-0.929522,305.267000,0.757372,-0.287804,0,1,12.527860,0.048931,0.000301,0.138290,3,9,5,5,4
197,15.170440,0.045187,father,1,2,1.108335,2.000000,602.304600,597.159400,601.439300,597.419700,0.903586,595.920800,600.993700,606.958000,593.845800,595.920800,592.180700,606.958000,583.926600,-0.795875,0.225032,-6.153632,-0.596592,0.253280,-5.971115,-0.680611,-6.055727,234.725700,0.114550,0.268096,0,0,12.811840,0.016653,0.000136,0.131113,1,1,2,7,4
197,15.170440,0.045187,mother,7,9,7.279419,9.000000,567.262000,318.754100,567.161600,318.826000,0.123528,567.037000,319.724100,567.286300,317.927900,567.037000,308.978600,567.286300,308.737400,-1.317388,0.274380,1.028419,-1.312887,0.234675,1.074285,-1.313324,1.053190,234.737600,0.900688,0.030154,0,1,12.641810,0.045187,0.000246,0.128661,1,7,10,5,4
197,15.170440,0.045187,older_sister,4,9,4.000000,8.877141,433.817700,390.670100,434.368700,390.890600,0.593462,434.919400,391.405900,433.818100,390.375300,434.919400,380.163600,433.818100,376.541700,-3.702843,0.287065,-0.801932,-3.722729,0.353234,-0.775617,-3.722735,-0.783145,305.260500,0.410486,-0.031429,1,0,13.842170,0.018041,0.000164,0.130386,3,4,9,9,4
197,15.170440,0.045187,player,9,4,9.000001,3.651401,866.113300,395.441800,867.770300,396.624700,2.035951,871.554900,398.922000,863.985800,394.327500,871.554900,383.860700,863.985800,383.321900,4.180851,0.384579,-0.993851,4.044188,0.281020,-0.876532,4.082601,-0.904986,305.259500,0.814208,-0.179317,0,1,12.573050,0.045187,0.000164,0.138290,3,9,5,5,4
198,15.217590,0.047587,father,1,2,1.092119,2.000000,601.619100,597.502300,601.230900,597.515100,0.388454,595.791700,601.076400,606.670100,593.953700,595.791700,592.288300,606.670100,583.851400,-0.798206,0.224400,-6.155746,-0.601790,0.257956,-5.973872,-0.692988,-6.064482,234.725400,0.134821,0.265384,0,0,12.827950,0.016116,0.000000,0.124946,1,1,2,7,4
198,15.217590,0.047587,mother,7,9,7.231535,9.000000,565.237700,319.766200,563.302100,320.828700,2.208089,559.933200,323.428700,566.671000,318.228700,559.933200,313.788500,566.671000,308.949400,-1.445650,0.246156,0.933825,-1.323997,0.236944,1.066603,-1.349874,1.027345,234.735500,0.960543,0.175989,0,1,12.689390,0.047587,0.000220,0.131918,1,7,10,5,4
198,15.217590,0.047587,older_sister,4,9,4.000000,8.894572,433.080900,390.301900,432.906000,390.158700,0.226007,434.756900,391.335000,431.055100,388.982300,434.756900,380.055700,431.055100,375.953300,-3.705778,0.288010,-0.800122,-3.772615,0.332688,-0.740047,-3.736040,-0.773742,305.248200,0.432276,-0.089253,1,0,13.859490,0.017323,0.000000,0.137667,3,4,9,9,4
198,15.217590,0.047587,player,9,4,9.000001,3.699285,864.089000,394.429500,864.545600,394.806000,0.591846,865.183800,395.359000,863.907200,394.253100,865.183800,380.923200,863.907200,383.032200,4.065820,0.368610,-0.902873,4.042770,0.286518,-0.874633,4.046051,-0.879138,305.268500,0.874063,-0.035125,0,1,12.620640,0.047587,0.000301,0.134429,3,9,5,5,4
199,15.311390,0.091004,father,1,2,1.067549,2.000000,600.580400,598.021600,600.897900,597.659500,0.481563,595.686000,601.164300,606.109800,594.154700,595.686000,592.383700,606.109800,583.723600,-0.800114,0.224207,-6.157989,-0.611906,0.266353,-5.979004,-0.711742,-6.077742,234.739600,0.165533,0.257005,1,0,12.852370,0.008758,0.000061,0.124946,1,1,2,7,4
199,15.311390,0.091004,mother,7,9,7.151037,9.000000,561.834700,321.467700,559.978500,322.371000,2.064265,554.545900,325.954600,565.411000,318.787400,554.545900,316.881200,565.411000,309.213600,-1.542921,0.231683,0.869328,-1.346745,0.244462,1.052339,-1.411319,0.983899,234.737200,0.061167,0.265838,0,0,12.769390,0.030000,0.000301,0.131918,1,7,10,5,4
199,15.311390,0.091004,older_sister,4,9,4.000000,8.920691,431.976600,389.749700,430.789000,389.070700,1.367989,434.565800,391.257100,427.012200,386.884300,434.565800,379.926600,427.012200,374.772500,-3.709228,0.289319,-0.798134,-3.845613,0.309269,-0.686476,-3.755978,-0.759643,305.266500,0.464926,-0.175825,1,0,13.885450,0.009262,0.000031,0.137667,3,4,9,9,4
199,15.311390,0.091004,player,9,4,9.000001,3.779784,860.685900,392.728000,857.415500,391.321900,3.559850,850.986200,388.447400,863.844900,394.196500,850.986200,376.549900,863.844900,382.677200,3.809473,0.303796,-0.726389,4.041644,0.294138,-0.873188,3.984606,-0.835692,305.262800,0.974686,0.274322,0,1,12.700640,0.030000,0.000246,0.134429,3,9,5,5,4
200,15.359910,0.049310,father,1,2,1.050661,2.000000,599.866500,598.378500,600.642000,597.762100,0.990647,595.657400,601.194000,605.626800,594.330300,595.657400,592.402600,605.626800,583.664500,-0.800631,0.224483,-6.158747,-0.620628,0.272346,-5.983488,-0.724634,-6.086855,234.741400,0.186644,0.248154,1,0,12.869150,0.002755,0.000136,0.124946,1,1,2,7,4
200,15.359910,0.049310,mother,7,9,7.090347,9.000000,559.269000,322.750700,558.935300,322.736700,0.333971,553.509200,326.296000,564.361500,319.177600,553.509200,317.508700,564.361500,309.053300,-1.561640,0.224379,0.860611,-1.365695,0.258516,1.042376,-1.457643,0.951138,234.731100,0.137028,0.264933,0,0,12.829710,0.010314,0.000164,0.131918,1,7,10,5,4
200,15.359910,0.049310,older_sister,4,9,4.000000,8.938425,431.227000,389.374600,429.529000,388.394300,1.960622,434.482800,391.223500,424.575000,385.565200,434.482800,379.869200,424.575000,373.767900,-3.710727,0.289923,-0.797274,-3.889617,0.301240,-0.652795,-3.769513,-0.750064,305.287800,0.487093,-0.229485,1,0,13.903070,0.002877,0.000314,0.137667,3,4,9,9,4
200,15.359910,0.049310,player,9,4,9.000001,3.840474,858.120200,391.445200,855.457800,390.204400,2.937345,847.404400,386.462000,863.511100,393.946800,847.404400,375.185600,863.511100,382.123000,3.744802,0.287935,-0.675692,4.035617,0.301915,-0.866814,3.938281,-0.802936,305.264300,0.050549,0.347795,0,0,12.760950,0.010314,0.000193,0.134429,3,9,5,5,4
201,15.405980,0.048386,father,1,2,1.037840,2.000000,599.324500,598.649700,600.424100,597.852700,1.358080,595.651600,601.208300,605.196800,594.497200,595.651600,592.398700,605.196800,583.643800,-0.800735,0.224948,-6.159112,-0.628392,0.277135,-5.987749,-0.734420,-6.093779,234.722000,0.202669,0.239664,1,0,12.881900,0.012742,0.000000,0.124946,1,1,2,7,4
201,15.405980,0.048386,mother,7,9,7.041659,9.000000,557.210800,323.779700,558.216100,323.035900,1.250521,553.376000,326.415500,563.056100,319.656400,553.376000,317.612000,563.056100,308.858600,-1.564044,0.224790,0.857560,-1.389264,0.275716,1.030149,-1.494806,0.924862,234.737900,0.197887,0.242350,1,0,12.878090,0.048386,0.000246,0.131918,1,7,10,5,4
201,15.405980,0.048386,older_sister,4,9,3.999999,8.951761,430.663100,389.093000,428.640400,387.908400,2.344044,434.433000,391.196300,422.847900,384.620500,434.433000,379.827500,422.847900,372.977100,-3.711627,0.290294,-0.796581,-3.920801,0.297307,-0.628672,-3.779693,-0.742874,305.233700,0.503763,-0.267724,1,0,13.916330,0.013254,0.000031,0.137667,3,4,9,9,4
201,15.405980,0.048386,player,9,4,9.000001,3.889161,856.062000,390.416000,855.150100,389.797600,1.101801,847.054400,385.960700,863.245700,393.634500,847.054400,375.049500,863.245700,381.389800,3.738483,0.278611,-0.662891,4.030825,0.312662,-0.858839,3.901118,-0.776656,305.265500,0.111406,0.351827,0,0,12.809340,0.048386,0.000273,0.134429,3,9,5,5,4
202,15.451560,0.045864,father,1,2,1.026145,2.000000,598.830100,598.896600,600.209300,597.953700,1.670732,595.644800,601.215900,604.773800,594.691400,595.644800,592.386300,604.773800,583.618700,-0.800858,0.225460,-6.159307,-0.636029,0.282736,-5.992708,-0.743346,-6.100085,234.760200,0.217287,0.230751,1,0,12.893520,0.011622,0.000220,0.124946,1,1,2,7,4
202,15.451560,0.045864,mother,7,9,7.000000,9.000000,555.449600,324.660400,557.234900,323.532100,2.111903,553.243800,326.515000,561.226000,320.549300,553.243800,317.653600,561.226000,308.798600,-1.566432,0.226269,0.855019,-1.422309,0.300048,1.007348,-1.526604,0.902375,234.733000,0.249962,0.205626,1,0,12.919490,0.041402,0.000164,0.131918,1,7,10,5,4
202,15.451560,0.045864,older_sister,4,9,3.999999,8.963827,430.153000,388.837800,427.902800,387.500900,2.617414,434.399300,391.181200,421.406300,383.820600,434.399300,379.794200,421.406300,372.282600,-3.712235,0.290762,-0.796195,-3.946830,0.294616,-0.608248,-3.788903,-0.736358,305.279700,0.518847,-0.300063,1,0,13.928320,0.011991,0.000136,0.137667,3,4,9,9,4
202,15.451560,0.045864,player,9,4,9.000001,3.935311,854.111000,389.440800,855.031100,389.644700,0.942497,847.304000,386.131700,862.758300,393.157800,847.304000,375.209000,862.758300,380.293000,3.742987,0.278905,-0.667259,4.022025,0.328495,-0.846665,3.865892,-0.751754,305.257400,0.169094,0.331416,1,0,12.855200,0.045864,0.000031,0.134429,3,9,5,5,4
203,15.497230,0.045944,father,1,2,1.000000,2.000000,597.724700,599.449300,599.509900,598.321000,2.111884,595.519100,601.303900,603.500700,595.338300,595.519100,592.442600,603.500700,583.587400,-0.803127,0.226269,-6.161554,-0.659014,0.300051,-6.009224,-0.763304,-6.114199,234.731400,0.249970,0.205618,0,0,12.919500,0.000000,0.000136,0.124946,1,-1,-1,7,4
203,15.497230,0.045944,mother,7,9,7.000000,9.000000,555.449600,324.660400,557.234900,323.532100,2.111903,553.243800,326.515000,561.226000,320.549300,553.243800,317.653600,561.226000,308.798600,-1.566432,0.226269,0.855019,-1.422309,0.300048,1.007348,-1.526604,0.902375,234.733000,0.249962,0.205626,1,0,12.919490,0.041402,0.000164,0.131918,1,7,10,5,4
203,15.497230,0.045944,older_sister,4,9,3.999999,8.975490,429.660000,388.591200,427.263200,387.152500,2.795425,434.383900,391.174600,420.142500,383.130500,434.383900,379.755600,420.142500,371.692700,-3.712513,0.291576,-0.796026,-3.969649,0.292059,-0.590625,-3.797805,-0.730060,305.278700,0.533424,-0.328544,0,0,13.939910,0.011590,0.000273,0.137667,3,4,9,9,4
203,15.497230,0.045944,player,9,4,9.000001,3.981542,852.156500,388.463300,854.677100,389.359800,2.675326,847.900800,386.434600,861.453500,392.285100,847.900800,375.440700,861.453500,378.590900,3.753764,0.280724,-0.674993,3.998465,0.349672,-0.824382,3.830604,-0.726794,305.272700,0.226881,0.286044,1,0,12.901140,0.045944,0.000273,0.134429,3,9,5,5,4
204,15.543240,0.044990,father,1,2,1.000000,2.000000,597.724700,599.449300,599.509900,598.321000,2.111884,595.519100,601.303900,603.500700,595.338300,595.519100,592.442600,603.500700,583.587400,-0.803127,0.226269,-6.161554,-0.659014,0.300051,-6.009224,-0.763304,-6.114199,234.731400,0.249970,0.205618,0,0,12.919500,0.000000,0.000136,0.126398,1,-1,-1,7,4
204,15.543240,0.044990,mother,7,9,7.000000,9.035309,553.956800,323.914000,556.130100,323.269300,2.266883,552.263500,324.959700,559.996800,321.578800,552.263500,316.088500,559.996800,309.102900,-1.584132,0.226522,0.894730,-1.444502,0.318567,0.981060,-1.553557,0.921434,252.362000,0.294098,0.159224,1,0,12.954590,0.035090,0.000164,0.126164,3,7,10,5,4
204,15.543240,0.044990,older_sister,4,9,4.000000,9.000000,428.623900,388.073100,426.276100,386.647200,2.746901,434.421800,391.192200,418.130300,382.102100,434.421800,379.649000,418.130300,370.878900,-3.711829,0.294750,-0.796477,-4.005980,0.286580,-0.564367,-3.816513,-0.716830,305.267100,0.564062,-0.374182,0,0,13.964270,0.000000,0.000336,0.138251,3,-1,-1,9,4
204,15.543240,0.044990,player,9,4,9.000002,4.026812,850.242800,387.506400,852.953500,388.484300,2.881673,847.848900,386.393200,858.058000,390.575300,847.848900,375.374300,858.058000,375.599300,3.752827,0.281361,-0.673936,3.937159,0.382401,-0.780723,3.796050,-0.702362,305.263200,0.283468,0.212160,1,0,12.946130,0.044990,0.000301,0.131266,3,9,5,5,4
205,15.637900,0.092421,father,1,2,1.000000,2.000000,597.724700,599.449300,599.509900,598.321000,2.111884,595.519100,601.303900,603.500700,595.338300,595.519100,592.442600,603.500700,583.587400,-0.803127,0.226269,-6.161554,-0.659014,0.300051,-6.009224,-0.763304,-6.114199,234.731400,0.249970,0.205618,0,0,12.919500,0.000000,0.000136,0.126398,1,-1,-1,7,4
205,15.637900,0.092421,mother,7,9,7.000000,9.115706,550.558000,322.214600,551.404100,322.434000,0.874036,550.721800,322.991400,552.086200,321.876500,550.721800,314.027800,552.086200,310.186100,-1.611967,0.228878,0.944992,-1.587332,0.298509,0.973458,-1.614925,0.964826,288.576600,0.394594,0.014283,1,0,13.034480,0.030000,0.000110,0.126164,3,7,10,5,4
205,15.637900,0.092421,older_sister,4,9,4.000000,9.000000,428.623900,388.073100,426.276100,386.647200,2.746901,434.421800,391.192200,418.130300,382.102100,434.421800,379.649000,418.130300,370.878900,-3.711829,0.294750,-0.796477,-4.005980,0.286580,-0.564367,-3.816513,-0.716830,305.267100,0.564062,-0.374182,0,0,13.964270,0.000000,0.000336,0.138251,3,-1,-1,9,4
205,15.637900,0.092421,player,9,4,9.000001,4.107310,846.839600,385.805100,848.149100,386.380600,1.430365,847.248000,386.181900,849.050200,386.579200,847.248000,374.983600,849.050200,371.867200,3.741977,0.285940,-0.668541,3.774516,0.375664,-0.678686,3.734604,-0.658920,305.259900,0.384092,0.032426,1,0,13.026130,0.030000,0.000031,0.131266,3,9,5,5,4
206,15.684650,0.047338,father,1,2,1.000000,2.000000,597.724700,599.449300,599.509900,598.321000,2.111884,595.519100,601.303900,603.500700,595.338300,595.519100,592.442600,603.500700,583.587400,-0.803127,0.226269,-6.161554,-0.659014,0.300051,-6.009224,-0.763304,-6.114199,234.731400,0.249970,0.205618,0,0,12.919500,0.000000,0.000136,0.126398,1,-1,-1,7,4
206,15.684650,0.047338,mother,7,9,7.000000,9.175838,548.016000,320.943600,546.906900,320.400500,1.234902,549.358500,322.504100,544.455300,318.296900,549.358500,313.531500,544.455300,308.558600,-1.636583,0.229111,0.957434,-1.725112,0.248661,1.064862,-1.660823,0.997281,305.265200,0.469759,-0.134308,1,0,13.094240,0.009759,0.000136,0.126164,3,7,10,5,4
206,15.684650,0.047338,older_sister,4,9,4.000000,9.000000,428.623900,388.073100,426.276100,386.647200,2.746901,434.421800,391.192200,418.130300,382.102100,434.421800,379.649000,418.130300,370.878900,-3.711829,0.294750,-0.796477,-4.005980,0.286580,-0.564367,-3.816513,-0.716830,305.267100,0.564062,-0.374182,0,0,13.964270,0.000000,0.000336,0.138251,3,-1,-1,9,4
206,15.684650,0.047338,player,9,4,9.000002,4.167442,844.297500,384.534100,843.254100,383.935100,1.203164,846.717600,385.954000,839.790500,381.916000,846.717600,374.631700,839.790500,369.693300,3.732401,0.289109,-0.662722,3.607329,0.312101,-0.559615,3.688706,-0.626465,305.264800,0.459255,-0.161650,1,0,13.085890,0.009759,0.000031,0.131266,3,9,5,5,4
207,15.729230,0.046875,father,1,2,1.000000,2.000000,597.724700,599.449300,599.509900,598.321000,2.111884,595.519100,601.303900,603.500700,595.338300,595.519100,592.442600,603.500700,583.587400,-0.803127,0.226269,-6.161554,-0.659014,0.300051,-6.009224,-0.763304,-6.114199,234.731400,0.249970,0.205618,0,0,12.919500,0.000000,0.000136,0.126398,1,-1,-1,7,4
207,15.729230,0.046875,mother,7,9,7.000000,9.223004,546.022000,319.946700,544.050200,318.880300,2.241647,548.709200,322.187700,539.391200,315.572800,548.709200,313.208000,539.391200,306.193300,-1.648307,0.229291,0.965513,-1.816547,0.239500,1.134420,-1.696826,1.022736,305.260700,0.528717,-0.234883,1,0,13.141120,0.046875,0.000061,0.126164,3,7,10,5,4
207,15.729230,0.046875,older_sister,4,9,4.000000,9.000000,428.623900,388.073100,426.276100,386.647200,2.746901,434.421800,391.192200,418.130300,382.102100,434.421800,379.649000,418.130300,370.878900,-3.711829,0.294750,-0.796477,-4.005980,0.286580,-0.564367,-3.816513,-0.716830,305.267100,0.564062,-0.374182,0,0,13.964270,0.000000,0.000336,0.138251,3,-1,-1,9,4
207,15.729230,0.046875,player,9,4,9.000001,4.214608,842.303500,383.536900,840.061000,382.205700,2.607851,846.530000,385.869700,833.592200,378.541700,846.530000,374.483600,833.592200,366.999400,3.729013,0.290737,-0.660567,3.495414,0.294725,-0.473452,3.652703,-0.601001,305.270800,0.518215,-0.298766,1,0,13.132770,0.046875,0.000220,0.131266,3,9,5,5,4
208,15.785060,0.046263,father,1,2,1.000000,2.000000,597.724700,599.449300,599.509900,598.321000,2.111884,595.519100,601.303900,603.500700,595.338300,595.519100,592.442600,603.500700,583.587400,-0.803127,0.226269,-6.161554,-0.659014,0.300051,-6.009224,-0.763304,-6.114199,234.731400,0.249970,0.205618,0,0,12.919500,0.000000,0.000136,0.126398,1,5,3,6,4
208,15.785060,0.046263,mother,7,9,7.000000,9.269556,544.054000,318.962600,542.565400,318.197300,1.673881,548.335200,322.002100,536.795600,314.392500,548.335200,312.840300,536.795600,305.341500,-1.655058,0.233941,0.970252,-1.863413,0.231113,1.164560,-1.732358,1.047863,305.267300,0.586906,-0.282307,0,0,13.187380,0.046263,0.000110,0.126164,3,7,10,5,4
208,15.785060,0.046263,older_sister,4,9,4.000000,9.000000,428.623900,388.073100,426.276100,386.647200,2.746901,434.421800,391.192200,418.130300,382.102100,434.421800,379.649000,418.130300,370.878900,-3.711829,0.294750,-0.796477,-4.005980,0.286580,-0.564367,-3.816513,-0.716830,305.267100,0.564062,-0.374182,0,0,13.964270,0.000000,0.000336,0.138251,3,1,10,5,4
208,15.785060,0.046263,player,9,4,9.000001,4.261160,840.335600,382.553100,838.247700,381.290800,2.439849,846.597300,385.905700,829.898100,376.675900,846.597300,374.292200,829.898100,365.548500,3.730229,0.296545,-0.661489,3.428716,0.284133,-0.425811,3.617171,-0.575881,305.258600,0.576403,-0.382251,0,0,13.179030,0.046263,0.000031,0.131266,3,9,5,5,4
209,15.845760,0.055234,father,1,2,1.012279,2.000000,598.243900,599.189900,597.946800,597.511200,1.704791,599.140000,601.232600,596.753700,593.789800,599.140000,592.370500,596.753700,581.763200,-0.737750,0.226287,-6.159733,-0.780837,0.307091,-5.969686,-0.753930,-6.107573,179.501600,0.265318,0.190415,1,0,12.931700,0.002203,0.000061,0.126398,5,5,3,6,4
209,15.845760,0.055234,mother,7,9,7.000000,9.325134,541.704500,317.787800,541.815800,317.985900,0.227230,547.735200,321.819200,535.896400,314.152600,547.735200,312.061900,535.896400,305.298700,-1.665892,0.249146,0.974923,-1.879649,0.226079,1.170685,-1.774780,1.077863,305.266600,0.656380,-0.287557,0,1,13.242620,0.005234,0.000193,0.126164,3,7,10,5,4
209,15.845760,0.055234,older_sister,4,9,3.987720,9.000000,428.104800,388.332900,425.633500,387.739000,2.541608,435.814700,389.841600,415.452400,385.636400,435.814700,378.210500,415.452400,374.537900,-3.686680,0.296994,-0.761990,-4.054331,0.283392,-0.654610,-3.825886,-0.723464,283.615800,0.579411,-0.382598,0,0,13.976470,0.002203,0.000068,0.138251,1,1,10,5,4
209,15.845760,0.055234,player,9,4,9.000001,4.316738,837.986000,381.378300,837.879900,381.444700,0.125166,846.499400,386.051100,829.260300,376.838300,846.499400,373.811000,829.260300,365.984100,3.728461,0.312544,-0.665201,3.417200,0.277153,-0.429956,3.574747,-0.545883,305.264500,0.645876,-0.389962,0,0,13.234270,0.005234,0.000031,0.131266,3,9,5,5,4
210,15.906250,0.060884,father,1,2,1.054270,2.000000,600.019000,598.302300,598.009300,597.637000,2.117017,601.694100,598.205200,594.324400,597.068900,601.694100,589.310200,594.324400,584.376400,-0.691634,0.227127,-6.082430,-0.824699,0.324097,-6.053416,-0.721879,-6.084910,118.622100,0.317806,0.130703,1,0,12.973430,0.009637,0.000061,0.127215,5,5,3,6,4
210,15.906250,0.060884,mother,7,9,7.000000,9.386397,539.114500,316.492900,540.751200,317.541200,1.943673,545.692700,320.983600,535.809700,314.098700,545.692700,310.190300,535.809700,305.211900,-1.702771,0.275600,0.996258,-1.881213,0.226921,1.172060,-1.821544,1.110928,305.263100,0.732958,-0.247196,0,1,13.303500,0.010884,0.000136,0.122735,3,7,10,5,4
210,15.906250,0.060884,older_sister,4,9,3.945730,9.000000,426.329600,389.220400,425.778000,389.342200,0.564915,436.487400,388.215000,415.068500,390.469400,436.487400,376.138400,415.068500,379.581000,-3.674533,0.308369,-0.720454,-4.061262,0.278030,-0.778020,-3.857938,-0.746128,259.749800,0.631899,-0.390800,0,0,14.018200,0.009637,0.000110,0.127901,1,1,10,5,4
210,15.906250,0.060884,player,9,4,9.000001,4.378002,835.396100,380.083300,837.260300,381.388000,2.275416,844.645900,385.513700,829.874800,377.262400,844.645900,372.241900,829.874800,366.420400,3.694994,0.338888,-0.651479,3.428293,0.276845,-0.440786,3.527984,-0.512816,305.264600,0.722456,-0.339404,0,1,13.295150,0.010884,0.000031,0.125313,3,9,5,5,4
211,16.011910,0.105654,father,1,2,1.134451,2.000000,603.408700,596.607300,603.211000,596.673800,0.208587,601.959200,596.465500,604.462900,596.882200,601.959200,587.500200,604.462900,585.913800,-0.686849,0.228923,-6.038008,-0.641642,0.280074,-6.048649,-0.660676,-6.041628,54.732490,0.418032,-0.030765,1,0,13.053120,0.030000,0.000220,0.127215,5,5,3,6,4
211,16.011910,0.105654,mother,7,9,7.000000,9.466896,535.711400,314.791400,537.041600,315.539700,1.526205,538.903600,317.343300,535.179600,313.736200,538.903600,305.318900,535.179600,304.674000,-1.825352,0.307035,1.089213,-1.892590,0.231399,1.181317,-1.882988,1.154374,305.263100,0.833582,-0.108075,0,1,13.383500,0.030000,0.000110,0.122735,3,7,10,5,4
211,16.011910,0.105654,older_sister,4,9,3.865549,9.000000,422.939900,390.915100,425.442300,390.058900,2.644775,433.141100,386.661600,417.743500,393.456300,433.141100,373.154800,417.743500,382.612200,-3.734953,0.344888,-0.680790,-4.012965,0.276897,-0.854288,-3.919140,-0.789401,234.738000,0.732124,-0.327166,0,1,14.097890,0.030000,0.000232,0.127901,1,1,10,5,4
211,16.011910,0.105654,player,9,4,9.000001,4.458501,831.992900,378.381500,833.566300,379.463700,1.909589,836.960800,381.514600,830.171800,377.412800,836.960800,366.373500,830.171800,366.373400,3.556236,0.386618,-0.549363,3.433657,0.281886,-0.444628,3.466539,-0.469364,305.267000,0.823078,-0.160555,0,1,13.375150,0.030000,0.000246,0.125313,3,9,5,5,4
212,16.070830,0.059838,father,1,2,1.214949,2.000000,606.811800,594.906000,608.783100,593.988500,2.174417,603.171900,595.829300,614.394300,592.147700,603.171900,586.858600,614.394300,582.732400,-0.664951,0.229062,-6.021764,-0.462324,0.240416,-5.927756,-0.599232,-5.998187,54.739150,0.518656,-0.219722,1,0,13.133120,0.030000,0.000000,0.127215,5,5,3,6,4
212,16.070830,0.059838,mother,7,10,7.000000,9.547395,532.308300,313.089600,531.167800,312.564500,1.255530,528.099500,311.887700,534.236100,313.241300,528.099500,301.888300,534.236100,304.003700,-2.020426,0.255331,1.228516,-1.909625,0.235876,1.193954,-1.944434,1.197827,305.267300,0.934204,0.110421,0,1,13.463500,0.030000,0.000273,0.122735,3,7,10,5,4
212,16.070830,0.059838,older_sister,4,9,3.785051,9.000000,419.536900,392.616900,421.301000,391.972900,1.878006,424.648700,390.601300,417.953400,393.344500,424.648700,375.440700,417.953400,382.267200,-3.888287,0.387115,-0.781386,-4.009175,0.282851,-0.851433,-3.980584,-0.832854,234.731500,0.832748,-0.139145,0,1,14.177890,0.030000,0.000000,0.127901,1,1,10,5,4
212,16.070830,0.059838,player,9,5,9.000001,4.539000,828.589800,376.680100,827.471200,376.241100,1.201718,824.840900,375.134900,830.101400,377.347200,824.840900,362.169400,830.101400,365.986200,3.337405,0.331068,-0.386463,3.432386,0.290097,-0.442953,3.405095,-0.425918,305.262800,0.923700,0.110166,0,1,13.455150,0.030000,0.000136,0.125313,3,9,5,5,4
213,16.129880,0.059600,father,1,2,1.280447,2.000000,609.580700,593.521400,610.694500,592.936600,1.257900,603.701700,595.553700,617.687300,590.319600,603.701700,586.312400,617.687300,581.357800,-0.655387,0.235972,-6.014726,-0.402869,0.228834,-5.881076,-0.549236,-5.962832,54.734050,0.600527,-0.283342,0,0,13.198210,0.015092,0.000086,0.127215,5,5,3,6,4
213,16.129880,0.059600,mother,7,10,7.000000,9.611753,529.587500,311.729400,526.825600,310.465100,3.037543,520.292500,308.140800,533.358700,312.789300,520.292500,298.597200,533.358700,303.381600,-2.161385,0.243689,1.324193,-1.925467,0.240222,1.205495,-1.993559,1.232560,305.261600,0.014652,0.261159,0,1,13.527460,0.014387,0.000110,0.122735,3,7,10,5,4
213,16.129880,0.059600,older_sister,4,9,3.719553,8.999999,416.767900,394.001000,416.139800,394.430800,0.761058,414.425300,395.492800,417.854300,393.368800,414.425300,382.247500,417.854300,382.032100,-4.072877,0.338210,-0.906288,-4.010963,0.289476,-0.852054,-4.030579,-0.868197,234.742400,0.914619,0.081864,0,1,14.242980,0.015092,0.000273,0.127901,1,1,10,5,4
213,16.129880,0.059600,player,9,5,9.000001,4.603680,825.855400,375.312800,822.015500,373.655500,4.182317,814.046700,370.031300,829.984400,377.279700,814.046700,358.210300,829.984400,365.644800,3.142510,0.301842,-0.256144,3.430274,0.297091,-0.441227,3.355723,-0.391006,305.265200,0.004553,0.341816,0,1,13.519430,0.014508,0.000164,0.125313,3,9,5,5,4
214,16.188320,0.058645,father,1,2,1.339457,2.000000,612.075400,592.274100,611.299900,592.484600,0.803501,604.285700,595.099100,618.314100,589.870100,604.285700,585.129800,618.314100,581.033800,-0.644841,0.254560,-6.003116,-0.391551,0.225631,-5.869598,-0.504194,-5.930983,54.735560,0.674290,-0.283897,0,1,13.256860,0.008645,0.000086,0.127215,5,5,3,6,4
214,16.188320,0.058645,mother,7,10,7.000000,9.665988,527.294800,310.582800,525.929600,309.810900,1.568332,519.316900,307.347100,532.542200,312.274800,519.316900,298.413700,532.542200,302.580400,-2.179000,0.228108,1.344460,-1.940210,0.247540,1.218634,-2.034955,1.261837,305.269600,0.082445,0.267615,0,0,13.581360,0.007686,0.000301,0.122735,3,7,10,5,4
214,16.188320,0.058645,older_sister,4,9,3.660542,8.999999,414.273300,395.248600,410.930200,397.176300,3.859044,404.102000,400.948400,417.758500,393.404300,404.102000,389.099800,417.758500,381.833800,-4.259269,0.302548,-1.045594,-4.012693,0.295446,-0.852959,-4.075621,-0.900054,234.729400,0.988382,0.312548,0,1,14.301620,0.008645,0.000043,0.127901,1,1,10,5,4
214,16.188320,0.058645,player,9,5,9.000001,4.658598,823.533800,374.151900,821.502400,373.121900,2.277594,813.400800,369.320400,829.604200,376.923300,813.400800,358.242700,829.604200,364.969900,3.130846,0.282863,-0.237992,3.423409,0.305223,-0.432128,3.313804,-0.361361,305.268300,0.073200,0.350960,0,0,13.574010,0.007787,0.000301,0.125313,3,9,5,5,4
215,16.247480,0.059750,father,1,2,1.399579,2.000000,614.617100,591.003200,612.553500,591.784700,2.206620,606.691200,593.715900,618.415900,589.853400,606.691200,582.627600,618.415900,580.949500,-0.601410,0.283132,-5.967799,-0.389714,0.227355,-5.869172,-0.458303,-5.898531,54.734950,0.749441,-0.229792,0,1,13.316600,0.009750,0.000136,0.127215,5,5,3,6,4
215,16.247480,0.059750,mother,7,10,7.000000,9.715413,525.205300,309.538200,525.286700,309.396500,0.163500,518.759500,306.993500,531.813900,311.799400,518.759500,298.209200,531.813900,301.601700,-2.189064,0.224303,1.353489,-1.953360,0.260391,1.230772,-2.072682,1.288511,305.260800,0.144226,0.263304,0,0,13.630480,0.007689,0.000164,0.122735,3,7,10,5,4
215,16.247480,0.059750,older_sister,4,9,3.600420,8.999999,411.731600,396.519200,409.467100,397.680300,2.544804,401.732600,401.809700,417.201600,393.550900,401.732600,390.655900,417.201600,381.657400,-4.302050,0.284805,-1.067586,-4.022748,0.303693,-0.856705,-4.121512,-0.932497,234.741200,0.063534,0.349800,0,0,14.361370,0.009750,0.000273,0.127901,1,1,10,5,4
215,16.247480,0.059750,player,9,5,9.000001,4.708895,821.407500,373.088800,821.282200,372.831200,0.286405,813.280600,369.086200,829.283800,376.576200,813.280600,358.182500,829.283800,364.091400,3.128678,0.278420,-0.232013,3.417624,0.318793,-0.423266,3.275413,-0.334216,305.262000,0.136070,0.346343,0,0,13.623990,0.007832,0.000246,0.125313,3,9,5,5,4
216,16.304950,0.057931,father,1,2,1.457871,2.000000,617.081400,589.771000,615.455800,590.463000,1.766719,611.968400,591.300500,618.943100,589.625500,611.968400,579.277000,618.943100,580.593600,-0.506125,0.307013,-5.906123,-0.380194,0.230625,-5.863352,-0.413809,-5.867068,54.734350,0.822306,-0.127515,0,1,13.374540,0.007931,0.000193,0.122624,5,5,3,6,4
216,16.304950,0.057931,mother,7,10,7.000000,9.757219,523.437900,308.654400,524.734400,309.063200,1.359417,518.599400,306.952600,530.869400,311.173700,518.599400,298.151000,530.869400,300.391900,-2.191955,0.224745,1.354531,-1.970414,0.275308,1.246749,-2.104593,1.311078,305.267300,0.196486,0.243114,1,0,13.672030,0.005464,0.000301,0.125038,3,7,10,5,4
216,16.304950,0.057931,older_sister,4,9,3.542129,8.999999,409.267300,397.751400,408.892600,397.743700,0.374774,401.235200,401.829100,416.550000,393.658300,401.235200,390.925100,416.550000,381.170000,-4.311030,0.278427,-1.068083,-4.034514,0.318883,-0.859446,-4.166008,-0.963962,234.734200,0.136398,0.346232,0,0,14.419300,0.007931,0.000205,0.129202,1,1,10,5,4
216,16.304950,0.057931,player,9,5,9.000001,4.751565,819.603600,372.186900,821.142900,372.645700,1.606226,813.676300,369.322300,828.609600,375.969100,813.676300,358.378700,828.609600,362.876600,3.135821,0.279440,-0.238041,3.405450,0.334311,-0.407763,3.242842,-0.311187,305.262400,0.189409,0.318140,1,0,13.666400,0.005581,0.000164,0.129811,3,9,5,5,4
217,16.408440,0.103895,father,2,2,1.538369,2.000000,620.484500,588.069700,621.212500,587.675500,0.827912,622.522600,586.178800,619.902400,589.172300,622.522600,575.959000,619.902400,579.950300,-0.315564,0.260955,-5.775342,-0.362874,0.235478,-5.851780,-0.352363,-5.823626,54.739760,0.922928,0.082758,0,1,13.454540,0.030000,0.000061,0.122624,5,5,3,6,4
217,16.408440,0.103895,mother,7,10,7.000000,9.805561,521.394300,307.632500,523.492800,308.440200,2.248564,518.335700,306.855000,528.650000,310.025400,518.335700,297.993600,528.650000,298.146900,-2.196716,0.226270,1.357026,-2.010487,0.303311,1.276071,-2.141492,1.337170,305.264900,0.256912,0.198794,1,0,13.720070,0.016818,0.000356,0.125038,3,7,10,5,4
217,16.408440,0.103895,older_sister,3,9,3.461630,8.999999,405.864200,399.453200,408.096900,397.984100,2.672607,402.170900,401.406200,414.022800,394.562100,402.170900,390.404200,414.022800,380.620000,-4.294137,0.280930,-1.057284,-4.080143,0.356002,-0.882523,-4.227452,-1.007415,234.732100,0.237021,0.275625,1,0,14.499300,0.030000,0.000068,0.129202,1,1,10,5,4
217,16.408440,0.103895,player,9,5,9.000000,4.800950,817.515800,371.143100,820.281000,372.148200,2.942189,814.133200,369.548000,826.428800,374.748300,814.133200,358.540300,826.428800,360.471300,3.144073,0.281076,-0.243804,3.366074,0.364555,-0.376590,3.205146,-0.284533,305.263300,0.251141,0.257928,1,0,13.715480,0.017182,0.000110,0.129811,3,9,5,5,4
218,16.464000,0.055930,father,2,2,1.618691,2.000000,623.880100,586.371800,626.348100,585.039200,2.804879,631.641500,581.459000,621.054700,588.619400,631.641500,572.009700,621.054700,579.185900,-0.150918,0.241281,-5.654825,-0.342067,0.240880,-5.837664,-0.291054,-5.780272,54.734380,0.023331,0.261635,0,1,13.534360,0.029824,0.000000,0.122624,5,5,3,6,4
218,16.464000,0.055930,mother,7,10,7.000000,9.845140,519.721000,306.796000,521.690700,307.634000,2.140537,517.794900,306.620400,525.586500,308.647700,517.794900,297.738400,525.586500,296.034500,-2.206482,0.226797,1.363016,-2.065799,0.322070,1.311250,-2.171704,1.358533,305.264000,0.306385,0.144754,1,0,13.759400,0.013723,0.000301,0.125038,3,7,10,5,4
218,16.464000,0.055930,older_sister,3,9,3.381308,8.999999,402.468600,401.150900,404.446200,399.969100,2.303825,401.829800,401.605700,407.062500,398.332400,401.829800,390.495200,407.062500,382.806400,-4.300294,0.283700,-1.062378,-4.205815,0.396449,-0.978797,-4.288762,-1.050766,234.737200,0.337423,0.125397,1,0,14.579130,0.029824,0.000136,0.129202,1,1,10,5,4
218,16.464000,0.055930,player,9,5,9.000000,4.841340,815.808200,370.289200,818.415500,371.272800,2.786630,813.968800,369.462500,822.862200,373.083100,813.968800,358.422900,822.862200,357.801800,3.141102,0.281892,-0.241622,3.301679,0.390201,-0.334072,3.174316,-0.262730,305.268600,0.301628,0.184485,1,0,13.755620,0.013998,0.000246,0.129811,3,9,5,5,4
219,16.522110,0.058769,father,2,2,1.677826,2.000000,626.380000,585.121800,627.587300,584.646100,1.297697,633.097600,581.060600,622.077000,588.231600,633.097600,572.193500,622.077000,578.437000,-0.124627,0.226417,-5.644653,-0.323609,0.250098,-5.827759,-0.245917,-5.748354,54.734760,0.097250,0.268185,0,0,13.593130,0.008769,0.000061,0.122624,5,5,3,6,4
219,16.522110,0.058769,mother,7,10,7.000000,9.870024,518.669100,306.270100,520.368100,307.045700,1.867652,517.399200,306.454100,523.337000,307.637300,517.399200,297.534700,523.337000,294.921300,-2.213626,0.227752,1.367261,-2.106415,0.324695,1.337049,-2.190696,1.371961,305.261200,0.337490,0.104982,1,0,13.784130,0.003462,0.000246,0.125038,3,7,10,5,4
219,16.522110,0.058769,older_sister,3,9,3.322173,8.999999,399.968600,402.401000,400.419100,402.121000,0.530398,401.339800,401.900800,399.498400,402.341300,401.339800,390.657000,399.498400,388.539600,-4.309143,0.287103,-1.069913,-4.342390,0.352418,-1.081162,-4.333900,-1.082687,234.732400,0.411343,-0.033640,1,0,14.637900,0.008769,0.000031,0.129202,1,1,10,5,4
219,16.522110,0.058769,player,9,5,9.000000,4.866687,814.736800,369.753600,817.027100,370.692000,2.475080,813.803800,369.418300,820.250300,371.965700,813.803800,358.316300,820.250300,356.437300,3.138125,0.283481,-0.240491,3.254519,0.396508,-0.305538,3.154970,-0.249053,305.257800,0.333311,0.132592,1,0,13.780810,0.003526,0.000136,0.129811,3,9,5,5,4
220,16.578320,0.056270,father,2,2,1.734446,2.000000,628.773700,583.924900,628.401400,584.317000,0.540699,633.589100,580.819100,623.213900,587.814900,633.589100,572.037800,623.213900,577.355800,-0.115753,0.224223,-5.638486,-0.303084,0.267067,-5.817121,-0.202697,-5.717791,54.733650,0.168024,0.256091,1,0,13.649400,0.006270,0.000136,0.122624,5,5,3,6,4
220,16.578320,0.056270,mother,7,10,7.000000,9.891147,517.776100,305.823700,519.103500,306.468900,1.475879,517.032300,306.289500,521.174800,306.648300,517.032300,297.341700,521.174800,294.190900,-2.220251,0.228477,1.371465,-2.145455,0.318089,1.362304,-2.206820,1.383359,305.258200,0.363894,0.066364,1,0,13.805120,0.002215,0.000136,0.125038,3,7,10,5,4
220,16.578320,0.056270,older_sister,3,9,3.265553,8.999999,397.575000,403.597500,395.829000,404.352600,1.902231,400.974100,402.117100,390.684000,406.588100,400.974100,390.766500,390.684000,394.736600,-4.315745,0.289830,-1.075437,-4.501540,0.302622,-1.189602,-4.377119,-1.113239,234.742900,0.482119,-0.217616,1,0,14.694170,0.006270,0.000273,0.129202,1,1,10,5,4
220,16.578320,0.056270,player,9,5,9.000001,4.888161,813.829000,369.299600,815.688800,370.102200,2.025655,813.623000,369.349400,817.754800,370.854900,813.623000,358.192100,817.754800,355.522900,3.134859,0.284897,-0.238734,3.209461,0.391493,-0.277176,3.138578,-0.237461,305.269500,0.360155,0.083106,1,0,13.802150,0.002251,0.000220,0.129811,3,9,5,5,4
221,16.634230,0.056317,father,2,2,1.791114,2.000000,631.169300,582.727200,629.417400,583.832200,2.071342,633.642500,580.741900,625.192100,586.922700,633.642500,571.883000,625.192100,575.385100,-0.114788,0.226205,-5.636515,-0.267364,0.294606,-5.794337,-0.159443,-5.687208,54.737900,0.238859,0.215695,1,0,13.705720,0.006317,0.000061,0.122624,5,5,3,6,4
221,16.634230,0.056317,mother,7,10,7.000000,9.910200,516.970700,305.421000,517.840200,305.870800,0.978987,516.678200,306.128400,519.002300,305.613300,516.678200,297.165800,519.002300,293.727500,-2.226645,0.228853,1.375579,-2.184680,0.303499,1.388730,-2.221362,1.393643,305.266200,0.387709,0.026670,1,0,13.824060,0.002014,0.000164,0.125038,3,7,10,5,4
221,16.634230,0.056317,older_sister,3,9,3.208885,8.999999,395.179300,404.795500,392.402400,405.927200,2.998702,400.869700,402.171100,383.935100,409.683300,400.869700,390.683100,383.935100,398.380000,-4.317631,0.293341,-1.076817,-4.623394,0.288623,-1.268635,-4.420373,-1.143829,234.731600,0.552952,-0.360399,0,0,14.750480,0.006317,0.000110,0.129202,1,1,10,5,4
221,16.634230,0.056317,player,9,5,9.000001,4.907494,813.011600,368.890800,814.315100,369.463800,1.423864,813.425800,369.270700,815.204300,369.657000,813.425800,358.072100,815.204300,354.951700,3.131300,0.285949,-0.236724,3.163411,0.375491,-0.246587,3.123821,-0.227023,305.271900,0.384319,0.031911,1,0,13.821360,0.002043,0.000273,0.129811,3,9,5,5,4
222,16.690290,0.056503,father,2,2,1.847969,2.000000,633.572900,581.525500,631.810300,582.544200,2.035802,634.366900,580.337500,629.253800,584.750900,634.366900,571.451800,629.253800,572.108400,-0.101710,0.226889,-5.626187,-0.194030,0.322819,-5.738883,-0.116045,-5.656523,54.737240,0.309929,0.140443,1,0,13.762220,0.006503,0.000000,0.126990,5,5,3,6,4
222,16.690290,0.056503,mother,7,10,7.000000,9.927663,516.232400,305.051600,516.604900,305.267600,0.430580,516.363000,305.980300,516.846600,304.554900,516.363000,297.015600,516.846600,293.311400,-2.232333,0.228909,1.379359,-2.223603,0.287095,1.415756,-2.234693,1.403073,305.274800,0.409538,-0.013892,1,0,13.841410,0.001902,0.000301,0.128887,3,7,10,5,4
222,16.690290,0.056503,older_sister,3,9,3.152030,8.999999,392.775800,405.997300,392.083800,406.371800,0.786846,401.105600,402.154800,383.062000,410.588800,401.105600,390.162800,383.062000,399.680300,-4.313371,0.306208,-1.076398,-4.639158,0.278542,-1.291757,-4.463771,-1.174514,234.736800,0.624022,-0.390342,0,0,14.806980,0.006503,0.000136,0.128867,1,1,10,5,4
222,16.690290,0.056503,player,9,5,9.000000,4.925176,812.264100,368.517200,812.943000,368.799800,0.735373,813.259600,369.197800,812.626300,368.401800,813.259600,357.962400,812.626300,354.420700,3.128297,0.286888,-0.234861,3.116864,0.356998,-0.214536,3.110324,-0.217483,305.252900,0.406424,-0.021068,1,0,13.838940,0.001924,0.000164,0.136584,3,9,5,5,4
223,16.789860,0.099654,father,2,2,1.928467,2.000000,636.976000,579.823700,636.588700,579.987300,0.420396,635.674000,579.611100,637.503400,580.363500,635.674000,570.646400,637.503400,569.152200,-0.078108,0.228910,-5.607641,-0.045078,0.286273,-5.626852,-0.054601,-5.613070,54.732050,0.410551,-0.015876,1,0,13.842220,0.030000,0.000136,0.126990,5,5,3,6,4
223,16.789860,0.099654,mother,7,10,7.000000,9.950227,515.278500,304.574700,514.909000,304.422400,0.399691,515.953900,305.788200,513.864200,303.056500,515.953900,296.821000,513.864200,292.676500,-2.239722,0.228972,1.384266,-2.277452,0.265048,1.454017,-2.251916,1.415249,305.260000,0.437742,-0.071075,1,0,13.863840,0.008121,0.000273,0.128887,3,7,10,5,4
223,16.789860,0.099654,older_sister,3,9,3.071531,8.999999,389.372700,407.698700,391.769500,406.877700,2.533489,399.675000,403.362500,383.864000,410.393000,399.675000,390.038700,383.864000,399.550600,-4.339201,0.340216,-1.107237,-4.624679,0.276856,-1.286758,-4.525216,-1.217960,234.737200,0.724644,-0.336738,0,1,14.886980,0.030000,0.000232,0.128867,1,1,10,5,4
223,16.789860,0.099654,player,9,5,9.000001,4.947965,811.300700,368.035500,811.034500,367.845200,0.327276,813.046300,369.105300,809.022700,366.585100,813.046300,357.821600,809.022700,353.647500,3.124446,0.288122,-0.232500,3.051799,0.330353,-0.168147,3.092930,-0.205185,305.261200,0.434910,-0.096470,1,0,13.861580,0.008194,0.000136,0.136584,3,9,5,5,4
224,16.844170,0.054646,father,2,2,2.003230,2.000000,640.136600,578.243600,641.892400,577.410900,1.943224,636.838700,578.996400,646.946100,575.825600,636.838700,570.029100,646.946100,566.356000,-0.057079,0.228976,-5.591945,0.125415,0.241800,-5.510979,0.002466,-5.572722,54.738520,0.504004,-0.195754,1,0,13.916520,0.024300,0.000000,0.126990,5,5,3,6,4
224,16.844170,0.054646,mother,7,10,7.000000,9.969617,514.458700,304.164800,513.500600,303.705700,1.062433,515.629900,305.637100,511.371200,301.774400,515.629900,296.665700,511.371200,291.930400,-2.245570,0.229079,1.388124,-2.322464,0.251361,1.486754,-2.266717,1.425717,305.269300,0.461981,-0.119731,1,0,13.883110,0.006140,0.000301,0.128887,3,7,10,5,4
224,16.844170,0.054646,older_sister,3,9,2.996768,9.000000,386.212000,409.279100,388.272900,408.578000,2.176848,392.398400,406.898600,384.147300,410.257400,392.398400,391.797600,384.147300,399.237500,-4.470584,0.385594,-1.197530,-4.619563,0.281389,-1.283295,-4.582283,-1.258315,234.734000,0.818096,-0.171156,0,1,14.961280,0.024300,0.000136,0.128867,1,1,10,5,4
224,16.844170,0.054646,player,9,5,9.000000,4.967494,810.475200,367.622800,809.429900,367.022800,1.205170,812.897100,369.043700,805.962800,365.001900,812.897100,357.721300,805.962800,352.780500,3.121754,0.289111,-0.230927,2.996549,0.312066,-0.127722,3.078024,-0.194645,305.264200,0.459320,-0.161814,1,0,13.880990,0.006176,0.000110,0.136584,3,9,5,5,4
225,16.898270,0.054715,father,2,2,2.058286,2.000000,642.464100,577.079700,644.421400,576.175500,2.156114,637.410000,578.710600,651.432900,573.640500,637.410000,569.612100,651.432900,564.449900,-0.046764,0.232326,-5.584647,0.206428,0.234678,-5.455186,0.044490,-5.543002,54.731390,0.572825,-0.281472,0,0,13.971230,0.004715,0.000193,0.126990,5,5,3,6,4
225,16.898270,0.054715,mother,7,10,7.000000,10.000000,513.174300,303.522900,511.537200,302.666100,1.847802,515.185800,305.423600,507.888500,299.908600,515.185800,296.456400,507.888500,290.417600,-2.253589,0.228972,1.393575,-2.385347,0.242347,1.534397,-2.289908,1.442108,305.252400,0.499960,-0.188875,0,0,13.913300,0.000000,0.000061,0.128887,3,-1,-1,5,4
225,16.898270,0.054715,older_sister,3,9,2.941712,8.999999,383.884600,410.442800,384.160000,410.435500,0.275579,384.299800,410.584600,384.020300,410.286400,384.299800,396.493300,384.020300,399.026600,-4.616809,0.359812,-1.291649,-4.621855,0.287512,-1.284035,-4.624307,-1.288028,234.737800,0.886917,0.000275,0,1,15.016000,0.004715,0.000205,0.128867,1,1,10,5,4
225,16.898270,0.054715,player,9,5,9.000000,5.000000,809.100900,366.935500,807.146200,365.793000,2.264068,812.750200,368.981100,801.542200,362.604900,812.750200,357.616400,801.542200,350.928300,3.119102,0.290190,-0.229328,2.916734,0.298156,-0.066518,3.053210,-0.177096,305.268600,0.499954,-0.259232,0,0,13.913300,0.000000,0.000214,0.136584,3,-1,-1,5,4
226,16.958580,0.053160,father,2,2,2.111778,2.000000,644.725400,575.949000,644.873800,575.764000,0.237149,637.770100,578.453900,651.977500,573.074200,637.770100,568.880600,651.977500,564.189500,-0.040261,0.244448,-5.578092,0.216259,0.226865,-5.440725,0.085320,-5.514132,54.737030,0.639689,-0.288757,0,0,14.024390,0.003160,0.000136,0.126990,5,5,3,6,4
226,16.958580,0.053160,mother,7,10,7.000000,10.000000,513.174300,303.522900,511.537200,302.666100,1.847802,515.185800,305.423600,507.888500,299.908600,515.185800,296.456400,507.888500,290.417600,-2.253589,0.228972,1.393575,-2.385347,0.242347,1.534397,-2.289908,1.442108,305.252400,0.499960,-0.188875,0,0,13.913300,0.000000,0.000061,0.128887,3,11,10,5,4
226,16.958580,0.053160,older_sister,3,9,2.888220,8.999999,381.623200,411.573400,379.441400,412.858600,2.532178,374.939800,415.396900,383.942900,410.320300,374.939800,403.174100,383.942900,398.873700,-4.785809,0.312103,-1.414528,-4.623252,0.292283,-1.284900,-4.665137,-1.316898,234.737200,0.953781,0.207567,0,1,15.069160,0.003160,0.000273,0.128867,1,1,10,5,4
226,16.958580,0.053160,player,9,5,9.000000,5.000000,809.100900,366.935500,807.146200,365.793000,2.264068,812.750200,368.981100,801.542200,362.604900,812.750200,357.616400,801.542200,350.928300,3.119102,0.290190,-0.229328,2.916734,0.298156,-0.066518,3.053210,-0.177096,305.268600,0.499954,-0.259232,0,0,13.913300,0.000000,0.000214,0.136584,3,8,3,4,4
227,17.024810,0.062482,father,2,2,2.174649,2.000000,647.383400,574.620000,645.627700,575.277500,1.874687,639.118300,577.579200,652.137300,572.975800,639.118300,567.073700,652.137300,564.103200,-0.015920,0.268251,-5.555758,0.219145,0.226555,-5.438211,0.133310,-5.480196,54.734250,0.718277,-0.259795,0,1,14.086880,0.012482,0.000193,0.126990,5,5,3,6,4
227,17.024810,0.062482,mother,7,10,7.015713,10.000000,513.838600,303.190600,513.231900,301.568200,1.732187,513.929000,305.943100,512.534900,297.193400,513.929000,296.971800,512.534900,287.781300,-2.276282,0.229076,1.380311,-2.301454,0.240333,1.603729,-2.277914,1.450593,343.252400,0.519602,-0.221195,1,0,13.928920,0.005616,0.000136,0.128887,5,11,10,5,4
227,17.024810,0.062482,older_sister,3,9,2.825348,8.999999,378.965200,412.902400,376.045000,414.537900,3.347067,368.467400,418.652800,383.622500,410.423000,368.467400,407.170800,383.622500,398.677500,-4.902672,0.293186,-1.497665,-4.629037,0.299916,-1.287524,-4.713128,-1.350833,234.735000,0.032370,0.344747,0,0,15.131640,0.012482,0.000273,0.128867,1,1,10,5,4
227,17.024810,0.062482,player,9,5,9.000000,4.984287,809.765100,367.267800,807.036700,368.064500,2.842340,814.692100,365.677400,799.381300,370.451600,814.692100,354.289100,799.381300,358.918700,3.154164,0.290793,-0.144971,2.877718,0.294486,-0.266876,3.065204,-0.185580,242.787500,0.519596,-0.301594,1,0,13.928910,0.005616,0.000086,0.136584,7,8,3,4,4
228,17.089130,0.064472,father,2,2,2.239523,2.000000,650.125900,573.248800,648.217000,574.006200,2.053583,643.866000,575.210600,652.568000,572.801900,643.866000,563.376300,652.568000,563.825200,0.069803,0.302183,-5.495277,0.226922,0.229214,-5.433771,0.182829,-5.445185,54.738120,0.799370,-0.163800,0,1,14.151350,0.014472,0.000136,0.114311,5,5,3,6,4
228,17.089130,0.064472,mother,7,10,7.064856,10.000000,515.916100,302.152000,516.756500,300.814500,1.579605,512.758800,305.635100,520.754300,295.994000,512.758800,296.501100,520.754300,286.880800,-2.297411,0.233231,1.388174,-2.153048,0.232700,1.634354,-2.240403,1.477112,22.462610,0.581030,-0.282660,0,0,13.977760,0.013845,0.000000,0.125081,5,11,10,5,4
228,17.089130,0.064472,older_sister,3,9,2.760474,8.999999,376.222700,414.273800,375.148700,414.641700,1.135256,367.338200,418.757300,382.959300,410.526000,367.338200,407.849700,382.959300,398.263700,-4.923061,0.278520,-1.500335,-4.641013,0.313111,-1.290154,-4.762646,-1.385852,234.732200,0.113462,0.351640,0,0,15.196110,0.014472,0.000097,0.130180,1,1,10,5,4
228,17.089130,0.064472,player,9,5,9.000000,4.935144,811.842700,368.306400,811.693100,370.093000,1.792812,811.865500,362.594100,811.520700,377.591800,811.865500,350.953400,811.520700,366.509500,3.103127,0.297239,-0.066241,3.096902,0.282980,-0.449197,3.102716,-0.212100,178.316700,0.581024,-0.382607,0,0,13.977750,0.013845,0.000246,0.134058,7,8,3,4,4
229,17.199090,0.110272,father,2,2,2.320021,2.000000,653.529000,571.547200,653.611100,571.484500,0.103325,653.699600,570.604400,653.522500,572.364600,653.699600,559.841900,653.522500,563.175000,0.247355,0.274813,-5.377660,0.244156,0.234651,-5.422606,0.244273,-5.401735,54.734720,0.899992,0.028562,0,1,14.231350,0.030000,0.000136,0.114311,5,5,3,6,4
229,17.199090,0.110272,mother,7,10,7.145354,10.000000,519.319200,300.450300,518.354200,300.740600,1.007741,511.384400,303.323400,525.324000,298.157700,511.384400,293.265700,525.324000,289.322600,-2.322226,0.256818,1.447201,-2.070539,0.225598,1.579106,-2.178958,1.520566,54.731970,0.681652,-0.281655,0,1,14.057760,0.030000,0.000193,0.125081,5,11,10,5,4
229,17.199090,0.110272,older_sister,3,9,2.679976,8.999999,372.819600,415.975600,374.538900,414.745300,2.114208,368.114300,418.423000,380.963600,411.067600,368.114300,407.444100,380.963600,397.660400,-4.909048,0.280340,-1.491797,-4.677047,0.342346,-1.303982,-4.824090,-1.429305,234.732100,0.214085,0.297864,1,0,15.276110,0.030000,0.000068,0.130180,1,1,10,5,4
229,17.199090,0.110272,player,9,5,9.000000,4.854646,815.245800,370.008100,814.325900,369.272900,1.177633,806.007200,364.768600,822.644700,373.777300,806.007200,352.067400,822.644700,362.964600,2.997352,0.324318,-0.121765,3.297750,0.276095,-0.351796,3.164160,-0.255554,125.268000,0.681646,-0.378084,0,1,14.057750,0.030000,0.000110,0.134058,7,8,3,4,4
230,17.262880,0.064644,father,2,2,2.400520,2.000000,656.932100,569.845800,659.762800,568.291100,3.229611,665.023100,564.710100,654.502500,571.872100,665.023100,555.014200,654.502500,562.504000,0.451807,0.247579,-5.227152,0.261851,0.239208,-5.410031,0.305718,-5.358290,54.737380,0.000616,0.260683,0,1,14.311350,0.030000,0.000000,0.114311,5,5,3,6,4
230,17.262880,0.064644,mother,7,10,7.225852,10.000000,522.722300,298.748800,520.682400,299.531100,2.184762,515.757400,300.990900,525.607300,298.071300,515.757400,289.383800,525.607300,289.125600,-2.243269,0.296380,1.506761,-2.065423,0.228424,1.581312,-2.117514,1.564011,54.736870,0.782276,-0.188253,0,1,14.137760,0.030000,0.000136,0.125081,5,11,10,5,4
230,17.262880,0.064644,older_sister,3,9,2.599477,8.999999,369.416500,417.676900,371.549100,416.338300,2.517881,368.103000,418.440200,374.995200,414.236400,368.103000,407.378100,374.995200,398.802500,-4.909251,0.282463,-1.492238,-4.784808,0.394097,-1.384897,-4.885535,-1.472747,234.739600,0.314709,0.163579,1,0,15.356110,0.030000,0.000136,0.130180,1,1,10,5,4
230,17.262880,0.064644,player,9,5,9.000000,4.774147,818.648900,371.709600,816.739800,370.275000,2.388057,811.591900,367.188400,821.887600,373.361500,811.591900,352.623800,821.887600,362.443000,3.098188,0.371898,-0.183554,3.284082,0.278798,-0.341179,3.225605,-0.298999,125.262800,0.782270,-0.242786,0,1,14.137750,0.030000,0.000164,0.134058,7,8,3,4,4
231,17.345740,0.083263,father,2,2,2.481018,2.000000,660.335100,568.144100,661.466000,567.717500,1.208639,666.980700,564.134000,655.951200,571.301000,666.980700,555.281900,655.951200,561.479100,0.487151,0.226035,-5.212443,0.288009,0.250797,-5.395448,0.367163,-5.314837,54.732340,0.101238,0.268259,0,0,14.391350,0.030000,0.000193,0.114311,5,5,3,6,4
231,17.345740,0.083263,mother,7,10,7.306351,10.000000,526.125400,297.047100,525.777900,297.196200,0.378195,525.003600,296.744700,526.552200,297.647700,525.003600,285.565900,526.552200,288.483400,-2.076324,0.285446,1.615185,-2.048362,0.234007,1.592126,-2.056069,1.607465,54.732460,0.882898,-0.009516,0,1,14.217760,0.030000,0.000301,0.125081,5,11,10,5,4
231,17.345740,0.083263,older_sister,3,9,2.518979,8.999999,366.013400,419.378300,366.334800,419.163900,0.386316,367.491200,418.826500,365.178400,419.501300,367.491200,407.575900,365.178400,405.851000,-4.920297,0.287280,-1.502103,-4.962057,0.348552,-1.519331,-4.946980,-1.516192,234.737200,0.415331,-0.044044,1,0,15.436110,0.030000,0.000232,0.130180,1,1,10,5,4
231,17.345740,0.083263,player,9,5,9.000000,4.693649,822.052000,373.411300,821.836300,373.168100,0.325091,821.736800,372.895200,821.935900,373.441100,821.736800,358.690300,821.935900,362.193200,3.281359,0.362712,-0.329272,3.284953,0.287209,-0.343211,3.287050,-0.342453,125.267900,0.882893,-0.010983,0,1,14.217750,0.030000,0.000031,0.134058,7,8,3,4,4
232,17.426320,0.081330,father,3,2,2.561517,2.000000,663.738300,566.442700,662.654100,567.230600,1.340192,667.439500,563.871700,657.868700,570.589500,667.439500,555.063100,657.868700,559.745700,0.495435,0.224921,-5.205744,0.322630,0.276889,-5.377278,0.428607,-5.271395,54.739460,0.201860,0.240127,1,0,14.471350,0.030000,0.000000,0.114311,5,5,3,6,4
232,17.426320,0.081330,mother,7,10,7.386849,10.000000,529.528500,295.345600,532.074500,293.948600,2.904107,536.617800,290.730200,527.531300,297.167100,536.617800,281.149700,527.531300,287.840900,-1.866624,0.244632,1.768762,-2.030684,0.238138,1.604399,-1.994624,1.650910,54.737130,0.983521,0.228849,0,1,14.297760,0.030000,0.000193,0.125081,5,11,10,5,4
232,17.426320,0.081330,older_sister,2,9,2.438480,8.999999,362.610300,421.080100,360.125200,422.118400,2.693321,367.056500,419.076000,353.193800,425.160900,367.056500,407.693200,353.193800,413.603500,-4.928146,0.290652,-1.508471,-5.178444,0.295110,-1.663846,-5.008425,-1.559646,234.732100,0.515953,-0.294072,1,0,15.516110,0.030000,0.000031,0.130180,1,1,10,5,4
232,17.426320,0.081330,player,9,5,9.000000,4.613150,825.455100,375.112700,829.003400,376.641000,3.863492,836.009200,379.791000,821.997700,373.491100,836.009200,367.941600,821.997700,361.939100,3.539055,0.302567,-0.505352,3.286069,0.294974,-0.344488,3.348495,-0.385894,125.260500,0.983515,0.299438,0,1,14.297750,0.030000,0.000164,0.134058,7,8,3,4,4
233,17.509380,0.083580,father,3,2,2.642015,2.000000,667.141400,564.741100,665.357800,565.790700,2.069468,668.108800,563.473700,662.606900,568.107800,668.108800,554.595500,662.606900,555.532800,0.507519,0.226701,-5.195582,0.408180,0.321094,-5.313910,0.490052,-5.227946,54.734730,0.302485,0.149428,1,0,14.551350,0.030000,0.000061,0.114311,5,5,3,6,4
233,17.509380,0.083580,mother,7,10,7.467348,10.000000,532.931600,293.644300,534.384900,293.011500,1.585129,539.877400,289.424100,528.892300,296.598800,539.877400,280.499300,528.892300,286.893400,-1.807770,0.227890,1.802112,-2.006110,0.247822,1.618911,-1.933179,1.694352,54.739570,0.084145,0.267713,0,0,14.377760,0.030000,0.000031,0.125081,5,11,10,5,4
233,17.509380,0.083580,older_sister,2,9,2.357982,8.999999,359.207200,422.781600,358.277300,423.241300,1.037358,367.276600,419.042900,349.278000,427.439700,367.276600,407.125600,349.278000,416.513200,-4.924173,0.304301,-1.507626,-5.249148,0.279001,-1.722034,-5.069870,-1.603091,234.737100,0.616577,-0.389130,0,0,15.596110,0.030000,0.000136,0.130180,1,1,10,5,4
233,17.509380,0.083580,player,9,5,9.000000,4.532652,828.858200,376.814100,830.579900,377.733200,1.951671,838.695200,381.551200,822.464600,373.915000,838.695200,370.541200,822.464600,361.883600,3.587553,0.281135,-0.550300,3.294500,0.307215,-0.355314,3.409939,-0.429340,125.262900,0.084139,0.351853,0,0,14.377750,0.030000,0.000273,0.134058,7,8,3,4,4
234,17.571190,0.062499,father,3,2,2.722514,2.000000,670.544400,563.039600,669.981100,563.294600,0.618382,669.390500,562.756300,670.571800,563.832800,669.390500,553.792200,670.571800,552.393600,0.530661,0.228892,-5.177264,0.551989,0.292094,-5.204752,0.551497,-5.184496,54.734700,0.403107,-0.001544,1,0,14.631350,0.030000,0.000136,0.128870,5,5,3,6,4
234,17.571190,0.062499,mother,8,10,7.547846,10.000000,536.334700,291.942600,535.598800,292.537000,0.945985,540.605200,289.096800,530.592300,295.977200,540.605200,280.307000,530.592300,285.333000,-1.794628,0.224444,1.810469,-1.975416,0.271792,1.634784,-1.871734,1.737806,54.732340,0.184767,0.249047,1,0,14.457760,0.030000,0.000164,0.124762,5,11,10,5,4
234,17.571190,0.062499,older_sister,2,9,2.277483,9.000000,355.804100,424.483300,358.070200,423.712100,2.393759,366.165500,420.085800,349.975000,427.338400,366.165500,406.929300,349.975000,416.498000,-4.944234,0.335942,-1.534256,-5.236563,0.276804,-1.719447,-5.131315,-1.646544,234.732800,0.717199,-0.345605,0,1,15.676110,0.030000,0.000043,0.125295,1,1,10,5,4
234,17.571190,0.062499,player,9,4,9.000000,4.452153,832.261300,378.515800,830.859000,378.113200,1.458954,838.391800,381.483100,823.326100,374.743200,838.391800,370.545100,823.326100,361.705100,3.582075,0.279296,-0.548560,3.310055,0.332919,-0.376460,3.471384,-0.472792,125.267000,0.184761,0.321465,1,0,14.457750,0.030000,0.000136,0.129691,7,8,3,4,4
235,17.678540,0.107489,father,3,2,2.803012,2.000000,673.947500,561.338100,675.698900,560.507300,1.938414,670.656100,562.087900,680.741600,558.926700,670.656100,553.120500,680.741600,549.455800,0.553512,0.228976,-5.160195,0.735613,0.241833,-5.079477,0.612941,-5.141051,54.737090,0.503729,-0.195289,1,0,14.711350,0.030000,0.000061,0.128870,5,5,3,6,4
235,17.678540,0.107489,mother,8,10,7.628345,10.000000,539.737800,290.241100,537.938800,291.344700,2.110511,541.112000,288.785000,534.765500,293.904400,541.112000,279.919200,534.765500,281.547000,-1.785477,0.226384,1.818432,-1.900067,0.315539,1.687712,-1.810290,1.781251,54.736870,0.285389,0.169033,1,0,14.537760,0.030000,0.000086,0.124762,5,11,10,5,4
235,17.678540,0.107489,older_sister,2,9,2.196985,9.000000,352.401000,426.184800,354.466900,425.483100,2.181792,358.606700,423.798400,350.327000,427.167800,358.606700,408.700000,350.327000,416.148900,-5.080712,0.385528,-1.629056,-5.230207,0.281362,-1.715091,-5.192760,-1.689990,234.737400,0.817822,-0.171736,0,1,15.756110,0.030000,0.000068,0.125295,1,1,10,5,4
235,17.678540,0.107489,player,9,4,9.000000,4.371655,835.664300,380.217300,832.961400,379.239200,2.874465,837.999000,381.300300,827.923600,377.178200,837.999000,370.280000,827.923600,362.166900,3.574982,0.281398,-0.543893,3.393066,0.383302,-0.438635,3.532827,-0.516238,125.263500,0.285383,0.209305,1,0,14.537750,0.030000,0.000164,0.129691,7,8,3,4,4
236,17.739260,0.061628,father,3,2,2.883511,2.000000,677.350600,559.636400,678.374600,559.086900,1.162081,671.364400,561.718800,685.384600,556.455000,671.364400,552.451600,685.384600,547.501200,0.566303,0.236633,-5.150772,0.819444,0.228628,-5.016363,0.674386,-5.097598,54.732670,0.604353,-0.284288,0,0,14.791350,0.030000,0.000220,0.128870,5,5,3,6,4
236,17.739260,0.061628,mother,8,10,7.708843,10.000000,543.140900,288.539300,542.218100,288.987400,1.025775,542.329000,288.092400,542.107400,289.882500,542.329000,279.130300,542.107400,277.950500,-1.763504,0.228841,1.836118,-1.767506,0.304675,1.790408,-1.748845,1.824703,54.732970,0.386013,0.029660,1,0,14.617760,0.030000,0.000301,0.124762,5,11,10,5,4
236,17.739260,0.061628,older_sister,2,9,2.116486,9.000000,348.997900,427.886100,348.232900,428.385300,0.913476,346.250900,429.581800,350.214800,427.188800,346.250900,416.456700,350.214800,415.841900,-5.303803,0.335142,-1.776731,-5.232233,0.289737,-1.715629,-5.254205,-1.733432,234.739500,0.918446,0.093714,0,1,15.836110,0.030000,0.000273,0.125295,1,1,10,5,4
236,17.739260,0.061628,player,9,4,9.000000,4.291157,839.067400,381.919100,837.807700,381.365500,1.375910,838.608900,381.516200,837.006700,381.214800,838.608900,370.314700,837.006700,366.560200,3.585995,0.286023,-0.549405,3.557065,0.374197,-0.541709,3.594272,-0.559691,125.267900,0.386007,0.028064,1,0,14.617750,0.030000,0.000031,0.129691,7,8,3,4,4
237,17.799790,0.061260,father,3,2,2.959948,2.000000,680.582000,558.020800,679.182700,558.505400,1.480816,672.396900,560.971900,685.968500,556.038900,672.396900,550.705500,685.968500,547.191500,0.584943,0.262147,-5.131699,0.829987,0.225912,-5.005738,0.732730,-5.056346,54.737720,0.699900,-0.272802,0,1,14.867310,0.025964,0.000086,0.128870,5,5,3,6,4
237,17.799790,0.061260,mother,8,10,7.785280,10.000000,546.372200,286.924000,547.706800,286.261700,1.489945,543.580000,287.427300,551.833700,285.096100,543.580000,278.455400,551.833700,275.484300,-1.740917,0.229092,1.853099,-1.591891,0.245430,1.912626,-1.690502,1.865952,54.739430,0.481558,-0.156050,1,0,14.693720,0.025964,0.000031,0.124762,5,11,10,5,4
237,17.799790,0.061260,older_sister,2,9,2.040049,9.000000,345.766500,429.501900,342.469700,431.390200,3.799338,334.961600,435.498700,349.977700,427.281600,334.961600,423.793600,349.977700,415.609200,-5.507637,0.298885,-1.927818,-5.236514,0.298049,-1.717997,-5.312549,-1.774692,234.732400,0.013992,0.342512,0,1,15.912080,0.025964,0.000110,0.125295,1,1,10,5,4
237,17.799790,0.061260,player,9,4,8.999999,4.214720,842.298700,383.534500,843.875000,384.438800,1.817281,839.208300,381.770900,848.541700,387.106600,839.208300,370.420800,848.541700,375.248400,3.596817,0.289819,-0.555909,3.765336,0.302794,-0.692154,3.652616,-0.600940,125.260200,0.481552,-0.216255,1,0,14.693720,0.025964,0.000220,0.129691,7,8,3,4,4
238,17.859710,0.060170,father,3,2,3.020492,2.000000,683.141500,556.741100,681.069200,557.527700,2.216599,675.932600,559.084400,686.205700,555.971100,675.932600,547.576400,686.205700,547.035100,0.648784,0.293851,-5.083503,0.834269,0.228175,-5.004007,0.778945,-5.023669,54.737290,0.775580,-0.197347,0,1,14.927480,0.010170,0.000000,0.128870,5,5,3,6,4
238,17.859710,0.060170,mother,8,10,7.845825,10.000000,548.931800,285.644100,551.083900,284.661100,2.365960,544.312600,287.055200,557.855100,282.267000,544.312600,278.015300,557.855100,272.991100,-1.727688,0.230829,1.862600,-1.483173,0.236855,1.984865,-1.644287,1.898633,54.734130,0.557240,-0.270235,0,0,14.753890,0.010170,0.000110,0.124762,5,11,10,5,4
238,17.859710,0.060170,older_sister,2,9,1.979504,8.999999,343.207000,430.781800,341.538600,431.536700,1.831252,333.733800,435.674300,349.343500,427.399100,333.733800,424.692100,349.343500,415.325500,-5.529807,0.280425,-1.932300,-5.247964,0.308293,-1.720998,-5.358762,-1.807372,234.733500,0.089672,0.352119,0,0,15.972250,0.010170,0.000031,0.125295,1,1,10,5,4
238,17.859710,0.060170,player,9,4,8.999999,4.154175,844.858300,384.814300,847.270800,386.277300,2.821410,839.309400,381.819000,855.232200,390.735700,839.309400,370.310800,855.232200,379.463300,3.598642,0.293854,-0.557135,3.886136,0.287833,-0.784819,3.698831,-0.633621,125.265800,0.557232,-0.366192,0,0,14.753890,0.010170,0.000164,0.129691,7,8,3,4,4
239,17.918920,0.059761,father,3,2,3.080625,2.000000,685.683700,555.470000,684.601900,555.957800,1.186623,682.321700,556.243600,686.882100,555.672100,682.321700,544.426600,686.882100,546.567400,0.764140,0.301740,-5.010965,0.846483,0.232481,-4.996371,0.824844,-4.991213,54.735420,0.850746,-0.075658,0,1,14.987240,0.009761,0.000000,0.128870,5,5,3,6,4
239,17.918920,0.059761,mother,8,10,7.905958,10.000000,551.473900,284.373000,551.816000,284.104300,0.435033,544.714700,286.796000,558.917400,281.412700,544.714700,277.295300,558.917400,272.511700,-1.720429,0.242592,1.869221,-1.463991,0.227280,2.006680,-1.598387,1.931088,54.736430,0.632406,-0.288743,0,0,14.813650,0.009761,0.000086,0.124762,5,11,10,5,4
239,17.918920,0.059761,older_sister,2,9,1.919371,8.999999,340.664800,432.052800,341.125200,431.576600,0.662381,333.802500,435.575300,348.448100,427.577900,333.802500,424.656100,348.448100,414.762800,-5.528566,0.278816,-1.929773,-5.264132,0.327228,-1.725564,-5.404663,-1.839828,234.736500,0.164839,0.333810,1,0,16.032010,0.009761,0.000068,0.125295,1,1,10,5,4
239,17.918920,0.059761,player,9,4,8.999999,4.094041,847.400500,386.085400,847.895600,386.269100,0.528056,839.253700,381.656400,856.537500,390.881700,839.253700,369.574200,856.537500,379.994600,3.597636,0.308511,-0.552986,3.909704,0.277997,-0.788549,3.744731,-0.666076,125.263300,0.632399,-0.390805,0,0,14.813650,0.009761,0.000220,0.129691,7,8,3,4,4
240,17.978120,0.059571,father,3,2,3.140567,2.000000,688.217700,554.203100,689.028400,553.764800,0.921591,690.487700,552.190900,687.569300,555.338800,690.487700,542.029500,687.569300,546.113000,0.911584,0.259464,-4.907481,0.858890,0.235575,-4.987862,0.870597,-4.958861,54.735630,0.925673,0.089432,0,1,15.046810,0.009570,0.000000,0.130839,5,5,3,6,4
240,17.978120,0.059571,mother,8,10,7.965899,10.000000,554.007900,283.106000,552.447100,283.669500,1.659379,545.764100,286.073500,559.130100,281.265400,545.764100,275.726900,559.130100,272.406800,-1.701481,0.264195,1.887667,-1.460150,0.226201,2.010439,-1.552634,1.963440,54.736190,0.707333,-0.267929,0,1,14.873220,0.009570,0.000086,0.122052,5,11,10,5,4
240,17.978120,0.059571,older_sister,2,9,1.859429,8.999999,338.130800,433.319800,340.391600,431.836000,2.704225,334.536900,435.222600,346.246300,428.449400,334.536900,424.219300,346.246300,414.444200,-5.515306,0.280964,-1.920767,-5.303887,0.357614,-1.747815,-5.450416,-1.872180,234.735800,0.239765,0.272477,1,0,16.091580,0.009570,0.000097,0.130940,1,1,10,5,4
240,17.978120,0.059571,player,9,4,8.999999,4.034099,849.934600,387.352400,848.349100,386.214500,1.951517,840.552500,381.917500,856.145700,390.511500,840.552500,368.917400,856.145700,379.679700,3.621087,0.331948,-0.559651,3.902631,0.276585,-0.779096,3.790485,-0.698428,125.263800,0.707327,-0.356576,0,1,14.873220,0.009570,0.000220,0.125105,7,8,3,4,4
241,18.082870,0.105281,father,3,2,3.221065,2.000000,691.620800,552.501300,694.041500,551.200000,2.748302,699.343000,547.619600,688.740000,554.780300,699.343000,538.202300,688.740000,545.337600,1.071471,0.240466,-4.790758,0.880028,0.241115,-4.973601,0.932042,-4.915408,54.732340,0.026295,0.261880,0,1,15.126810,0.030000,0.000193,0.130839,5,5,3,6,4
241,18.082870,0.105281,mother,8,10,8.046398,10.000000,557.411000,281.404300,555.596300,282.140400,1.958393,551.556200,283.210400,559.636300,281.070400,551.556200,271.285900,559.636300,272.075200,-1.596902,0.304486,1.960774,-1.451011,0.229688,2.015419,-1.491190,2.006893,54.731840,0.807955,-0.150665,0,1,14.953220,0.030000,0.000301,0.122052,5,11,10,5,4
241,18.082870,0.105281,older_sister,2,9,1.778930,8.999999,334.727700,435.021100,336.676700,433.863200,2.267071,334.174200,435.436000,339.179200,432.290300,334.174200,424.319200,339.179200,416.770400,-5.521855,0.283861,-1.926216,-5.431486,0.396290,-1.845890,-5.511861,-1.915622,234.739800,0.340389,0.120161,1,0,16.171580,0.030000,0.000341,0.130940,1,1,10,5,4
241,18.082870,0.105281,player,9,4,8.999999,3.953600,853.337600,389.054100,851.622100,387.807800,2.120527,847.562600,385.343900,855.681500,390.271700,847.562600,370.353900,855.681500,379.287100,3.747658,0.382762,-0.647143,3.894250,0.280484,-0.772971,3.851929,-0.741881,125.267900,0.807949,-0.192340,0,1,14.953220,0.030000,0.000031,0.125105,7,8,3,4,4
242,18.140580,0.058348,father,3,2,3.301564,2.000000,695.023900,550.799800,695.608200,550.691400,0.594320,701.091200,547.126300,690.125200,554.256500,701.091200,538.333500,690.125200,544.229900,1.103036,0.224520,-4.778162,0.905038,0.256025,-4.960227,0.993487,-4.871962,54.737090,0.126917,0.266779,0,0,15.206810,0.030000,0.000136,0.130839,5,5,3,6,4
242,18.140580,0.058348,mother,8,10,8.126897,10.000000,560.814100,279.702800,561.128500,279.522400,0.362468,561.665700,278.417100,560.591400,280.627800,561.665700,267.859200,560.591400,271.425900,-1.414369,0.269592,2.083169,-1.433767,0.234963,2.026722,-1.429745,2.050339,54.737370,0.908577,0.048427,0,1,15.033220,0.030000,0.000164,0.122052,5,11,10,5,4
242,18.140580,0.058348,older_sister,2,9,1.698431,8.999999,331.324500,436.722900,330.763000,436.942500,0.602950,333.499600,435.835600,328.026500,438.049500,333.499600,424.541700,328.026500,425.320300,-5.534035,0.288381,-1.936418,-5.632855,0.325033,-1.992949,-5.573307,-1.959075,234.732900,0.441011,-0.113324,1,0,16.251580,0.030000,0.000136,0.130940,1,1,10,5,4
242,18.140580,0.058348,player,9,4,8.999999,3.873102,856.740700,390.755600,857.313200,390.925600,0.597170,858.883700,391.505300,855.742700,390.346000,858.883700,378.070000,855.742700,379.025600,3.952068,0.343061,-0.804470,3.895352,0.289060,-0.774869,3.913374,-0.785327,125.262800,0.908571,0.063398,0,1,15.033220,0.030000,0.000110,0.125105,7,8,3,4,4
243,18.198850,0.058332,father,3,2,3.363910,2.000000,697.659600,549.481700,696.517200,550.302100,1.406442,701.259600,546.959000,691.774800,553.645100,701.259600,538.146500,691.774800,542.764900,1.106076,0.225023,-4.773890,0.934822,0.277818,-4.944613,1.041076,-4.838305,54.730610,0.204851,0.238399,1,0,15.268770,0.011960,0.000356,0.130839,5,5,3,6,4
243,18.198850,0.058332,mother,8,10,8.189242,10.000000,563.449800,278.385200,566.057900,276.953300,2.975252,570.739000,273.664300,561.376700,280.242200,570.739000,264.066600,561.376700,270.909400,-1.250546,0.245071,2.204530,-1.419588,0.238311,2.036565,-1.382156,2.083985,54.738850,0.986511,0.234995,0,1,15.095180,0.011960,0.000000,0.122052,5,11,10,5,4
243,18.198850,0.058332,older_sister,2,9,1.636085,8.999999,328.688800,438.040700,326.155200,439.096200,2.744730,333.231200,435.988600,319.079000,442.203800,333.231200,424.601400,319.079000,430.666500,-5.538881,0.290766,-1.940326,-5.794405,0.294600,-2.099027,-5.620896,-1.992724,234.736300,0.518944,-0.300261,1,0,16.313540,0.011960,0.000178,0.130940,1,1,10,5,4
243,18.198850,0.058332,player,9,4,8.999999,3.810755,859.376500,392.073200,863.010000,393.637800,3.956077,870.201400,396.877400,855.818700,390.398200,870.201400,385.030000,855.818700,378.834900,4.156413,0.302516,-0.941644,3.896726,0.295262,-0.776202,3.960963,-0.818972,125.259900,0.986504,0.307552,0,1,15.095180,0.011960,0.000273,0.125105,7,8,3,4,4
244,18.254190,0.056166,father,3,2,3.420426,2.000000,700.048800,548.287200,698.254900,549.408600,2.115603,701.663700,546.719000,694.846100,552.098100,701.663700,537.856100,694.846100,539.895400,1.113371,0.226309,-4.767760,0.990277,0.311589,-4.905114,1.084215,-4.807803,54.737250,0.275496,0.179807,1,0,15.324940,0.006166,0.000273,0.130839,5,5,3,6,4
244,18.254190,0.056166,mother,8,10,8.245758,9.999999,565.839100,277.190600,567.762100,276.240300,2.145060,573.180700,272.657900,562.343400,279.822700,573.180700,263.551400,562.343400,270.267800,-1.206459,0.232530,2.230228,-1.402132,0.243979,2.047279,-1.339017,2.114488,54.736840,0.057156,0.265392,0,0,15.151350,0.006166,0.000086,0.122052,5,11,10,5,4
244,18.254190,0.056166,older_sister,2,9,1.579568,8.999999,326.299600,439.235200,324.502800,439.994800,1.950726,333.386900,435.925700,315.618700,444.064000,333.386900,424.230700,315.618700,433.064100,-5.536069,0.298623,-1.938718,-5.856884,0.280876,-2.146527,-5.664035,-2.023226,234.737000,0.589588,-0.381923,0,0,16.369710,0.006166,0.000273,0.130940,1,1,10,5,4
244,18.254190,0.056166,player,9,4,8.999999,3.754239,861.765700,393.268200,864.246300,394.449600,2.747536,872.314900,398.212300,856.177700,390.686900,872.314900,387.000700,856.177700,378.828900,4.194575,0.286281,-0.975731,3.903208,0.302785,-0.783573,4.004104,-0.849486,125.272800,0.057148,0.348841,0,0,15.151340,0.006166,0.000031,0.125105,7,8,3,4,4
245,18.310160,0.056739,father,3,2,3.477518,2.000000,702.462400,547.080600,700.946900,547.890600,1.718385,702.440100,546.266000,699.453700,549.515300,702.440100,537.335400,699.453700,536.842700,1.127390,0.228038,-4.756194,1.073469,0.323588,-4.839163,1.127793,-4.776995,54.741250,0.346861,0.091925,1,0,15.381680,0.006739,0.000061,0.130839,5,5,3,6,4
245,18.310160,0.056739,mother,8,10,8.302850,9.999999,568.252600,275.983700,568.797500,275.894700,0.552135,574.272500,272.330200,563.322700,279.459300,574.272500,263.538600,563.322700,269.417500,-1.186747,0.224488,2.238595,-1.384452,0.256409,2.056559,-1.295438,2.145305,54.733120,0.128521,0.266525,0,0,15.208090,0.006739,0.000110,0.122052,5,11,10,5,4
245,18.310160,0.056739,older_sister,2,9,1.522475,8.999999,323.886000,440.442200,324.470800,440.334100,0.594744,333.425300,436.167800,315.516500,444.500400,333.425300,423.735400,315.516500,433.673500,-5.535377,0.317455,-1.944902,-5.858730,0.276459,-2.157670,-5.707614,-2.054046,234.732000,0.660955,-0.386858,0,1,16.426450,0.006739,0.000097,0.130940,1,1,10,5,4
245,18.310160,0.056739,player,9,4,8.999999,3.697146,864.179300,394.474900,864.550700,394.854300,0.530879,872.589000,398.642200,856.512300,391.066500,872.589000,387.743900,856.512300,378.660500,4.199523,0.278281,-0.986706,3.909249,0.316780,-0.793266,4.047682,-0.880297,125.261400,0.128513,0.348691,0,0,15.208080,0.006739,0.000061,0.125105,7,8,3,4,4
246,18.365330,0.055452,father,4,2,3.533316,2.000000,704.821300,545.901000,704.586900,545.986300,0.249481,703.399900,545.745800,705.773900,546.226900,703.399900,536.780600,705.773900,535.212000,1.144720,0.228921,-4.742910,1.187584,0.281259,-4.755195,1.170385,-4.746874,54.732120,0.416607,-0.027903,1,0,15.437130,0.005452,0.000220,0.128898,5,5,3,6,4
246,18.365330,0.055452,mother,8,10,8.358648,9.999999,570.611500,274.804000,569.598800,275.552200,1.259139,574.433000,272.174100,564.764500,278.930200,574.433000,263.370300,564.764500,268.128100,-1.183848,0.224802,2.242580,-1.358420,0.275826,2.070067,-1.252848,2.175427,54.730870,0.198267,0.242141,1,0,15.263540,0.005452,0.000273,0.125087,5,11,10,5,4
246,18.365330,0.055452,older_sister,1,9,1.466677,8.999999,321.527100,441.621800,324.011300,440.771000,2.625818,331.750200,437.350100,316.272300,444.192000,331.750200,423.877900,316.272300,433.348300,-5.565620,0.344004,-1.975090,-5.845084,0.276886,-2.149794,-5.750205,-2.084166,234.731900,0.730703,-0.329045,0,1,16.481900,0.005452,0.000043,0.125305,1,1,10,5,4
246,18.365330,0.055452,player,9,4,8.999999,3.641348,866.538100,395.654400,864.745700,395.092700,1.878363,872.074300,398.323900,857.417100,391.861500,872.074300,387.367700,857.417100,378.667100,4.190230,0.279760,-0.978579,3.925587,0.336912,-0.813566,4.090272,-0.910415,125.265700,0.198261,0.311350,1,0,15.263530,0.005452,0.000031,0.130046,7,8,3,4,4
247,18.467040,0.101924,father,4,2,3.613814,2.000000,708.224400,544.199600,710.177500,543.289100,2.154910,704.618500,545.106200,715.736600,541.472000,704.618500,536.136200,715.736600,532.051900,1.166722,0.229044,-4.726579,1.367465,0.240538,-4.633783,1.231828,-4.703429,54.736500,0.517231,-0.217482,1,0,15.517130,0.030000,0.000136,0.128898,5,5,3,6,4
247,18.467040,0.101924,mother,8,10,8.439147,9.999999,574.014600,273.102600,572.224700,274.165800,2.081822,575.066800,271.796100,569.382600,276.535500,575.066800,262.921000,569.382600,264.000500,-1.172404,0.226621,2.252234,-1.275037,0.320074,2.131216,-1.191403,2.218872,54.737060,0.298891,0.153668,1,0,15.343540,0.030000,0.000164,0.125087,5,11,10,5,4
247,18.467040,0.101924,older_sister,1,9,1.386179,9.000000,318.124000,443.323100,319.920200,442.670100,1.911185,323.345500,441.266200,316.494900,444.074100,323.345500,426.102400,316.494900,433.002300,-5.717372,0.387199,-2.075085,-5.841064,0.282713,-2.146784,-5.811650,-2.127608,234.739500,0.831326,-0.142391,0,1,16.561900,0.030000,0.000178,0.125305,1,1,10,5,4
247,18.467040,0.101924,player,9,4,9.000000,3.560849,869.941300,397.355800,867.314100,396.373000,2.805034,871.863700,398.225700,862.764600,394.520200,871.863700,387.190000,862.764600,379.279800,4.186427,0.281790,-0.976073,4.022138,0.389156,-0.881454,4.151719,-0.953860,125.262200,0.298883,0.188771,1,0,15.343530,0.030000,0.000136,0.130046,7,8,3,4,4
248,18.520670,0.054167,father,4,2,3.690380,2.000000,711.461200,542.581200,712.292800,542.108500,0.956593,705.238000,544.771500,719.347800,539.445600,705.238000,535.441300,719.347800,530.502100,1.177908,0.238241,-4.718032,1.432668,0.228366,-4.582038,1.290271,-4.662104,54.736180,0.612938,-0.286527,0,0,15.593220,0.026092,0.000136,0.128898,5,5,3,6,4
248,18.520670,0.054167,mother,9,10,8.515713,9.999999,577.251500,271.484300,576.502000,271.837900,0.828712,576.267900,271.119600,576.736000,272.556200,576.267900,262.156100,576.736000,260.865800,-1.150719,0.228878,2.269508,-1.142268,0.298507,2.232826,-1.132959,2.260193,54.738850,0.394598,0.014276,1,0,15.419630,0.026092,0.000000,0.125087,5,11,10,5,4
248,18.520670,0.054167,older_sister,1,9,1.309613,8.999999,314.887100,444.941500,313.802900,445.607800,1.272562,311.215900,447.114000,316.389800,444.101500,311.215900,434.243700,316.389800,432.731600,-5.936378,0.328634,-2.224405,-5.842961,0.290325,-2.147484,-5.870093,-2.168933,234.736000,0.927033,0.120685,0,1,16.637990,0.026092,0.000205,0.125305,1,1,10,5,4
248,18.520670,0.054167,player,9,3,8.999999,3.484283,873.178100,398.974100,872.152000,398.526600,1.119369,872.493900,398.454700,871.810200,398.598700,872.493900,387.238800,871.810200,384.217100,4.197806,0.286390,-0.981918,4.185460,0.367225,-0.985595,4.210160,-0.995181,125.262200,0.394592,0.007958,1,0,15.419630,0.026092,0.000273,0.130046,7,8,3,4,4
249,18.574750,0.054785,father,4,2,3.745506,2.000000,713.791600,541.416100,712.821700,541.708300,1.012979,705.852800,544.289700,719.790600,539.127000,705.852800,534.229700,719.790600,530.291900,1.189010,0.256877,-4.705730,1.440664,0.225598,-4.573902,1.332349,-4.632354,54.738620,0.681845,-0.281588,0,1,15.648010,0.004785,0.000000,0.128898,5,5,3,6,4
249,18.574750,0.054785,mother,9,10,8.570839,10.000000,579.581900,270.319100,580.545800,269.818500,1.086075,577.194500,270.625800,583.897100,269.011300,577.194500,261.654200,583.897100,259.189900,-1.133989,0.229086,2.282116,-1.012969,0.250784,2.323341,-1.090882,2.289948,54.734040,0.463505,-0.122613,1,0,15.474410,0.004785,0.000031,0.125087,5,11,10,5,4
249,18.574750,0.054785,older_sister,1,9,1.254486,8.999999,312.556700,446.106800,309.049000,448.130200,4.049475,301.788900,452.122200,316.309000,444.138100,301.788900,440.257400,316.309000,432.538000,-6.106588,0.302960,-2.352288,-5.844421,0.296201,-2.148418,-5.912171,-2.198688,234.734500,0.995939,0.331763,0,1,16.692770,0.004785,0.000164,0.125305,1,1,10,5,4
249,18.574750,0.054785,player,9,3,8.999999,3.429157,875.508500,400.139300,876.660900,400.798600,1.327575,872.962200,398.654100,880.359600,402.943100,872.962200,387.325600,880.359600,390.804900,4.206262,0.289267,-0.987011,4.339826,0.309940,-1.096527,4.252238,-1.024936,125.265400,0.463499,-0.172284,1,0,15.474410,0.004785,0.000220,0.130046,7,8,3,4,4
250,18.628060,0.053526,father,4,2,3.799366,2.000000,716.068700,540.277300,714.006400,541.058700,2.205343,708.137700,542.994400,719.875200,539.122900,708.137700,531.910800,719.875200,530.219400,1.230264,0.283014,-4.672657,1.442190,0.227348,-4.573800,1.373462,-4.603274,54.727660,0.749170,-0.230107,0,1,15.701530,0.003526,0.000273,0.128898,5,5,3,6,4
250,18.628060,0.053526,mother,9,10,8.624700,10.000000,581.858900,269.180700,583.957600,268.214500,2.310431,577.922900,270.250500,589.992200,266.178400,577.922900,261.268400,589.992200,256.805400,-1.120836,0.229354,2.291698,-0.902918,0.239334,2.395678,-1.049770,2.319016,54.738740,0.530829,-0.237965,1,0,15.527940,0.003526,0.000061,0.125087,5,11,10,5,4
250,18.628060,0.053526,older_sister,1,9,1.200626,9.000000,310.279700,447.245200,308.009500,448.410600,2.551900,300.276400,452.540000,315.742500,444.281100,300.276400,441.383900,315.742500,432.389100,-6.133899,0.284865,-2.362957,-5.854649,0.303654,-2.152069,-5.953282,-2.227755,234.738100,0.063265,0.349763,0,0,16.746300,0.003526,0.000273,0.125305,1,1,10,5,4
250,18.628060,0.053526,player,9,3,8.999999,3.375297,877.785600,401.278200,880.161100,402.701400,2.769241,873.147600,398.738600,887.174600,406.664100,873.147600,387.326300,887.174600,395.209600,4.209609,0.291406,-0.989167,4.462874,0.292485,-1.191543,4.293351,-1.054016,125.272500,0.530825,-0.323635,0,0,15.527940,0.003526,0.000061,0.130046,7,8,3,4,4
251,18.682590,0.054910,father,4,2,3.854619,2.000000,718.404400,539.109600,716.720800,539.815000,1.825415,713.072400,540.718700,720.369200,538.911300,713.072400,528.716900,720.369200,529.890400,1.319362,0.306460,-4.614547,1.451111,0.230342,-4.568395,1.415635,-4.573459,54.740290,0.818235,-0.134221,0,1,15.756440,0.004910,0.000136,0.128898,5,5,3,6,4
251,18.682590,0.054910,mother,9,10,8.679953,10.000000,584.194600,268.012600,585.323700,267.421800,1.274314,578.333600,270.036800,592.313800,264.806800,578.333600,260.799600,592.313800,255.843200,-1.113421,0.235867,2.297155,-0.861001,0.228881,2.430701,-1.007597,2.348843,54.729920,0.599894,-0.283200,0,0,15.582850,0.004910,0.000136,0.125087,5,11,10,5,4
251,18.682590,0.054910,older_sister,1,9,1.145374,9.000000,307.943900,448.413300,307.437700,448.472100,0.509596,299.741500,452.563800,315.134000,444.380400,299.741500,441.663100,315.134000,431.935000,-6.143557,0.278344,-2.363562,-5.865636,0.317785,-2.154604,-5.995457,-2.257582,234.731300,0.132330,0.347564,0,0,16.801210,0.004910,0.000068,0.125305,1,1,10,5,4
251,18.682590,0.054910,player,9,3,8.999999,3.320044,880.121400,402.445900,881.426000,403.179300,1.496637,872.978000,398.623600,889.874000,407.734900,872.978000,386.851800,889.874000,396.789600,4.206548,0.300586,-0.986232,4.511614,0.279482,-1.218885,4.335525,-1.083831,125.258200,0.599890,-0.383406,0,0,15.582850,0.004910,0.000136,0.130046,7,8,3,4,4
252,18.735220,0.052953,father,4,2,3.907901,2.000000,720.657000,537.983200,720.356700,538.109400,0.325765,719.678100,537.610600,721.035200,538.608300,719.678100,526.476700,721.035200,529.440900,1.438633,0.284298,-4.535183,1.463136,0.234085,-4.560659,1.456306,-4.544695,54.731730,0.884838,-0.005296,0,1,15.809390,0.002953,0.000273,0.129443,5,5,3,6,4
252,18.735220,0.052953,mother,9,10,8.733235,10.000000,586.447200,266.886100,585.875500,267.010400,0.585072,578.824800,269.652700,592.926100,264.368100,578.824800,259.776200,592.926100,255.526400,-1.104553,0.252192,2.306963,-0.849944,0.225769,2.441902,-0.966925,2.377605,54.732360,0.666496,-0.285792,0,1,15.635800,0.002953,0.000273,0.120479,5,11,10,5,4
252,18.735220,0.052953,older_sister,1,9,1.092091,9.000000,305.691400,449.539200,307.054400,448.521500,1.701084,300.316100,452.324800,313.792600,444.718100,300.316100,441.367600,313.792600,431.516300,-6.133181,0.279786,-2.357460,-5.889855,0.337101,-2.163229,-6.036128,-2.286334,234.742400,0.198935,0.310812,1,0,16.854160,0.002953,0.000369,0.130064,1,1,10,5,4
252,18.735220,0.052953,player,9,3,9.000000,3.266761,882.374000,403.572300,881.875700,403.115100,0.676162,873.383900,398.550000,890.367700,407.680300,873.383900,386.045100,890.367700,396.860500,4.213875,0.319307,-0.984353,4.520528,0.276277,-1.217489,4.376196,-1.112593,125.267800,0.666493,-0.384983,0,1,15.635800,0.002953,0.000000,0.124122,7,8,3,4,4
253,18.833890,0.099167,father,4,2,3.988400,2.000000,724.060100,536.281900,726.646700,534.862100,2.950711,731.279900,531.597700,722.013600,538.126400,731.279900,522.006500,722.013600,528.795900,1.648109,0.244904,-4.381646,1.480801,0.238249,-4.548354,1.517751,-4.501254,54.739440,0.985460,0.232853,0,1,15.889390,0.030000,0.000000,0.129443,5,5,3,6,4
253,18.833890,0.099167,mother,9,10,8.813734,10.000000,589.850300,265.184700,587.754600,265.972400,2.238777,582.363800,267.649000,593.145500,264.295900,582.363800,256.272900,593.145500,255.370800,-1.040654,0.290480,2.358128,-0.845984,0.227896,2.443747,-0.905481,2.421051,54.736950,0.767120,-0.208381,0,1,15.715800,0.030000,0.000164,0.120479,5,11,10,5,4
253,18.833890,0.099167,older_sister,1,9,1.011593,9.000000,302.288300,451.241000,304.473200,449.820300,2.606203,300.508700,452.222600,308.437700,447.418000,300.508700,441.186000,308.437700,432.167400,-6.129704,0.281815,-2.354852,-5.986542,0.389418,-2.232170,-6.097572,-2.329787,234.731900,0.299557,0.187723,1,0,16.934160,0.030000,0.000164,0.130064,1,1,10,5,4
253,18.833890,0.099167,player,9,3,9.000000,3.186263,885.777000,405.273700,883.780300,403.784800,2.490775,878.006300,400.369400,889.554300,407.200200,878.006300,386.102300,889.554300,396.309000,4.297336,0.364301,-1.030809,4.505841,0.278101,-1.205231,4.437641,-1.156039,125.262800,0.767115,-0.270946,0,1,15.715800,0.030000,0.000110,0.124122,7,8,3,4,4
254,18.886940,0.052979,father,4,2,4.060995,2.000000,727.129000,534.747300,728.725300,534.020900,1.753783,734.200800,530.434100,723.250000,537.607800,734.200800,521.466500,723.250000,527.952600,1.700848,0.228981,-4.351934,1.503125,0.246538,-4.535111,1.573164,-4.462070,54.734570,0.076204,0.267198,0,0,15.961540,0.022146,0.000136,0.129443,5,5,3,6,4
254,18.886940,0.052979,mother,9,10,8.886330,10.000000,592.919300,263.650200,591.996500,264.067100,1.012570,590.037700,264.195900,593.955100,263.938300,590.037700,252.498500,593.955100,254.818000,-0.902097,0.298687,2.446300,-0.831365,0.232881,2.452879,-0.850069,2.460232,54.736360,0.857863,-0.061551,0,1,15.787950,0.022146,0.000164,0.120479,5,11,10,5,4
254,18.886940,0.052979,older_sister,1,9,1.000000,9.015345,301.149500,451.161700,303.615700,450.479400,2.558774,300.194500,451.469200,307.036900,449.489700,300.194500,440.367400,307.036900,433.961300,-6.135377,0.283476,-2.335613,-6.011835,0.396507,-2.285067,-6.118134,-2.327761,253.804300,0.333227,0.132738,1,0,16.960930,0.015249,0.000164,0.130064,2,1,10,5,4
254,18.886940,0.052979,player,9,3,9.000000,3.113667,888.846100,406.808200,887.980200,406.196900,1.059857,886.397900,405.148300,889.562500,407.245600,886.397900,390.343900,889.562500,396.077500,4.448851,0.378020,-1.152836,4.505991,0.285169,-1.206390,4.493053,-1.195220,125.263500,0.857859,-0.077573,0,1,15.787940,0.022146,0.000136,0.124122,7,8,3,4,4
255,18.941860,0.054524,father,4,2,4.115859,2.000000,729.448400,533.587300,729.597400,533.695700,0.184297,734.973200,530.146000,724.221600,537.245400,734.973200,521.361900,724.221600,527.041900,1.714794,0.224297,-4.344578,1.520668,0.260540,-4.525859,1.615040,-4.432452,54.730270,0.144783,0.263169,0,0,16.016060,0.004524,0.000356,0.129443,5,5,3,6,4
255,18.941860,0.054524,mother,9,10,8.941193,10.000000,595.238600,262.490400,596.072900,262.039600,0.948257,597.573900,260.443700,594.571900,263.635400,597.573900,250.298200,594.571900,254.408500,-0.766028,0.259062,2.542109,-0.820229,0.235603,2.460612,-0.808191,2.489849,54.730930,0.926443,0.091310,0,1,15.842470,0.004524,0.000301,0.120479,5,11,10,5,4
255,18.941860,0.054524,older_sister,1,9,1.000000,9.067085,298.962200,450.068100,300.054700,450.063400,1.092600,300.038600,450.260100,300.070800,449.866700,300.038600,439.038800,300.070800,435.595300,-6.138191,0.286528,-2.304739,-6.137609,0.364411,-2.294695,-6.157627,-2.299838,273.432800,0.397903,-0.000021,1,0,17.012350,0.004524,0.000068,0.130064,3,1,10,5,4
255,18.941860,0.054524,player,9,3,9.000000,3.058803,891.165500,407.968000,892.391400,408.457800,1.320144,895.218800,409.659800,889.564100,407.255900,895.218800,396.772900,889.564100,395.887500,4.608117,0.329057,-1.268033,4.506017,0.290284,-1.206651,4.534932,-1.224837,125.268600,0.926437,0.118802,0,1,15.842470,0.004524,0.000031,0.124122,7,8,3,4,4
256,18.992910,0.051647,father,4,2,4.167827,2.000000,731.645400,532.489000,730.409000,533.360200,1.512471,735.081700,530.046500,725.736300,536.673800,735.081700,521.227400,725.736300,525.727800,1.716752,0.225193,-4.342039,1.548017,0.279500,-4.511263,1.654708,-4.404406,54.738430,0.209745,0.235471,1,0,16.067710,0.001647,0.000193,0.129443,5,5,3,6,4
256,18.992910,0.051647,mother,9,10,8.993161,10.000000,597.435600,261.392000,600.136900,259.907400,3.082353,605.036300,256.507400,595.237500,263.307500,605.036300,246.874100,595.237500,253.963100,-0.631289,0.245980,2.642622,-0.808212,0.238604,2.468984,-0.768524,2.517896,54.737930,0.991404,0.244705,0,1,15.894120,0.001647,0.000220,0.120479,5,11,10,5,4
256,18.992910,0.051647,older_sister,1,9,1.000000,9.119054,296.765200,448.969600,295.448500,448.520400,1.391165,299.702800,449.997200,291.194300,447.043500,299.702800,438.669600,291.194300,434.893400,-6.144255,0.289244,-2.298027,-6.297881,0.310247,-2.222606,-6.197295,-2.271789,292.042500,0.462864,-0.170702,1,0,17.064000,0.001647,0.000068,0.130064,3,1,10,5,4
256,18.992910,0.051647,player,9,3,9.000000,3.000000,893.651400,409.211000,897.598800,410.910800,4.297812,905.558700,414.527600,889.638800,407.294100,905.558700,402.652600,889.638800,395.677800,4.794809,0.303219,-1.392330,4.507368,0.296615,-1.207628,4.579816,-1.256575,125.264700,0.999941,0.341333,0,1,15.900910,0.008439,0.000061,0.124122,7,8,3,4,4
257,19.046600,0.052311,father,4,2,4.220464,2.000000,733.870600,531.376300,732.076700,532.497700,2.115551,735.484100,529.808500,728.669200,535.186800,735.484100,520.945700,728.669200,522.983400,1.724020,0.226309,-4.335963,1.600971,0.311608,-4.473293,1.694886,-4.375994,54.734250,0.275541,0.179758,1,0,16.120020,0.002311,0.000273,0.129443,5,5,3,6,4
257,19.046600,0.052311,mother,9,10,9.045798,10.000000,599.660900,260.279300,601.583100,259.329400,2.144132,607.001700,255.746900,596.164600,262.912000,607.001700,246.640700,596.164600,253.356900,-0.595802,0.232520,2.662041,-0.791473,0.243984,2.479082,-0.728345,2.546308,54.734470,0.057199,0.265397,0,0,15.946430,0.002311,0.000246,0.120479,5,11,10,5,4
257,19.046600,0.052311,older_sister,1,9,1.000000,9.171691,294.539900,447.856900,292.184000,446.447800,2.745231,299.106900,450.360300,285.261000,442.535200,299.106900,438.953300,285.261000,431.066600,-6.155015,0.291272,-2.307299,-6.405009,0.292847,-2.107491,-6.237473,-2.243376,305.266800,0.528660,-0.319480,0,0,17.116310,0.002311,0.000136,0.130064,3,1,10,5,4
257,19.046600,0.052311,player,9,3,8.988986,3.000000,893.185700,409.443600,895.092800,412.129600,3.294127,899.162500,418.194100,891.023000,406.065100,899.162500,406.485400,891.023000,394.393800,4.679324,0.298975,-1.485954,4.532361,0.298020,-1.176247,4.571409,-1.262515,157.084700,0.013708,0.342489,0,0,15.911850,0.000946,0.000136,0.124122,1,8,3,4,4
258,19.100500,0.054017,father,4,2,4.274817,2.000000,736.168500,530.227600,734.620200,531.061600,1.758582,736.217800,529.379500,733.022600,532.743800,736.217800,520.452800,733.022600,520.050900,1.737266,0.227935,-4.325005,1.679574,0.324106,-4.410913,1.736375,-4.346663,54.740700,0.343481,0.096701,1,0,16.174040,0.004017,0.000086,0.127972,5,5,3,6,4
258,19.100500,0.054017,mother,9,10,9.100152,10.000000,601.958700,259.130600,602.586200,259.000700,0.640816,608.077500,255.435000,597.094800,262.566400,608.077500,246.640400,597.094800,252.556000,-0.576379,0.224564,2.670004,-0.774676,0.255608,2.487909,-0.686857,2.575638,54.741180,0.125139,0.267038,0,0,16.000450,0.004017,0.000061,0.125311,5,11,10,5,4
258,19.100500,0.054017,older_sister,1,9,1.000000,9.226044,292.242200,446.708000,290.852100,445.915200,1.600298,299.272100,450.468200,282.432000,441.362100,299.272100,438.722200,282.432000,430.406700,-6.152032,0.299927,-2.310054,-6.456088,0.279739,-2.077533,-6.278961,-2.214038,305.266600,0.596602,-0.382507,0,0,17.170330,0.004017,0.000205,0.130000,3,1,10,5,4
258,19.100500,0.054017,player,9,3,8.954496,3.000000,891.727700,410.172700,891.278900,412.270500,2.145324,889.922200,419.036300,892.635700,405.504800,889.922200,407.821600,892.635700,393.648600,4.512484,0.286360,-1.507458,4.561478,0.302741,-1.161938,4.545083,-1.281131,189.942300,0.056822,0.348790,0,0,15.946130,0.003352,0.000136,0.139625,1,8,3,4,4
259,19.200630,0.099829,father,4,2,4.355316,2.000000,739.571500,528.525900,740.073100,528.244300,0.575237,737.600300,528.632800,742.545800,527.855700,737.600300,519.664500,742.545800,517.646900,1.762228,0.229001,-4.305941,1.851521,0.260676,-4.286097,1.797819,-4.303210,54.732670,0.444103,-0.084362,1,0,16.254040,0.030000,0.000220,0.127972,5,5,3,6,4
259,19.200630,0.099829,mother,9,10,9.180651,10.000000,605.361800,257.428900,603.812200,258.448800,1.855099,608.251700,255.247600,599.372600,261.650100,608.251700,246.404000,599.372600,250.395800,-0.573233,0.225816,2.674790,-0.733550,0.287371,2.511305,-0.625413,2.619092,54.731880,0.225763,0.225288,1,0,16.080450,0.030000,0.000246,0.125311,5,11,10,5,4
259,19.200630,0.099829,older_sister,1,9,1.000000,9.306542,288.839100,445.006500,290.167300,445.997900,1.657390,298.206600,450.391600,282.127900,441.604100,298.206600,437.499300,282.127900,430.784700,-6.171269,0.329198,-2.308099,-6.461579,0.276269,-2.083715,-6.340405,-2.170592,305.262900,0.697224,-0.366585,0,1,17.250330,0.030000,0.000136,0.130000,3,1,10,5,4
259,19.200630,0.099829,player,9,3,8.875401,3.000000,888.383900,411.844500,888.585800,411.518600,0.383398,881.141200,415.552800,896.030300,407.484400,881.141200,404.639200,896.030300,394.777600,4.353939,0.278674,-1.418509,4.622769,0.324463,-1.212489,4.484710,-1.323821,234.735600,0.155689,0.338445,1,0,16.024730,0.030000,0.000136,0.139625,1,8,3,4,4
260,19.252730,0.053295,father,4,2,4.428895,2.000000,742.682100,526.970800,744.822300,525.989000,2.354625,738.615500,528.105300,751.028900,523.872600,738.615500,519.115900,751.028900,514.515000,1.780557,0.229540,-4.292472,2.004689,0.238942,-4.184392,1.853983,-4.263503,54.739490,0.536078,-0.245406,0,0,16.327160,0.023124,0.000000,0.127972,5,5,3,6,4
260,19.252730,0.053295,mother,9,10,9.254230,10.000000,608.472400,255.873800,606.742500,256.857300,1.989890,609.088000,254.766900,604.397000,258.947800,609.088000,245.872100,604.397000,246.255600,-0.558133,0.227124,2.687064,-0.642832,0.324088,2.580307,-0.569249,2.658799,54.740360,0.317738,0.130789,1,0,16.153570,0.023124,0.000046,0.125311,5,11,10,5,4
260,19.252730,0.053295,older_sister,1,9,1.000001,9.380122,285.728500,443.451200,287.592700,444.848100,2.329541,292.451400,447.776400,282.733900,441.919900,292.451400,433.086900,282.733900,430.986100,-6.275183,0.375088,-2.241321,-6.450637,0.279189,-2.091777,-6.396569,-2.130877,305.265300,0.789198,-0.229597,0,1,17.323450,0.023124,0.000164,0.130000,3,1,10,5,4
260,19.252730,0.053295,player,9,3,8.801821,2.999999,885.273300,413.400000,887.547900,411.894500,2.727725,881.923700,415.175100,893.172100,408.613800,881.923700,404.168600,893.172100,394.420500,4.368066,0.281045,-1.408866,4.571164,0.362417,-1.241325,4.428545,-1.363540,234.732400,0.247664,0.262560,1,0,16.097860,0.023124,0.000031,0.139625,1,8,3,4,4
261,19.304990,0.053129,father,4,2,4.482355,2.000000,744.942100,525.840800,745.999500,525.278200,1.197740,738.996300,527.904200,753.002800,522.652200,738.996300,518.647000,753.002800,513.695900,1.787433,0.236379,-4.287336,2.040328,0.228693,-4.153228,1.894789,-4.234648,54.735800,0.602903,-0.283915,0,0,16.380290,0.003129,0.000000,0.127972,5,5,3,6,4
261,19.304990,0.053129,mother,9,10,9.307691,10.000000,610.732400,254.743800,609.781900,255.207300,1.057503,609.949500,254.282900,609.614100,256.131700,609.949500,245.321400,609.614100,244.161200,-0.542579,0.228828,2.699421,-0.548633,0.305661,2.652214,-0.528444,2.687653,54.734900,0.384562,0.032199,1,0,16.206700,0.003129,0.000046,0.125311,5,11,10,5,4
261,19.304990,0.053129,older_sister,1,9,1.000001,9.433583,283.468400,442.321100,284.379700,442.958700,1.112171,286.066300,444.062200,282.693100,441.855200,286.066300,429.223400,282.693100,430.693500,-6.390469,0.378900,-2.146481,-6.451375,0.285008,-2.090126,-6.437376,-2.102023,305.264100,0.856024,-0.082266,0,1,17.376580,0.003129,0.000178,0.130000,3,1,10,5,4
261,19.304990,0.053129,player,9,3,8.748361,2.999999,883.013300,414.530100,885.146900,413.190100,2.519445,881.693200,415.296500,888.600400,411.083600,881.693200,404.234900,888.600400,395.651700,4.363906,0.282452,-1.411965,4.488618,0.394045,-1.304392,4.387740,-1.392394,234.735100,0.314489,0.163935,1,0,16.150990,0.003129,0.000061,0.139625,1,8,3,4,4
262,19.356180,0.051295,father,5,2,4.533970,2.000000,747.124100,524.749800,746.528300,524.884300,0.610895,739.481500,527.523400,753.575100,522.245300,739.481500,517.635900,753.575100,513.404400,1.796193,0.252472,-4.277612,2.050660,0.225746,-4.142839,1.934186,-4.206789,54.735040,0.667423,-0.285582,0,1,16.431590,0.001295,0.000061,0.127972,5,5,3,6,4
262,19.356180,0.051295,mother,9,10,9.359305,10.000000,612.914400,253.652600,613.547200,253.307100,0.720943,610.840700,253.808600,616.253600,252.805700,610.840700,244.839400,616.253600,242.718600,-0.526487,0.229023,2.711533,-0.428754,0.257566,2.737143,-0.489045,2.715515,54.732980,0.449081,-0.094583,1,0,16.258000,0.001295,0.000164,0.125311,5,11,10,5,4
262,19.356180,0.051295,older_sister,1,9,1.000001,9.485198,281.286400,441.229900,280.287800,440.848500,1.068921,277.883300,439.852600,282.692400,441.844400,277.883300,426.792200,282.692400,430.491800,-6.538219,0.333488,-2.038990,-6.451386,0.289880,-2.089849,-6.476773,-2.074160,305.268600,0.920544,0.100261,0,1,17.427880,0.001295,0.000314,0.130000,3,1,10,5,4
262,19.356180,0.051295,player,9,3,8.696746,2.999999,880.831200,415.620800,882.152000,414.873100,1.517704,881.333600,415.539300,882.970300,414.206900,881.333600,404.349800,882.970300,399.349400,4.357411,0.285716,-1.418164,4.386964,0.379377,-1.384143,4.348341,-1.420245,234.743700,0.379009,0.043771,1,0,16.202280,0.001295,0.000220,0.139625,1,8,3,4,4
263,19.408620,0.052794,father,5,2,4.587094,2.000000,749.370000,523.626800,747.417800,524.372200,2.089626,741.198700,526.509200,753.637100,522.235200,741.198700,515.699000,753.637100,513.347500,1.827197,0.276032,-4.251715,2.051780,0.226941,-4.142581,1.974735,-4.178114,54.733110,0.733826,-0.246377,0,1,16.484380,0.002794,0.000136,0.127972,5,5,3,6,4
263,19.408620,0.052794,mother,9,10,9.412428,10.000000,615.160200,252.529800,617.090100,251.628300,2.130037,611.595600,253.415900,622.584600,249.840800,611.595600,244.446600,622.584600,240.414900,-0.512857,0.229025,2.721562,-0.314445,0.240686,2.812849,-0.448496,2.744187,54.735590,0.515486,-0.214707,1,0,16.310790,0.002794,0.000136,0.125311,5,11,10,5,4
263,19.408620,0.052794,older_sister,1,10,1.000001,9.538314,279.040900,440.107600,275.395200,438.538100,3.969148,268.177200,435.286000,282.613400,441.790100,268.177200,423.438500,282.613400,430.225200,-6.713468,0.302520,-1.922385,-6.452814,0.295304,-2.088464,-6.517317,-2.045501,305.255900,0.986937,0.308711,0,1,17.480660,0.002786,0.000000,0.130000,3,1,10,5,4
263,19.408620,0.052794,player,9,3,8.643621,2.999999,878.585400,416.743600,877.869000,417.037600,0.774456,880.882600,415.797700,874.855300,418.277500,880.882600,404.496600,874.855300,405.691100,4.349269,0.288566,-1.424762,4.240443,0.321387,-1.488084,4.307793,-1.448916,234.736300,0.445412,-0.125415,1,0,16.255080,0.002794,0.000273,0.139625,1,8,3,4,4
264,19.458540,0.050391,father,5,2,4.637799,2.000000,751.513500,522.554900,749.583800,523.316800,2.074711,745.157100,524.554400,754.010500,522.079000,745.157100,512.746700,754.010500,513.106700,1.898670,0.301505,-4.201802,2.058523,0.229104,-4.138595,2.013438,-4.150744,54.732410,0.797209,-0.167010,0,0,16.534770,0.000391,0.000220,0.113689,5,5,3,6,4
264,19.458540,0.050391,mother,9,10,9.463133,10.000000,617.303800,251.457900,619.094900,250.617600,1.978448,612.069900,253.178300,626.119900,248.056900,612.069900,244.053900,626.119900,238.921200,-0.504293,0.232986,2.727627,-0.250614,0.233276,2.858399,-0.409793,2.771557,54.733120,0.578867,-0.282628,0,0,16.361180,0.000391,0.000233,0.125545,5,11,10,5,4
264,19.458540,0.050391,older_sister,1,10,1.000001,9.588800,276.906600,439.040300,274.230400,437.794900,2.951767,266.178500,434.053700,282.282400,441.536100,266.178500,422.772200,282.282400,429.714700,-6.749555,0.288067,-1.890919,-6.458790,0.301852,-2.081977,-6.555853,-2.018249,305.266900,0.050045,0.347716,0,0,17.530840,0.000389,0.000110,0.141218,3,1,10,5,4
264,19.458540,0.050391,player,9,3,8.592916,2.999999,876.441800,417.815700,874.087000,418.806400,2.554722,880.661400,415.925600,867.512500,421.687200,880.661400,404.551600,867.512500,410.081800,4.345275,0.290428,-1.428028,4.107865,0.296338,-1.575148,4.269088,-1.476291,234.729400,0.508795,-0.278782,0,0,16.305470,0.000391,0.000086,0.139868,1,8,3,4,4
265,19.556250,0.098023,father,5,2,4.718297,2.000000,754.916600,520.853600,754.942300,520.819200,0.042920,754.919700,519.994700,754.964800,521.643700,754.919700,509.179100,754.964800,512.457100,2.074938,0.276170,-4.085371,2.075754,0.234573,-4.127476,2.074883,-4.107302,54.739490,0.897831,0.023641,0,1,16.614770,0.030000,0.000000,0.113689,5,5,3,6,4
265,19.556250,0.098023,mother,10,10,9.543632,10.000000,620.706800,249.756400,619.796800,250.023500,0.948402,612.812400,252.616000,626.781300,247.431000,612.812400,242.584300,626.781300,238.595800,-0.490888,0.256154,2.741986,-0.238671,0.225599,2.874383,-0.348348,2.815003,54.737090,0.679491,-0.282375,0,1,16.441180,0.030000,0.000164,0.125545,5,11,10,5,4
265,19.556250,0.098023,older_sister,1,10,1.000001,9.663891,273.732100,437.453100,273.859300,437.314800,0.187881,265.906500,433.618100,281.812100,441.011600,265.906500,422.709400,281.812100,428.440800,-6.754465,0.278548,-1.879796,-6.467282,0.320987,-2.068584,-6.613170,-1.977721,305.263200,0.143908,0.343481,0,0,17.605460,0.026805,0.000043,0.141218,3,1,10,5,4
265,19.556250,0.098023,player,9,3,8.512418,2.999999,873.038700,419.517000,871.903100,420.047500,1.253415,880.857500,415.882200,862.948500,424.212700,880.857500,404.030700,862.948500,413.278200,4.348817,0.302621,-1.426921,4.025459,0.279205,-1.639634,4.207644,-1.519733,234.739500,0.609417,-0.386832,0,0,16.385470,0.030000,0.000301,0.139868,1,8,3,4,4
266,19.606490,0.050739,father,5,2,4.787488,2.000000,757.841700,519.390700,760.404400,517.983900,2.923398,764.984200,514.746000,755.824600,521.222000,764.984200,505.161400,755.824600,511.894000,2.256659,0.244738,-3.951349,2.091278,0.238184,-4.116709,2.127698,-4.069949,54.729800,0.984320,0.230507,0,1,16.683530,0.018762,0.000273,0.113689,5,5,3,6,4
266,19.606490,0.050739,mother,10,10,9.612822,10.000000,623.632000,248.293700,621.535200,249.081300,2.239762,616.111600,250.774200,626.958900,247.388400,616.111600,239.416300,626.958900,238.464700,-0.431318,0.290017,2.789016,-0.235465,0.227860,2.875470,-0.295534,2.852352,54.732560,0.765978,-0.209825,0,1,16.509940,0.018762,0.000315,0.125545,5,11,10,5,4
266,19.606490,0.050739,older_sister,1,10,1.000001,9.720425,271.342100,436.258000,273.567400,436.999700,2.345584,266.532700,433.947200,280.602100,440.052200,266.532700,422.967700,280.602100,426.636000,-6.743160,0.280354,-1.888199,-6.489130,0.342577,-2.044088,-6.656322,-1.947203,305.268600,0.214577,0.297417,1,0,17.661650,0.014428,0.000205,0.141218,3,1,10,5,4
266,19.606490,0.050739,player,8,3,8.443304,2.999999,870.116900,420.978100,871.839700,420.440600,1.804664,880.404400,416.529000,863.275300,424.352200,880.404400,403.651600,863.275300,413.534100,4.340633,0.328818,-1.443437,4.031359,0.276234,-1.643197,4.154890,-1.557040,234.732000,0.695808,-0.367852,0,1,16.454150,0.018686,0.000110,0.139868,1,8,3,4,4
267,19.656060,0.050261,father,5,2,4.838062,2.000000,759.979700,518.322000,762.061200,517.260400,2.336536,767.445900,513.680600,756.676500,520.840300,767.445900,504.487900,756.676500,511.326800,2.301106,0.234731,-3.924144,2.106659,0.242921,-4.106963,2.166300,-4.042659,54.741840,0.047537,0.264312,0,0,16.733800,0.000261,0.000061,0.113689,5,5,3,6,4
267,19.656060,0.050261,mother,10,10,9.663396,10.000000,625.770000,247.225100,624.252100,247.887600,1.656103,621.044200,248.607500,627.460100,247.167700,621.044200,236.570800,627.460100,238.116900,-0.342259,0.307351,2.844342,-0.226415,0.231106,2.881105,-0.256931,2.879640,54.744370,0.829195,-0.115817,0,0,16.560200,0.000261,0.000000,0.125545,5,11,10,5,4
267,19.656060,0.050261,older_sister,1,10,1.000001,9.756357,269.823100,435.498400,272.577200,436.479400,2.923631,266.680100,434.014200,278.474200,438.944600,266.680100,423.003500,278.474200,424.472500,-6.740498,0.281152,-1.889910,-6.527548,0.369537,-2.015805,-6.683750,-1.927810,305.263200,0.259491,0.246558,0,0,17.697360,0.000185,0.000178,0.141218,3,1,10,5,4
267,19.656060,0.050261,player,8,3,8.393458,2.999999,868.009700,422.031600,870.671000,421.179900,2.794265,877.497500,418.288200,863.844500,424.071700,877.497500,404.204000,863.844500,413.195200,4.288149,0.359631,-1.488356,4.041636,0.277725,-1.636034,4.116842,-1.583941,234.737900,0.758114,-0.286539,0,0,16.503690,0.000257,0.000193,0.139868,1,8,3,4,4
268,19.702530,0.049320,father,5,2,4.887689,2.000000,762.077700,517.272900,763.045200,516.950400,1.019788,768.566500,513.373000,757.523900,520.527800,768.566500,504.547400,757.523900,510.646900,2.321339,0.225357,-3.916291,2.121960,0.252306,-4.098985,2.204181,-4.015872,54.733990,0.109570,0.268272,0,0,16.783120,0.049320,0.000136,0.113689,5,5,3,6,4
268,19.702530,0.049320,mother,10,10,9.713023,10.000000,627.867900,246.175900,627.725500,246.225000,0.150633,627.366600,245.567900,628.084500,246.882200,627.366600,234.588500,628.084500,237.705100,-0.228104,0.280351,2.921956,-0.215142,0.234331,2.888394,-0.219051,2.906430,54.730640,0.891230,0.008796,0,1,16.609520,0.049320,0.000179,0.125545,5,11,10,5,4
268,19.702530,0.049320,older_sister,1,10,1.000001,9.787800,268.493800,434.833900,271.121700,435.816700,2.805649,266.568700,433.962700,275.674700,437.670700,266.568700,422.927100,275.674700,422.431600,-6.742509,0.281787,-1.888595,-6.578095,0.389121,-1.983277,-6.707751,-1.910842,305.259200,0.298794,0.188910,1,0,17.728610,0.031248,0.000068,0.141218,3,1,10,5,4
268,19.702530,0.049320,player,8,3,8.347069,2.999999,866.048600,423.012200,868.145100,422.306500,2.212157,872.373300,420.587300,863.917000,424.025600,872.373300,405.506000,863.917000,413.013200,4.195629,0.385091,-1.547062,4.042946,0.281197,-1.634858,4.081433,-1.608981,234.734000,0.816101,-0.175353,0,1,16.549790,0.046102,0.000136,0.139868,1,8,3,4,4
269,19.748450,0.046253,father,5,2,4.934230,2.000000,764.045300,516.289200,763.679100,516.678000,0.534108,768.869900,513.179700,758.488200,520.176300,768.869900,504.398600,758.488200,509.720300,2.326818,0.224221,-3.911355,2.139370,0.266988,-4.090010,2.239706,-3.990756,54.740240,0.167748,0.256194,1,0,16.829370,0.046253,0.000000,0.113689,5,5,3,6,4
269,19.748450,0.046253,mother,10,10,9.759564,10.000000,629.835400,245.192100,631.422600,244.321300,1.810366,634.184400,242.047100,628.660800,246.595500,634.184400,232.287800,628.660800,237.335600,-0.105004,0.249197,3.011857,-0.204735,0.236446,2.895715,-0.183527,2.931549,54.735630,0.949406,0.148485,0,1,16.655780,0.046253,0.000164,0.125545,5,11,10,5,4
269,19.748450,0.046253,older_sister,1,10,1.000000,9.813796,267.394800,434.284300,269.710800,435.229400,2.501467,266.406000,433.918400,273.015700,436.540300,266.406000,422.820700,273.015700,421.013600,-6.745447,0.283374,-1.887465,-6.626105,0.396465,-1.954413,-6.727594,-1.896807,305.271000,0.331289,0.136093,1,0,17.754440,0.025835,0.000178,0.141218,3,1,10,5,4
269,19.748450,0.046253,player,8,3,8.306973,2.999999,864.353500,423.859600,865.227400,423.584700,0.916043,866.655000,423.116100,863.799800,424.053400,866.655000,408.489000,863.799800,412.857600,4.092382,0.373493,-1.611632,4.040830,0.285880,-1.635568,4.050827,-1.630618,234.741600,0.866222,-0.055913,0,1,16.589640,0.039848,0.000273,0.139868,1,8,3,4,4
270,19.795300,0.047006,father,5,2,4.981529,2.000000,766.044800,515.289400,764.473500,516.318600,1.878371,768.896500,513.126000,760.050400,519.511200,768.896500,504.280600,760.050400,508.231800,2.327299,0.225862,-3.909982,2.167577,0.288011,-4.073025,2.275808,-3.965224,54.731810,0.226872,0.224548,1,0,16.876380,0.047006,0.000136,0.126028,5,5,3,6,4
270,19.795300,0.047006,mother,10,10,9.806863,10.000000,631.835000,244.192400,634.539200,242.713700,3.082045,639.808700,239.133100,629.269700,246.294500,639.808700,229.522400,629.269700,236.903900,-0.003453,0.245401,3.086265,-0.193743,0.239782,2.903401,-0.147423,2.957077,54.736880,0.008530,0.260947,0,1,16.702780,0.047006,0.000110,0.132576,5,11,10,5,4
270,19.795300,0.047006,older_sister,1,10,1.000000,9.837278,266.402000,433.788200,268.252500,434.586700,2.015420,266.208700,433.844800,270.296300,435.328500,266.208700,422.686600,270.296300,420.005600,-6.749009,0.284919,-1.885585,-6.675205,0.391262,-1.923471,-6.745518,-1.884139,305.251500,0.360642,0.082137,1,0,17.777780,0.023337,0.000031,0.134673,3,1,10,5,4
270,19.795300,0.047006,player,8,3,8.270087,2.999999,862.794200,424.639400,862.246800,425.028900,0.671799,860.691800,426.011600,863.801800,424.046200,860.691800,412.693900,863.801800,412.715700,3.984714,0.340059,-1.685568,4.040865,0.289319,-1.635383,4.022673,-1.650531,234.729300,0.912327,0.074823,0,1,16.626300,0.036656,0.000136,0.137164,1,8,3,4,4
271,19.909130,0.110446,father,5,2,5.000000,2.003623,766.672500,514.822200,765.237200,516.174800,1.972212,768.244900,512.761100,762.229500,519.588500,768.244900,503.899800,762.229500,507.754000,2.315534,0.226269,-3.900667,2.206921,0.302188,-4.075000,2.287143,-3.953295,43.536370,0.254490,0.201195,1,0,16.898330,0.003600,0.000220,0.126028,5,5,3,6,4
271,19.909130,0.110446,mother,10,10,9.887362,10.000000,635.238100,242.490700,636.213900,242.163000,1.029383,641.734900,238.585100,630.692900,245.740800,641.734900,229.758300,630.692900,235.862900,0.031325,0.225387,3.100257,-0.168045,0.252228,2.917539,-0.085979,3.000531,54.732060,0.109154,0.268279,0,0,16.782780,0.030000,0.000301,0.132576,5,11,10,5,4
271,19.909130,0.110446,older_sister,1,10,1.000000,9.871676,264.947900,433.060900,265.711100,433.384400,0.828882,265.870000,433.703800,265.552200,433.065000,265.870000,422.473100,265.552200,418.987900,-6.755126,0.286770,-1.881983,-6.760863,0.359451,-1.865674,-6.771773,-1.865569,305.271500,0.403637,-0.014102,1,0,17.811960,0.011988,0.000136,0.134673,3,1,10,5,4
271,19.909130,0.110446,player,8,3,8.216392,3.000000,860.524200,425.774700,857.416000,427.566400,3.587585,851.134500,431.055200,863.697500,424.077500,851.134500,419.192800,863.697500,412.540700,3.812150,0.302900,-1.814355,4.038983,0.294586,-1.636184,3.981686,-1.679519,234.730100,0.979446,0.288077,0,1,16.679660,0.018569,0.000110,0.137164,1,8,3,4,4
272,19.976850,0.067264,father,5,2,5.000000,2.048702,764.766800,513.869500,764.653300,515.472900,1.607412,764.047700,512.674100,765.258700,518.271700,764.047700,503.787500,765.258700,505.622500,2.239750,0.226914,-3.898444,2.261616,0.322991,-4.041376,2.252735,-3.928969,6.811425,0.310837,0.139330,1,0,16.943130,0.022800,0.000136,0.126028,3,5,3,6,4
272,19.976850,0.067264,mother,10,10,9.967860,10.000000,638.641200,240.789200,637.404300,241.660700,1.513105,642.076500,238.347200,632.732200,244.974200,642.076500,229.528000,632.732200,234.027700,0.037492,0.225194,3.106331,-0.131225,0.279512,2.937115,-0.024533,3.043976,54.737540,0.209776,0.235452,1,0,16.862780,0.030000,0.000233,0.132576,5,11,10,5,4
272,19.976850,0.067264,older_sister,1,10,1.000000,9.900764,263.718200,432.446000,263.273600,432.163200,0.526942,265.599100,433.586300,260.948000,430.740200,265.599100,422.294200,260.948000,417.977000,-6.760016,0.288338,-1.878984,-6.843994,0.325900,-1.806310,-6.793977,-1.849868,305.265900,0.439999,-0.110526,1,0,17.840870,0.010254,0.000164,0.134673,3,1,10,5,4
272,19.976850,0.067264,player,8,3,8.172812,3.000000,858.681800,426.695700,855.793200,428.308000,3.308126,848.206500,432.422800,863.379800,424.193200,848.206500,420.959600,863.379800,412.441700,3.759285,0.292706,-1.849274,4.033247,0.300069,-1.639137,3.948421,-1.703036,234.740700,0.033922,0.345010,0,0,16.722970,0.015142,0.000086,0.137164,1,8,3,4,4
273,20.051470,0.072565,father,5,2,5.000000,2.128294,761.402000,512.186900,761.620200,512.471500,0.358663,761.043000,513.094300,762.197600,511.848700,761.043000,504.129500,762.197600,500.630300,2.185497,0.228910,-3.909174,2.206345,0.286454,-3.877367,2.191980,-3.886004,327.192500,0.410328,-0.015438,1,0,17.022230,0.030000,0.000273,0.126028,3,5,3,6,4
273,20.051470,0.072565,mother,10,10,10.048360,10.000000,642.044300,239.087900,640.283300,240.104500,2.033352,642.827500,237.904800,637.739300,242.304200,642.827500,229.018700,637.739300,229.658200,0.051052,0.226901,3.117628,-0.040819,0.322909,3.005291,0.036911,3.087418,54.739150,0.310398,0.139868,1,0,16.942780,0.030000,0.000000,0.132576,5,11,10,5,4
273,20.051470,0.072565,older_sister,1,10,1.000000,9.926113,262.646500,431.910200,261.297600,431.139200,1.553712,265.439900,433.522600,257.155200,428.755800,265.439900,422.182900,257.155200,416.757300,-6.762890,0.289552,-1.877357,-6.912475,0.306375,-1.755641,-6.813326,-1.836185,305.267400,0.471685,-0.192409,1,0,17.866060,0.009022,0.000205,0.134673,3,1,10,5,4
273,20.051470,0.072565,player,8,3,8.136856,3.000000,857.161700,427.455700,855.240200,428.378800,2.131818,847.455500,432.514800,863.024800,424.242900,847.455500,421.474400,863.024800,412.250200,3.745725,0.281909,-1.851623,4.026837,0.306225,-1.640405,3.920975,-1.722441,234.738300,0.078867,0.351474,0,0,16.758710,0.012550,0.000110,0.137164,1,8,3,4,4
274,20.112960,0.061389,father,5,2,5.000000,2.200405,758.353500,510.662900,756.709000,509.801400,1.856471,760.376100,512.569600,753.042000,507.033200,760.376100,503.602400,753.042000,497.545300,2.173458,0.228972,-3.895776,2.041035,0.242271,-3.754409,2.136938,-3.847090,305.259600,0.500465,-0.189738,1,0,17.093890,0.021664,0.000031,0.126028,3,5,3,6,4
274,20.112960,0.061389,mother,10,10,10.120470,10.000000,645.092800,237.563500,644.471700,237.848800,0.683490,643.990200,237.255700,644.953200,238.441900,643.990200,228.291800,644.953200,226.926400,0.072045,0.228887,3.134202,0.089433,0.294042,3.103914,0.091953,3.126344,54.732070,0.400536,0.003292,1,0,17.014450,0.021664,0.000193,0.132576,5,11,10,5,4
274,20.112960,0.061389,older_sister,1,10,1.000000,9.946546,261.782800,431.478500,259.877700,430.368600,2.204836,265.349000,433.480800,254.406400,427.256500,265.349000,422.118800,254.406400,415.554500,-6.764532,0.290120,-1.876290,-6.962106,0.298802,-1.717356,-6.828922,-1.825164,305.246200,0.497227,-0.253074,1,0,17.886370,0.005902,0.000031,0.134673,3,1,10,5,4
274,20.112960,0.061389,player,8,3,8.109504,3.000000,856.005400,428.033700,854.920500,428.408100,1.147635,847.108200,432.523400,862.732800,424.292800,847.108200,421.615100,862.732800,412.034000,3.739453,0.278537,-1.851844,4.021564,0.313022,-1.641680,3.900097,-1.737201,234.741700,0.113056,0.351681,0,0,16.785890,0.007720,0.000273,0.137164,1,8,3,4,4
275,20.177020,0.065079,father,5,2,5.000000,2.265889,755.585200,509.278500,753.963600,508.426300,1.831947,759.727700,512.247400,748.199500,504.605100,759.727700,503.107600,748.199500,495.505700,2.161748,0.233380,-3.887550,1.953602,0.232348,-3.692407,2.086955,-3.811739,305.270000,0.582319,-0.282621,0,0,17.158970,0.015079,0.000273,0.126028,3,5,3,6,4
275,20.177020,0.065079,mother,10,10,10.185950,10.000000,647.861200,236.179400,649.212800,235.509900,1.508271,645.050500,236.691900,653.375100,234.328000,645.050500,227.720200,653.375100,224.723300,0.091190,0.229086,3.148600,0.241495,0.245251,3.208958,0.141938,3.161687,54.737000,0.482390,-0.157573,1,0,17.079520,0.015079,0.000110,0.132576,5,11,10,5,4
275,20.177020,0.065079,older_sister,1,10,1.000000,9.963798,261.053400,431.113600,258.804100,429.777000,2.616482,265.297500,433.456500,252.310700,426.097600,265.297500,422.069500,252.310700,414.559100,-6.765461,0.290761,-1.875669,-6.999946,0.294627,-1.687764,-6.842091,-1.815845,305.286200,0.518791,-0.299949,1,0,17.903510,0.003850,0.000232,0.134673,3,1,10,5,4
275,20.177020,0.065079,player,8,3,8.087622,3.000000,855.080300,428.496200,854.832300,428.422800,0.258669,847.215700,432.500600,862.449000,424.345000,847.215700,421.593600,862.449000,411.813200,3.741395,0.278504,-1.851261,4.016439,0.319993,-1.643014,3.883395,-1.749011,234.735500,0.140408,0.344804,0,0,16.807630,0.004761,0.000273,0.137164,1,8,3,4,4
276,20.227420,0.052879,father,5,2,5.000000,2.319097,753.335800,508.153800,753.261000,508.244600,0.117567,759.202300,512.082000,747.319800,504.407200,759.202300,502.410800,747.319800,495.541000,2.152264,0.246947,-3.883325,1.937718,0.226394,-3.687354,2.046341,-3.783023,305.262700,0.648830,-0.288318,0,0,17.211850,0.002878,0.000246,0.120888,3,5,3,6,4
276,20.227420,0.052879,mother,10,10,10.239160,10.000000,650.110500,235.054600,652.287700,234.059900,2.393572,645.714600,236.353500,658.860800,231.766300,645.714600,227.337700,658.860800,222.454700,0.103180,0.230213,3.157239,0.340542,0.237767,3.274371,0.182552,3.190408,54.732920,0.548901,-0.261429,0,0,17.132400,0.002878,0.000246,0.128598,5,11,10,5,4
276,20.227420,0.052879,older_sister,1,10,1.000000,10.000000,259.523000,430.348500,257.174700,428.922800,2.747270,265.320800,433.466800,249.028400,424.378800,265.320800,421.923600,249.028400,413.155400,-6.765040,0.294748,-1.875932,-7.059209,0.286584,-1.643876,-6.869724,-1.796309,305.258400,0.564043,-0.374163,0,0,17.939490,0.000000,0.000061,0.138255,3,-1,-1,5,4
276,20.227420,0.052879,player,8,3,8.071372,3.000000,854.393400,428.839800,854.738200,428.430900,0.534843,847.359600,432.447400,862.116700,424.414400,847.359600,421.531000,862.116700,411.647900,3.743993,0.278744,-1.849904,4.010440,0.325983,-1.644784,3.870992,-1.757785,234.725900,0.160721,0.335982,0,0,16.823780,0.000848,0.000164,0.129236,1,8,3,4,4
277,20.330550,0.098511,father,5,2,5.000000,2.399596,749.932700,506.452600,751.662600,507.567700,2.058160,756.191700,510.831900,747.133500,504.303600,756.191700,499.743500,747.133500,495.399700,2.097906,0.283137,-3.851406,1.934355,0.227356,-3.684708,1.984896,-3.739581,305.260600,0.749453,-0.229779,0,1,17.291850,0.030000,0.000000,0.120888,3,5,3,6,4
277,20.330550,0.098511,mother,10,10,10.319660,10.000000,653.513700,233.353100,653.398700,233.281100,0.135631,646.302500,235.961600,660.495100,230.600600,646.302500,226.282700,660.495100,221.735600,0.113795,0.247145,3.167247,0.370050,0.226362,3.304137,0.243996,3.233853,54.737230,0.649525,-0.288265,0,0,17.212400,0.030000,0.000136,0.128598,5,11,10,5,4
277,20.330550,0.098511,older_sister,1,10,1.000000,10.000000,259.523000,430.348500,257.174700,428.922800,2.747270,265.320800,433.466800,249.028400,424.378800,265.320800,421.923600,249.028400,413.155400,-6.765040,0.294748,-1.875932,-7.059209,0.286584,-1.643876,-6.869724,-1.796309,305.258400,0.564043,-0.374163,0,0,17.939490,0.000000,0.000068,0.138255,3,4,7,7,4
277,20.330550,0.098511,player,8,3,8.048895,3.000000,853.443100,429.314900,854.552900,428.450700,1.406572,847.621500,432.324000,861.484400,424.577400,847.621500,421.381200,861.484400,411.492000,3.748721,0.279420,-1.846753,3.999024,0.334128,-1.648947,3.853834,-1.769915,234.739300,0.188818,0.318574,1,0,16.846120,0.008094,0.000193,0.129236,1,8,3,4,4
278,20.382630,0.052565,father,5,2,5.000000,2.471115,746.909200,504.940700,748.153300,505.634200,1.424345,749.803300,507.322900,746.503400,503.945400,749.803300,495.339400,746.503400,494.869800,1.982559,0.305991,-3.761805,1.922977,0.231740,-3.675562,1.930305,-3.700976,305.266500,0.838852,-0.098443,0,1,17.362930,0.021076,0.000110,0.120888,3,5,3,6,4
278,20.382630,0.052565,mother,10,10,10.391180,10.000000,656.537100,231.841200,654.538800,232.605400,2.139418,648.428600,234.681400,660.648900,230.529300,648.428600,223.777100,660.648900,221.636600,0.152184,0.278437,3.199934,0.372828,0.227069,3.305956,0.298586,3.272458,54.732870,0.738922,-0.241365,0,1,17.283480,0.021076,0.000287,0.128598,5,11,10,5,4
278,20.382630,0.052565,older_sister,1,10,1.011121,10.000000,259.993100,430.113200,259.184800,428.307400,1.978460,262.823500,435.350200,255.546100,421.264600,262.823500,423.727700,255.546100,410.151800,-6.810131,0.296775,-1.924024,-6.941529,0.283759,-1.564356,-6.861236,-1.790302,337.221100,0.577946,-0.382490,0,0,17.950540,0.001052,0.000273,0.138255,5,4,7,7,4
278,20.382630,0.052565,player,8,3,8.030374,3.000000,852.660200,429.706300,854.331600,428.503000,2.059536,847.861600,432.199900,860.801500,424.806000,847.861600,421.223700,860.801500,411.435200,3.753058,0.280272,-1.843584,3.986694,0.341416,-1.654784,3.839697,-1.779910,234.740600,0.211971,0.299766,1,0,16.864530,0.005314,0.000273,0.129236,1,8,3,4,4
279,20.436000,0.053970,father,5,3,5.000000,2.525420,744.613400,503.792700,744.319500,503.668600,0.319030,742.764500,503.727500,745.874600,503.609600,742.764500,493.125500,745.874600,494.410500,1.855470,0.270716,-3.669999,1.911625,0.234895,-3.666988,1.888853,-3.671664,305.265400,0.906733,0.044112,0,1,17.416900,0.003969,0.000164,0.120888,3,5,3,6,4
279,20.436000,0.053970,mother,10,10,10.445490,10.000000,658.832900,230.693400,657.004500,231.432700,1.972222,652.921800,232.520700,661.087300,230.344600,652.921800,220.606500,661.087300,221.351900,0.233311,0.304223,3.255107,0.380742,0.229622,3.310673,0.340039,3.301765,54.739350,0.806805,-0.152461,0,1,17.337450,0.003970,0.000179,0.128598,5,11,10,5,4
279,20.436000,0.053970,older_sister,1,10,1.045681,10.000000,261.454200,429.382800,261.606300,428.701300,0.698298,259.387600,436.178700,263.825000,421.223900,259.387600,424.216300,263.825000,410.308100,-6.872168,0.305454,-1.945181,-6.792048,0.278728,-1.563318,-6.834855,-1.771651,10.037990,0.621145,-0.389983,0,0,17.984890,0.003320,0.000136,0.138255,5,4,7,7,4
279,20.436000,0.053970,player,8,3,8.000000,3.000000,851.376100,430.348500,853.642700,428.840500,2.722413,848.089600,432.089900,859.195900,425.591200,848.089600,421.082600,859.195900,411.343100,3.757174,0.281065,-1.840774,3.957703,0.363817,-1.674834,3.816513,-1.796309,234.726000,0.249939,0.259541,0,0,16.894710,0.000000,0.000061,0.129236,1,-1,-1,4,4
280,20.486630,0.051229,father,5,3,5.000000,2.576926,742.436000,502.703900,740.044300,501.616400,2.627310,734.862900,499.959600,745.225800,503.273300,734.862900,490.385200,745.225800,493.973700,1.712802,0.244474,-3.573786,1.899910,0.237461,-3.658400,1.849539,-3.643862,305.266400,0.971115,0.201624,0,1,17.468080,0.001222,0.000246,0.120888,3,5,3,6,4
280,20.486630,0.051229,mother,10,10,10.497030,10.000000,661.012100,229.603700,660.389500,229.883400,0.682551,659.052400,229.708900,661.726700,230.057900,659.052400,218.273000,661.726700,220.912800,0.344001,0.292010,3.326904,0.392287,0.233516,3.317994,0.379385,3.329590,54.732900,0.871241,-0.034280,0,1,17.388680,0.001229,0.000273,0.128598,5,11,10,5,4
280,20.486630,0.051229,older_sister,1,10,1.095857,10.000000,263.575300,428.322300,262.385000,428.931400,1.337113,255.210900,434.296200,269.559000,423.566500,255.210900,421.566400,269.559000,412.753600,-6.947580,0.325049,-1.897111,-6.688518,0.276102,-1.623134,-6.796556,-1.744570,41.188210,0.683865,-0.376783,0,1,18.034750,0.001229,0.000136,0.138255,5,4,7,7,4
280,20.486630,0.051229,player,8,3,8.000000,3.000000,851.376100,430.348500,853.642700,428.840500,2.722413,848.089600,432.089900,859.195900,425.591200,848.089600,421.082600,859.195900,411.343100,3.757174,0.281065,-1.840774,3.957703,0.363817,-1.674834,3.816513,-1.796309,234.726000,0.249939,0.259541,0,0,16.894710,0.000000,0.000061,0.129236,1,-1,-1,4,4
281,20.539220,0.052679,father,5,3,5.000000,2.628228,740.267200,501.619800,737.904200,500.501500,2.614302,731.352500,498.138700,744.455900,502.864200,731.352500,488.819400,744.455900,493.394000,1.649420,0.237963,-3.527292,1.886010,0.241817,-3.647955,1.810380,-3.616179,305.258200,0.035240,0.262844,0,0,17.519070,0.002564,0.000031,0.120888,3,5,3,6,4
281,20.539220,0.052679,mother,11,10,10.550020,10.000000,663.252200,228.483900,664.441500,227.837600,1.353547,666.546900,225.920300,662.335900,229.754900,666.546900,215.978300,662.335900,220.512800,0.479320,0.253863,3.423645,0.403288,0.235990,3.325732,0.419831,3.358186,54.739570,0.937475,0.118608,0,1,17.441340,0.002660,0.000123,0.128598,5,11,10,5,4
281,20.539220,0.052679,older_sister,1,10,1.148864,10.000000,265.816200,427.201800,263.172600,428.071300,2.782967,256.056500,431.130700,270.288600,425.011900,256.056500,417.218500,270.288600,414.148800,-6.932313,0.355241,-1.816282,-6.675344,0.277383,-1.660043,-6.756096,-1.715960,54.735460,0.750122,-0.300019,0,1,18.087430,0.002679,0.000136,0.138255,5,4,7,7,4
281,20.539220,0.052679,player,8,3,8.000000,3.000000,851.376100,430.348500,853.642700,428.840500,2.722413,848.089600,432.089900,859.195900,425.591200,848.089600,421.082600,859.195900,411.343100,3.757174,0.281065,-1.840774,3.957703,0.363817,-1.674834,3.816513,-1.796309,234.726000,0.249939,0.259541,0,0,16.894710,0.000000,0.000061,0.129236,1,-1,-1,4,4
282,20.589810,0.051206,father,5,3,5.000000,2.674623,738.305800,500.639000,737.178500,499.957900,1.317125,730.560900,497.482700,743.796100,502.433100,730.560900,488.599000,743.796100,492.666200,1.635128,0.226838,-3.510540,1.874096,0.249392,-3.636947,1.774966,-3.591136,305.266900,0.093235,0.268096,0,0,17.565180,0.001077,0.000061,0.129012,3,5,3,6,4
282,20.589810,0.051206,mother,11,10,10.601020,10.000000,665.408100,227.405800,668.229000,225.856800,3.218228,673.489700,222.275600,662.968200,229.438100,673.489700,212.586100,662.968200,220.068300,0.604677,0.247415,3.516710,0.414704,0.239253,3.333819,0.458757,3.385712,54.733780,0.001221,0.260706,0,1,17.492020,0.001188,0.000220,0.132821,5,11,10,5,4
282,20.589810,0.051206,older_sister,1,10,1.200389,10.000000,267.994400,426.112900,265.870200,426.822300,2.239497,261.561600,428.572600,270.178800,425.072000,261.561600,413.507800,270.178800,414.065300,-6.832914,0.384669,-1.750961,-6.677326,0.281050,-1.661575,-6.716767,-1.688155,54.740020,0.814529,-0.178646,0,1,18.138640,0.001206,0.000000,0.129122,5,4,7,7,4
282,20.589810,0.051206,player,8,3,8.000000,3.000000,851.376100,430.348500,853.642700,428.840500,2.722413,848.089600,432.089900,859.195900,425.591200,848.089600,421.082600,859.195900,411.343100,3.757174,0.281065,-1.840774,3.957703,0.363817,-1.674834,3.816513,-1.796309,234.726000,0.249939,0.259541,0,0,16.894710,0.000000,0.000061,0.131027,1,-1,-1,4,4
283,20.687190,0.096604,father,5,3,5.000000,2.738001,735.626500,499.299400,736.377700,499.463900,0.768959,730.017600,497.196400,742.737700,501.731400,730.017600,488.413700,742.737700,491.223400,1.625319,0.224263,-3.503230,1.854987,0.268316,-3.619028,1.726590,-3.556929,305.263900,0.172457,0.254380,1,0,17.628160,0.022103,0.000110,0.129012,3,5,3,6,4
283,20.687190,0.096604,mother,11,10,10.674760,10.000000,668.525600,225.847100,669.806500,225.324500,1.383312,675.312600,221.737800,664.300300,228.911300,675.312600,212.854800,664.300300,219.143200,0.637589,0.226821,3.530443,0.438755,0.249421,3.347271,0.515046,3.425514,54.735750,0.093399,0.268101,0,0,17.565310,0.026229,0.000220,0.132821,5,11,10,5,4
283,20.687190,0.096604,older_sister,1,10,1.280887,10.000000,271.397500,424.411100,272.044400,423.971700,0.782023,273.796000,422.890900,270.293000,425.052600,273.796000,409.662400,270.293000,413.714400,-6.612017,0.337780,-1.605883,-6.675266,0.289513,-1.661081,-6.655323,-1.644702,54.732140,0.915154,0.083511,0,1,18.218640,0.030000,0.000178,0.129122,5,4,7,7,4
283,20.687190,0.096604,player,8,3,8.000000,3.000000,851.376100,430.348500,853.642700,428.840500,2.722413,848.089600,432.089900,859.195900,425.591200,848.089600,421.082600,859.195900,411.343100,3.757174,0.281065,-1.840774,3.957703,0.363817,-1.674834,3.816513,-1.796309,234.726000,0.249939,0.259541,0,0,16.894710,0.000000,0.000061,0.131027,1,7,3,2,4
284,20.739410,0.051526,father,5,3,5.000000,2.782928,733.727300,498.349700,735.652800,499.071700,2.056407,729.949100,497.199700,741.356300,500.943800,729.949100,488.351700,741.356300,489.624900,1.624081,0.225930,-3.503315,1.830046,0.289020,-3.598917,1.692298,-3.532679,305.266400,0.228615,0.223364,1,0,17.672810,0.011069,0.000164,0.129012,3,5,3,6,4
284,20.739410,0.051526,mother,11,10,10.729310,10.000000,670.831800,224.694000,670.601600,225.008300,0.389612,675.848900,221.492700,665.354200,228.523800,675.848900,212.712600,665.354200,218.137100,0.647272,0.224194,3.536700,0.457784,0.265221,3.357165,0.556686,3.454957,54.736640,0.161589,0.258370,1,0,17.619520,0.013558,0.000150,0.132821,5,11,10,5,4
284,20.739410,0.051526,older_sister,1,10,1.349442,10.000000,274.295700,422.962000,277.861500,420.907300,4.115419,285.341900,416.804200,270.381000,425.010400,285.341900,404.939100,270.381000,413.390400,-6.403548,0.302969,-1.450464,-6.673677,0.296709,-1.660003,-6.602994,-1.607699,54.734790,0.000847,0.341538,0,1,18.286770,0.018130,0.000178,0.129122,5,4,7,7,4
284,20.739410,0.051526,player,8,3,7.989314,3.000000,850.924400,430.574400,853.145800,429.064900,2.685733,848.010900,432.116100,858.280600,426.013600,848.010900,421.104200,858.280600,411.458000,3.755752,0.281184,-1.841445,3.941178,0.371668,-1.685619,3.808357,-1.802077,234.732400,0.263296,0.241367,0,0,16.905330,0.000620,0.000061,0.131027,1,7,3,2,4
285,20.792570,0.053283,father,5,3,5.000000,2.813089,732.452100,497.712200,734.552200,498.523800,2.251462,729.607500,497.044900,739.497000,500.002700,729.607500,488.182800,739.497000,487.958700,1.617914,0.226289,-3.499362,1.796473,0.307538,-3.574889,1.669275,-3.516402,305.260400,0.266316,0.189402,1,0,17.702780,0.001804,0.000031,0.129012,3,5,3,6,4
285,20.792570,0.053283,mother,11,10,10.766250,10.000000,672.393300,223.913200,671.194900,224.764100,1.469769,675.895800,221.438100,666.494000,228.090200,675.895800,212.621600,666.494000,217.172000,0.648118,0.225124,3.538095,0.478364,0.278788,3.368238,0.584880,3.474896,54.732060,0.207760,0.236673,1,0,17.656230,0.002218,0.000273,0.132821,5,11,10,5,4
285,20.792570,0.053283,older_sister,1,10,1.403057,10.000000,276.562300,421.828900,278.732000,420.735000,2.429826,286.483300,416.603100,270.980500,424.867000,286.483300,405.485200,270.980500,412.947700,-6.382939,0.283888,-1.445328,-6.662851,0.304354,-1.656343,-6.562070,-1.578765,54.739360,0.067865,0.350376,0,0,18.340050,0.003283,0.000097,0.129122,5,4,7,7,4
285,20.792570,0.053283,player,8,3,7.955786,2.999999,849.507000,431.283100,851.677700,429.891300,2.578680,847.902600,432.181700,855.452900,427.600800,847.902600,421.136500,855.452900,412.270400,3.753797,0.282032,-1.843119,3.890121,0.391452,-1.726148,3.782765,-1.820174,234.734500,0.305204,0.178842,1,0,16.938650,0.002710,0.000031,0.131027,1,7,3,2,4
286,20.843220,0.051095,father,5,3,5.000000,2.838565,731.375200,497.173700,733.393200,498.012400,2.185414,729.266000,496.898700,737.520400,499.126100,729.266000,488.024300,737.520400,486.599700,1.611747,0.226605,-3.495630,1.760786,0.319854,-3.552504,1.649830,-3.502650,305.268600,0.298161,0.154523,0,0,17.728100,0.000535,0.000136,0.129012,3,5,3,6,4
286,20.843220,0.051095,mother,11,10,10.797410,10.000000,673.710700,223.254500,671.925100,224.379500,2.110475,675.988700,221.364100,667.861600,227.394900,675.988700,212.503000,667.861600,215.705600,0.649796,0.226264,3.539983,0.503056,0.298481,3.385991,0.608666,3.491715,54.735420,0.246714,0.208720,0,0,17.687200,0.000654,0.000287,0.132821,5,11,10,5,4
286,20.843220,0.051095,older_sister,1,10,1.454470,10.000000,278.735800,420.742000,279.248400,420.680000,0.516341,286.946700,416.588200,271.550100,424.771800,286.946700,405.687600,271.550100,412.328500,-6.374574,0.278340,-1.444948,-6.652567,0.317732,-1.653911,-6.522826,-1.551013,54.733010,0.132132,0.347625,0,0,18.391150,0.001095,0.000164,0.129122,5,4,7,7,4
286,20.843220,0.051095,player,8,3,7.906014,2.999999,847.402900,432.335000,848.962900,431.444600,1.796210,847.596400,432.397900,850.329500,430.491400,847.596400,421.228000,850.329500,415.317600,3.748267,0.285219,-1.848640,3.797614,0.387453,-1.799957,3.744774,-1.847034,234.740000,0.367418,0.068398,1,0,16.988120,0.001095,0.000164,0.131027,1,7,3,2,4
287,20.896080,0.053008,father,5,3,5.000000,2.862025,730.383400,496.677800,732.187200,497.483100,1.975416,728.906900,496.749000,735.467600,498.217200,728.906900,487.841600,735.467600,485.493100,1.605262,0.227447,-3.491807,1.723721,0.324901,-3.529295,1.631922,-3.489989,305.260400,0.327486,0.118367,1,0,17.751420,0.001281,0.000086,0.129012,3,5,3,6,4
287,20.896080,0.053008,mother,11,10,10.825850,10.000000,674.912800,222.653500,673.114100,223.763600,2.113705,676.362600,221.162200,669.865700,226.365100,676.362600,212.297700,669.865700,214.053800,0.656547,0.226350,3.545141,0.539240,0.314361,3.412288,0.630370,3.507062,54.736500,0.282257,0.172482,1,0,17.715460,0.001555,0.000246,0.132821,5,11,10,5,4
287,20.896080,0.053008,older_sister,2,10,1.507809,10.000000,280.990600,419.614400,279.631100,420.630400,1.697238,286.370900,416.825200,272.891400,424.435600,286.370900,405.868200,272.891400,411.235200,-6.384969,0.279781,-1.450999,-6.628351,0.337064,-1.645327,-6.482113,-1.522220,54.730910,0.198803,0.310917,1,0,18.444150,0.003008,0.000341,0.129122,5,4,7,7,4
287,20.896080,0.053008,player,8,3,7.852675,2.999999,845.148000,433.462500,844.834700,433.562400,0.328889,847.133900,432.666200,842.535400,434.458600,847.133900,421.383900,842.535400,421.492600,3.739917,0.288087,-1.855489,3.656889,0.331079,-1.901257,3.704061,-1.875823,234.734500,0.434090,-0.094216,1,0,17.041120,0.003008,0.000136,0.131027,1,7,3,2,4
288,20.947420,0.051803,father,5,3,5.000000,2.882407,729.521700,496.247000,731.023000,496.958400,1.661330,728.565600,496.598500,733.480500,497.318400,728.565600,487.661100,733.480500,484.698700,1.599100,0.228213,-3.487965,1.687843,0.322234,-3.506344,1.616364,-3.478987,305.267000,0.352964,0.083067,0,0,17.771670,0.000691,0.000110,0.128226,3,5,3,6,4
288,20.947420,0.051803,mother,11,10,10.850180,10.000000,675.941500,222.139100,674.189500,223.145800,2.020695,676.672400,220.979800,671.706500,225.311700,676.672400,212.091200,671.706500,212.649600,0.662140,0.226967,3.549797,0.572478,0.323321,3.439183,0.648945,3.520195,54.738030,0.312676,0.137070,0,0,17.739640,0.000825,0.000246,0.127064,5,11,10,5,4
288,20.947420,0.051803,older_sister,2,10,1.559934,10.000000,283.194300,418.512900,280.972700,420.022100,2.685670,286.088000,416.982000,275.857500,423.062200,286.088000,405.969800,275.857500,408.492200,-6.390077,0.281189,-1.455003,-6.574796,0.372036,-1.610258,-6.442326,-1.494094,54.743830,0.263958,0.240456,1,0,18.495960,0.001803,0.000031,0.131137,5,4,7,7,4
288,20.947420,0.051803,player,8,3,7.800550,2.999999,842.944300,434.564500,840.784800,435.481000,2.346015,846.865900,432.824000,834.703500,438.138100,846.865900,421.460100,834.703500,426.454800,3.735080,0.290171,-1.859519,3.515480,0.298325,-1.995212,3.664273,-1.903960,234.733600,0.499247,-0.257644,1,0,17.092930,0.001803,0.000031,0.139711,1,7,3,2,4
289,21.044040,0.096685,father,5,3,5.000000,2.910043,728.353400,495.662700,729.227100,496.114500,0.983585,728.056900,496.368100,730.397200,495.861000,728.056900,487.405700,730.397200,483.969700,1.589917,0.228851,-3.482080,1.632172,0.303638,-3.469131,1.595270,-3.464068,305.269900,0.387510,0.027021,1,0,17.799140,0.009771,0.000220,0.128226,3,5,3,6,4
289,21.044040,0.096685,mother,11,10,10.882470,10.000000,677.306800,221.456500,675.858600,222.219700,1.636904,677.155100,220.702600,674.562100,223.736700,677.155100,211.765100,674.562100,211.117900,0.670855,0.228216,3.556874,0.624038,0.322215,3.479401,0.673594,3.537624,54.736410,0.353041,0.082955,1,0,17.771730,0.011308,0.000208,0.127064,5,11,10,5,4
289,21.044040,0.096685,older_sister,2,10,1.640433,10.000000,286.597400,416.811200,284.984800,417.734500,1.858217,286.479900,416.712900,283.489600,418.756000,286.479900,405.547800,283.489600,403.515000,-6.383001,0.285095,-1.448133,-6.436993,0.389172,-1.500302,-6.380881,-1.450640,54.732140,0.364580,0.074205,1,0,18.575960,0.030000,0.000232,0.131137,5,4,7,7,4
289,21.044040,0.096685,player,8,3,7.720051,2.999999,839.541300,436.265900,838.127700,436.891200,1.545716,847.018600,432.778700,829.236800,441.003800,847.018600,421.007200,829.236800,430.058400,3.737835,0.300581,-1.858364,3.416775,0.279483,-2.068384,3.602828,-1.947405,234.737100,0.599869,-0.383400,0,0,17.172930,0.030000,0.000110,0.139711,1,7,3,2,4
290,21.094250,0.050669,father,5,3,5.000000,2.930682,727.481000,495.226500,727.758100,495.396000,0.324859,727.684300,496.192900,727.831700,494.599100,727.684300,487.227900,727.831700,483.476800,1.583190,0.228916,-3.477607,1.585849,0.284002,-3.436910,1.579517,-3.452929,305.263200,0.413311,-0.021324,1,0,17.819650,0.005034,0.000220,0.128226,3,5,3,6,4
290,21.094250,0.050669,mother,11,10,10.905970,10.000000,678.300200,220.959800,677.309300,221.446000,1.103701,677.560100,220.478600,677.058600,222.413400,677.560100,211.517800,677.058600,210.387300,0.678169,0.228807,3.562596,0.669113,0.307079,3.513192,0.691531,3.550308,54.733700,0.382416,0.035918,1,0,17.795090,0.005673,0.000246,0.127064,5,11,10,5,4
290,21.094250,0.050669,older_sister,2,10,1.708207,10.000000,289.462600,415.378600,290.310000,415.022200,0.919343,287.055600,416.377400,293.564300,413.667000,287.055600,405.070200,293.564300,401.197700,-6.372606,0.288724,-1.439566,-6.255088,0.318396,-1.370355,-6.329148,-1.414061,54.736480,0.449299,-0.135912,1,0,18.643310,0.017354,0.000178,0.131137,5,4,7,7,4
290,21.094250,0.050669,player,8,3,7.652277,2.999999,836.676100,437.698300,838.058300,437.294700,1.439962,846.801100,433.273800,829.315300,441.315700,846.801100,420.534600,829.315300,430.502700,3.733910,0.325286,-1.871004,3.418194,0.276105,-2.076351,3.551096,-1.983981,234.739000,0.684586,-0.376339,0,1,17.240280,0.017354,0.000301,0.139711,1,7,3,2,4
291,21.145250,0.051162,father,5,3,5.000000,2.945220,726.866300,494.919300,726.667500,494.853100,0.209541,727.420700,496.069000,725.914400,493.637100,727.420700,487.102800,725.914400,483.079500,1.578429,0.228948,-3.474444,1.551233,0.269580,-3.412345,1.568419,-3.445086,305.252400,0.431482,-0.058051,0,0,17.834100,0.000323,0.000086,0.128226,3,5,3,6,4
291,21.145250,0.051162,mother,11,10,10.922200,10.000000,678.986100,220.616900,678.413400,220.876700,0.628908,677.840500,220.329600,678.986500,221.423800,677.840500,211.365500,678.986500,209.972400,0.683230,0.228892,3.566400,0.703922,0.292405,3.538459,0.703916,3.559063,54.745010,0.402697,-0.000769,0,0,17.811210,0.000361,0.000123,0.127064,5,11,10,5,4
291,21.145250,0.051162,older_sister,2,10,1.759688,10.000000,291.638900,414.290400,294.084100,413.266700,2.650890,287.265900,416.257400,300.902400,410.275900,287.265900,404.877800,300.902400,398.703400,-6.368810,0.290573,-1.436502,-6.122595,0.295498,-1.283768,-6.289853,-1.386275,54.735500,0.513647,-0.289215,1,0,18.694470,0.001162,0.000164,0.131137,5,4,7,7,4
291,21.145250,0.051162,player,8,3,7.600796,2.999999,834.499800,438.786500,837.138800,437.914700,2.779288,844.296500,434.830500,829.981100,440.998900,844.296500,420.944500,829.981100,430.137700,3.688687,0.354573,-1.910754,3.430213,0.277335,-2.068261,3.511801,-2.011768,234.734800,0.748936,-0.301979,0,1,17.291440,0.001162,0.000273,0.139711,1,7,3,2,4
292,21.195680,0.050329,father,5,3,5.000000,2.958749,726.294300,494.633100,725.640200,494.335100,0.718773,727.178700,495.956500,724.101600,492.713700,727.178700,486.987500,724.101600,482.610700,1.574061,0.229020,-3.471572,1.518502,0.257974,-3.388767,1.558092,-3.437777,305.287300,0.448393,-0.093185,0,0,17.847540,0.000087,0.000273,0.128226,3,5,3,6,4
292,21.195680,0.050329,mother,11,10,10.937040,9.999999,679.613500,220.303200,679.499500,220.327400,0.116623,678.100300,220.191900,680.898400,220.462900,678.100300,211.226500,680.898400,209.598100,0.687923,0.228928,3.569915,0.738445,0.277426,3.562996,0.715244,3.567074,54.730920,0.421246,-0.037253,0,0,17.825960,0.000096,0.000164,0.127064,5,11,10,5,4
292,21.195680,0.050329,older_sister,2,10,1.810331,10.000000,293.779800,413.220200,296.138100,412.257100,2.547336,287.200000,416.286700,305.076300,408.227500,287.200000,404.670000,305.076300,397.105200,-6.370001,0.296626,-1.437250,-6.047233,0.284002,-1.231463,-6.251197,-1.358947,54.740690,0.576950,-0.382352,0,0,18.744800,0.000329,0.000031,0.131137,5,4,7,7,4
292,21.195680,0.050329,player,8,3,7.550153,2.999999,832.358800,439.857200,834.522000,439.141700,2.278461,838.946000,437.344600,830.097800,440.938800,838.946000,422.305200,830.097800,429.940200,3.592080,0.384023,-1.974950,3.432322,0.280843,-2.066726,3.473145,-2.039107,234.730100,0.812239,-0.183427,0,0,17.341770,0.000329,0.000110,0.139711,1,7,3,2,4
293,21.246600,0.051266,father,5,3,5.000000,3.000000,724.550500,493.761200,722.913600,492.904200,1.847685,726.561400,495.662100,719.265700,490.146300,726.561400,486.694900,719.265700,480.655300,1.562914,0.228971,-3.464053,1.431187,0.242347,-3.323211,1.526606,-3.415514,305.262800,0.499956,-0.188869,0,0,17.888540,0.000000,0.000275,0.128226,3,-1,-1,6,4
293,21.246600,0.051266,mother,11,10,10.951250,9.999999,680.214300,220.002800,680.575900,219.789900,0.419629,678.345900,220.060600,682.805900,219.519300,678.345900,211.093100,682.805900,209.174400,0.692357,0.228978,3.573270,0.772886,0.264151,3.587091,0.726092,3.574745,54.735070,0.439011,-0.073731,0,0,17.840080,0.000342,0.000193,0.127064,5,11,10,5,4
293,21.246600,0.051266,older_sister,2,10,1.861916,10.000000,295.960600,412.129600,296.060600,411.978900,0.180809,287.036700,416.197100,305.084500,407.760800,287.036700,404.010700,305.084500,396.896200,-6.372948,0.311171,-1.434960,-6.047085,0.277423,-1.219546,-6.211822,-1.331100,54.731360,0.641432,-0.390435,0,0,18.796070,0.001266,0.000164,0.131137,5,4,7,7,4
293,21.246600,0.051266,player,7,3,7.498568,3.000000,830.178000,440.947300,830.756100,440.802400,0.596014,831.541500,440.640000,829.970600,440.964700,831.541500,426.272500,829.970600,429.735600,3.458388,0.366867,-2.059096,3.430025,0.286729,-2.067388,3.433769,-2.066943,234.742100,0.876720,-0.027947,0,1,17.393040,0.001266,0.000329,0.139711,1,7,3,2,4
294,21.296300,0.050535,father,5,3,5.000000,3.000000,724.550500,493.761200,722.913600,492.904200,1.847685,726.561400,495.662100,719.265700,490.146300,726.561400,486.694900,719.265700,480.655300,1.562914,0.228971,-3.464053,1.431187,0.242347,-3.323211,1.526606,-3.415514,305.262800,0.499956,-0.188869,0,0,17.888540,0.000000,0.000275,0.128883,3,-1,-1,6,4
294,21.296300,0.050535,mother,11,10,10.964550,9.999999,680.776900,219.721600,681.567900,219.300700,0.896065,678.563200,219.944300,684.572700,218.657200,678.563200,210.974100,684.572700,208.706600,0.696281,0.229048,3.576239,0.804784,0.254083,3.609104,0.736248,3.581924,54.744030,0.455643,-0.107572,0,0,17.853310,0.000139,0.000110,0.128967,5,11,10,5,4
294,21.296300,0.050535,older_sister,2,10,1.912766,10.000000,298.110300,411.054700,296.125900,411.705300,2.088346,287.746400,415.502300,304.505400,407.908300,287.746400,402.529200,304.505400,397.079400,-6.360134,0.331259,-1.417220,-6.057541,0.276511,-1.223312,-6.173008,-1.303652,54.734110,0.704994,-0.359017,0,0,18.846600,0.000535,0.000205,0.125039,5,4,7,7,4
294,21.296300,0.050535,player,7,3,7.447719,2.999999,828.028300,442.022400,826.403300,442.991800,1.892180,822.869600,445.005200,829.937300,440.978300,822.869600,432.479900,829.937300,429.572300,3.301811,0.319828,-2.170559,3.429423,0.291246,-2.067735,3.394956,-2.094393,234.730400,0.940281,0.163561,0,0,17.443570,0.000534,0.000136,0.139090,1,7,3,2,4
295,21.391260,0.095117,father,5,3,5.000000,3.000000,724.550500,493.761200,722.913600,492.904200,1.847685,726.561400,495.662100,719.265700,490.146300,726.561400,486.694900,719.265700,480.655300,1.562914,0.228971,-3.464053,1.431187,0.242347,-3.323211,1.526606,-3.415514,305.262800,0.499956,-0.188869,0,0,17.888540,0.000000,0.000275,0.128883,3,-1,-1,6,4
295,21.391260,0.095117,mother,11,10,11.000000,10.000000,682.275300,218.972400,683.963400,218.166800,1.870452,679.070600,219.679200,688.856300,216.654400,679.070600,210.712000,688.856300,207.163400,0.705441,0.228972,3.583007,0.882127,0.242348,3.660243,0.763303,3.601056,54.734760,0.499949,-0.188856,0,0,17.888530,0.000000,0.000137,0.128967,5,-1,-1,5,4
295,21.391260,0.095117,older_sister,2,10,1.993265,10.000000,301.513400,409.353200,299.243300,410.088600,2.386241,294.490500,412.021600,303.996100,408.155600,294.490500,397.061800,303.996100,397.178200,-6.238366,0.381990,-1.328342,-6.066737,0.280302,-1.229627,-6.111563,-1.260208,54.737630,0.805618,-0.197128,0,1,18.926600,0.030000,0.000136,0.125039,5,4,7,7,4
295,21.391260,0.095117,player,7,3,7.369519,3.000000,824.722400,443.675200,821.918600,445.226200,3.204173,814.309400,449.342600,829.527900,441.109900,814.309400,437.928600,829.527900,429.342200,3.147254,0.291450,-2.281312,3.422031,0.300480,-2.071094,3.335266,-2.136599,234.736400,0.038031,0.345723,0,0,17.521290,0.028291,0.000220,0.139090,1,7,3,2,4
296,21.450780,0.048782,father,5,3,5.000000,3.000000,724.550500,493.761200,722.913600,492.904200,1.847685,726.561400,495.662100,719.265700,490.146300,726.561400,486.694900,719.265700,480.655300,1.562914,0.228971,-3.464053,1.431187,0.242347,-3.323211,1.526606,-3.415514,305.262800,0.499956,-0.188869,0,0,17.888540,0.000000,0.000275,0.128883,3,2,2,5,4
296,21.450780,0.048782,mother,11,10,11.000000,10.000000,682.275300,218.972400,683.963400,218.166800,1.870452,679.070600,219.679200,688.856300,216.654400,679.070600,210.712000,688.856300,207.163400,0.705441,0.228972,3.583007,0.882127,0.242348,3.660243,0.763303,3.601056,54.734760,0.499949,-0.188856,0,0,17.888530,0.000000,0.000137,0.128967,5,7,7,8,4
296,21.450780,0.048782,older_sister,2,10,2.057561,10.000000,304.231500,407.993900,303.928100,408.014100,0.304137,303.728600,407.893900,304.127500,408.134300,303.728600,393.775800,304.127500,396.877200,-6.071567,0.360497,-1.222944,-6.064364,0.287442,-1.229082,-6.062486,-1.225497,54.729250,0.885988,-0.002336,0,1,18.990500,0.013899,0.000369,0.125039,5,4,7,7,4
296,21.450780,0.048782,player,7,3,7.312663,3.000000,822.318800,444.877000,821.130400,445.316800,1.267201,813.313600,449.438000,828.947100,441.195600,813.313600,438.522300,828.947100,428.970000,3.129274,0.278727,-2.283748,3.411545,0.312173,-2.073284,3.291867,-2.167285,234.737500,0.109102,0.351985,0,0,17.577790,0.011691,0.000273,0.139090,1,7,3,2,4
297,21.508930,0.061134,father,5,3,5.000000,2.984958,725.186400,494.079100,725.527600,492.426800,1.687214,723.742400,496.617900,727.312900,488.235600,723.742400,487.647200,727.312900,478.820600,1.512015,0.229064,-3.488460,1.576483,0.240406,-3.274423,1.538087,-3.423632,6.395762,0.518761,-0.219886,1,0,17.903490,0.004949,0.000273,0.128883,7,2,2,5,4
297,21.508930,0.061134,mother,11,10,11.000000,9.984958,682.911100,219.290300,685.240800,219.017600,2.345611,679.051800,219.089800,691.429900,218.945500,679.051800,210.119000,691.429900,209.530400,0.705103,0.229065,3.598057,0.928595,0.240408,3.601743,0.774785,3.592937,78.688360,0.518753,-0.219874,1,0,17.903480,0.004949,0.000136,0.128967,7,7,7,8,4
297,21.508930,0.061134,older_sister,2,10,2.119076,10.000000,306.832100,406.694000,309.373400,405.213300,2.941270,314.530400,402.323300,304.216500,408.103200,314.530400,390.267100,304.216500,396.626000,-5.876535,0.307849,-1.080703,-6.062758,0.293064,-1.228289,-6.015532,-1.192306,54.744730,0.962881,0.237257,0,1,19.051630,0.011134,0.000000,0.125039,5,4,7,7,4
297,21.508930,0.061134,player,7,3,7.264950,3.000000,820.301600,445.885700,820.870700,445.346000,0.784247,813.605200,449.327700,828.136000,441.364300,813.605200,438.405300,828.136000,428.503500,3.134539,0.278897,-2.280932,3.396901,0.328392,-2.077590,3.255447,-2.193041,234.732300,0.168743,0.331618,1,0,17.625210,0.008223,0.000164,0.139090,1,7,3,2,4
298,21.565030,0.056802,father,5,3,5.000000,2.944018,726.917100,494.944400,729.102400,494.237600,2.296748,721.669200,495.999000,736.535600,492.476200,721.669200,486.912600,736.535600,483.265900,1.474581,0.232018,-3.472656,1.743004,0.235182,-3.382704,1.569337,-3.445727,63.197030,0.569933,-0.280146,0,0,17.944170,0.006232,0.000356,0.128883,7,2,2,5,4
298,21.565030,0.056802,mother,11,10,11.000000,9.944017,684.641800,220.155600,686.981800,220.542700,2.371774,679.579300,218.717800,694.384200,222.367700,679.579300,209.631300,694.384200,213.157300,0.714627,0.232018,3.607557,0.981938,0.235183,3.514359,0.806034,3.570843,100.944700,0.569927,-0.280143,0,0,17.944170,0.006232,0.000164,0.128967,7,7,7,8,4
298,21.565030,0.056802,older_sister,2,10,2.176232,10.000000,309.248400,405.485700,312.128400,403.879200,3.297774,319.716400,399.763500,304.540400,407.994800,319.716400,388.305100,304.540400,396.241700,-5.782899,0.292582,-1.015338,-6.056910,0.300109,-1.225520,-5.971904,-1.161453,54.732490,0.034327,0.345078,0,0,19.108440,0.006802,0.000164,0.125039,5,4,7,7,4
298,21.565030,0.056802,player,7,3,7.226521,3.000000,818.677100,446.697800,820.459700,445.434400,2.184905,814.090800,449.084900,826.828600,441.783800,814.090800,438.102700,826.828600,428.324500,3.143306,0.280423,-2.274732,3.373294,0.343677,-2.088304,3.226115,-2.213778,234.740100,0.216778,0.295417,1,0,17.663400,0.004407,0.000301,0.139090,1,7,3,2,4
299,21.622190,0.057099,father,5,3,5.000000,2.886765,729.337500,496.154900,729.590500,496.151500,0.252954,723.189800,492.691400,735.991100,499.611500,723.189800,483.099300,735.991100,490.730700,1.502038,0.244928,-3.388198,1.733172,0.226766,-3.564899,1.613039,-3.476637,120.295600,0.641502,-0.288708,0,0,18.001070,0.007099,0.000061,0.128883,7,2,2,5,4
299,21.622190,0.057099,mother,11,10,11.000000,9.886764,687.062300,221.365800,687.315300,221.371900,0.253064,681.182600,217.677300,693.448000,225.066700,681.182600,208.085200,693.448000,216.185800,0.743574,0.244927,3.634126,0.965034,0.226767,3.445442,0.849736,3.539940,123.328800,0.641495,-0.288708,0,0,18.001070,0.007099,0.000150,0.128967,7,7,7,8,4
299,21.622190,0.057099,older_sister,2,10,2.233687,10.000000,311.677300,404.271500,312.941200,403.782800,1.355030,320.758900,399.658000,305.123500,407.907700,320.758900,388.735500,305.123500,395.705900,-5.764076,0.278900,-1.012645,-6.046381,0.311564,-1.223295,-5.928048,-1.130447,54.739460,0.106144,0.352120,0,0,19.165530,0.007099,0.000031,0.125039,5,4,7,7,4
299,21.622190,0.057099,player,7,3,7.193048,3.000000,817.262100,447.405300,819.490700,445.896200,2.691470,814.210800,449.018900,824.770600,442.773500,814.210800,438.008500,824.770600,428.321100,3.145472,0.281144,-2.273046,3.336136,0.369033,-2.113574,3.200566,-2.231845,234.735300,0.258619,0.247749,1,0,17.696660,0.003949,0.000273,0.139090,1,7,3,2,4
300,21.677060,0.055442,father,5,3,5.000000,2.830977,731.695900,497.334100,730.349000,496.443000,1.615036,724.982600,492.816600,735.715300,500.069400,724.982600,482.421200,735.715300,491.205100,1.534409,0.265440,-3.391394,1.728192,0.226345,-3.576591,1.655621,-3.506747,125.263900,0.711235,-0.265147,0,1,18.056510,0.005441,0.000031,0.122188,7,2,2,5,4
300,21.677060,0.055442,mother,11,10,11.000000,9.830976,689.420700,222.545200,688.073900,221.654000,1.614977,682.707600,218.027400,693.440200,225.280700,682.707600,207.632200,693.440200,216.416300,0.771110,0.265437,3.625185,0.964892,0.226345,3.439978,0.892318,3.509828,125.266100,0.711227,-0.265153,0,1,18.056510,0.005441,0.000061,0.122188,7,7,7,8,4
300,21.677060,0.055442,older_sister,2,10,2.289474,10.000000,314.035700,403.091900,313.270200,403.748700,1.008653,320.424000,399.800800,306.116400,407.696700,320.424000,388.872000,306.116400,394.756600,-5.770123,0.279061,-1.016291,-6.028454,0.330417,-1.217908,-5.885466,-1.100329,54.728810,0.175879,0.327332,1,0,19.220980,0.005441,0.000246,0.129482,5,4,7,7,4
300,21.677060,0.055442,player,7,3,7.164847,3.000000,816.069800,448.001600,818.264200,446.555300,2.628091,814.112700,449.068200,822.415600,444.042300,814.112700,438.039100,822.415600,428.882700,3.143701,0.281623,-2.274306,3.293615,0.387094,-2.145972,3.179038,-2.247069,234.732300,0.293871,0.196499,1,0,17.724690,0.002641,0.000164,0.131503,1,7,3,2,4
301,21.778110,0.101263,father,5,3,5.000000,2.750479,735.099000,499.035400,733.543900,498.098800,1.815319,730.903400,495.838600,736.184400,500.359100,730.903400,483.882600,736.184400,491.354700,1.641312,0.305288,-3.468559,1.736664,0.229921,-3.583988,1.717066,-3.550189,125.260400,0.811857,-0.144495,0,1,18.136510,0.030000,0.000301,0.122188,7,2,2,5,4
301,21.778110,0.101263,mother,11,10,11.000000,9.750478,692.823800,224.246600,691.268700,223.309900,1.815418,688.628100,221.049400,693.909300,225.570400,688.628100,209.093500,693.909300,216.566100,0.878007,0.305286,3.548020,0.973363,0.229921,3.432579,0.953763,3.466382,125.262900,0.811850,-0.144507,0,1,18.136510,0.030000,0.000150,0.122188,7,7,7,8,4
301,21.778110,0.101263,older_sister,2,10,2.369972,10.000000,317.438800,401.390500,315.224800,402.887300,2.672470,319.940900,400.057300,310.508700,405.717300,319.940900,389.042000,310.508700,390.879000,-5.778845,0.281269,-1.022841,-5.949148,0.378886,-1.167364,-5.824021,-1.056884,54.737190,0.276501,0.222492,1,0,19.300980,0.030000,0.000136,0.129482,5,4,7,7,4
301,21.778110,0.101263,player,7,3,7.130243,3.000000,814.606900,448.733200,816.587200,447.548800,2.307393,813.959700,449.192000,819.214500,445.905500,813.959700,438.082200,819.214500,430.379100,3.140939,0.283683,-2.277466,3.235819,0.396459,-2.193549,3.152625,-2.265750,234.729900,0.337126,0.125920,1,0,17.759080,0.012110,0.000061,0.131503,1,7,3,2,4
302,21.832980,0.055602,father,5,3,5.000000,2.673135,738.368800,500.670400,738.713000,500.819300,0.375060,740.363700,500.807900,737.062300,500.830700,740.363700,490.249000,737.062300,491.629000,1.812122,0.269615,-3.595448,1.752514,0.234960,-3.596030,1.776103,-3.591936,125.266000,0.908537,0.048333,0,1,18.213380,0.026865,0.000220,0.122188,7,2,2,5,4
302,21.832980,0.055602,mother,11,10,11.000000,9.673134,696.093500,225.881400,696.437500,226.030300,0.374811,698.087800,226.018600,694.787300,226.041900,698.087800,215.459500,694.787300,216.840200,1.048807,0.269621,3.421133,0.989215,0.234961,3.420540,1.012800,3.424637,125.264500,0.908529,0.048315,0,1,18.213370,0.026865,0.000150,0.122188,7,7,7,8,4
302,21.832980,0.055602,older_sister,2,10,2.447317,10.000000,320.708600,399.755600,319.263000,400.576800,1.662585,320.361600,399.764000,318.164300,401.389600,320.361600,388.584400,318.164300,386.367700,-5.771249,0.285466,-1.015353,-5.810922,0.383575,-1.056859,-5.764985,-1.015136,54.733970,0.373179,0.056357,1,0,19.377840,0.026865,0.000232,0.129482,5,4,7,7,4
302,21.832980,0.055602,player,7,3,7.101964,3.000000,813.411400,449.330700,814.871700,448.501000,1.679592,813.739600,449.331000,816.003800,447.670900,813.739600,438.152500,816.003800,432.629700,3.136965,0.285436,-2.281016,3.177847,0.384070,-2.238627,3.131039,-2.281008,234.744100,0.372473,0.057852,1,0,17.787180,0.009270,0.000246,0.131503,1,7,3,2,4
303,21.888300,0.055471,father,5,3,5.000000,2.617318,740.728500,501.850300,743.313700,503.026000,2.840031,748.866300,504.859600,737.761200,501.192300,748.866300,495.295900,737.761200,491.877600,1.965641,0.244203,-3.698906,1.765133,0.237845,-3.605264,1.818708,-3.622065,125.266400,0.978308,0.217778,0,1,18.268850,0.005471,0.000136,0.122188,7,2,2,5,4
303,21.888300,0.055471,mother,11,10,11.000000,9.617316,698.453200,227.061400,701.038300,228.236900,2.839814,706.590600,230.070300,695.486100,226.403500,706.590600,220.506600,695.486100,217.088800,1.202330,0.244203,3.317677,1.001833,0.237845,3.411306,1.055405,3.394509,125.265300,0.978300,0.217761,0,1,18.268840,0.005471,0.000110,0.122188,7,7,7,8,4
303,21.888300,0.055471,older_sister,3,10,2.503134,10.000000,323.068200,398.575900,323.698700,398.323200,0.679255,320.839500,399.488800,326.558000,397.157600,320.839500,388.191800,326.558000,384.492400,-5.762621,0.288463,-1.008324,-5.659369,0.323398,-0.948799,-5.722379,-0.985015,54.740550,0.442951,-0.118672,1,0,19.433310,0.005471,0.000043,0.129482,5,4,7,7,4
303,21.888300,0.055471,player,7,3,7.083777,3.000000,812.642600,449.715400,813.564500,449.189100,1.061502,813.579700,449.424200,813.549300,448.954100,813.579700,438.207400,813.549300,434.592800,3.134077,0.286416,-2.283396,3.133529,0.366707,-2.271391,3.117158,-2.290831,234.715400,0.395207,0.006487,1,0,17.805260,0.001695,0.000000,0.131503,1,7,3,2,4
304,21.942470,0.054264,father,5,3,5.000000,2.562716,743.036700,503.004500,745.166300,504.045200,2.370188,751.733200,506.439000,738.599300,501.651300,751.733200,497.237100,738.599300,492.141700,2.017405,0.234967,-3.739235,1.780265,0.242822,-3.616984,1.860385,-3.651538,125.266400,0.046560,0.264204,0,0,18.323110,0.004264,0.000086,0.122188,7,2,2,5,4
304,21.942470,0.054264,mother,11,10,11.000000,9.562714,700.761600,228.215600,702.891300,229.256200,2.370353,709.458300,231.649900,696.324300,226.862500,709.458300,222.447900,696.324300,217.352900,1.254108,0.234969,3.277342,1.016966,0.242821,3.399587,1.097084,3.365037,125.265300,0.046553,0.264203,0,0,18.323110,0.004264,0.000098,0.122188,7,7,7,8,4
304,21.942470,0.054264,older_sister,3,10,2.557736,10.000000,325.376600,397.421600,327.777200,396.413900,2.603529,321.081100,399.349800,334.473400,393.478100,321.081100,387.973100,334.473400,381.889300,-5.758258,0.290497,-1.004775,-5.516453,0.295914,-0.854845,-5.680700,-0.955538,54.731020,0.511204,-0.283994,1,0,19.487580,0.004264,0.000205,0.129482,5,4,7,7,4
304,21.942470,0.054264,player,7,3,7.067418,3.000000,811.951000,450.061000,812.261800,449.852000,0.374571,813.437800,449.505300,811.085800,450.198700,813.437800,438.254100,811.085800,436.560900,3.131517,0.287294,-2.285466,3.089048,0.348232,-2.303172,3.104671,-2.299654,234.756300,0.415657,-0.044902,1,0,17.821520,0.001224,0.000193,0.131503,1,7,3,2,4
305,21.997250,0.055191,father,5,3,5.000000,2.507181,745.384500,504.178200,745.986100,504.654100,0.767040,752.588500,507.141400,739.383700,502.166700,752.588500,498.331700,739.383700,492.236100,2.032849,0.224950,-3.757169,1.794428,0.253573,-3.630145,1.902776,-3.681506,125.258500,0.115978,0.268010,0,0,18.378310,0.005191,0.000273,0.122188,7,2,2,5,4
305,21.997250,0.055191,mother,11,10,11.000000,9.507178,703.109300,229.389400,703.711000,229.865400,0.767240,710.313200,232.353000,697.108800,227.377700,710.313200,223.543300,697.108800,217.447100,1.269544,0.224951,3.259390,1.031132,0.253572,3.386431,1.139473,3.335065,125.262800,0.115971,0.268010,0,0,18.378300,0.005191,0.000098,0.122188,7,7,7,8,4
305,21.997250,0.055191,older_sister,3,10,2.613271,10.000000,327.724300,396.247800,329.929800,395.341200,2.384542,320.997800,399.385900,338.861900,391.296600,320.997800,387.747600,338.861900,380.210300,-5.759763,0.297178,-1.005696,-5.437215,0.283083,-0.799142,-5.638310,-0.925566,54.737600,0.580622,-0.382614,0,0,19.542770,0.005191,0.000136,0.129482,5,4,7,7,4
305,21.997250,0.055191,player,7,3,7.051915,3.000000,811.295700,450.388900,810.948600,450.505200,0.366015,813.306900,449.579700,808.590400,451.430700,813.306900,438.295800,808.590400,438.497500,3.129151,0.288127,-2.287366,3.043993,0.330241,-2.334630,3.092838,-2.308028,234.713600,0.435036,-0.096816,1,0,17.836920,0.001393,0.000031,0.131503,1,7,3,2,4
306,22.050810,0.054125,father,5,2,5.000000,2.452718,747.686900,505.329600,746.665300,505.044200,1.060706,752.927200,507.240300,740.403300,502.848100,752.927200,498.451000,740.403300,492.212100,2.038964,0.224430,-3.759696,1.812838,0.271585,-3.647544,1.944347,-3.710905,125.268200,0.184055,0.249380,1,0,18.432430,0.004125,0.000110,0.124748,7,2,2,5,4
306,22.050810,0.054125,mother,11,9,11.000000,9.452716,705.411700,230.540700,704.390200,230.255500,1.060556,710.652200,232.451700,698.128200,228.059300,710.652200,223.662400,698.128200,217.423300,1.275665,0.224430,3.256869,1.049537,0.271583,3.369026,1.181044,3.305665,125.269000,0.184048,0.249383,1,0,18.432420,0.004125,0.000015,0.124749,7,7,7,8,4
306,22.050810,0.054125,older_sister,3,10,2.667734,10.000000,330.026800,395.096400,329.874700,395.040800,0.161916,320.867600,399.246400,338.881800,390.835200,320.867600,386.971300,338.881800,379.987200,-5.762113,0.313436,-1.002135,-5.436856,0.276997,-0.787359,-5.596739,-0.896166,54.731330,0.648699,-0.389571,0,1,19.596890,0.004125,0.000301,0.125179,5,4,7,7,4
306,22.050810,0.054125,player,7,3,7.037549,3.000000,810.688400,450.692500,809.724200,451.103900,1.048221,813.202000,449.642500,806.246600,452.565200,813.202000,438.329600,806.246600,440.196500,3.127259,0.288869,-2.288970,3.001674,0.315829,-2.363600,3.081872,-2.315780,234.743500,0.452993,-0.145629,1,0,17.851200,0.001054,0.000031,0.138447,1,7,3,2,4
307,22.150160,0.099734,father,5,2,5.000000,2.372220,751.090000,507.031000,749.016700,506.200100,2.233603,753.505900,507.470500,744.527600,504.929700,753.505900,498.605000,744.527600,492.582500,2.049411,0.226375,-3.765573,1.887305,0.315280,-3.700696,2.005792,-3.754352,125.263300,0.284679,0.169817,1,0,18.512430,0.030000,0.000193,0.124748,7,2,2,5,4
307,22.150160,0.099734,mother,11,9,11.000000,9.372217,708.814800,232.242200,706.741500,231.411300,2.233609,711.230800,232.681700,702.252200,230.140800,711.230800,223.816200,702.252200,217.793700,1.286111,0.226375,3.250996,1.123998,0.315277,3.315876,1.242489,3.262219,125.262900,0.284672,0.169825,1,0,18.512420,0.030000,0.000000,0.124749,7,7,7,8,4
307,22.150160,0.099734,older_sister,3,10,2.748233,10.000000,333.429900,393.394900,330.789200,394.265900,2.780614,323.644900,397.341900,337.933600,391.189900,323.644900,383.447300,337.933600,380.328100,-5.711968,0.354789,-0.953504,-5.453977,0.277350,-0.796417,-5.535294,-0.852721,54.737190,0.749321,-0.301343,0,1,19.676890,0.030000,0.000205,0.125179,5,4,7,7,4
307,22.150160,0.099734,player,7,3,7.000000,3.000000,809.100900,451.486000,806.926500,452.408100,2.361814,813.043900,449.735400,800.809000,455.080800,813.043900,438.370700,800.809000,443.403900,3.124405,0.290190,-2.291341,2.903497,0.298163,-2.427834,3.053210,-2.336044,234.740100,0.499929,-0.259177,0,0,17.888520,0.000000,0.000193,0.138447,1,-1,-1,2,4
308,22.210450,0.052399,father,5,2,5.000000,2.299639,754.158400,508.565300,753.041900,508.007000,1.248330,754.686600,507.982500,751.397000,508.031400,754.686600,499.025800,751.397000,495.831600,2.070731,0.228706,-3.778647,2.011335,0.311515,-3.779896,2.061193,-3.793528,125.265800,0.375406,0.047775,1,0,18.584560,0.022132,0.000110,0.124748,7,2,2,5,4
308,22.210450,0.052399,mother,11,9,11.000000,9.299635,711.883200,233.776500,710.766500,233.218100,1.248535,712.411600,233.193800,709.121300,233.242400,712.411600,224.237000,709.121300,221.042400,1.307431,0.228705,3.237921,1.248024,0.311519,3.236680,1.297890,3.223042,125.265900,0.375399,0.047788,1,0,18.584560,0.022132,0.000046,0.124749,7,7,7,8,4
308,22.210450,0.052399,older_sister,3,10,2.820815,10.000000,336.498300,391.861000,334.911300,392.441700,1.689928,331.965700,393.633100,337.856900,391.250300,331.965700,378.528800,337.856900,380.145900,-5.561731,0.385680,-0.858804,-5.455361,0.283543,-0.797958,-5.479892,-0.813552,54.739650,0.840048,-0.121981,0,1,19.749020,0.022132,0.000000,0.125179,5,4,7,7,4
308,22.210450,0.052399,player,7,3,7.011051,3.000000,809.568100,451.252500,809.222400,453.248400,2.025538,810.033200,447.599900,808.411700,458.896800,810.033200,436.220100,808.411700,447.325000,3.070043,0.290576,-2.236813,3.040768,0.295482,-2.525273,3.061646,-2.330081,182.343600,0.513742,-0.289416,0,0,17.899500,0.000982,0.000086,0.138447,5,9,5,5,4
309,22.266320,0.061434,father,5,2,5.000000,2.237822,756.771700,509.871900,757.529800,510.223500,0.835650,755.798900,508.502900,759.260700,511.944200,755.798900,499.533200,759.260700,501.935700,2.090812,0.229036,-3.791935,2.153318,0.255563,-3.879807,2.108378,-3.826892,125.263400,0.452677,-0.101768,1,0,18.646000,0.011434,0.000164,0.124748,7,2,2,5,4
309,22.266320,0.061434,mother,11,9,11.000000,9.237818,714.496500,235.083000,715.254400,235.434600,0.835520,713.523800,233.714200,716.984900,237.155100,713.523800,224.744400,716.984900,227.146400,1.327513,0.229037,3.224633,1.390006,0.255567,3.136770,1.345075,3.189678,125.263700,0.452669,-0.101752,1,0,18.645990,0.011434,0.000015,0.124749,7,7,7,8,4
309,22.266320,0.061434,older_sister,3,10,2.882631,10.000000,339.111600,390.554000,339.835900,390.075500,0.868106,341.738600,388.918600,337.933100,391.232300,341.738600,375.758300,337.933100,379.888400,-5.385275,0.336042,-0.738422,-5.453985,0.289661,-0.797500,-5.432707,-0.780181,54.731190,0.917318,0.090211,0,1,19.810460,0.011434,0.000232,0.125179,5,4,7,7,4
309,22.266320,0.061434,player,7,3,7.052155,3.000000,811.305700,450.383600,813.784900,451.671700,2.793879,805.148600,447.567500,822.421200,455.775900,805.148600,436.018500,822.421200,444.560200,2.981850,0.294898,-2.235986,3.293716,0.286386,-2.445582,3.093019,-2.307895,120.912300,0.565121,-0.375241,0,0,17.940350,0.009889,0.000193,0.138447,5,9,5,5,4
310,22.321980,0.055603,father,5,2,5.000000,2.181873,759.137000,511.054500,761.056800,512.087800,2.180228,756.597800,508.888200,765.515600,515.287400,756.597800,499.914700,765.515600,505.886100,2.105238,0.229133,-3.801774,2.266254,0.240056,-3.965174,2.151084,-3.857089,125.263900,0.522614,-0.225808,1,0,18.701600,0.005603,0.000164,0.124748,7,2,2,5,4
310,22.321980,0.055603,mother,11,9,11.000000,9.181869,716.861700,236.265700,718.781400,237.298900,2.180130,714.322800,234.099500,723.240100,240.498400,714.322800,225.126000,723.240100,231.097100,1.341938,0.229133,3.214794,1.502946,0.240057,3.051401,1.387781,3.159481,125.263900,0.522606,-0.225797,1,0,18.701590,0.005603,0.000015,0.124749,7,7,7,8,4
310,22.321980,0.055603,older_sister,3,10,2.938580,10.000000,341.476900,389.371400,344.793000,387.460000,3.827521,351.555000,383.722900,338.031000,391.197100,351.555000,371.875200,338.031000,379.630900,-5.208035,0.302524,-0.605752,-5.452218,0.295336,-0.796600,-5.390001,-0.749984,54.736370,0.987255,0.309560,0,1,19.866060,0.005603,0.000205,0.125179,5,4,7,7,4
310,22.321980,0.055603,player,7,3,7.107601,3.000000,813.649800,449.211600,814.047300,449.017700,0.442321,804.073500,451.997100,824.021100,446.038300,804.073500,439.892200,824.021100,435.156200,2.962439,0.309093,-2.349093,3.322603,0.277867,-2.196938,3.135343,-2.277969,65.311910,0.634430,-0.390796,0,0,17.995450,0.005603,0.000136,0.138447,5,9,5,5,4
311,22.377530,0.055934,father,5,2,5.000000,2.125590,761.516400,512.244300,762.837600,512.900500,1.475259,757.056800,509.112600,768.618700,516.688300,757.056800,499.918400,768.618700,507.691400,2.113524,0.234769,-3.807504,2.322281,0.229731,-4.000945,2.194045,-3.887469,125.266100,0.592966,-0.282133,0,0,18.757530,0.005934,0.000136,0.124748,7,2,2,5,4
311,22.377530,0.055934,mother,11,9,11.000000,9.125586,719.241100,237.455400,720.562600,238.111800,1.475552,714.781700,234.323900,726.343400,241.899700,714.781700,225.129700,726.343400,232.902600,1.350225,0.234769,3.209064,1.558979,0.229734,3.015621,1.430742,3.129101,125.266600,0.592960,-0.282133,0,0,18.757530,0.005934,0.000061,0.124749,7,7,7,8,4
311,22.377530,0.055934,older_sister,3,10,2.994863,10.000000,343.856200,388.181800,346.248100,386.928800,2.700278,353.956000,382.802900,338.540300,391.054700,353.956000,371.595600,338.540300,379.194200,-5.164684,0.286171,-0.582259,-5.443022,0.302849,-0.792964,-5.347041,-0.719607,54.736230,0.057610,0.348913,0,0,19.922000,0.005934,0.000164,0.125179,5,4,7,7,4
311,22.377530,0.055934,player,7,3,7.163884,3.000000,816.029100,448.021900,814.050400,448.670000,2.082212,805.666400,452.469800,822.434300,444.870200,805.666400,439.499100,822.434300,434.041500,2.991199,0.331200,-2.361165,3.293953,0.276504,-2.167112,3.178304,-2.247588,54.733490,0.704784,-0.359234,0,1,18.051390,0.005934,0.000220,0.138447,5,9,5,5,4
312,22.431390,0.054621,father,5,2,5.000000,2.070628,763.839800,513.405900,763.599200,513.133100,0.363803,757.700900,509.305800,769.497300,516.960500,757.700900,499.486400,769.497300,508.113600,2.125156,0.250730,-3.812435,2.338146,0.225901,-4.007895,2.235998,-3.917132,125.262700,0.661669,-0.286753,0,1,18.812150,0.004621,0.000136,0.120488,7,2,2,5,4
312,22.431390,0.054621,mother,11,9,11.000000,9.070624,721.564600,238.617100,721.324100,238.344400,0.363654,715.425700,234.517100,727.222400,242.171700,715.425700,224.697800,727.222400,233.324800,1.361854,0.250728,3.204131,1.574849,0.225901,3.008674,1.472695,3.099439,125.261600,0.661661,-0.286755,0,1,18.812150,0.004621,0.000015,0.120489,7,7,7,8,4
312,22.431390,0.054621,older_sister,3,10,3.049824,10.000000,346.179700,387.020000,346.879800,386.862900,0.717405,354.627300,382.764200,339.132300,390.961700,354.627300,371.866700,339.132300,378.577900,-5.152563,0.278262,-0.581272,-5.432334,0.316213,-0.790590,-5.305088,-0.689940,54.733750,0.126310,0.349282,0,0,19.976620,0.004621,0.000246,0.129243,5,4,7,7,4
312,22.431390,0.054621,player,7,3,7.218846,3.000000,818.352700,446.860200,815.734700,447.679000,2.742985,809.521200,450.260700,821.948200,445.097400,809.521200,435.865800,821.948200,434.195400,3.060800,0.367567,-2.304755,3.285175,0.278375,-2.172912,3.220256,-2.217925,54.737110,0.773485,-0.259322,0,1,18.106010,0.004621,0.000136,0.126590,5,9,5,5,4
313,22.531020,0.099823,father,5,2,5.000000,2.000000,766.825700,514.898700,765.094700,513.782100,2.059877,760.579500,510.523700,769.609900,517.040500,760.579500,499.426700,769.609900,508.136000,2.177131,0.283355,-3.843536,2.340178,0.227370,-4.009938,2.289909,-3.955249,125.261500,0.749952,-0.229198,0,1,18.882350,0.020191,0.000273,0.120488,7,2,2,5,4
313,22.531020,0.099823,mother,11,9,11.000000,8.990126,724.967700,240.318900,723.220800,239.182800,2.083849,719.052600,236.079100,727.389000,242.286400,719.052600,224.779700,727.389000,233.367300,1.427339,0.288523,3.164246,1.577857,0.227743,3.005746,1.534140,3.055985,125.267800,0.762283,-0.214410,0,1,18.892150,0.030000,0.000179,0.120489,7,7,7,8,4
313,22.531020,0.099823,older_sister,3,10,3.130323,10.000000,349.582800,385.318700,347.546100,386.700900,2.461489,353.703600,383.158700,341.388500,390.243100,353.703600,372.164700,341.388500,376.547600,-5.169240,0.280726,-0.591345,-5.391597,0.349706,-0.772241,-5.243643,-0.646499,54.739570,0.226934,0.285993,1,0,20.056620,0.030000,0.000031,0.129243,5,4,7,7,4
313,22.531020,0.099823,player,7,3,7.299344,3.000000,821.755700,445.158400,821.102800,445.336800,0.676872,820.155500,445.576800,822.050000,445.096800,820.155500,431.142100,822.050000,433.875800,3.252808,0.368582,-2.185153,3.287014,0.286522,-2.172899,3.281701,-2.174472,54.732520,0.874107,-0.035004,0,1,18.186010,0.030000,0.000301,0.126590,5,9,5,5,4
314,22.589890,0.053873,father,5,2,4.978140,2.000000,765.901600,515.361100,765.294600,513.759300,1.712901,764.353600,509.908800,766.235500,517.609900,764.353600,498.375000,766.235500,508.671500,2.245274,0.294508,-3.827833,2.279251,0.228235,-4.024477,2.273223,-3.967055,158.021300,0.777277,-0.195068,0,1,18.904070,0.011725,0.000000,0.120488,1,2,2,5,4
314,22.589890,0.053873,mother,11,9,11.000000,8.915970,728.102700,241.886300,727.179800,241.376900,1.054130,726.226300,240.047800,728.133200,242.705900,726.226300,228.301900,728.133200,233.591800,1.556864,0.299927,3.062906,1.591295,0.232724,2.995035,1.590742,3.015961,125.264300,0.854979,-0.067298,0,1,18.965850,0.023697,0.000150,0.120489,7,7,7,8,4
314,22.589890,0.053873,older_sister,3,10,3.204479,10.000000,352.717800,383.751300,350.609700,385.059900,2.481325,353.882400,383.055800,347.337000,387.064000,353.882400,371.983500,347.337000,371.589500,-5.166013,0.282726,-0.588719,-5.284194,0.395132,-0.691065,-5.187039,-0.606475,54.736340,0.319628,0.155584,1,0,20.130310,0.023697,0.000068,0.129243,5,4,7,7,4
314,22.589890,0.053873,player,7,3,7.373500,3.000000,824.890700,443.591000,827.581100,442.029100,3.110866,833.016800,438.988700,822.145300,445.069600,833.016800,426.994000,822.145300,433.578600,3.485026,0.306275,-2.016930,3.288733,0.293415,-2.172203,3.338304,-2.134448,54.735850,0.966801,0.249919,0,1,18.259700,0.023697,0.000301,0.126590,5,9,5,5,4
315,22.650220,0.060701,father,5,2,4.927655,2.000000,763.767200,516.427900,764.241900,515.386200,1.144818,765.885600,513.759000,762.598300,517.013200,765.885600,501.792100,762.598300,507.933800,2.272934,0.305567,-3.926147,2.213581,0.231839,-4.009243,2.234686,-3.994296,194.932600,0.840384,-0.095584,0,1,18.954240,0.010694,0.000329,0.120488,1,2,2,5,4
315,22.650220,0.060701,mother,11,9,11.000000,8.854891,730.684800,243.177300,731.724900,243.657200,1.145415,734.628200,244.256600,728.821700,243.057700,734.628200,234.204700,728.821700,233.824000,1.708563,0.256670,2.955438,1.603724,0.235776,2.986051,1.637365,2.982998,125.261100,0.931328,0.103277,0,1,19.026550,0.010701,0.000015,0.120489,7,7,7,8,4
315,22.650220,0.060701,older_sister,3,10,3.265558,10.000000,355.300000,382.460000,354.398700,382.974900,1.038011,354.342000,382.761000,354.455300,383.188800,354.342000,371.542900,354.455300,368.853000,-5.157714,0.286448,-0.581192,-5.155668,0.366055,-0.592113,-5.140418,-0.573505,54.733010,0.395977,0.004635,1,0,20.191010,0.010701,0.000097,0.129243,5,4,7,7,4
315,22.650220,0.060701,player,7,3,7.434579,3.000000,827.472800,442.300100,830.170400,440.826700,3.073736,837.808300,436.708900,822.532600,444.944500,837.808300,425.353900,822.532600,433.155500,3.571540,0.289941,-1.958717,3.295727,0.301024,-2.169008,3.384926,-2.101485,54.738940,0.043150,0.346612,0,0,18.320400,0.010701,0.000136,0.126590,5,9,5,5,4
316,22.707610,0.057625,father,5,2,4.869670,2.000000,761.316000,517.653900,760.911300,517.920300,0.484541,760.291400,519.181300,761.531100,516.659300,760.291400,508.727000,761.531100,507.451400,2.171928,0.266947,-4.064603,2.194310,0.235117,-4.000204,2.190428,-4.025599,229.974000,0.912865,0.058557,0,1,19.011870,0.007625,0.000000,0.120488,1,2,2,5,4
316,22.707610,0.057625,mother,11,9,11.000000,8.796906,733.136100,244.402900,736.094600,245.747900,3.249900,742.624000,248.063600,729.565100,243.432300,742.624000,238.401800,729.565100,234.055100,1.852934,0.246708,2.858228,1.617147,0.239442,2.976487,1.681625,2.951703,125.263500,0.003807,0.260797,0,1,19.084170,0.007625,0.000015,0.120489,7,7,7,8,4
316,22.707610,0.057625,older_sister,3,10,3.323543,10.000000,357.751200,381.234200,359.145200,380.628000,1.520112,354.769900,382.510800,363.520500,378.745000,354.769900,371.175400,363.520500,366.694500,-5.149989,0.289443,-0.574802,-4.991990,0.307705,-0.478645,-5.096158,-0.542204,54.731780,0.468456,-0.184521,1,0,20.248640,0.007625,0.000246,0.129243,5,4,7,7,4
316,22.707610,0.057625,player,7,3,7.492564,3.000001,829.924100,441.074400,830.939400,440.742400,1.068222,838.745000,436.630200,823.133900,444.854700,838.745000,425.725800,823.133900,432.573200,3.588450,0.278436,-1.956708,3.306585,0.313600,-2.166715,3.429185,-2.070189,54.735630,0.115631,0.351390,0,0,18.378030,0.007625,0.000164,0.126590,5,9,5,5,4
317,22.766120,0.058881,father,5,2,4.810423,2.000000,758.811300,518.906100,756.195000,520.342700,2.984737,751.495100,523.641300,760.894900,517.044000,751.495100,514.041000,760.894900,507.710100,2.013105,0.245140,-4.178486,2.182825,0.238335,-4.010027,2.145203,-4.057574,234.738200,0.986925,0.235834,0,1,19.070750,0.008881,0.000136,0.120488,1,2,2,5,4
317,22.766120,0.058881,mother,11,9,11.000000,8.737658,735.640800,245.655200,737.105400,246.464200,1.673161,743.714500,248.921500,730.496300,244.006900,743.714500,239.963500,730.496300,234.341600,1.872622,0.228736,2.836323,1.633963,0.246798,2.961814,1.726848,2.919724,125.265500,0.077866,0.267317,0,0,19.143050,0.008881,0.000015,0.120489,7,7,7,8,4
317,22.766120,0.058881,older_sister,3,10,3.382791,10.000000,360.256000,379.981800,363.038000,378.842800,3.006172,354.930000,382.423900,371.146000,375.261600,354.930000,370.977500,371.146000,363.882600,-5.147098,0.292279,-0.572583,-4.854308,0.290557,-0.389698,-5.050934,-0.510227,54.736240,0.542515,-0.344651,0,0,20.307520,0.008881,0.000246,0.129243,5,4,7,7,4
317,22.766120,0.058881,player,8,3,7.551812,3.000001,832.428800,439.822100,831.296800,440.699600,1.432365,838.211800,436.831600,824.381700,444.567600,838.211800,425.887600,824.381700,431.471700,3.578825,0.279448,-1.961852,3.329114,0.334397,-2.159385,3.474409,-2.038211,54.735180,0.189690,0.317935,1,0,18.436910,0.008881,0.000136,0.126590,5,9,5,5,4
318,22.824870,0.059447,father,5,2,4.750607,2.000000,756.282500,520.170500,754.435300,521.067700,2.053514,749.001200,524.651700,759.869300,517.483700,749.001200,515.582600,759.869300,507.907300,1.968078,0.231575,-4.204285,2.164307,0.244527,-4.021255,2.099545,-4.089861,234.734000,0.061695,0.265894,0,0,19.130200,0.009446,0.000136,0.131208,1,2,2,5,4
318,22.824870,0.059447,mother,11,9,11.000000,8.677840,738.169600,246.919700,737.886600,246.967900,0.287088,744.374100,249.336300,731.399000,244.599500,744.374100,240.555000,731.399000,234.312000,1.884533,0.224223,2.825732,1.650260,0.262687,2.946681,1.772507,2.887436,125.265600,0.152636,0.261113,0,0,19.202500,0.009446,0.000098,0.124584,7,7,7,8,4
318,22.824870,0.059447,older_sister,3,10,3.442608,10.000000,362.784700,378.717400,363.693100,378.265200,1.014694,354.690900,382.466500,372.695300,374.063900,354.690900,370.542400,372.695300,363.138700,-5.151414,0.304476,-0.573670,-4.826335,0.278967,-0.359114,-5.005276,-0.477939,54.733470,0.617287,-0.389299,0,0,20.366960,0.009446,0.000314,0.129127,5,4,7,7,4
318,22.824870,0.059447,player,8,3,7.611629,3.000001,834.957600,438.557600,832.736700,440.067000,2.685260,837.835700,437.034200,827.637700,443.099800,837.835700,426.021900,827.637700,428.518900,3.572032,0.281193,-1.967025,3.387903,0.372314,-2.121904,3.520067,-2.005924,54.734120,0.264460,0.239761,1,0,18.496360,0.009446,0.000246,0.131140,5,9,5,5,4
319,22.928920,0.104383,father,5,2,4.670108,2.000000,752.879400,521.871800,753.125900,521.548700,0.406385,747.884600,525.062300,758.367000,518.035200,747.884600,516.282100,758.367000,507.640200,1.947918,0.224196,-4.214768,2.137182,0.265430,-4.035337,2.038100,-4.133304,234.739200,0.162317,0.258126,1,0,19.210200,0.030000,0.000329,0.131208,1,2,2,5,4
319,22.928920,0.104383,mother,11,9,11.000000,8.597342,741.572800,248.621200,739.472900,247.810200,2.251009,744.709800,249.438100,734.235900,246.182300,744.709800,240.576800,734.235900,234.370300,1.890595,0.226270,2.823130,1.701481,0.301612,2.906267,1.833952,2.843991,125.262900,0.253258,0.202410,1,0,19.282500,0.030000,0.000000,0.124584,7,7,7,8,4
319,22.928920,0.104383,older_sister,4,10,3.523107,10.000000,366.187900,377.015900,363.908100,377.792400,2.408432,355.829900,381.408000,371.986200,374.176900,355.829900,368.237000,371.986200,363.336200,-5.130848,0.336314,-0.546641,-4.839137,0.276812,-0.362001,-4.943830,-0.434494,54.737590,0.717909,-0.344784,0,1,20.446960,0.030000,0.000205,0.129127,5,4,7,7,4
319,22.928920,0.104383,player,8,3,7.692128,3.000001,838.360700,436.856100,836.757200,437.773600,1.847440,838.229900,436.764200,835.284500,438.783100,838.229900,425.598200,835.284500,423.553500,3.579150,0.285117,-1.960129,3.525970,0.388879,-2.011682,3.581513,-1.962477,54.737270,0.365082,0.073185,1,0,18.576350,0.030000,0.000136,0.131140,5,9,5,5,4
320,22.985980,0.057579,father,5,2,4.589609,2.000000,749.476300,523.573600,751.253700,522.443500,2.106266,747.557500,525.286300,754.950000,519.600600,747.557500,516.424500,754.950000,507.615700,1.942011,0.226281,-4.220490,2.075486,0.306028,-4.075308,1.976656,-4.176756,234.732700,0.262941,0.192805,1,0,19.290200,0.030000,0.000136,0.131208,1,2,2,5,4
320,22.985980,0.057579,mother,11,9,11.000000,8.516844,744.975700,250.323000,743.487900,249.616200,1.647171,745.913700,249.961700,741.062000,249.270900,745.913700,241.023200,741.062000,236.661200,1.912330,0.228238,2.809762,1.824731,0.321980,2.827402,1.895395,2.800537,125.268600,0.353882,0.081706,1,0,19.362500,0.030000,0.000259,0.124584,7,7,7,8,4
320,22.985980,0.057579,older_sister,4,10,3.603606,10.000000,369.591000,375.314600,367.538000,376.014600,2.169050,363.434700,377.685000,371.641300,374.344100,363.434700,362.580000,371.641300,363.322400,-4.993540,0.385699,-0.451578,-4.845366,0.281432,-0.366270,-4.882385,-0.391052,54.739750,0.818531,-0.170238,0,1,20.526960,0.030000,0.000043,0.129127,5,4,7,7,4
320,22.985980,0.057579,player,8,3,7.772626,3.000001,841.763900,435.154400,843.085600,434.579800,1.441277,838.867100,436.389900,847.304300,432.769700,838.867100,425.058200,847.304300,420.671800,3.590655,0.289347,-1.950572,3.742994,0.308911,-1.858132,3.642958,-1.919024,54.732590,0.465706,-0.177754,1,0,18.656350,0.030000,0.000301,0.131140,5,9,5,5,4
321,23.043300,0.057767,father,5,2,4.529508,2.000000,746.935500,524.844100,748.531300,523.973700,1.817689,746.770000,525.746300,750.292600,522.201100,746.770000,516.826200,750.292600,509.486800,1.927791,0.227770,-4.232234,1.991393,0.324655,-4.141712,1.930780,-4.209197,234.734700,0.338066,0.104195,1,0,19.349920,0.009729,0.000086,0.131208,1,2,2,5,4
321,23.043300,0.057767,mother,11,8,11.000000,8.456742,747.516500,251.593400,747.649700,251.626700,0.137229,747.010500,250.468800,748.288900,252.784600,747.010500,241.502800,748.288900,242.156100,1.932134,0.228942,2.796813,1.955215,0.271395,2.737680,1.941271,2.768097,125.264700,0.429007,-0.052986,1,0,19.422230,0.009729,0.000273,0.124584,7,7,7,8,4
321,23.043300,0.057767,older_sister,4,10,3.663707,10.000000,372.131800,374.044200,372.062400,373.955200,0.112812,372.360500,373.593400,371.764500,374.317000,372.360500,359.703900,371.764500,363.037800,-4.832380,0.354661,-0.347102,-4.843142,0.288007,-0.365577,-4.836510,-0.358611,54.733680,0.893658,0.019453,0,1,20.586690,0.009729,0.000000,0.129127,5,4,7,7,4
321,23.043300,0.057767,player,8,3,7.832727,3.000001,844.304600,433.883900,847.078900,432.746800,2.998355,839.036400,436.297500,855.121500,429.196100,839.036400,424.856700,855.121500,417.805800,3.593712,0.292134,-1.948212,3.884138,0.290845,-1.766883,3.688833,-1.886584,54.733750,0.540831,-0.341821,0,0,18.716080,0.009729,0.000382,0.131140,5,9,5,5,4
322,23.098620,0.056028,father,4,2,4.473131,2.000000,744.552100,526.035800,744.988500,525.846900,0.475476,745.814200,526.267500,744.162700,525.426300,745.814200,517.302900,744.162700,514.151400,1.910535,0.228906,-4.245543,1.880716,0.287898,-4.224063,1.887747,-4.239626,234.734600,0.408539,-0.011945,1,0,19.405950,0.006028,0.000061,0.131208,1,2,2,5,4
322,23.098620,0.056028,mother,11,8,10.999990,8.400365,749.899900,252.784900,751.529800,253.637600,1.839450,747.899800,250.889600,755.159800,256.385700,747.899800,241.922400,755.159800,246.891900,1.948190,0.228972,2.786069,2.079273,0.242418,2.645729,1.984304,2.737671,125.262300,0.499479,-0.188052,1,0,19.478250,0.006028,0.000136,0.124584,7,7,7,8,4
322,23.098620,0.056028,older_sister,4,10,3.720084,10.000000,374.515100,372.852200,377.104100,371.344800,2.995760,382.349300,368.405900,371.858800,374.283800,382.349300,356.370000,371.858800,362.802200,-4.652026,0.307328,-0.214640,-4.841437,0.293176,-0.364731,-4.793476,-0.328174,54.728920,0.964129,0.241310,0,1,20.642720,0.006028,0.000301,0.129127,5,4,7,7,4
322,23.098620,0.056028,player,8,3,7.889105,3.000001,846.687900,432.692400,847.770700,432.179900,1.197908,838.803000,436.355100,856.738300,428.004800,838.803000,424.486900,856.738300,417.071700,3.589497,0.303049,-1.949684,3.913331,0.279169,-1.736463,3.731865,-1.856158,54.737750,0.611303,-0.387513,0,0,18.772110,0.006028,0.000273,0.131140,5,9,5,5,4
323,23.153130,0.054872,father,4,2,4.417918,2.000001,742.218000,527.202800,740.965500,527.830400,1.400982,744.921200,526.742900,737.009600,528.918000,744.921200,517.770100,737.009600,519.268600,1.894411,0.229113,-4.257682,1.751563,0.246392,-4.313221,1.845603,-4.269427,234.735500,0.477556,-0.148701,1,0,19.460820,0.004872,0.000061,0.131208,1,2,2,5,4
323,23.153130,0.054872,mother,11,8,10.999990,8.345151,752.234100,253.952000,754.161600,254.998900,2.193437,748.498900,251.187800,759.824300,258.810000,748.498900,242.107200,759.824300,249.590800,1.959008,0.231869,2.778454,2.163494,0.235407,2.583826,2.026449,2.707870,125.263700,0.568497,-0.279330,0,0,19.533130,0.004872,0.000123,0.124584,7,7,7,8,4
323,23.153130,0.054872,older_sister,4,10,3.775298,10.000000,376.849300,371.685100,379.753600,370.061100,3.327479,387.335400,365.946000,372.171800,374.176100,387.335400,354.473400,372.171800,362.427600,-4.561999,0.292946,-0.151830,-4.835787,0.299992,-0.361981,-4.751332,-0.298374,54.735210,0.033148,0.344878,0,0,20.697590,0.004872,0.000301,0.129127,5,4,7,7,4
323,23.153130,0.054872,player,8,3,7.944319,3.000001,849.022200,431.525300,847.778900,431.877400,1.292135,838.985600,435.932000,856.572300,427.822900,838.985600,423.247900,856.572300,417.010300,3.592795,0.323881,-1.938880,3.910334,0.276094,-1.731820,3.774011,-1.826358,54.737050,0.680321,-0.378816,0,1,18.826980,0.004872,0.000246,0.131140,5,9,5,5,4
324,23.207880,0.054929,father,4,2,4.362646,2.000000,739.881300,528.371100,737.702500,529.366700,2.395526,744.218300,527.101900,731.186800,531.631400,744.218300,518.091700,731.186800,522.309900,1.881718,0.230068,-4.266850,1.646427,0.238018,-4.382509,1.803414,-4.299258,234.737100,0.546646,-0.258891,0,0,19.515750,0.004929,0.000136,0.128607,1,2,2,5,4
324,23.207880,0.054929,mother,11,8,10.999990,8.289880,754.570700,255.120300,754.917700,255.186800,0.353365,748.961900,251.348100,760.873700,259.025500,748.961900,241.796200,760.873700,250.136200,1.967367,0.243901,2.774360,2.182440,0.226982,2.578323,2.068638,2.678040,125.263500,0.637587,-0.288788,0,0,19.588060,0.004929,0.000123,0.122045,7,7,7,8,4
324,23.207880,0.054929,older_sister,4,10,3.830570,10.000000,379.185900,370.516800,380.547400,369.964000,1.469449,388.363300,365.834400,372.731500,374.093500,388.363300,354.901200,372.731500,361.922500,-4.543440,0.279173,-0.148980,-4.825682,0.310781,-0.359871,-4.709143,-0.268543,54.737260,0.102238,0.352207,0,0,20.752520,0.004929,0.000232,0.131791,5,4,7,7,4
324,23.207880,0.054929,player,8,3,7.999591,3.000001,851.358800,430.357100,848.717800,431.227900,2.780856,841.576600,434.301900,855.859100,428.153700,841.576600,420.405400,855.859100,417.291700,3.639577,0.354840,-1.897258,3.897455,0.277355,-1.740267,3.816200,-1.796527,54.737180,0.749411,-0.301196,0,1,18.881910,0.004929,0.000193,0.125675,5,9,5,5,4
325,23.308560,0.101031,father,4,2,4.282147,2.000000,736.478300,530.072400,736.532000,530.170700,0.112017,743.631000,527.487400,729.433100,532.853900,743.631000,517.833600,729.433100,523.984700,1.871117,0.246506,-4.276694,1.614764,0.226468,-4.413723,1.741969,-4.342700,234.739200,0.647268,-0.288427,0,0,19.595750,0.030000,0.000356,0.128607,1,2,2,5,4
325,23.308560,0.101031,mother,11,8,10.999990,8.209381,757.973800,256.821700,756.293900,255.747400,1.994010,751.472200,252.358400,761.115600,259.136400,751.472200,241.466600,761.115600,250.244500,2.012691,0.278114,2.748564,2.186809,0.227051,2.575490,2.130082,2.634594,125.263000,0.738209,-0.242090,0,1,19.668060,0.030000,0.000000,0.122045,7,7,7,8,4
325,23.308560,0.101031,older_sister,4,10,3.911069,10.000000,382.589100,368.815400,381.131100,369.891800,1.812216,387.789800,366.117500,374.472500,373.666000,387.789800,355.154300,374.472500,360.419800,-4.553796,0.279940,-0.156208,-4.794246,0.338234,-0.348954,-4.647698,-0.225097,54.737170,0.202860,0.307608,1,0,20.832520,0.030000,0.000164,0.131791,5,4,7,7,4
325,23.308560,0.101031,player,8,3,8.080090,3.000001,854.761900,428.655600,853.442700,429.122800,1.399498,851.061600,430.046200,855.823700,428.199300,851.061600,415.096000,855.823700,417.058600,3.810835,0.381747,-1.788591,3.896818,0.284471,-1.741431,3.877645,-1.753081,54.736640,0.850033,-0.097433,0,1,18.961910,0.030000,0.000110,0.125675,5,9,5,5,4
326,23.361530,0.053752,father,4,2,4.206899,2.000000,733.297100,531.663100,735.313800,530.892500,2.158888,741.369700,528.847400,729.257900,532.937600,741.369700,517.900400,729.257900,524.042500,1.830286,0.279526,-4.311421,1.611602,0.227132,-4.415862,1.684531,-4.383319,234.732600,0.741331,-0.238852,0,1,19.670540,0.024783,0.000193,0.128607,1,2,2,5,4
326,23.361530,0.053752,mother,11,8,11.000000,8.134133,761.154900,258.412400,759.806000,257.651000,1.548950,757.893100,255.819100,761.718800,259.482900,757.893100,243.789000,761.718800,250.424100,2.128625,0.307180,2.660198,2.197701,0.231313,2.566642,2.187520,2.593980,125.264400,0.832272,-0.110416,0,1,19.742840,0.024783,0.000061,0.122045,7,7,7,8,4
326,23.361530,0.053752,older_sister,4,10,3.986317,10.000000,385.770200,367.224800,383.580400,368.657700,2.617021,387.632100,366.203900,379.528700,371.111500,387.632100,355.170900,379.528700,355.901900,-4.556643,0.281722,-0.158415,-4.702954,0.388369,-0.283727,-4.590261,-0.184482,54.734740,0.296921,0.191812,1,0,20.907310,0.024783,0.000205,0.131791,5,4,7,7,4
326,23.361530,0.053752,player,8,3,8.155338,3.000001,857.943100,427.065000,859.729900,426.002600,2.078846,863.538900,423.839400,855.921000,428.165900,863.538900,411.406400,855.921000,416.749000,4.036119,0.317468,-1.630101,3.898573,0.291523,-1.740577,3.935083,-1.712466,54.735340,0.944094,0.176089,0,1,19.036700,0.024783,0.000110,0.125675,5,9,5,5,4
327,23.417980,0.054288,father,4,2,4.152272,2.000000,730.987800,532.817700,732.782700,532.086600,1.938097,736.761200,531.043800,728.804300,533.129500,736.761200,519.105500,728.804300,524.130400,1.747077,0.304837,-4.367503,1.603410,0.229785,-4.420760,1.642835,-4.412799,234.739100,0.809614,-0.148053,0,1,19.724830,0.004288,0.000273,0.128607,1,2,2,5,4
327,23.417980,0.054288,mother,11,8,11.000000,8.079506,763.464300,259.567000,763.590200,259.608200,0.132484,764.822300,259.388500,762.358100,259.827900,764.822300,248.639700,762.358100,250.637600,2.253736,0.274463,2.569055,2.209243,0.234671,2.557832,2.229216,2.564496,125.264300,0.900555,0.029849,0,1,19.797130,0.004288,0.000031,0.122045,7,7,7,8,4
327,23.417980,0.054288,older_sister,4,10,4.000000,9.997337,386.461200,366.991700,384.054800,368.041100,2.625215,387.850900,366.423500,380.258700,369.658700,387.850900,355.356000,380.258700,354.201800,-4.552692,0.282602,-0.164021,-4.689773,0.394683,-0.246630,-4.577784,-0.178531,64.501850,0.317354,0.159291,1,0,20.923550,0.002647,0.000273,0.131791,6,4,7,7,4
327,23.417980,0.054288,player,8,3,8.209966,3.000001,860.252400,425.910300,863.582300,424.001600,3.838138,871.087000,419.894000,856.077600,428.109300,871.087000,408.168800,856.077600,416.443300,4.172404,0.299394,-1.529358,3.901402,0.297885,-1.739132,3.976779,-1.682982,54.735560,0.012379,0.342385,0,1,19.090990,0.004288,0.000136,0.125675,5,9,5,5,4
328,23.476000,0.055758,father,4,2,4.096167,2.000000,728.615800,534.003800,729.039600,533.818100,0.462626,729.968300,534.193400,728.110700,533.442900,729.968300,522.944000,728.110700,524.283600,1.624429,0.287248,-4.447926,1.590889,0.233876,-4.428763,1.600009,-4.443087,234.730600,0.879746,-0.016318,0,1,19.780580,0.005758,0.000136,0.128607,1,2,2,5,4
328,23.476000,0.055758,mother,11,8,11.000000,8.023401,765.836200,260.753000,768.215300,261.834900,2.613571,773.373700,263.480800,763.057000,260.189000,773.373700,253.904900,763.057000,250.890200,2.408135,0.244515,2.464559,2.221863,0.237439,2.548615,2.272042,2.534211,125.266500,0.970686,0.200618,0,1,19.852890,0.005758,0.000086,0.122045,7,7,7,8,4
328,23.476000,0.055758,older_sister,4,10,4.000000,9.949642,388.477500,367.999800,386.748700,368.190700,1.739327,388.049700,367.890700,385.447800,368.490700,388.049700,356.704700,385.447800,353.575400,-4.549103,0.285628,-0.201485,-4.596082,0.380854,-0.216807,-4.541378,-0.204272,84.574700,0.376972,0.048217,1,0,20.970950,0.005758,0.000341,0.131791,7,4,7,7,4
328,23.476000,0.055758,player,8,3,8.266070,3.000001,862.624300,424.724300,864.461600,423.857500,2.031539,872.254200,419.720200,856.669000,427.994800,872.254200,408.701200,856.669000,415.975500,4.193478,0.281364,-1.524922,3.912079,0.306905,-1.736207,4.019605,-1.652698,54.734070,0.082510,0.351747,0,0,19.146740,0.005758,0.000220,0.125675,5,9,5,5,4
329,23.534270,0.058673,father,4,2,4.037129,2.000001,726.120100,535.251600,724.402500,536.194600,1.959373,721.416100,538.589400,727.388900,533.799800,721.416100,528.879900,727.388900,524.532900,1.470014,0.247927,-4.560175,1.577856,0.236625,-4.437876,1.554946,-4.474947,234.739100,0.953543,0.158659,0,1,19.839260,0.008673,0.000273,0.128607,1,2,2,5,4
329,23.534270,0.058673,mother,11,8,10.999990,7.964363,768.332000,262.000900,770.504700,263.056100,2.415344,777.068800,265.444500,763.940400,260.667600,777.068800,256.222200,763.940400,251.166000,2.474855,0.235486,2.414418,2.237814,0.242620,2.536392,2.317107,2.502346,125.263800,0.044483,0.263965,0,0,19.911560,0.008673,0.000061,0.122045,7,7,7,8,4
329,23.534270,0.058673,older_sister,4,10,4.000000,9.890604,390.973400,369.248000,391.953200,369.500800,1.011916,388.311400,368.544900,395.595100,370.456800,388.311400,357.235400,395.595100,358.029000,-4.544377,0.288782,-0.218189,-4.412867,0.317337,-0.267010,-4.496314,-0.236144,105.696800,0.450769,-0.139814,1,0,21.029620,0.008673,0.000097,0.131791,7,4,7,7,4
329,23.534270,0.058673,player,8,3,8.325109,3.000001,865.120100,423.476400,864.900600,423.812500,0.401409,872.337400,419.780400,857.463900,427.844500,872.337400,408.866500,857.463900,415.130400,4.194981,0.278681,-1.526459,3.926430,0.324649,-1.732371,4.064668,-1.620833,54.735260,0.156305,0.338154,1,0,19.205420,0.008673,0.000193,0.125675,5,9,5,5,4
330,23.591360,0.057393,father,4,2,3.979379,2.000001,723.678600,536.472500,721.248900,537.779800,2.759149,715.949200,541.360200,726.548700,534.199500,715.949200,531.936700,726.548700,524.758500,1.371304,0.240622,-4.630926,1.562685,0.241070,-4.448083,1.510865,-4.506121,234.732400,0.025728,0.261829,0,1,19.896650,0.007392,0.000136,0.132029,1,2,2,5,4
330,23.591360,0.057393,mother,11,8,10.999990,7.906612,770.773400,263.221600,771.358600,263.690600,0.749909,777.959500,266.177900,764.757700,261.203300,777.959500,257.369700,764.757700,251.267000,2.490935,0.224913,2.395690,2.252569,0.253718,2.522714,2.361186,2.471176,125.265200,0.116669,0.267962,0,0,19.968950,0.007392,0.000110,0.125888,7,7,7,8,4
330,23.591360,0.057393,older_sister,4,10,3.999999,9.832854,393.414800,370.468900,395.713400,371.838300,2.675654,389.034600,368.059400,402.392200,375.617100,389.034600,356.664900,402.392200,364.107900,-4.531320,0.290952,-0.205793,-4.290140,0.293880,-0.398776,-4.452233,-0.267318,125.267800,0.522957,-0.308342,1,0,21.087020,0.007392,0.000043,0.140097,7,4,7,7,4
330,23.591360,0.057393,player,8,3,8.382859,3.000001,867.561500,422.255700,865.488000,423.654100,2.501028,871.611900,420.129400,859.364100,427.178800,871.611900,409.133900,859.364100,413.444500,4.181880,0.280765,-1.535370,3.960740,0.350697,-1.715371,4.108749,-1.589664,54.736040,0.228493,0.284484,1,0,19.262810,0.007392,0.000193,0.130783,5,9,5,5,4
331,23.695840,0.104870,father,4,2,3.898880,2.000000,720.275600,538.173800,719.677500,538.288900,0.609072,714.191700,541.854200,725.163300,534.723800,714.191700,533.060800,725.163300,524.702300,1.339571,0.224533,-4.643539,1.537670,0.255891,-4.461470,1.449420,-4.549563,234.739400,0.126352,0.266863,0,0,19.976650,0.030000,0.000329,0.132029,1,2,2,5,4
331,23.695840,0.104870,mother,11,8,10.999990,7.826114,774.176500,264.923100,772.459000,264.318500,1.820862,778.331400,266.272100,766.586600,262.364700,778.331400,257.442400,766.586600,251.291900,2.497650,0.225461,2.393286,2.285592,0.282739,2.493056,2.422631,2.427731,125.263000,0.217293,0.230748,1,0,20.048950,0.030000,0.000031,0.125888,7,7,7,8,4
331,23.695840,0.104870,older_sister,4,10,3.999999,9.752356,396.817800,372.170200,397.559900,372.514500,0.818102,388.930600,367.906500,406.189100,377.122500,388.930600,355.919200,406.189100,366.213000,-4.533197,0.306090,-0.201890,-4.221585,0.278570,-0.437215,-4.390790,-0.310759,125.260900,0.623579,-0.390294,0,0,21.167020,0.030000,0.000136,0.140097,7,4,7,7,4
331,23.695840,0.104870,player,8,3,8.463358,3.000001,870.964700,420.554200,868.915900,421.799200,2.397386,871.846000,419.987700,865.985700,423.610700,871.846000,408.894600,865.985700,408.088500,4.186109,0.283255,-1.531751,4.080298,0.396352,-1.624264,4.170195,-1.546218,54.737370,0.329117,0.139807,1,0,19.342810,0.030000,0.000086,0.130783,5,9,5,5,4
332,23.752460,0.057300,father,4,2,3.818382,2.000000,716.872500,539.875500,718.445700,538.845500,1.880406,714.024200,542.037300,722.867400,535.653700,714.024200,533.191700,722.867400,524.372100,1.336548,0.225866,-4.648215,1.496216,0.288071,-4.485216,1.387975,-4.593016,234.732400,0.226975,0.224479,1,0,20.056650,0.030000,0.000136,0.132029,1,2,2,5,4
332,23.752460,0.057300,mother,11,8,10.999990,7.745615,777.579700,266.624900,775.693100,265.799800,2.059124,779.257100,266.664200,772.129000,264.935400,779.257100,257.769100,772.129000,252.242300,2.514363,0.227131,2.383273,2.385664,0.324111,2.427417,2.484077,2.384277,125.267300,0.317915,0.130567,1,0,20.128950,0.030000,0.000164,0.125888,7,7,7,8,4
332,23.752460,0.057300,older_sister,4,10,3.999999,9.671858,400.220900,373.871600,398.333000,372.551300,2.303828,390.997600,368.447400,405.668400,376.655200,390.997600,355.134200,405.668400,365.812800,-4.495877,0.339944,-0.215701,-4.230987,0.276853,-0.425281,-4.329345,-0.354205,125.262800,0.724201,-0.337282,0,1,21.247010,0.030000,0.000232,0.140097,7,4,7,7,4
332,23.752460,0.057300,player,9,3,8.543857,3.000001,874.367700,418.852500,874.529400,418.826500,0.163690,872.500600,419.592000,876.558000,418.061100,872.500600,408.316900,876.558000,404.944200,4.197928,0.287903,-1.521647,4.271186,0.334934,-1.482558,4.231640,-1.502765,54.732590,0.429739,-0.082383,1,0,19.422810,0.030000,0.000273,0.130783,5,9,5,5,4
333,23.810110,0.058036,father,4,2,3.757802,2.000000,714.311500,541.156100,716.094500,540.107400,2.068561,713.349100,542.421300,718.839800,537.793500,713.349100,533.542800,718.839800,525.216300,1.324359,0.226707,-4.658021,1.423497,0.321151,-4.539853,1.341734,-4.625716,234.733700,0.302700,0.149172,1,0,20.116850,0.010205,0.000061,0.132029,1,2,2,5,4
333,23.810110,0.058036,mother,11,8,10.999990,7.685035,780.140700,267.905500,779.398400,267.513800,0.839245,780.317700,267.137800,778.479000,267.889800,780.317700,258.174400,778.479000,256.171600,2.533515,0.228876,2.371179,2.500315,0.299217,2.351978,2.530318,2.351578,125.265600,0.393641,0.016022,1,0,20.189160,0.010205,0.000273,0.125888,7,7,7,8,4
333,23.810110,0.058036,older_sister,4,10,3.999999,9.611278,402.781900,375.152300,400.996200,373.833600,2.219843,396.589400,371.164800,405.403100,376.502300,396.589400,356.289900,405.403100,365.541300,-4.394915,0.379822,-0.285089,-4.235778,0.279884,-0.421378,-4.283104,-0.386905,125.266800,0.799927,-0.208622,0,1,21.307220,0.010205,0.000136,0.140097,7,4,7,7,4
333,23.810110,0.058036,player,9,3,8.604437,3.000001,876.928800,417.571900,879.217800,416.606000,2.484499,872.813400,419.409200,885.622300,413.802700,872.813400,408.038700,885.622300,402.172800,4.203574,0.290339,-1.516981,4.434847,0.296963,-1.373822,4.277881,-1.470065,54.733730,0.505465,-0.271486,1,0,19.483010,0.010205,0.000356,0.130783,5,9,5,5,4
334,23.865480,0.055993,father,4,2,3.701460,2.000000,711.929600,542.347100,713.085300,541.765900,1.293549,712.485700,542.914300,713.684800,540.617600,712.485700,533.959100,713.684800,528.362600,1.308768,0.228665,-4.670609,1.330421,0.312924,-4.611964,1.298729,-4.656126,234.734200,0.373127,0.051539,1,0,20.172850,0.005993,0.000000,0.132029,1,2,2,5,4
334,23.865480,0.055993,mother,11,8,11.000000,7.628694,782.522500,269.096000,783.522300,269.577800,1.109854,781.305100,267.600300,785.739500,271.555300,781.305100,258.628500,785.739500,261.741900,2.551342,0.229089,2.359370,2.631408,0.250578,2.258382,2.573323,2.321178,125.256200,0.464068,-0.123673,1,0,20.245150,0.005993,0.000110,0.125888,7,7,7,8,4
334,23.865480,0.055993,older_sister,4,10,3.999999,9.554935,405.163800,376.343200,404.610900,375.912200,0.701055,403.752100,375.243900,405.469700,376.580500,403.752100,360.715300,405.469700,365.371300,-4.265586,0.370979,-0.389244,-4.234576,0.286220,-0.423375,-4.240098,-0.417316,125.265100,0.870354,-0.045026,0,1,21.363210,0.005993,0.000136,0.140097,7,4,7,7,4
334,23.865480,0.055993,player,9,3,8.660778,3.000001,879.310600,416.381300,881.709000,415.403400,2.590079,872.772200,419.427200,890.645800,411.379700,872.772200,407.816700,890.645800,400.247400,4.202832,0.296469,-1.517440,4.525548,0.284254,-1.311951,4.320886,-1.439666,54.744610,0.575892,-0.382139,0,0,19.539010,0.005993,0.000000,0.130783,5,9,5,5,4
335,23.921130,0.055979,father,4,2,3.645133,2.000000,709.548300,543.537600,709.062200,543.811600,0.558067,711.508100,543.436300,706.616300,544.187000,711.508100,534.468100,706.616300,533.963400,1.291117,0.228997,-4.683939,1.202796,0.261051,-4.703107,1.255734,-4.686526,234.738300,0.443535,-0.083182,1,0,20.228820,0.005979,0.000136,0.132029,1,2,2,5,4
335,23.921130,0.055979,mother,11,8,10.999990,7.572365,784.903800,270.286800,786.916700,271.380100,2.290665,782.075400,267.974000,791.758100,274.786200,782.075400,258.987000,791.758100,265.423800,2.565250,0.229479,2.349828,2.740075,0.239062,2.175884,2.616318,2.290771,125.268500,0.534475,-0.243174,0,0,20.301130,0.005979,0.000031,0.125888,7,7,7,8,4
335,23.921130,0.055979,older_sister,4,9,3.999999,9.498608,407.545100,377.534000,409.401700,378.304100,2.009982,413.300800,380.006200,405.502600,376.602100,413.300800,367.492800,405.502600,365.194700,-4.093181,0.319523,-0.510848,-4.233980,0.291281,-0.423925,-4.197103,-0.447722,125.268300,0.940764,0.165147,0,1,21.419190,0.005979,0.000031,0.140097,7,4,7,7,4
335,23.921130,0.055979,player,9,3,8.717107,3.000001,881.691900,415.190500,881.623900,415.103200,0.110687,872.610400,419.313800,890.637500,410.892600,872.610400,407.068500,890.637500,400.039400,4.199909,0.312677,-1.514544,4.525399,0.277129,-1.299514,4.363881,-1.409259,54.731360,0.646299,-0.389908,0,0,19.594980,0.005979,0.000164,0.130783,5,9,5,5,4
336,23.975070,0.054305,father,4,2,3.590490,2.000000,707.238300,544.692700,705.360200,545.574000,2.074602,710.717400,543.849200,700.003100,547.298800,710.717400,534.881000,700.003100,537.860500,1.276841,0.228998,-4.694483,1.083389,0.241000,-4.782566,1.214025,-4.716022,234.732700,0.511839,-0.208806,1,0,20.283130,0.004304,0.000000,0.128797,1,2,2,5,4
336,23.975070,0.054305,mother,11,8,10.999990,7.517722,787.213900,271.441900,788.319000,271.960800,1.220873,782.484100,268.167500,794.153900,275.754100,782.484100,258.911100,794.153900,266.797600,2.572629,0.236357,2.344887,2.783334,0.228699,2.151167,2.658029,2.261277,125.265100,0.602779,-0.283884,0,0,20.355430,0.004304,0.000136,0.122716,7,7,7,8,4
336,23.975070,0.054305,older_sister,4,9,3.999999,9.443964,409.855100,378.688700,413.588700,380.303100,4.067699,421.563900,383.932000,405.613600,376.674300,421.563900,372.166000,405.613600,365.021500,-3.943986,0.300437,-0.611090,-4.231976,0.297549,-0.425770,-4.155394,-0.477206,125.256200,0.009066,0.342140,0,1,21.473500,0.004304,0.000246,0.143291,7,4,7,7,4
336,23.975070,0.054305,player,9,3,8.771749,3.000001,884.002000,414.035400,881.787500,414.785700,2.338143,873.628800,418.449300,889.946200,411.122100,873.628800,405.342400,889.946200,400.283100,4.218298,0.334677,-1.492471,4.512917,0.276767,-1.305374,4.405590,-1.379763,54.732940,0.714603,-0.348575,0,1,19.649290,0.004304,0.000246,0.125265,5,9,5,5,4
