frame,seconds,dt,member,cellX,cellY,gridX,gridY,rootX,rootY,footMidX,footMidY,footMidErrorPx,leftGroundX,leftGroundY,rightGroundX,rightGroundY,leftActualX,leftActualY,rightActualX,rightActualY,leftWorldX,leftWorldY,leftWorldZ,rightWorldX,rightWorldY,rightWorldZ,rootWorldX,rootWorldZ,yaw,phase,footLead,leftContact,rightContact,gaitDistance,displacement,pathErrorPx,lowestMeshY,direction,destinationX,destinationY,pathCount,hostCount
0,0.004653,0.333333,father,1,9,1.025760,9.000001,302.887200,450.941700,304.862500,449.429700,2.487485,309.189500,445.232100,300.535600,453.627300,309.189500,435.879500,300.535600,444.166500,-5.972968,0.238813,-2.176354,-6.129219,0.241575,-2.390719,-6.086759,-2.322143,44.390670,0.032199,0.262488,0,1,0.025600,0.015600,0.000068,0.131835,5,4,5,8,4
0,0.004653,0.333333,mother,9,6,8.974240,6.000000,765.736600,346.342400,763.059000,347.149800,2.796737,756.680400,349.726300,769.437400,344.573200,756.680400,340.373700,769.437400,335.112500,2.106730,0.238813,0.262331,2.337064,0.241575,0.393913,2.270244,0.348737,248.564400,0.032199,0.262489,0,1,0.025600,0.015600,0.000220,0.131834,1,8,11,7,4
0,0.004653,0.333333,older_sister,10,4,9.974240,4.000000,892.562400,367.479900,889.169000,368.575300,3.565791,880.419400,371.287700,897.918600,365.863000,880.419400,359.803600,897.918600,354.118100,4.340906,0.293240,-0.288226,4.656864,0.299899,-0.149709,4.560154,-0.190998,248.588200,0.032199,0.344719,0,0,0.025600,0.015600,0.000273,0.143359,1,4,9,12,4
0,0.004653,0.333333,player,2,2,2.025760,2.000000,641.089000,577.767300,643.549400,575.784700,3.159831,649.958100,570.774800,637.140600,580.794600,649.958100,559.290800,637.140600,569.049700,0.179799,0.293239,-5.382012,-0.051627,0.299899,-5.637860,0.019663,-5.560561,44.391720,0.032199,0.344719,0,0,0.025600,0.015600,0.000061,0.143359,5,8,4,9,4
1,0.208039,0.220887,father,1,9,1.098108,9.000001,305.945700,449.412400,306.632700,449.252000,0.705479,312.133500,445.684700,301.131900,452.819300,312.133500,436.887100,301.131900,442.831600,-5.919812,0.224641,-2.187908,-6.118452,0.255030,-2.370087,-6.031536,-2.283095,54.736750,0.122634,0.267369,0,0,0.097500,0.030000,0.000043,0.131835,5,4,5,8,4
1,0.208039,0.220887,mother,9,6,8.901893,6.000000,762.678200,347.871600,761.991200,348.032100,0.705443,756.490500,351.599500,767.491900,344.464700,756.490500,342.801900,767.491900,334.477100,2.103301,0.224641,0.214501,2.301937,0.255030,0.396683,2.215022,0.309690,234.736100,0.122634,0.267369,0,0,0.097500,0.030000,0.000246,0.131834,1,8,11,7,4
1,0.208039,0.220887,older_sister,10,4,9.901893,4.000000,889.503800,369.009100,888.689600,369.226200,0.842656,880.916400,373.328900,896.462900,365.123500,880.916400,362.431300,896.462900,352.776000,4.349879,0.278265,-0.340348,4.630580,0.315286,-0.130827,4.504930,-0.230045,234.736900,0.122634,0.350158,0,0,0.097500,0.030000,0.000329,0.143359,1,4,9,12,4
1,0.208039,0.220887,player,2,2,2.098108,2.000000,644.147500,576.238100,644.961700,576.021100,0.842641,652.734900,571.918300,637.188500,580.123800,652.734900,561.020600,637.188500,567.776400,0.229935,0.278265,-5.411209,-0.050763,0.315285,-5.620733,0.074885,-5.521513,54.736230,0.122634,0.350157,0,0,0.097500,0.030000,0.000061,0.143359,5,8,4,9,4
2,0.332826,0.125899,father,1,9,1.178606,9.000001,309.348800,447.710700,307.849500,448.709000,1.801202,312.325700,445.488500,303.373300,451.929400,312.325700,436.649000,303.373300,440.731300,-5.916341,0.225711,-2.182901,-6.077982,0.285937,-2.347364,-5.970092,-2.239642,54.732100,0.223257,0.226934,1,0,0.177500,0.030000,0.000246,0.131835,5,4,5,8,4
2,0.332826,0.125899,mother,9,6,8.821394,6.000000,759.275000,349.573400,760.774300,348.575100,1.801185,756.298200,351.795500,765.250500,345.354700,756.298200,342.956100,765.250500,334.156600,2.099827,0.225711,0.209495,2.261468,0.285938,0.373958,2.153577,0.266236,234.732100,0.223257,0.226935,1,0,0.177500,0.030000,0.000110,0.131834,1,8,11,7,4
2,0.332826,0.125899,older_sister,10,4,9.821395,4.000000,886.100800,370.710900,888.045800,369.369300,2.362851,881.811600,372.952800,894.280000,365.785800,881.811600,361.962800,894.280000,352.180500,4.366044,0.280623,-0.330742,4.591166,0.347404,-0.147738,4.443486,-0.273497,234.732800,0.223257,0.289470,1,0,0.177500,0.030000,0.000110,0.143359,1,4,9,12,4
2,0.332826,0.125899,player,2,2,2.178606,2.000000,647.550600,574.536400,645.605500,575.878000,2.362884,651.839600,572.294400,639.371500,579.461500,651.839600,561.304400,639.371500,565.856100,0.213771,0.280623,-5.420815,-0.011349,0.347404,-5.603821,0.136330,-5.478060,54.732060,0.223257,0.289469,1,0,0.177500,0.030000,0.000193,0.143359,5,8,4,9,4
3,0.450803,0.119053,father,1,9,1.259104,9.000001,312.751800,446.009200,311.054700,446.962500,1.946556,313.229400,444.964800,308.879800,448.960200,313.229400,436.062000,308.879800,436.243600,-5.900024,0.227327,-2.169527,-5.978558,0.324710,-2.271547,-5.908647,-2.196196,54.736670,0.323880,0.123023,1,0,0.257500,0.030000,0.000164,0.131835,5,4,5,8,4
3,0.450803,0.119053,mother,9,6,8.740895,6.000000,755.871900,351.274800,757.569200,350.321600,1.946636,755.394400,352.319300,759.744000,348.323900,755.394400,343.416400,759.744000,335.607300,2.083510,0.227328,0.196122,2.162044,0.324711,0.298141,2.092133,0.222791,234.737200,0.323880,0.123023,1,0,0.257500,0.030000,0.000164,0.131834,1,8,11,7,4
3,0.450803,0.119053,older_sister,10,4,9.740896,4.000000,882.697700,372.412400,884.781600,371.131100,2.446275,881.660700,373.049700,887.902600,369.212600,881.660700,361.968000,887.902600,353.711300,4.363318,0.282963,-0.333217,4.476019,0.395816,-0.235239,4.382041,-0.316943,234.737200,0.323880,0.148588,1,0,0.257500,0.030000,0.000193,0.143359,1,4,9,12,4
3,0.450803,0.119053,player,2,2,2.259104,2.000000,650.953700,572.835000,648.869600,574.116100,2.446331,651.990700,572.197700,645.748500,576.034600,651.990700,561.116100,645.748500,560.533400,0.216499,0.282963,-5.418344,0.103793,0.395816,-5.516318,0.197775,-5.434618,54.739470,0.323880,0.148588,1,0,0.257500,0.030000,0.000061,0.143359,5,8,4,9,4
4,0.566320,0.116736,father,1,9,1.339602,9.000001,316.155000,444.307500,316.126100,444.288700,0.034434,314.577100,444.227100,317.675100,444.350300,314.577100,435.261500,317.675100,433.588000,-5.875691,0.228933,-2.150691,-5.819755,0.274811,-2.153838,-5.847202,-2.152743,54.732670,0.424503,-0.043854,1,0,0.337500,0.030000,0.000314,0.131835,5,4,5,8,4
4,0.566320,0.116736,mother,9,6,8.660397,6.000000,752.468900,352.976600,752.497800,352.995400,0.034434,754.046800,353.056900,750.948800,352.933700,754.046800,344.091300,750.948800,342.171300,2.059178,0.228933,0.177286,2.003242,0.274812,0.180431,2.030689,0.179337,234.731500,0.424503,-0.043853,1,0,0.337500,0.030000,0.000061,0.131834,1,8,11,7,4
4,0.566320,0.116736,older_sister,10,4,9.660398,4.000000,879.294600,374.114100,879.309400,374.053100,0.062782,881.019000,373.443100,877.599900,374.663100,881.019000,362.176700,877.599900,361.360700,4.351731,0.287681,-0.343262,4.289997,0.339668,-0.374416,4.320597,-0.360397,234.732100,0.424503,-0.068391,1,0,0.337500,0.030000,0.000031,0.143359,1,4,9,12,4
4,0.566320,0.116736,player,2,2,2.339603,2.000000,654.356800,571.133400,654.342000,571.194400,0.062738,652.632400,571.804400,656.051600,570.584500,652.632400,560.538000,656.051600,557.282100,0.228084,0.287681,-5.408301,0.289820,0.339668,-5.377151,0.259219,-5.391169,54.735020,0.424503,-0.068392,1,0,0.337500,0.030000,0.000086,0.143359,5,8,4,9,4
5,0.685301,0.115898,father,1,9,1.420101,9.000001,319.558000,442.606200,321.602000,441.660900,2.251989,315.762000,443.606900,327.442000,439.714900,315.762000,434.631000,327.442000,430.323200,-5.854297,0.229193,-2.134853,-5.643408,0.239811,-2.035474,-5.785758,-2.109302,54.739490,0.525126,-0.229569,1,0,0.417500,0.030000,0.000136,0.131835,5,4,5,8,4
5,0.685301,0.115898,mother,9,6,8.579899,6.000000,749.065800,354.677900,747.021800,355.623200,2.252016,752.861800,353.677300,741.181800,357.569200,752.861800,344.701400,741.181800,348.177500,2.037783,0.229193,0.161446,1.826894,0.239811,0.062069,1.969243,0.135895,234.740100,0.525126,-0.229569,1,0,0.417500,0.030000,0.000164,0.131834,1,8,11,7,4
5,0.685301,0.115898,older_sister,10,4,9.579899,4.000000,875.891500,375.815600,873.271200,376.901400,2.836389,880.635100,373.663200,865.907200,380.139600,880.635100,362.264100,865.907200,368.646400,4.344801,0.291069,-0.348883,4.078880,0.293472,-0.514255,4.259152,-0.403842,234.737200,0.525126,-0.312603,1,0,0.417500,0.030000,0.000136,0.143359,1,4,9,12,4
5,0.685301,0.115898,player,2,2,2.420101,2.000000,657.759900,569.431800,660.380100,568.345900,2.836356,653.016300,571.584400,667.743900,565.107400,653.016300,560.185200,667.743900,553.614300,0.235017,0.291069,-5.402682,0.500931,0.293472,-5.237298,0.320664,-5.347720,54.734720,0.525126,-0.312602,1,0,0.417500,0.030000,0.000136,0.143359,5,8,4,9,4
6,0.808891,0.119794,father,2,9,1.500599,9.000001,322.961100,440.904700,323.478100,440.561300,0.620678,316.385000,443.249600,330.571300,437.873000,316.385000,433.811400,330.571300,428.956500,-5.843048,0.240999,-2.125730,-5.586908,0.227679,-1.988442,-5.724313,-2.065856,54.737110,0.625749,-0.288402,0,0,0.497500,0.030000,0.000043,0.123853,5,4,5,8,4
6,0.808891,0.119794,mother,8,6,8.499400,6.000000,745.662700,356.379400,745.145800,356.722800,0.620653,752.238800,354.034500,738.052600,359.411100,752.238800,344.596300,738.052600,350.494500,2.026533,0.240999,0.152323,1.770394,0.227679,0.015036,1.907799,0.092450,234.737100,0.625749,-0.288401,0,0,0.497500,0.030000,0.000246,0.123853,1,8,11,7,4
6,0.808891,0.119794,older_sister,9,4,9.499401,4.000000,872.488500,377.517300,871.853900,377.870700,0.726363,880.878200,373.650700,862.829500,382.090800,880.878200,361.640600,862.829500,371.186700,4.349191,0.306670,-0.348563,4.023310,0.278429,-0.564077,4.197709,-0.447296,234.731500,0.625749,-0.390506,0,0,0.497500,0.030000,0.000110,0.128808,1,4,9,12,4
6,0.808891,0.119794,player,3,2,2.500599,2.000000,661.163000,567.730400,661.797600,567.377000,0.726402,652.772700,571.596400,670.822600,563.157600,652.772700,559.586400,670.822600,552.253500,0.230617,0.306670,-5.402992,0.556519,0.278429,-5.187510,0.382109,-5.304274,54.737090,0.625749,-0.390506,0,0,0.497500,0.030000,0.000000,0.128809,5,8,4,9,4
7,0.972741,0.166054,father,2,9,1.581098,9.000001,326.364200,439.203000,324.495900,439.912100,1.998381,318.130300,442.131500,330.861500,437.692800,318.130300,431.470200,330.861500,428.812100,-5.811535,0.272230,-2.097181,-5.581668,0.226762,-1.983841,-5.662868,-2.022403,54.732010,0.726371,-0.253120,0,1,0.577500,0.030000,0.000232,0.123853,5,4,5,8,4
7,0.972741,0.166054,mother,8,6,8.418901,6.000000,742.259600,358.081100,744.127900,357.371900,1.998341,750.493500,355.152600,737.762400,359.591300,750.493500,344.491200,737.762400,350.710600,1.995021,0.272230,0.123775,1.765154,0.226763,0.010435,1.846354,0.048996,234.732100,0.726371,-0.253120,0,1,0.577500,0.030000,0.000110,0.123853,1,8,11,7,4
7,0.972741,0.166054,older_sister,9,4,9.418902,4.000000,869.085300,379.218600,871.508800,378.388300,2.561748,879.368400,374.899900,863.649200,381.876800,879.368400,361.534100,863.649200,371.034000,4.321930,0.341288,-0.380460,4.038111,0.276863,-0.558611,4.136262,-0.490737,234.740100,0.726371,-0.334594,0,1,0.577500,0.030000,0.000136,0.128808,1,4,9,12,4
7,0.972741,0.166054,player,3,2,2.581098,2.000000,664.566000,566.028600,662.142600,566.859200,2.561779,654.283800,570.348400,670.001600,563.369900,654.283800,556.982600,670.001600,552.527200,0.257901,0.341287,-5.371123,0.541695,0.276862,-5.192933,0.443554,-5.260821,54.732360,0.726371,-0.334594,0,1,0.577500,0.030000,0.000273,0.128809,5,8,4,9,4
8,1.091481,0.119552,father,2,9,1.661596,9.000001,329.767300,437.501500,328.213600,438.174700,1.693308,324.915500,438.933200,331.511700,437.416100,324.915500,426.896900,331.511700,428.371300,-5.689025,0.307342,-2.015515,-5.569928,0.230954,-1.976777,-5.601424,-1.978957,54.737110,0.826994,-0.119609,0,1,0.657500,0.030000,0.000136,0.123853,5,4,5,8,4
8,1.091481,0.119552,mother,8,6,8.338403,6.000000,738.856500,359.782600,740.410200,359.109400,1.693224,743.708300,358.350900,737.112100,359.867900,743.708300,346.314500,737.112100,350.823100,1.872510,0.307342,0.042109,1.753413,0.230955,0.003371,1.784909,0.005551,234.737100,0.826994,-0.119609,0,1,0.657500,0.030000,0.000136,0.123853,1,8,11,7,4
8,1.091481,0.119552,older_sister,9,4,9.338404,4.000000,865.682300,380.920000,867.570900,380.245500,2.005531,871.229300,378.746900,863.912700,381.744000,871.229300,363.586900,863.912700,370.689100,4.174974,0.387100,-0.478691,4.042867,0.282282,-0.555222,4.074818,-0.534183,234.737200,0.826994,-0.152050,0,1,0.657500,0.030000,0.000246,0.128808,1,4,9,12,4
8,1.091481,0.119552,player,3,2,2.661596,2.000000,667.969100,564.327300,666.080300,565.001900,2.005636,662.421900,566.500400,669.738700,563.503400,662.421900,551.340500,669.738700,552.448400,0.404839,0.387100,-5.272866,0.536949,0.282282,-5.196341,0.504998,-5.217379,54.739460,0.826994,-0.152050,0,1,0.657500,0.030000,0.000061,0.128809,5,8,4,9,4
9,1.212124,0.122335,father,2,9,1.742095,9.000001,333.170400,435.799800,334.040600,435.329700,0.989039,335.605500,433.700600,332.475700,436.958800,335.605500,423.578400,332.475700,427.730200,-5.496012,0.258464,-1.881902,-5.552521,0.235645,-1.965098,-5.539979,-1.935504,54.732590,0.927617,0.094174,0,1,0.737500,0.030000,0.000314,0.123853,5,4,5,8,4
9,1.212124,0.122335,mother,8,6,8.257905,6.000000,735.453400,361.484300,734.583200,361.954400,0.989121,733.018200,363.583500,736.148100,360.325300,733.018200,353.461300,736.148100,351.096800,1.679497,0.258464,-0.091503,1.736006,0.235645,-0.008308,1.723464,-0.037901,234.733000,0.927617,0.094174,0,1,0.737500,0.030000,0.000031,0.123853,1,8,11,7,4
9,1.212124,0.122335,older_sister,9,4,9.257905,4.000000,862.279100,382.621800,861.172500,383.300100,1.297890,858.544400,384.827900,863.800600,381.772300,858.544400,371.973800,863.800600,370.400700,3.945941,0.328224,-0.633968,4.040845,0.290366,-0.555943,4.013373,-0.577636,234.732100,0.927617,0.122537,0,1,0.737500,0.030000,0.000031,0.128808,1,4,9,12,4
9,1.212124,0.122335,player,3,2,2.742095,2.000000,671.372200,562.625700,672.478900,561.947500,1.297978,675.107100,560.419700,669.850600,563.475300,675.107100,547.565600,669.850600,552.103800,0.633877,0.328223,-5.117600,0.538970,0.290366,-5.195622,0.566443,-5.173930,54.734720,0.927617,0.122538,0,1,0.737500,0.030000,0.000086,0.128809,5,8,4,9,4
10,1.330575,0.119673,father,2,9,1.822593,9.000001,336.573500,434.098300,338.963500,432.818200,2.711224,344.271700,429.238300,333.655200,436.398200,344.271700,419.842200,333.655200,426.949500,-5.339538,0.239924,-1.767959,-5.531226,0.241267,-1.950783,-5.478534,-1.892059,54.737190,0.028240,0.262065,0,1,0.817500,0.030000,0.000205,0.123853,5,4,5,8,4
10,1.330575,0.119673,mother,8,6,8.177406,6.000000,732.050300,363.185800,729.660300,364.465900,2.711182,724.352100,368.045800,734.968600,360.885900,724.352100,358.649700,734.968600,351.437200,1.523024,0.239923,-0.205447,1.714711,0.241266,-0.022622,1.662020,-0.081347,234.737100,0.028240,0.262065,0,1,0.817500,0.030000,0.000061,0.123853,1,8,11,7,4
10,1.330575,0.119673,older_sister,9,4,9.177406,4.000000,858.876000,384.323300,855.870900,386.018900,3.450494,848.314100,390.132300,863.427700,381.905500,848.314100,378.600100,863.427700,370.175800,3.761227,0.294468,-0.769412,4.034110,0.299509,-0.559344,3.951928,-0.621082,234.737100,0.028240,0.344090,0,1,0.817500,0.030000,0.000136,0.128808,1,4,9,12,4
10,1.330575,0.119673,player,3,2,2.822593,2.000000,674.775300,560.924100,677.780400,559.228500,3.450471,685.336900,555.114900,670.223900,563.342100,685.336900,543.582700,670.223900,551.612500,0.818584,0.294467,-4.982143,0.545708,0.299509,-5.192222,0.627888,-5.130481,54.735020,0.028240,0.344090,0,1,0.817500,0.030000,0.000136,0.128809,5,8,4,9,4
11,1.426944,0.097608,father,2,9,1.903092,9.000001,339.976600,432.397000,340.513100,432.312200,0.543161,345.986800,428.748300,335.039400,435.876200,345.986800,419.957000,335.039400,425.831300,-5.308572,0.224480,-1.755448,-5.506234,0.256490,-1.937455,-5.417089,-1.848616,54.739110,0.128863,0.266470,0,0,0.897500,0.030000,0.000000,0.123853,5,4,5,8,4
11,1.426944,0.097608,mother,8,6,8.096908,6.000000,728.647200,364.887100,728.110700,364.971900,0.543166,722.637100,368.535800,733.584500,361.407900,722.637100,359.744500,733.584500,351.363000,1.492058,0.224481,-0.217959,1.689718,0.256491,-0.035951,1.600575,-0.124790,234.738700,0.128863,0.266470,0,0,0.897500,0.030000,0.000273,0.123853,1,8,11,7,4
11,1.426944,0.097608,older_sister,9,4,9.096909,4.000000,855.473000,386.025000,854.854500,386.140400,0.629135,847.127400,390.236200,862.581500,382.044500,847.127400,379.337700,862.581500,369.634900,3.739801,0.278286,-0.772065,4.018833,0.316871,-0.562895,3.890484,-0.664534,234.733000,0.128863,0.348594,0,0,0.897500,0.030000,0.000031,0.128808,1,4,9,12,4
11,1.426944,0.097608,player,3,2,2.903092,2.000000,678.178400,559.222700,678.796900,559.107300,0.629135,686.524300,555.011800,671.069500,563.202800,686.524300,544.113300,671.069500,550.793200,0.840021,0.278286,-4.979513,0.560977,0.316872,-5.188665,0.689332,-5.087034,54.736500,0.128863,0.348593,0,0,0.897500,0.030000,0.000086,0.128809,5,8,4,9,4
12,1.522363,0.096420,father,2,9,1.983590,9.000001,343.379700,430.695300,341.759300,431.745000,1.930707,346.142700,428.573400,337.375800,434.916600,346.142700,419.724000,337.375800,423.578100,-5.305756,0.225962,-1.750981,-5.464047,0.289523,-1.912954,-5.355645,-1.805163,54.732520,0.229486,0.222761,1,0,0.977500,0.030000,0.000205,0.126119,5,4,5,8,4
12,1.522363,0.096420,mother,8,6,8.016410,6.000000,725.244100,366.588800,726.864600,365.539100,1.930750,722.481100,368.710700,731.248000,362.367400,722.481100,359.861400,731.248000,351.028900,1.489241,0.225962,-0.222424,1.647534,0.289522,-0.060453,1.539130,-0.168242,234.732900,0.229486,0.222762,1,0,0.977500,0.030000,0.000061,0.126118,1,8,11,7,4
12,1.522363,0.096420,older_sister,9,4,9.016410,4.000000,852.069800,387.726300,854.166100,386.318200,2.525350,848.063600,389.831100,860.268700,382.805300,848.063600,378.834700,860.268700,369.046300,3.756703,0.280788,-0.761721,3.977074,0.351327,-0.582320,3.829039,-0.707976,234.739600,0.229486,0.283508,1,0,0.977500,0.030000,0.000193,0.130801,1,4,9,12,4
12,1.522363,0.096420,player,3,2,2.983590,2.000000,681.581500,557.520900,679.485500,558.929200,2.525165,685.587500,555.415800,673.383500,562.442600,685.587500,544.419300,673.383500,548.683600,0.823107,0.280788,-4.989828,0.602757,0.351328,-5.169254,0.750777,-5.043581,54.732640,0.229486,0.283507,1,0,0.977500,0.030000,0.000273,0.130802,5,8,4,9,4
13,1.664136,0.138063,father,2,9,2.064089,9.000001,346.782800,428.993800,345.125400,429.913100,1.895280,347.122200,428.012100,343.128500,431.814100,347.122200,419.101300,343.128500,419.088100,-5.288071,0.227530,-1.736650,-5.360179,0.324950,-1.833732,-5.294200,-1.761718,54.737190,0.330109,0.114926,1,0,1.057500,0.030000,0.000110,0.126119,5,4,5,8,4
13,1.664136,0.138063,mother,8,6,8.000000,6.021735,723.631600,366.476000,726.024900,366.461800,2.393353,721.007400,366.917800,731.042400,366.005900,721.007400,358.054700,731.042400,353.775400,1.462633,0.226316,-0.176644,1.643821,0.312297,-0.153357,1.510015,-0.165362,275.648900,0.277166,0.178016,1,0,1.015408,0.021600,0.000273,0.126118,2,8,11,7,4
13,1.664136,0.138063,older_sister,9,4,8.935911,4.000000,848.666700,389.427800,850.708000,388.189900,2.387247,847.814600,389.981000,853.601400,386.398900,847.814600,378.885700,853.601400,370.874300,3.752209,0.283311,-0.765548,3.856691,0.396412,-0.674082,3.767594,-0.751423,234.736200,0.330109,0.138117,1,0,1.057500,0.030000,0.000273,0.130801,1,4,9,12,4
13,1.664136,0.138063,player,3,2,3.064089,2.000000,684.984600,555.819500,682.943400,557.057300,2.387263,685.836700,555.266300,680.050000,558.848300,685.836700,544.171100,680.050000,543.323700,0.827607,0.283310,-4.986011,0.723124,0.396412,-5.077476,0.812222,-5.000136,54.737090,0.330109,0.138117,1,0,1.057500,0.030000,0.000136,0.130802,5,8,4,9,4
14,1.755518,0.099097,father,2,9,2.144587,9.000001,350.185900,427.292100,350.320400,427.191700,0.167817,348.483100,427.271100,352.157600,427.112300,348.483100,418.304900,352.157600,416.533200,-5.263499,0.228946,-1.717729,-5.197155,0.270131,-1.713675,-5.232755,-1.718265,54.732730,0.430732,-0.056509,1,0,1.137500,0.030000,0.000246,0.126119,5,4,5,8,4
14,1.755518,0.099097,mother,8,6,8.000000,6.100623,720.296600,364.808700,721.406100,365.363900,1.240674,719.775400,365.395200,723.036900,365.332600,719.775400,356.438100,723.036900,353.141800,1.440389,0.228712,-0.137764,1.499277,0.311284,-0.136166,1.449800,-0.122787,305.262400,0.375776,0.047160,1,0,1.093808,0.030000,0.000136,0.126118,3,8,11,7,4
14,1.755518,0.099097,older_sister,9,4,8.855413,4.000000,845.263700,391.129500,845.068100,391.172100,0.200197,847.158000,390.377000,842.978200,391.967100,847.158000,379.100300,842.978200,378.884600,3.740352,0.287944,-0.775661,3.664884,0.334056,-0.816263,3.706150,-0.794875,234.733000,0.430732,-0.085061,1,0,1.137500,0.030000,0.000086,0.130801,1,4,9,12,4
14,1.755518,0.099097,player,3,2,3.144587,2.000000,688.387700,554.117700,688.583300,554.075100,0.200143,686.493400,554.870200,690.673200,553.280000,686.493400,543.593600,690.673200,540.197400,0.839464,0.287944,-4.975897,0.914931,0.334056,-4.935293,0.873666,-4.956682,54.732060,0.430732,-0.085061,1,0,1.137500,0.030000,0.000329,0.130802,5,8,4,9,4
15,1.845733,0.091090,father,2,9,2.225086,9.000001,353.588900,425.590600,355.692200,424.622600,2.315355,349.640000,426.667000,361.744400,422.578200,349.640000,417.684200,361.744400,413.206800,-5.242610,0.229371,-1.702304,-5.024060,0.239293,-1.597897,-5.171310,-1.674819,54.736540,0.531355,-0.238725,1,0,1.217500,0.030000,0.000205,0.126119,5,4,5,8,4
15,1.845733,0.091090,mother,8,6,8.000000,6.181121,716.893400,363.107400,715.660500,362.493800,1.377141,718.382600,364.743000,712.938500,360.244600,718.382600,355.770200,712.938500,350.583000,1.415241,0.229116,-0.121111,1.316946,0.246705,-0.006248,1.388354,-0.079344,305.260700,0.476399,-0.146572,1,0,1.173808,0.030000,0.000136,0.126118,3,8,11,7,4
15,1.845733,0.091090,older_sister,9,4,8.774915,3.999999,841.860700,392.831000,839.165700,393.942500,2.915166,846.810200,390.576300,831.521100,397.308600,846.810200,379.162800,831.521100,385.857600,3.734071,0.291439,-0.780750,3.458021,0.292396,-0.952655,3.644706,-0.838320,234.736500,0.531355,-0.324644,0,0,1.217500,0.030000,0.000136,0.130801,1,4,9,12,4
15,1.845733,0.091090,player,3,2,3.225085,2.000000,691.790800,552.416400,694.485800,551.305000,2.915256,686.841100,554.670900,702.130600,547.939100,686.841100,543.257300,702.130600,536.488000,0.845743,0.291439,-4.970807,1.121803,0.292396,-4.798916,0.935111,-4.913241,54.739750,0.531355,-0.324644,0,0,1.217500,0.030000,0.000136,0.130802,5,8,4,9,4
16,1.933746,0.088414,father,2,9,2.305584,9.000001,356.992000,423.889300,357.345600,423.615700,0.447036,350.244300,426.307000,364.446700,420.924300,350.244300,416.810600,364.446700,412.022500,-5.231699,0.242486,-1.693112,-4.975267,0.227305,-1.555669,-5.109866,-1.631377,54.739350,0.631978,-0.288731,0,0,1.297500,0.030000,0.000031,0.126119,5,4,5,8,4
16,1.933746,0.088414,mother,8,6,8.000000,6.261620,713.490400,361.405600,711.725700,360.461000,2.001568,717.473100,364.293700,705.978300,356.628300,717.473100,355.177300,705.978300,347.474200,1.398820,0.232782,-0.109639,1.191274,0.233744,0.086094,1.326909,-0.035892,305.267000,0.577022,-0.282469,0,0,1.253808,0.030000,0.000110,0.126118,3,8,11,7,4
16,1.933746,0.088414,older_sister,9,4,8.694417,3.999999,838.457600,394.532700,838.033200,394.807000,0.505271,847.063700,390.583000,829.002700,399.030900,847.063700,378.505600,829.002700,388.142700,3.738651,0.308391,-0.780921,3.412550,0.278024,-0.996633,3.583261,-0.881774,234.732100,0.631978,-0.390801,0,0,1.297500,0.030000,0.000110,0.130801,1,4,9,12,4
16,1.933746,0.088414,player,3,2,3.305584,2.000000,695.193800,550.715000,695.618200,550.440700,0.505271,686.587200,554.664100,704.649200,546.217300,686.587200,542.586700,704.649200,535.329100,0.841158,0.308391,-4.970634,1.167278,0.278024,-4.754951,0.996556,-4.869795,54.737110,0.631978,-0.390801,0,0,1.297500,0.030000,0.000061,0.130802,5,8,4,9,4
17,2.026076,0.092455,father,2,9,2.386083,9.000001,360.395100,422.187600,358.455400,422.927800,2.076133,352.211200,425.078800,364.699700,420.776700,352.211200,414.292500,364.699700,411.890200,-5.196187,0.275421,-1.661750,-4.970699,0.226912,-1.551898,-5.048421,-1.587924,54.732590,0.732601,-0.247531,0,1,1.377500,0.030000,0.000136,0.126119,5,4,5,8,4
17,2.026076,0.092455,mother,8,6,8.000000,6.342118,710.087200,359.704100,710.704200,360.196800,0.789591,716.503900,363.993500,704.904500,356.400100,716.503900,353.983900,704.904500,347.564800,1.381321,0.255588,-0.101973,1.171886,0.225606,0.091920,1.265463,0.007553,305.262300,0.677645,-0.282946,0,1,1.333808,0.030000,0.000000,0.126118,3,8,11,7,4
17,2.026076,0.092455,older_sister,9,4,8.613918,3.999999,835.054400,396.234000,837.562700,395.376200,2.650949,845.247800,391.986800,829.877600,398.765500,845.247800,378.468500,829.877600,387.921300,3.705863,0.345182,-0.816765,3.428344,0.276902,-0.989856,3.521817,-0.925216,234.739600,0.732601,-0.326529,0,1,1.377500,0.030000,0.000136,0.130801,1,4,9,12,4
17,2.026076,0.092455,player,3,2,3.386082,2.000000,698.596900,549.013200,696.088900,549.871300,2.650767,688.404400,553.261400,703.773400,546.481200,688.404400,539.743000,703.773400,535.636900,0.873968,0.345183,-4.934815,1.151464,0.276902,-4.761689,1.058001,-4.826342,54.732340,0.732601,-0.326529,0,1,1.377500,0.030000,0.000220,0.130802,5,8,4,9,4
18,2.118602,0.087059,father,2,9,2.466581,9.000001,363.798200,420.486100,362.350500,421.125700,1.582711,359.310000,421.772500,365.391000,420.478900,359.310000,409.746400,365.391000,411.417600,-5.068013,0.307079,-1.577326,-4.958219,0.231376,-1.544294,-4.986977,-1.544479,54.737110,0.833224,-0.108718,0,1,1.457500,0.030000,0.000068,0.126388,5,4,5,8,4
18,2.118602,0.087059,mother,8,6,8.000000,6.422617,706.684300,358.002400,708.418000,359.114400,2.059762,712.126000,361.976900,704.710100,356.252000,712.126000,350.428300,704.710100,347.312300,1.302274,0.294887,-0.050479,1.168376,0.228271,0.095702,1.204021,0.051007,305.269100,0.778268,-0.193729,0,1,1.413808,0.030000,0.000246,0.112043,3,8,11,7,4
18,2.118602,0.087059,older_sister,9,4,8.533421,3.999999,831.651400,397.935500,833.404800,397.294900,1.866761,836.726700,395.934600,830.082900,398.655200,836.726700,380.775800,830.082900,387.576100,3.552010,0.387072,-0.917571,3.432052,0.282896,-0.987038,3.460372,-0.968661,234.737000,0.833224,-0.138052,0,1,1.457500,0.030000,0.000273,0.130902,1,4,9,12,4
18,2.118602,0.087059,player,3,2,3.466581,2.000000,702.000100,547.311800,700.246600,547.952300,1.866761,696.924700,549.312600,703.568600,546.592100,696.924700,534.153700,703.568600,535.513100,1.027807,0.387072,-4.833986,1.147766,0.282896,-4.764521,1.119445,-4.782897,54.737360,0.833224,-0.138053,0,1,1.457500,0.030000,0.000136,0.130903,5,8,4,9,4
19,2.259201,0.139837,father,3,9,2.547080,9.000001,367.201300,418.784300,368.269700,418.205600,1.215095,370.174900,416.396000,366.364600,420.015100,370.174900,406.390200,366.364600,410.778000,-4.871841,0.255494,-1.440041,-4.940640,0.235863,-1.532452,-4.925532,-1.501025,54.732140,0.933846,0.109530,0,1,1.537500,0.030000,0.000273,0.126388,5,4,5,8,4
19,2.259201,0.139837,mother,8,7,8.000000,6.503115,703.281100,356.300900,703.689700,356.531800,0.469314,703.540200,357.297000,703.839400,355.766700,703.540200,346.028600,703.839400,346.608800,1.147253,0.287732,0.069019,1.152655,0.233841,0.108094,1.142575,0.094453,305.262300,0.878891,-0.018148,0,1,1.493808,0.030000,0.000136,0.112043,3,8,11,7,4
19,2.259201,0.139837,older_sister,8,4,8.452922,3.999999,828.248300,399.637200,826.893900,400.452200,1.580716,823.822800,402.214600,829.964900,398.689800,823.822800,389.525500,829.964900,387.301400,3.319022,0.324008,-1.077926,3.429921,0.290797,-0.987923,3.398927,-1.012115,234.732100,0.933846,0.142513,0,1,1.537500,0.030000,0.000031,0.130902,1,4,9,12,4
19,2.259201,0.139837,player,4,2,3.547079,2.000000,705.403100,545.610000,706.757600,544.795000,1.580732,709.828600,543.032700,703.686600,546.557400,709.828600,530.343600,703.686600,535.169000,1.260795,0.324008,-4.673632,1.149897,0.290796,-4.763635,1.180890,-4.739443,54.732070,0.933846,0.142512,0,1,1.537500,0.030000,0.000273,0.130903,5,8,4,9,4
20,2.351161,0.092915,father,3,9,2.627578,9.000001,370.604400,417.082900,372.895600,415.871900,2.591573,378.227400,412.292100,367.563800,419.451600,378.227400,402.964400,367.563800,409.983800,-4.726449,0.238178,-1.335250,-4.918986,0.241755,-1.518064,-4.864087,-1.457579,54.737190,0.034469,0.262752,0,0,1.617500,0.030000,0.000205,0.126388,5,4,5,8,4
20,2.351161,0.092915,mother,8,7,8.000000,6.583614,699.878100,354.599600,697.262500,353.410600,2.873097,691.650300,351.548700,702.874900,355.272600,691.650300,341.982900,702.874900,345.955300,0.932573,0.244257,0.215798,1.135241,0.237913,0.120710,1.081132,0.137894,305.261100,0.979514,0.220379,0,1,1.573808,0.030000,0.000086,0.112043,3,8,11,7,4
20,2.351161,0.092915,older_sister,8,4,8.372423,3.999999,824.845300,401.338700,821.968100,402.943000,3.294263,814.378900,407.058300,829.557300,398.827700,814.378900,395.601700,829.557300,387.074000,3.148507,0.292538,-1.201609,3.422562,0.300123,-0.991444,3.337484,-1.055560,234.736600,0.034469,0.345103,0,0,1.617500,0.030000,0.000110,0.130902,1,4,9,12,4
20,2.351161,0.092915,player,4,2,3.627578,2.000000,708.806200,543.908700,711.683500,542.304500,3.294242,719.273100,538.189500,704.094100,546.419600,719.273100,526.732800,704.094100,534.665900,1.431319,0.292537,-4.549963,1.157254,0.300123,-4.760114,1.242335,-4.696002,54.739440,0.034469,0.345103,0,0,1.617500,0.030000,0.000136,0.130903,5,8,4,9,4
21,2.443063,0.092498,father,3,9,2.708077,9.000001,374.007500,415.381600,374.389000,415.372200,0.381587,379.827800,411.812000,368.950200,418.932300,379.827800,403.024000,368.950200,408.827400,-4.697553,0.224396,-1.322989,-4.893955,0.258024,-1.504804,-4.802642,-1.414138,54.739570,0.135092,0.265330,0,0,1.697500,0.030000,0.000068,0.126388,5,4,5,8,4
21,2.443063,0.092498,mother,8,7,8.000000,6.664112,696.475000,352.897900,695.059600,352.107200,1.621279,688.448600,349.646500,701.670600,354.567900,688.448600,340.701100,701.670600,344.888300,0.874767,0.228416,0.264369,1.113495,0.247161,0.138705,1.019687,0.181348,305.267900,0.080137,0.267470,0,0,1.653808,0.030000,0.000136,0.112043,3,8,11,7,4
21,2.443063,0.092498,older_sister,8,4,8.291924,3.999999,821.442100,403.040400,821.025400,403.054100,0.416971,813.355200,407.141700,828.695600,398.966500,813.355200,396.238800,828.695600,386.492000,3.130026,0.278400,-1.203737,3.407003,0.318528,-0.994987,3.276038,-1.099014,234.732800,0.135092,0.346673,0,0,1.697500,0.030000,0.000086,0.130902,1,4,9,12,4
21,2.443063,0.092498,player,4,2,3.708076,2.000000,712.209400,542.207300,712.626000,542.193700,0.416909,720.296600,538.106400,704.955400,546.280900,720.296600,527.203500,704.955400,533.806400,1.449799,0.278400,-4.547844,1.172807,0.318527,-4.756573,1.303779,-4.652556,54.737110,0.135092,0.346672,0,0,1.697500,0.030000,0.000000,0.130903,5,8,4,9,4
22,2.532296,0.090991,father,3,9,2.788575,9.000001,377.410500,413.679800,375.692600,414.770200,2.034738,379.974200,411.651200,371.410900,417.889200,379.974200,402.794600,371.410900,406.414600,-4.694909,0.226149,-1.318886,-4.849525,0.292997,-1.478167,-4.741199,-1.370685,54.732100,0.235715,0.218207,1,0,1.777500,0.030000,0.000164,0.126388,5,4,5,8,4
22,2.532296,0.090991,mother,8,7,8.000000,6.744611,693.072000,351.196400,694.017700,351.447800,0.978585,687.725800,349.230900,700.309700,353.664700,687.725800,340.443800,700.309700,343.065600,0.861716,0.224372,0.274982,1.088924,0.270641,0.161767,0.958244,0.224793,305.263500,0.180760,0.250880,1,0,1.733808,0.030000,0.000110,0.112043,3,8,11,7,4
22,2.532296,0.090991,older_sister,8,4,8.211426,3.999999,818.039100,404.741900,820.253900,403.281500,2.652956,814.295100,406.719600,826.212600,399.843400,814.295100,395.718400,826.212600,385.932000,3.146995,0.280910,-1.192960,3.362172,0.355219,-1.017379,3.214595,-1.142459,234.736600,0.235715,0.277063,1,0,1.777500,0.030000,0.000000,0.130902,1,4,9,12,4
22,2.532296,0.090991,player,4,2,3.788575,2.000000,715.612400,540.505500,713.397800,541.966000,2.652888,719.356200,538.527600,707.439300,545.404400,719.356200,527.526400,707.439300,531.493000,1.432820,0.280910,-4.558598,1.217655,0.355219,-4.734193,1.365224,-4.609103,54.732670,0.235715,0.277063,1,0,1.777500,0.030000,0.000193,0.130903,5,8,4,9,4
23,2.623941,0.092911,father,3,9,2.869074,9.000001,380.813700,411.978400,379.203700,412.859700,1.835383,381.016800,411.058900,377.390700,414.660600,381.016800,402.140800,377.390700,401.941800,-4.676086,0.227718,-1.303761,-4.741557,0.324767,-1.395726,-4.679753,-1.327239,54.737170,0.336338,0.106552,1,0,1.857500,0.030000,0.000068,0.126388,5,4,5,8,4
23,2.623941,0.092911,mother,8,7,8.000000,6.825109,689.668800,349.494700,691.750700,350.323000,2.240634,687.177000,349.014300,696.324500,351.631700,687.177000,340.150100,696.324500,339.333800,0.851806,0.226342,0.280513,1.016969,0.314019,0.213679,0.896798,0.268247,305.267300,0.281383,0.173440,1,0,1.813808,0.030000,0.000246,0.112043,3,8,11,7,4
23,2.623941,0.092911,older_sister,8,4,8.130928,3.999999,814.635900,406.443200,816.623800,405.252900,2.316980,813.965800,406.912500,819.281600,403.593200,813.965800,395.804400,819.281600,388.065900,3.141049,0.283641,-1.197886,3.237030,0.396482,-1.113128,3.153149,-1.185901,234.740100,0.336338,0.127301,1,0,1.857500,0.030000,0.000246,0.130902,1,4,9,12,4
23,2.623941,0.092911,player,4,2,3.869073,2.000000,719.015400,538.804100,717.027700,539.994400,2.316906,719.685500,538.334700,714.370000,541.654300,719.685500,527.226500,714.370000,526.127000,1.438766,0.283641,-4.553672,1.342792,0.396481,-4.638436,1.426667,-4.565657,54.736190,0.336338,0.127301,1,0,1.857500,0.030000,0.000136,0.130903,5,8,4,9,4
24,2.711062,0.087709,father,3,9,2.949572,9.000001,384.216800,410.276600,384.521500,410.091900,0.356420,382.389500,410.314900,386.653700,409.868800,382.389500,401.347800,386.653700,399.466900,-4.651301,0.228969,-1.284763,-4.574308,0.265605,-1.273372,-4.618308,-1.283787,54.733040,0.436961,-0.069440,1,0,1.937500,0.030000,0.000232,0.128927,5,4,5,8,4
24,2.711062,0.087709,mother,8,7,8.000000,6.905608,686.265700,347.793200,687.252500,348.295300,1.107157,685.862900,348.442800,688.642100,348.147800,685.862900,339.482300,688.642100,336.111400,0.828080,0.228801,0.295105,0.878260,0.307343,0.302637,0.835353,0.311692,305.262800,0.382006,0.036624,1,0,1.893808,0.030000,0.000164,0.128776,3,8,11,7,4
24,2.711062,0.087709,older_sister,8,4,8.050429,3.999999,811.232900,408.145000,810.816800,408.294600,0.442210,813.297000,407.310900,808.336700,409.278100,813.297000,396.023800,808.336700,396.411400,3.128973,0.288210,-1.208059,3.039412,0.328544,-1.258289,3.091705,-1.229355,234.731400,0.436961,-0.102127,1,0,1.937500,0.030000,0.000000,0.137850,1,4,9,12,4
24,2.711062,0.087709,player,4,2,3.949572,2.000000,722.418600,537.102300,722.834700,536.952700,0.442210,720.354500,537.936200,725.314900,535.969200,720.354500,526.649200,725.314900,523.102500,1.450845,0.288209,-4.543498,1.540407,0.328543,-4.493271,1.488114,-4.522204,54.732940,0.436961,-0.102126,1,0,1.937500,0.030000,0.000273,0.137849,5,8,4,9,4
25,2.841877,0.131996,father,3,9,3.030071,9.000001,387.619900,408.575200,389.769500,407.589700,2.364806,383.515400,409.728700,396.023600,405.450600,383.515400,400.736800,396.023600,396.097400,-4.630971,0.229601,-1.269794,-4.405130,0.238828,-1.160556,-4.556864,-1.240340,54.736100,0.537584,-0.247468,0,0,2.017500,0.030000,0.000136,0.128927,5,4,5,8,4
25,2.841877,0.131996,mother,8,7,8.000000,6.986106,682.862600,346.091400,681.515300,345.410900,1.509454,684.488000,347.797100,678.542400,343.024700,684.488000,338.825500,678.542400,333.421900,0.803257,0.229085,0.311592,0.695905,0.245202,0.433453,0.773909,0.355145,305.267000,0.482629,-0.158011,1,0,1.973808,0.030000,0.000356,0.128776,3,8,11,7,4
25,2.841877,0.131996,older_sister,8,4,7.969931,3.999999,807.829700,409.846400,805.076200,410.977100,2.976679,812.988000,407.488000,797.164300,414.466200,812.988000,396.057400,797.164300,403.054800,3.123394,0.291876,-1.212580,2.837689,0.291384,-1.390764,3.030259,-1.272800,234.737800,0.537584,-0.336152,0,0,2.017500,0.030000,0.000164,0.137850,1,4,9,12,4
25,2.841877,0.131996,player,4,2,4.030070,2.000000,725.821700,535.401000,728.575300,534.270300,2.976757,720.663400,537.759300,736.487300,530.781400,720.663400,526.328600,736.487300,519.370000,1.456422,0.291875,-4.538980,1.742131,0.291383,-4.360804,1.549558,-4.478762,54.739440,0.537584,-0.336152,0,0,2.017500,0.030000,0.000086,0.137849,5,8,4,9,4
26,2.927035,0.086313,father,3,9,3.110569,9.000000,391.023000,406.873400,391.210800,406.671400,0.275814,384.107300,409.362300,398.314300,403.980500,384.107300,399.804100,398.314300,395.092600,-4.620285,0.244061,-1.260438,-4.363770,0.226948,-1.123018,-4.495418,-1.196887,54.733380,0.638207,-0.288782,0,0,2.097500,0.030000,0.000341,0.128927,5,4,5,8,4
26,2.927035,0.086313,mother,8,7,8.000000,7.066605,679.459500,344.390100,677.864500,343.555500,1.800187,683.630900,347.373000,672.098300,339.738100,683.630900,338.228800,672.098300,330.648700,0.787779,0.233490,0.322422,0.579551,0.232093,0.517375,0.712464,0.398588,305.261300,0.583252,-0.282572,0,0,2.053808,0.030000,0.000136,0.128776,3,8,11,7,4
26,2.927035,0.086313,older_sister,8,4,7.889432,3.999999,804.426800,411.548200,804.215900,411.740900,0.285670,813.244300,407.519500,795.187700,415.962400,813.244300,395.371200,795.187700,405.089700,3.128021,0.310200,-1.213384,2.801999,0.277626,-1.428967,2.968816,-1.316253,234.732000,0.638207,-0.390662,0,0,2.097500,0.030000,0.000110,0.137850,1,4,9,12,4
26,2.927035,0.086313,player,4,2,4.110569,2.000000,729.224800,533.699600,729.435500,533.506800,0.285645,720.406700,537.727700,738.464400,529.285900,720.406700,525.579300,738.464400,518.413300,1.451788,0.310200,-4.538171,1.777830,0.277626,-4.322618,1.611003,-4.435317,54.737410,0.638207,-0.390662,0,0,2.097500,0.030000,0.000061,0.137849,5,8,4,9,4
27,3.011820,0.086008,father,3,9,3.191068,9.000000,394.426100,405.172100,392.428400,405.935900,2.138677,386.315900,408.012600,398.540900,403.859200,386.315900,397.109800,398.540900,394.966600,-4.580408,0.278395,-1.225974,-4.359677,0.227067,-1.119919,-4.433973,-1.153446,54.739570,0.738830,-0.241460,0,1,2.177500,0.030000,0.000136,0.128927,5,4,5,8,4
27,3.011820,0.086008,mother,8,7,8.000000,7.147103,676.056500,342.688700,676.815200,343.264600,0.952567,682.562000,347.043200,671.068500,339.486000,682.562000,336.958700,671.068500,330.650700,0.768481,0.257502,0.330844,0.560958,0.225604,0.523812,0.651019,0.442033,305.262900,0.683874,-0.280851,0,1,2.133808,0.030000,0.000061,0.128776,3,8,11,7,4
27,3.011820,0.086008,older_sister,8,4,7.808934,3.999999,801.023600,413.249600,803.598000,412.374500,2.719020,811.094200,409.091500,796.101900,415.657500,811.094200,395.429900,796.101900,404.809200,3.089200,0.348840,-1.253524,2.818507,0.277004,-1.421182,2.907371,-1.359699,234.737100,0.738830,-0.317819,0,1,2.177500,0.030000,0.000000,0.137850,1,4,9,12,4
27,3.011820,0.086008,player,4,2,4.191067,2.000000,732.627900,531.997800,730.053600,532.873000,2.719002,722.557900,536.156600,737.549300,529.589600,722.557900,522.494900,737.549300,518.741300,1.490628,0.348840,-4.498055,1.761306,0.277004,-4.330372,1.672448,-4.391863,54.732030,0.738830,-0.317819,0,1,2.177500,0.030000,0.000136,0.137849,5,8,4,9,4
28,3.093017,0.082950,father,3,9,3.271566,9.000000,397.829200,403.470700,396.502100,404.064000,1.453738,393.726200,404.589000,399.278000,403.539100,393.726200,392.611800,399.278000,394.461900,-4.446610,0.305831,-1.138554,-4.346370,0.231780,-1.111746,-4.372529,-1.110000,54.737190,0.839453,-0.097324,0,1,2.257500,0.030000,0.000000,0.128927,5,4,5,8,4
28,3.093017,0.082950,mother,8,7,8.000000,7.227602,672.653300,340.987000,674.369300,342.078300,2.033604,677.889900,344.838300,670.848600,339.318500,677.889900,333.200000,670.848600,330.369100,0.684123,0.297176,0.387145,0.556989,0.228515,0.528090,0.589574,0.485485,305.267000,0.784497,-0.185181,0,1,2.213808,0.030000,0.000193,0.128776,3,8,11,7,4
28,3.093017,0.082950,older_sister,8,4,7.728436,3.999999,797.620500,414.950900,799.222700,414.364100,1.706238,802.201500,413.157400,796.244000,415.570900,802.201500,398.046300,796.244000,404.468700,2.928638,0.385854,-1.357344,2.821073,0.283487,-1.418971,2.845927,-1.403140,234.739400,0.839453,-0.123408,0,1,2.257500,0.030000,0.000246,0.137850,1,4,9,12,4
28,3.093017,0.082950,player,4,2,4.271565,2.000000,736.030900,530.296300,734.428800,530.883200,1.706269,731.450100,532.090000,737.407500,529.676300,731.450100,516.978900,737.407500,518.574200,1.651183,0.385854,-4.394217,1.758746,0.283487,-4.332586,1.733892,-4.348418,54.737110,0.839453,-0.123408,0,1,2.257500,0.030000,0.000086,0.137849,5,8,4,9,4
29,3.197459,0.104789,father,3,9,3.352065,9.000000,401.232200,401.769000,402.509000,401.073100,1.454054,404.757700,399.077600,400.260300,403.068600,404.757700,389.179400,400.260300,393.822900,-4.247431,0.252745,-0.997825,-4.328634,0.236084,-1.099732,-4.311085,-1.066547,54.731730,0.940075,0.125141,0,1,2.337500,0.030000,0.000205,0.128927,5,4,5,8,4
29,3.197459,0.104789,mother,8,7,8.000000,7.308100,669.250200,339.285500,669.512100,339.440100,0.304092,669.059200,340.051800,669.964900,338.828500,669.059200,328.924400,669.964900,329.660600,0.524680,0.284129,0.509365,0.541034,0.234097,0.540601,0.528130,0.528931,305.262800,0.885120,-0.004680,0,1,2.293808,0.030000,0.000136,0.128776,3,8,11,7,4
29,3.197459,0.104789,older_sister,8,4,7.647937,3.999999,794.217400,416.652600,792.601100,417.617000,1.882172,789.081900,419.622200,796.120300,415.611800,789.081900,407.091800,796.120300,404.206300,2.691756,0.319958,-1.522420,2.818838,0.291232,-1.420015,2.784480,-1.446593,234.733200,0.940075,0.162886,0,1,2.337500,0.030000,0.000110,0.137850,1,4,9,12,4
29,3.197459,0.104789,player,4,2,4.352064,2.000000,739.434100,528.594600,741.050400,527.630200,1.882136,744.569500,525.625000,737.531200,529.635500,744.569500,513.094500,737.531200,518.230000,1.888060,0.319958,-4.229137,1.760980,0.291232,-4.331543,1.795337,-4.304965,54.732610,0.940075,0.162885,0,1,2.337500,0.030000,0.000220,0.137849,5,8,4,9,4
30,3.303252,0.105582,father,3,9,3.432563,9.000000,404.635400,400.067500,406.827400,398.927400,2.470771,412.185000,395.347700,401.469800,402.507000,412.185000,386.086800,401.469800,393.018900,-4.113326,0.236472,-0.902585,-4.306795,0.242274,-1.085394,-4.249639,-1.023101,54.737740,0.040698,0.263510,0,0,2.417500,0.030000,0.000136,0.131593,5,4,5,8,4
30,3.303252,0.105582,mother,8,7,8.000000,7.388598,665.847200,337.583700,663.085600,336.329800,3.032961,657.175500,334.322700,668.995700,338.336900,657.175500,324.729900,668.995700,329.005600,0.310113,0.244948,0.655653,0.523533,0.238267,0.553155,0.466685,0.572385,305.267900,0.985743,0.233431,0,1,2.373808,0.030000,0.000329,0.132373,3,8,11,7,4
30,3.303252,0.105582,older_sister,8,4,7.567439,3.999999,790.814300,418.354100,788.065700,419.864700,3.136375,780.441600,423.981900,795.690000,415.747600,780.441600,412.599100,795.690000,403.969100,2.535751,0.290654,-1.633742,2.811069,0.300757,-1.423482,2.723037,-1.490039,234.736500,0.040698,0.346190,0,0,2.417500,0.030000,0.000136,0.143313,1,4,9,12,4
30,3.303252,0.105582,player,4,2,4.432563,2.000000,742.837200,526.893300,745.585800,525.382800,3.136384,753.210300,521.265800,737.961300,529.499600,753.210300,509.883000,737.961300,517.721100,2.044075,0.290655,-4.117829,1.768746,0.300758,-4.328075,1.856782,-4.261523,54.739490,0.040698,0.346190,0,0,2.417500,0.030000,0.000000,0.143313,5,8,4,9,4
31,3.452948,0.150615,father,4,9,3.513062,9.000000,408.038400,398.365800,408.268200,398.431800,0.239069,413.666900,394.877200,402.869400,401.986400,413.666900,386.091600,402.869400,391.818800,-4.086570,0.224336,-0.890570,-4.281525,0.259624,-1.072100,-4.188195,-0.979648,54.731520,0.141321,0.263989,0,0,2.497500,0.030000,0.000341,0.131593,5,4,5,8,4
31,3.452948,0.150615,mother,8,7,8.000000,7.469097,662.444100,335.882400,661.164300,335.143100,1.478001,654.548600,332.675300,667.780200,337.611000,654.548600,323.761100,667.780200,327.890800,0.262682,0.227618,0.697720,0.501586,0.248199,0.571690,0.405240,0.615826,305.260500,0.086365,0.267830,0,0,2.453808,0.030000,0.000136,0.132373,3,8,11,7,4
31,3.452948,0.150615,older_sister,7,4,7.486940,3.999999,787.411200,420.055800,787.191300,419.967500,0.236993,779.584500,424.043500,794.798100,415.891400,779.584500,413.136000,794.798100,403.349500,2.520275,0.278518,-1.635315,2.794967,0.320251,-1.427156,2.661591,-1.533492,234.732700,0.141321,0.344466,0,0,2.497500,0.030000,0.000000,0.143313,1,4,9,12,4
31,3.452948,0.150615,player,5,2,4.513061,2.000000,746.240200,525.191700,746.460100,525.280100,0.236971,754.067100,521.204200,738.853100,529.356000,754.067100,510.296700,738.853100,516.814000,2.059546,0.278517,-4.116255,1.784848,0.320251,-4.324406,1.918226,-4.218073,54.734390,0.141321,0.344466,0,0,2.497500,0.030000,0.000136,0.143313,5,8,4,9,4
32,3.554793,0.103822,father,4,9,3.593560,9.000000,411.441500,396.664400,409.668600,397.779900,2.094576,413.833600,394.718400,405.503800,400.841400,413.833600,385.858200,405.503800,389.243700,-4.083561,0.226239,-0.886515,-4.233958,0.296140,-1.042862,-4.126750,-0.936206,54.739570,0.241944,0.213063,1,0,2.577500,0.030000,0.000136,0.131593,5,4,5,8,4
32,3.554793,0.103822,mother,8,8,8.000000,7.549595,659.041000,334.181000,660.129200,334.496000,1.132821,653.894700,332.319700,666.363500,336.672300,653.894700,323.528000,666.363500,326.002400,0.250878,0.224491,0.706800,0.476008,0.272449,0.595657,0.343796,0.659272,305.262800,0.186988,0.247987,1,0,2.533808,0.030000,0.000086,0.132373,3,8,11,7,4
32,3.554793,0.103822,older_sister,7,4,7.406442,3.999999,784.008100,421.757300,786.281300,420.264800,2.719330,780.486900,423.622700,792.075700,416.906800,780.486900,412.618400,792.075700,402.850600,2.536569,0.280988,-1.624569,2.745811,0.358919,-1.453084,2.600146,-1.576938,234.737200,0.241944,0.269853,1,0,2.577500,0.030000,0.000086,0.143313,1,4,9,12,4
32,3.554793,0.103822,player,5,2,4.593560,2.000000,749.643300,523.490100,747.370200,524.982700,2.719329,753.164400,521.624600,741.576000,528.340800,753.164400,510.620300,741.576000,514.284500,2.043247,0.280988,-4.126989,1.834011,0.358918,-4.298483,1.979671,-4.174624,54.734740,0.241944,0.269853,1,0,2.577500,0.030000,0.000193,0.143313,5,8,4,9,4
33,3.656409,0.102990,father,4,9,3.674059,9.000000,414.844600,394.963000,413.288000,395.803300,1.768967,414.913500,394.105700,411.662600,397.501000,414.913500,385.180100,411.662600,384.803600,-4.064063,0.227908,-0.870870,-4.122758,0.324222,-0.957568,-4.065305,-0.892760,54.737370,0.342567,0.097979,1,0,2.657500,0.030000,0.000031,0.131593,5,4,5,8,4
33,3.656409,0.102990,mother,8,8,8.000000,7.630094,655.637900,332.479200,657.701900,333.312200,2.225759,653.289200,332.075600,662.114500,334.548800,653.289200,323.208600,662.114500,322.160200,0.239944,0.226415,0.713032,0.399290,0.316337,0.649880,0.282351,0.702725,305.267900,0.287611,0.166564,1,0,2.613808,0.030000,0.000220,0.132373,3,8,11,7,4
33,3.656409,0.102990,older_sister,7,4,7.325943,3.999999,780.605100,423.458600,782.531800,422.318500,2.238719,780.113600,423.844300,784.949900,420.792800,780.113600,412.722800,784.949900,405.280400,2.529830,0.283980,-1.630227,2.617151,0.396101,-1.552310,2.538703,-1.620379,234.738900,0.342567,0.116282,1,0,2.657500,0.030000,0.000273,0.143313,1,4,9,12,4
33,3.656409,0.102990,player,5,2,4.674058,2.000000,753.046400,521.788600,751.119800,522.928700,2.238682,753.537800,521.403000,748.701700,524.454500,753.537800,510.281500,748.701700,508.942100,2.049988,0.283981,-4.121330,1.962670,0.396101,-4.199250,2.041116,-4.131178,54.737060,0.342567,0.116282,1,0,2.657500,0.030000,0.000061,0.143313,5,8,4,9,4
34,3.753588,0.098032,father,4,9,3.754557,9.000000,418.247700,393.261200,418.724400,392.991700,0.547594,416.295100,393.359300,421.153700,392.624200,416.295100,384.391100,421.153700,382.391700,-4.039116,0.228996,-0.851811,-3.951391,0.261281,-0.833041,-4.003860,-0.849307,54.732140,0.443189,-0.082462,1,0,2.737500,0.030000,0.000205,0.131593,5,4,5,8,4
34,3.753588,0.098032,mother,8,8,8.000000,7.710592,652.234800,330.777800,653.093300,331.222700,0.966944,651.952500,331.490500,654.234100,330.954800,651.952500,322.527900,654.234100,319.083400,0.215809,0.228855,0.727971,0.257006,0.303129,0.741652,0.220906,0.746171,305.262800,0.388234,0.025739,1,0,2.693808,0.030000,0.000164,0.132373,3,8,11,7,4
34,3.753588,0.098032,older_sister,7,4,7.245445,3.999999,777.202000,425.160400,776.563200,425.417200,0.688538,779.437200,424.244100,773.689100,426.590300,779.437200,412.946600,773.689100,413.932800,2.517616,0.288474,-1.640436,2.413832,0.323201,-1.700345,2.477258,-1.663833,234.732100,0.443189,-0.119327,1,0,2.737500,0.030000,0.000031,0.143313,1,4,9,12,4
34,3.753588,0.098032,player,5,2,4.754557,2.000000,756.449500,520.086900,757.088300,519.830000,0.688516,754.214400,521.003100,759.962400,518.657000,754.214400,509.705700,759.962400,505.999500,2.062203,0.288473,-4.111122,2.165987,0.323200,-4.051213,2.102561,-4.087725,54.732370,0.443189,-0.119327,1,0,2.737500,0.030000,0.000193,0.143313,5,8,4,9,4
35,3.830674,0.079074,father,4,9,3.835056,9.000000,421.650800,391.559800,423.826600,390.564900,2.392405,417.387500,392.792300,430.265600,388.337600,417.387500,383.788600,430.265600,379.004900,-4.019392,0.229903,-0.837332,-3.786871,0.238304,-0.723586,-3.942416,-0.805861,54.737050,0.543812,-0.255525,0,0,2.817500,0.030000,0.000136,0.131593,5,4,5,8,4
35,3.830674,0.079074,mother,8,8,8.000000,7.791090,648.831700,329.076000,647.373800,328.328800,1.638291,650.594100,330.851300,644.153400,325.806200,650.594100,321.881900,644.153400,316.248800,0.191283,0.229029,0.744294,0.074993,0.244044,0.873115,0.159461,0.789624,305.267900,0.488857,-0.169327,1,0,2.773808,0.030000,0.000356,0.132373,3,8,11,7,4
35,3.830674,0.079074,older_sister,7,4,7.164947,3.999999,773.798900,426.861800,771.012600,428.001800,3.010445,779.169600,424.397600,762.855800,431.606000,779.169600,412.946600,762.855800,420.235900,2.512784,0.292395,-1.644356,2.218229,0.290329,-1.828419,2.415813,-1.707278,234.737100,0.543812,-0.346772,0,0,2.817500,0.030000,0.000164,0.143313,1,4,9,12,4
35,3.830674,0.079074,player,5,2,4.835055,2.000000,759.852600,518.385600,762.638900,517.245700,3.010467,754.481800,520.849600,770.796000,513.641700,754.481800,509.398600,770.796000,502.271600,2.067033,0.292395,-4.107202,2.361595,0.290329,-3.923152,2.164005,-4.044283,54.739490,0.543812,-0.346772,0,0,2.817500,0.030000,0.000000,0.143313,5,8,4,9,4
36,3.906582,0.077398,father,4,9,3.915554,9.000000,425.053900,389.858000,425.076100,389.727100,0.132762,417.975100,392.413900,432.177100,387.040300,417.975100,382.790900,432.177100,378.165700,-4.008783,0.245719,-0.827672,-3.752357,0.226609,-0.690460,-3.880971,-0.762408,54.732140,0.644435,-0.288588,0,0,2.897500,0.030000,0.000341,0.121238,5,4,5,8,4
36,3.906582,0.077398,mother,8,8,8.000000,7.871589,645.428600,327.374700,644.013400,326.657600,1.586561,649.787000,330.453300,638.239800,322.861800,649.787000,321.278300,638.239800,313.836000,0.176710,0.234278,0.754457,-0.031782,0.230471,0.948300,0.098017,0.833066,305.260500,0.589479,-0.282145,0,0,2.853807,0.030000,0.000110,0.123428,3,8,11,7,4
36,3.906582,0.077398,older_sister,7,4,7.084449,4.000000,770.395800,428.563600,770.399000,428.675300,0.111802,779.417200,424.461600,761.380900,432.889000,779.417200,412.239200,761.380900,422.031600,2.517253,0.312093,-1.645991,2.191599,0.277238,-1.861180,2.354369,-1.750731,234.732600,0.644435,-0.390134,0,0,2.897500,0.030000,0.000031,0.125702,1,4,9,12,4
36,3.906582,0.077398,player,5,2,4.915554,2.000000,763.255700,516.684000,763.252600,516.572200,0.111797,754.234300,520.785700,772.270800,512.358700,754.234300,508.563200,772.270800,501.501300,2.062562,0.312093,-4.105569,2.388224,0.277238,-3.890391,2.225450,-4.000834,54.734740,0.644435,-0.390134,0,0,2.897500,0.030000,0.000086,0.125702,5,8,4,9,4
37,4.023901,0.119046,father,4,9,3.965866,9.000000,427.180800,388.794800,425.620100,389.358000,1.659231,418.936600,391.761700,432.303600,386.954400,418.936600,381.415200,432.303600,378.095800,-3.991422,0.264191,-0.811016,-3.750074,0.226199,-0.688266,-3.842568,-0.735259,54.742030,0.707324,-0.267935,0,1,2.947500,0.050000,0.000136,0.121238,5,4,5,8,4
37,4.023901,0.119046,mother,8,8,8.000000,7.952087,642.025500,325.673200,642.921600,326.327900,1.109762,648.603100,330.081700,637.240100,322.574100,648.603100,319.922100,637.240100,313.736800,0.155334,0.259420,0.763946,-0.049832,0.225657,0.955647,0.036572,0.876512,305.262800,0.690102,-0.278195,0,1,2.933807,0.030000,0.000031,0.123428,3,8,11,7,4
37,4.023901,0.119046,older_sister,7,4,7.034137,4.000000,768.268900,429.626800,770.314600,428.949300,2.154914,778.643400,425.184500,761.985600,432.714100,778.643400,412.184500,761.985600,421.882300,2.503284,0.331948,-1.664450,2.202519,0.276585,-1.856713,2.315966,-1.777881,234.741100,0.707324,-0.356579,0,1,2.947500,0.050000,0.000164,0.125702,1,4,9,12,4
37,4.023901,0.119046,player,5,2,4.965865,2.000000,765.382600,515.620600,763.337000,516.298200,2.154885,755.008500,520.063300,771.665600,512.533000,755.008500,507.063300,771.665600,501.701100,2.076542,0.331948,-4.087123,2.377295,0.276585,-3.894841,2.263853,-3.973681,54.737530,0.707324,-0.356579,0,1,2.947500,0.050000,0.000000,0.125702,5,8,4,9,4
38,4.111030,0.072303,father,4,9,4.000000,8.978266,429.542700,388.532600,427.198800,388.597600,2.344773,421.675600,388.396900,432.722000,388.798200,421.675600,376.864900,432.722000,379.860100,-3.941968,0.294463,-0.725100,-3.742519,0.228231,-0.735348,-3.799923,-0.728565,80.773610,0.777160,-0.195226,0,1,3.003022,0.021600,0.000178,0.121238,6,4,5,8,4
38,4.111030,0.072303,mother,8,8,8.000000,8.032586,638.622400,323.971500,640.314300,325.037500,1.999688,643.643600,327.691700,636.985000,322.383300,643.643600,315.968900,636.985000,313.423300,0.065787,0.299334,0.824973,-0.054436,0.228788,0.960519,-0.024873,0.919965,305.267900,0.790725,-0.176422,0,1,3.013807,0.030000,0.000220,0.123428,3,8,11,7,4
38,4.111030,0.072303,older_sister,7,4,6.969813,4.000000,765.549600,430.986800,768.048400,430.205900,2.617993,773.637800,427.913000,762.459000,432.498900,773.637800,413.249800,762.459000,421.568400,2.412906,0.374417,-1.734119,2.211064,0.279102,-1.851217,2.266867,-1.812606,234.730400,0.787729,-0.232408,0,1,3.011425,0.030000,0.000086,0.125702,1,4,9,12,4
38,4.111030,0.072303,player,5,2,5.030187,2.000000,768.101800,514.260900,765.602900,515.041600,2.618015,760.012900,517.334300,771.192600,512.748900,760.012900,502.671200,771.192600,501.818500,2.166901,0.374415,-4.017440,2.368756,0.279102,-3.900355,2.312949,-3.938963,54.734630,0.787726,-0.232413,0,1,3.011423,0.030000,0.000061,0.125702,5,8,4,9,4
39,4.189731,0.087924,father,4,9,4.000000,8.899378,432.877700,390.200300,432.325500,390.014000,0.582817,432.061700,389.194000,432.589400,390.834000,432.061700,377.856700,432.589400,381.681200,-3.754441,0.289494,-0.745454,-3.744914,0.233710,-0.787328,-3.739707,-0.771148,112.426300,0.875770,-0.024782,0,1,3.081422,0.030000,0.000031,0.121238,7,4,5,8,4
39,4.189731,0.087924,mother,8,8,8.000000,8.113084,635.219400,322.270100,635.329400,322.347100,0.134343,634.566800,322.802500,636.092000,321.891800,634.566800,311.826100,636.092000,312.714600,-0.098099,0.280276,0.949815,-0.070562,0.234335,0.973069,-0.086317,0.963411,305.262800,0.891348,0.009060,0,1,3.093807,0.030000,0.000136,0.123428,3,8,11,7,4
39,4.189731,0.087924,older_sister,7,4,6.889315,4.000000,762.146500,432.688000,762.378600,432.700900,0.232470,762.425800,432.894800,762.331300,432.506900,762.425800,418.845500,762.331300,421.243000,2.210465,0.358741,-1.861327,2.208760,0.287618,-1.851423,2.205422,-1.856047,234.739600,0.888352,0.004324,0,1,3.091425,0.030000,0.000136,0.125702,1,4,9,12,4
39,4.189731,0.087924,player,5,2,5.110685,2.000000,771.504900,512.559200,771.272700,512.546400,0.232528,771.225200,512.352600,771.320100,512.740200,771.225200,498.303200,771.320100,501.476300,2.369344,0.358744,-3.890235,2.371059,0.287619,-3.900133,2.374394,-3.895510,54.732520,0.888349,0.004315,0,1,3.091423,0.030000,0.000220,0.125702,5,8,4,9,4
40,4.265785,0.077039,father,4,9,4.000000,8.818879,436.280800,391.901700,438.817400,393.055300,2.786603,444.274300,394.842800,433.360400,391.267700,444.274300,385.279900,433.360400,381.957200,-3.533936,0.244184,-0.889692,-3.730993,0.237740,-0.798405,-3.678264,-0.814594,125.263500,0.976393,0.213602,0,1,3.161422,0.030000,0.000068,0.121238,7,4,5,8,4
40,4.265785,0.077039,mother,8,8,8.000000,8.193583,631.816300,320.568300,628.925400,319.257400,3.174186,622.734000,317.112200,635.116800,321.402700,622.734000,307.474400,635.116800,312.056800,-0.311747,0.246097,1.095113,-0.088167,0.238641,0.985559,-0.147762,1.006863,305.267100,0.991971,0.245802,0,1,3.173807,0.030000,0.000382,0.123428,3,8,11,7,4
40,4.265785,0.077039,older_sister,7,4,6.808816,4.000000,758.743300,434.389500,755.386000,436.325100,3.875365,748.522100,440.114400,762.249800,432.535700,748.522100,428.265100,762.249800,420.963000,1.959427,0.302566,-2.045676,2.207289,0.295503,-1.852159,2.143977,-1.899493,234.737100,0.988975,0.314105,0,1,3.171425,0.030000,0.000246,0.125702,1,4,9,12,4
40,4.265785,0.077039,player,5,2,5.191184,2.000000,774.908000,510.857700,778.265300,508.922200,3.875319,785.129000,505.133000,771.401600,512.711400,785.129000,493.283600,771.401600,501.138700,2.620385,0.302567,-3.705886,2.372529,0.295504,-3.899398,2.435839,-3.852065,54.737260,0.988972,0.314098,0,1,3.171423,0.030000,0.000164,0.125702,5,8,4,9,4
41,4.342905,0.078000,father,4,9,3.999999,8.738381,439.683800,393.603000,441.166900,394.418600,1.692569,447.775500,396.874300,434.558400,391.963000,447.775500,387.911500,434.558400,382.302900,-3.470721,0.228860,-0.941565,-3.709363,0.246664,-0.816158,-3.616820,-0.858035,125.260600,0.077016,0.267257,0,0,3.241422,0.030000,0.000301,0.121238,7,4,5,8,4
41,4.342905,0.078000,mother,8,8,8.000000,8.274081,628.413100,318.867000,627.271400,318.180500,1.332302,620.653400,315.706300,633.889300,320.654600,620.653400,306.819900,633.889300,310.892200,-0.349313,0.226908,1.131011,-0.110333,0.249279,1.004660,-0.209207,1.050305,305.260500,0.092594,0.268078,0,0,3.253807,0.030000,0.000110,0.123428,3,8,11,7,4
41,4.342905,0.078000,older_sister,7,4,6.728318,4.000000,755.340300,436.091200,753.670100,436.847400,1.833356,745.865500,440.985100,761.474700,432.709600,745.865500,430.002500,761.474700,420.636600,1.911461,0.280434,-2.067908,2.193294,0.308278,-1.856599,2.082533,-1.942946,234.732100,0.089598,0.352116,0,0,3.251425,0.030000,0.000061,0.125702,1,4,9,12,4
41,4.342905,0.078000,player,5,2,5.271682,2.000000,778.311100,509.156000,779.981300,508.399800,1.833424,787.785900,504.262100,772.176600,512.537600,787.785900,493.279500,772.176600,500.464500,2.668356,0.280434,-3.683648,2.386523,0.308277,-3.894958,2.497283,-3.808611,54.732070,0.089595,0.352116,0,0,3.251423,0.030000,0.000329,0.125702,5,8,4,9,4
42,4.416809,0.075464,father,4,9,3.999999,8.657883,443.086900,395.304800,442.214000,395.085800,0.899968,448.532300,397.322600,435.895600,392.849100,448.532300,388.537400,435.895600,382.284400,-3.457055,0.224325,-0.953012,-3.685218,0.269762,-0.838783,-3.555375,-0.901489,125.267900,0.177639,0.252242,1,0,3.321422,0.030000,0.000110,0.124643,7,4,5,8,4
42,4.416809,0.075464,mother,8,8,8.000000,8.354580,625.010100,317.165600,626.235500,317.542500,1.282004,620.064800,315.408700,632.406100,319.676200,620.064800,306.610900,632.406100,308.932000,-0.359940,0.224648,1.138610,-0.137112,0.274348,1.029642,-0.270651,1.093750,305.263200,0.193216,0.244852,1,0,3.333807,0.030000,0.000061,0.124952,3,8,11,7,4
42,4.416809,0.075464,older_sister,7,4,6.647820,4.000000,751.937200,437.792700,753.082800,436.907100,1.447982,746.177300,440.771400,759.988300,433.042800,746.177300,429.826700,759.988300,419.940300,1.917090,0.279466,-2.062451,2.166454,0.334563,-1.865105,2.021088,-1.986392,234.737100,0.190220,0.317542,1,0,3.331425,0.030000,0.000136,0.129832,1,4,9,12,4
42,4.416809,0.075464,player,5,2,5.352180,2.000000,781.714200,507.454700,780.568600,508.340200,1.447944,787.474400,504.476100,773.662800,512.204300,787.474400,493.531400,773.662800,499.101900,2.662731,0.279466,-3.689114,2.413357,0.334562,-3.886450,2.558728,-3.765170,54.739540,0.190218,0.317545,1,0,3.331423,0.030000,0.000110,0.129832,5,8,4,9,4
43,4.534626,0.118720,father,4,9,3.999999,8.577385,446.490000,397.006300,444.401400,396.181100,2.245705,449.054500,397.525400,439.748200,394.836800,449.054500,388.662000,439.748200,382.588500,-3.447627,0.226321,-0.958190,-3.615657,0.312755,-0.889539,-3.493931,-0.944934,125.263100,0.278262,0.176833,1,0,3.401422,0.030000,0.000136,0.124643,7,4,5,8,4
43,4.534626,0.118720,mother,8,8,8.000000,8.435078,621.607000,315.463800,623.646200,316.300600,2.204199,619.400100,315.136300,627.892200,317.465000,619.400100,306.265200,627.892200,304.992300,-0.371942,0.226518,1.145566,-0.218613,0.318482,1.086105,-0.332096,1.137204,305.267600,0.293839,0.159521,1,0,3.413807,0.030000,0.000193,0.124952,3,8,11,7,4
43,4.534626,0.118720,older_sister,7,4,6.567321,4.000000,748.534100,439.494400,750.732400,438.036300,2.637999,746.482400,440.606900,754.982400,435.465600,746.482400,429.581200,754.982400,420.357600,1.922598,0.281534,-2.058251,2.076072,0.385774,-1.926972,1.959643,-2.029845,234.732600,0.290844,0.201106,1,0,3.411425,0.030000,0.000000,0.129832,1,4,9,12,4
43,4.534626,0.118720,player,5,2,5.432679,2.000000,785.117200,505.753200,782.918800,507.211300,2.638050,787.169200,504.640800,778.668300,509.781800,787.169200,493.615100,778.668300,494.673800,2.657222,0.281535,-3.693320,2.503734,0.385773,-3.824590,2.620173,-3.721724,54.737110,0.290840,0.201111,1,0,3.411423,0.030000,0.000031,0.129832,5,8,4,9,4
44,4.606472,0.072692,father,4,8,3.999999,8.496886,449.893000,398.708000,448.844200,398.178700,1.174790,450.355700,398.090000,447.332800,398.267400,450.355700,389.131200,447.332800,386.153400,-3.424134,0.228759,-0.972608,-3.478714,0.309322,-0.977136,-3.432487,-0.988387,125.267300,0.378884,0.041948,1,0,3.481422,0.030000,0.000031,0.124643,7,4,5,8,4
44,4.606472,0.072692,mother,8,9,8.000000,8.515576,618.203900,313.762400,618.928200,314.145600,0.819445,618.042800,314.538300,619.813500,313.752900,618.042800,305.574800,619.813500,302.058500,-0.396449,0.228879,1.160836,-0.364479,0.298608,1.180892,-0.393541,1.180649,305.262800,0.394462,0.014524,1,0,3.493807,0.030000,0.000136,0.124952,3,8,11,7,4
44,4.606472,0.072692,older_sister,6,4,6.486823,4.000000,745.131000,441.195700,746.152000,440.616300,1.173974,745.967500,440.953500,746.336400,440.279000,745.967500,429.742800,746.336400,425.795500,1.913303,0.286258,-2.067102,1.919961,0.369828,-2.049878,1.898198,-2.073287,234.739000,0.391466,0.015380,1,0,3.491425,0.030000,0.000193,0.129832,1,4,9,12,4
44,4.606472,0.072692,player,6,2,5.513178,2.000000,788.520400,504.051500,787.499500,504.631100,1.173982,787.683800,504.293700,787.314900,504.968400,787.683800,493.083100,787.314900,490.484800,2.666515,0.286257,-3.684456,2.659853,0.369830,-3.701685,2.681617,-3.678271,54.732070,0.391463,0.015387,1,0,3.491423,0.030000,0.000193,0.129832,5,8,4,9,4
45,4.681011,0.076215,father,4,8,3.999999,8.416388,453.296100,400.409500,454.586500,401.056300,1.443427,451.739000,398.738800,457.434000,403.373800,451.739000,389.766400,457.434000,393.743600,-3.399157,0.229105,-0.989174,-3.296331,0.245901,-1.107525,-3.371042,-1.031833,125.263600,0.479507,-0.152287,1,0,3.561422,0.030000,0.000043,0.124643,7,4,5,8,4
45,4.681011,0.076215,mother,8,9,8.000000,8.596075,614.800800,312.060600,613.239000,311.249600,1.759772,616.701600,313.906000,609.776400,308.593200,616.701600,304.938400,609.776400,299.073900,-0.420665,0.228982,1.176982,-0.545705,0.243072,1.312640,-0.454986,1.224103,305.267900,0.495085,-0.180420,1,0,3.573807,0.030000,0.000301,0.124952,3,8,11,7,4
45,4.681011,0.076215,older_sister,6,4,6.406324,4.000000,741.727800,442.897200,739.732100,443.750900,2.170652,745.429400,441.266500,734.034700,446.235300,745.429400,429.908800,734.034700,434.486100,1.903587,0.290013,-2.075095,1.697849,0.300008,-2.201968,1.836752,-2.116733,234.737700,0.492089,-0.241235,1,0,3.571425,0.030000,0.000273,0.129832,1,4,9,12,4
45,4.681011,0.076215,player,6,2,5.593676,2.000000,791.923500,502.350000,793.919100,501.496300,2.170596,788.222000,503.980700,799.616300,499.012000,788.222000,492.623000,799.616300,487.262800,2.676230,0.290013,-3.676462,2.881961,0.300008,-3.549592,2.743062,-3.634825,54.737260,0.492086,-0.241228,1,0,3.571423,0.030000,0.000136,0.129832,5,8,4,9,4
46,4.748945,0.072983,father,4,8,3.999999,8.335890,456.699200,402.110700,458.382500,403.002700,1.904997,452.622400,399.175800,464.142600,406.829600,452.622400,390.045900,464.142600,397.706900,-3.383206,0.233128,-1.000333,-3.175203,0.232942,-1.195766,-3.309597,-1.075275,125.260600,0.580130,-0.282664,0,0,3.641422,0.030000,0.000246,0.124643,7,4,5,8,4
46,4.748945,0.072983,mother,8,9,8.000000,8.676574,611.397700,310.359300,610.142400,309.745700,1.397271,615.935200,313.531200,604.349600,305.960100,615.935200,304.320600,604.349600,296.980000,-0.434504,0.235188,1.186551,-0.643688,0.229303,1.379875,-0.516430,1.267544,305.260500,0.595707,-0.282411,0,0,3.653807,0.030000,0.000110,0.124952,3,8,11,7,4
46,4.748945,0.072983,older_sister,6,4,6.325826,4.000000,738.324800,444.599000,736.660900,445.311900,1.810248,745.534000,441.232200,727.787700,449.391600,745.534000,429.515500,727.787700,438.415600,1.905476,0.299180,-2.074218,1.585056,0.280265,-2.282563,1.775309,-2.160186,234.732000,0.592712,-0.381909,0,0,3.651425,0.030000,0.000086,0.129832,1,4,9,12,4
46,4.748945,0.072983,player,6,2,5.674175,2.000000,795.326500,500.648300,796.990500,499.935300,1.810328,788.117400,504.014900,805.863700,495.855600,788.117400,492.298200,805.863700,484.879600,2.674341,0.299180,-3.677338,2.994761,0.280265,-3.468993,2.804506,-3.591372,54.731890,0.592709,-0.381909,0,0,3.651423,0.030000,0.000356,0.129832,5,8,4,9,4
47,4.812198,0.066553,father,4,8,3.999999,8.255391,460.102300,403.812500,459.414100,403.277800,0.871464,453.639900,399.489200,465.188400,407.066500,453.639900,389.442300,465.188400,398.231500,-3.364836,0.256541,-1.008334,-3.156321,0.225597,-1.201817,-3.248153,-1.118727,125.267000,0.680753,-0.281961,0,1,3.721422,0.030000,0.000068,0.124643,7,4,5,8,4
47,4.812198,0.066553,mother,8,9,8.000000,8.757071,607.994600,308.657800,609.027700,309.387400,1.264698,614.629800,313.109400,603.425700,305.665300,614.629800,302.879900,603.425700,296.822700,-0.458073,0.261202,1.197323,-0.660371,0.225793,1.387402,-0.577875,1.310990,305.262800,0.696330,-0.274917,0,1,3.733807,0.030000,0.000031,0.124952,3,8,11,7,4
47,4.812198,0.066553,older_sister,6,4,6.245327,4.000000,734.921800,446.300400,736.571100,445.793400,1.725515,745.180600,441.855000,727.961700,449.731800,745.180600,429.004900,727.961700,438.915800,1.899094,0.328120,-2.090119,1.588196,0.276182,-2.291251,1.713864,-2.203631,234.737100,0.693335,-0.369971,0,1,3.731425,0.030000,0.000164,0.129832,1,4,9,12,4
47,4.812198,0.066553,player,6,2,5.754673,2.000000,798.729600,498.947000,797.080300,499.453900,1.725439,788.470500,503.392100,805.690200,495.515700,788.470500,490.542000,805.690200,484.699600,2.680717,0.328120,-3.661433,2.991627,0.276183,-3.460315,2.865952,-3.547930,54.740010,0.693332,-0.369974,0,1,3.731422,0.030000,0.000136,0.129832,5,8,4,9,4
48,4.874044,0.062616,father,4,8,3.999999,8.174892,463.505400,405.513900,461.779700,404.411800,2.047672,458.164200,401.600300,465.395100,407.223200,458.164200,390.006200,465.395100,398.278900,-3.283145,0.296050,-1.062242,-3.152589,0.228388,-1.205818,-3.186708,-1.162173,125.262800,0.781375,-0.189491,0,1,3.801422,0.030000,0.000164,0.111714,7,4,5,8,4
48,4.874044,0.062616,mother,8,9,8.000000,8.837570,604.591600,306.956100,606.251900,307.990200,1.956017,609.385400,310.533600,603.118400,305.446700,609.385400,298.729100,603.118400,296.474900,-0.552762,0.301423,1.263093,-0.665918,0.229091,1.392985,-0.639320,1.354444,305.267900,0.796953,-0.167387,0,1,3.813807,0.030000,0.000220,0.113619,3,8,11,7,4
48,4.874044,0.062616,older_sister,6,4,6.164829,4.000000,731.518600,448.002200,733.949300,447.236300,2.548476,739.256000,445.068100,728.642600,449.404500,739.256000,430.293900,728.642600,438.459200,1.792122,0.377250,-2.172163,1.600491,0.279483,-2.282893,1.652420,-2.247085,234.732100,0.793957,-0.220395,0,1,3.811425,0.030000,0.000000,0.127622,1,4,9,12,4
48,4.874044,0.062616,player,6,2,5.835172,2.000000,802.132700,497.245500,799.702000,498.011300,2.548439,794.394800,500.179200,805.009100,495.843300,794.394800,485.405100,805.009100,484.898000,2.787685,0.377249,-3.579396,2.979331,0.279483,-3.468681,2.927396,-3.504485,54.737260,0.793954,-0.220401,0,1,3.811422,0.030000,0.000031,0.127622,5,8,4,9,4
49,4.980520,0.106654,father,4,8,3.999999,8.094394,466.908500,407.215700,466.572500,407.022700,0.387496,466.872600,406.333800,466.272300,407.711600,466.872600,395.134500,466.272300,398.548700,-3.125911,0.285968,-1.183107,-3.136749,0.233970,-1.218289,-3.125263,-1.205626,125.267900,0.881999,-0.011465,0,1,3.881422,0.030000,0.000031,0.111714,7,4,5,8,4
49,4.980520,0.106654,mother,8,9,8.000000,8.918069,601.188400,305.254700,601.140600,305.252300,0.047847,600.061900,305.548900,602.219300,304.955800,600.061900,294.727000,602.219300,295.769600,-0.721104,0.276331,1.390376,-0.682152,0.234564,1.405520,-0.700764,1.397889,305.262800,0.897576,0.023062,0,1,3.893806,0.030000,0.000110,0.113619,3,8,11,7,4
49,4.980520,0.106654,older_sister,6,4,6.084330,4.000000,728.115500,449.703600,728.156100,449.806200,0.110258,727.797500,450.197400,728.514700,449.414900,727.797500,436.336200,728.514700,438.133100,1.585233,0.353940,-2.303140,1.598182,0.288073,-2.283158,1.590975,-2.290530,234.737200,0.894580,0.022109,0,1,3.891425,0.030000,0.000086,0.127622,1,4,9,12,4
49,4.980520,0.106654,player,6,2,5.915670,2.000000,805.535800,495.543800,805.495100,495.441300,0.110297,805.853400,495.050000,805.136800,495.832500,805.853400,481.188700,805.136800,484.550800,2.994576,0.353942,-3.448425,2.981636,0.288072,-3.468404,2.988841,-3.461031,54.732070,0.894577,0.022101,0,1,3.891422,0.030000,0.000164,0.127622,5,8,4,9,4
50,5.042817,0.063220,father,4,8,3.999999,8.013896,470.311600,408.917200,473.002000,410.139500,2.955064,478.765000,412.074400,467.239000,408.204500,478.765000,402.498200,467.239000,398.880400,-2.911188,0.244524,-1.329691,-3.119295,0.238086,-1.230876,-3.063818,-1.249072,125.262600,0.982621,0.226971,0,1,3.961421,0.030000,0.000043,0.111714,7,4,5,8,4
50,5.042817,0.063220,mother,8,9,8.000000,8.998568,597.785300,303.552900,594.785100,302.192400,3.294248,588.330000,299.916100,601.240100,304.468700,588.330000,290.227700,601.240100,295.107200,-0.932930,0.247387,1.534206,-0.699832,0.239040,1.417958,-0.762210,1.441343,305.267500,0.998199,0.257438,0,1,3.973806,0.030000,0.000301,0.113619,3,8,11,7,4
50,5.042817,0.063220,older_sister,6,4,6.003832,4.000000,724.712500,451.404900,721.219100,453.419600,4.032682,713.999300,457.390600,728.439000,449.448700,713.999300,445.527800,728.439000,437.851500,1.336097,0.302910,-2.486812,1.596816,0.296126,-2.284020,1.529530,-2.333972,234.739500,0.995203,0.329956,0,1,3.971425,0.030000,0.000301,0.127622,1,4,9,12,4
50,5.042817,0.063220,player,6,2,5.996169,2.000000,808.938900,493.842300,812.432100,491.827600,4.032592,819.651600,487.856500,805.212500,495.798600,819.651600,475.993700,805.212500,484.201500,3.243708,0.302909,-3.264742,2.983005,0.296125,-3.467538,3.050286,-3.417586,54.737260,0.995200,0.329948,0,1,3.971422,0.030000,0.000136,0.127622,5,8,4,9,4
51,5.103868,0.061358,father,4,8,3.999999,7.933397,473.714700,410.618500,475.062700,411.383600,1.550074,481.676500,413.847800,468.448900,408.919500,481.676500,404.918500,468.448900,399.220000,-2.858619,0.228003,-1.374973,-3.097450,0.247671,-1.249131,-3.002374,-1.292513,125.260800,0.083244,0.267662,0,0,4.041421,0.030000,0.000246,0.111714,7,4,5,8,4
51,5.103868,0.061358,mother,8,9,8.000000,9.079065,594.382300,301.851600,593.381200,301.218900,1.184202,586.764100,298.739300,599.998400,303.698500,586.764100,289.878300,599.998400,293.893200,-0.961204,0.226262,1.564254,-0.722252,0.250373,1.437623,-0.823654,1.484784,305.260800,0.098822,0.268216,0,0,4.053806,0.030000,0.000110,0.113619,3,8,11,7,4
51,5.103868,0.061358,older_sister,6,4,5.923333,4.000000,721.309300,453.106700,719.790300,453.763700,1.655052,711.979700,457.899200,727.600800,449.628300,711.979700,446.943700,727.600800,437.506900,1.299633,0.279742,-2.499799,1.581682,0.309515,-2.288608,1.468086,-2.377425,234.732500,0.095826,0.352224,0,0,4.051425,0.030000,0.000110,0.127622,1,4,9,12,4
51,5.103868,0.061358,player,6,2,6.076667,2.000000,812.342000,492.140600,813.861100,491.483500,1.655188,821.671700,487.348000,806.050500,495.618900,821.671700,476.392500,806.050500,483.497400,3.280184,0.279743,-3.251758,2.998136,0.309514,-3.462950,3.111730,-3.374133,54.732410,0.095823,0.352224,0,0,4.051422,0.030000,0.000329,0.127622,5,8,4,9,4
52,5.163195,0.059858,father,4,8,3.999999,7.852899,477.117800,412.320200,476.100400,412.036900,1.056050,482.364100,414.234100,469.836800,409.839600,482.364100,405.444900,469.836800,399.205600,-2.846203,0.224427,-1.384838,-3.072392,0.271531,-1.272625,-2.940929,-1.335967,125.267900,0.183867,0.249467,1,0,4.121421,0.030000,0.000097,0.111714,7,4,5,8,4
52,5.163195,0.059858,mother,8,9,8.000000,9.159564,590.979100,300.150100,592.339500,300.587200,1.428900,586.237500,298.498900,598.441500,302.675600,586.237500,289.693500,598.441500,291.860000,-0.970711,0.224840,1.570393,-0.750362,0.276170,1.463744,-0.885099,1.528230,305.262800,0.199444,0.241489,1,0,4.133806,0.030000,0.000000,0.113619,3,8,11,7,4
52,5.163195,0.059858,older_sister,6,4,5.842835,4.000000,717.906300,454.808100,719.208000,453.827800,1.629581,712.421100,457.649400,725.994900,450.006200,712.421100,446.696000,725.994900,436.831800,1.307604,0.279690,-2.493421,1.552685,0.336402,-2.298257,1.406641,-2.420870,234.737200,0.196448,0.312785,1,0,4.131424,0.030000,0.000220,0.127622,1,4,9,12,4
52,5.163195,0.059858,player,6,2,6.157166,2.000000,815.745100,490.439300,814.443400,491.419500,1.629544,821.230500,487.598100,807.656300,495.240900,821.230500,476.644600,807.656300,482.066400,3.272218,0.279690,-3.258143,3.027126,0.336402,-3.453298,3.173175,-3.330691,54.739490,0.196446,0.312788,1,0,4.131422,0.030000,0.000086,0.127622,5,8,4,9,4
53,5.225575,0.063190,father,4,8,3.999999,7.772400,480.520900,414.021700,478.447000,413.190900,2.234068,482.941000,414.463400,473.953000,411.918300,482.941000,405.598000,473.953000,399.573800,-2.835786,0.226373,-1.390693,-2.998070,0.315210,-1.325705,-2.879484,-1.379413,125.262800,0.284490,0.170026,1,0,4.201421,0.030000,0.000164,0.111714,7,4,5,8,4
53,5.225575,0.063190,mother,8,9,8.000000,9.240062,587.576000,298.448400,589.583800,299.287500,2.176045,585.509700,298.196600,593.658000,300.378400,585.509700,289.320500,593.658000,287.829900,-0.983853,0.226646,1.578111,-0.836731,0.320420,1.522400,-0.946543,1.571682,305.267100,0.300067,0.152288,1,0,4.213806,0.030000,0.000136,0.113619,3,8,11,7,4
53,5.225575,0.063190,older_sister,6,4,5.762336,4.000000,714.503200,456.509900,716.692600,455.077500,2.616354,712.646000,457.528500,720.739200,452.626600,712.646000,446.495300,720.739200,437.414500,1.311665,0.281727,-2.490334,1.457792,0.388431,-2.365165,1.345196,-2.464324,234.732100,0.297072,0.191579,1,0,4.211424,0.030000,0.000031,0.127622,1,4,9,12,4
53,5.225575,0.063190,player,6,2,6.237664,2.000000,819.148200,488.737700,816.958700,490.170000,2.616372,821.005500,487.719000,812.911700,492.620800,821.005500,476.685800,812.911700,477.408900,3.268154,0.281727,-3.261231,3.122018,0.388430,-3.386397,3.234620,-3.287241,54.734440,0.297068,0.191585,1,0,4.211422,0.030000,0.000136,0.127622,5,8,4,9,4
54,5.283699,0.058926,father,4,8,3.999999,7.691902,483.924000,415.723400,483.000500,415.249200,1.038117,484.266900,415.042300,481.734000,415.456100,484.266900,406.080600,481.734000,403.500200,-2.811848,0.228832,-1.405474,-2.857580,0.305288,-1.416041,-2.818040,-1.422866,125.267400,0.385112,0.031238,1,0,4.281421,0.030000,0.000031,0.128806,7,4,5,8,4
54,5.283699,0.058926,mother,8,9,8.000000,9.320560,584.173000,296.746900,584.756900,297.064200,0.664546,584.133100,297.586200,585.380700,296.542300,584.133100,288.622300,585.380700,285.031300,-1.008708,0.228888,1.593699,-0.986183,0.293926,1.620354,-1.007988,1.615128,305.262900,0.400690,0.003004,1,0,4.293806,0.030000,0.000110,0.128866,3,8,11,7,4
54,5.283699,0.058926,older_sister,6,4,5.681838,4.000000,711.100100,458.211300,711.954400,457.721600,0.984731,712.104200,457.888000,711.804500,457.555200,712.104200,446.667100,711.804500,443.276700,1.301883,0.286520,-2.499513,1.296471,0.364591,-2.491014,1.283751,-2.507769,234.737200,0.397694,0.000487,1,0,4.291424,0.030000,0.000110,0.136214,1,4,9,12,4
54,5.283699,0.058926,player,6,2,6.318162,2.000000,822.551300,487.036100,821.696900,487.525900,0.984814,821.547200,487.359400,821.846600,487.692400,821.547200,476.138500,821.846600,473.413900,3.277935,0.286520,-3.252048,3.283342,0.364593,-3.260551,3.296065,-3.243792,54.734890,0.397691,0.000494,1,0,4.291422,0.030000,0.000164,0.136214,5,8,4,9,4
55,5.385857,0.101829,father,4,8,3.999999,7.611403,487.327000,417.424900,488.730200,418.138800,1.574390,485.633200,415.684600,491.827300,420.593000,485.633200,406.714100,491.827300,411.014100,-2.787178,0.229057,-1.421875,-2.675340,0.244592,-1.547208,-2.756595,-1.466312,125.263400,0.485735,-0.163676,1,0,4.361421,0.030000,0.000068,0.128806,7,4,5,8,4
55,5.385857,0.101829,mother,8,9,8.000000,9.401059,580.769900,295.045200,579.113200,294.175900,1.870867,582.811400,296.961900,575.415000,291.390000,582.811400,287.994600,575.415000,281.906700,-1.032571,0.228974,1.609641,-1.166118,0.242150,1.751914,-1.069433,1.658581,305.267900,0.501313,-0.191184,1,0,4.373806,0.030000,0.000301,0.128866,3,8,11,7,4
55,5.385857,0.101829,older_sister,6,4,5.601339,4.000000,707.697000,459.912600,705.557400,460.821400,2.324623,711.590000,458.186800,699.524800,463.455900,711.590000,446.823800,699.524800,451.763900,1.292597,0.290147,-2.507144,1.074755,0.298546,-2.641686,1.222307,-2.551211,234.739500,0.498317,-0.255547,1,0,4.371424,0.030000,0.000301,0.136214,1,4,9,12,4
55,5.385857,0.101829,player,6,2,6.398661,2.000000,825.954300,485.334600,828.093800,484.425800,2.324466,822.061500,487.060500,834.126000,481.791200,822.061500,475.697500,834.126000,470.099300,3.287222,0.290147,-3.244416,3.505053,0.298547,-3.109868,3.357509,-3.200347,54.737010,0.498314,-0.255540,1,0,4.371422,0.030000,0.000136,0.136214,5,8,4,9,4
56,5.445327,0.060651,father,4,8,3.999999,7.530905,490.730100,419.126600,492.234700,419.902400,1.692767,486.465400,416.095600,498.003900,423.709200,486.465400,406.936500,498.003900,414.652600,-2.772152,0.233871,-1.432369,-2.563818,0.231255,-1.626777,-2.695150,-1.509765,125.267500,0.586358,-0.282348,0,0,4.441421,0.030000,0.000110,0.128806,7,4,5,8,4
56,5.445327,0.060651,mother,8,9,8.000000,9.481558,577.366800,293.343900,576.244700,292.814500,1.240751,582.074500,296.605900,570.415000,289.022900,582.074500,287.355200,570.415000,280.064600,-1.045879,0.236212,1.618729,-1.256396,0.228746,1.812356,-1.130877,1.702023,305.260400,0.601935,-0.283675,0,0,4.453806,0.030000,0.000086,0.128866,3,8,11,7,4
56,5.445327,0.060651,older_sister,6,4,5.520841,4.000000,704.293900,461.614400,702.850900,462.250100,1.576807,711.736800,458.141900,693.965100,466.358200,711.736800,446.377700,693.965100,455.410400,1.295248,0.300394,-2.505998,0.974369,0.279544,-2.715794,1.160862,-2.594665,234.732000,0.598940,-0.383121,0,0,4.451424,0.030000,0.000136,0.136214,1,4,9,12,4
56,5.445327,0.060651,player,6,2,6.479159,2.000000,829.357400,483.632900,830.800500,482.997200,1.576919,821.914700,487.105300,839.686400,478.889100,821.914700,475.341000,839.686400,467.941400,3.284570,0.300393,-3.245559,3.605449,0.279543,-3.035764,3.418954,-3.156893,54.732220,0.598937,-0.383121,0,0,4.451422,0.030000,0.000273,0.136214,5,8,4,9,4
57,5.503666,0.058769,father,4,7,3.999999,7.450407,494.133200,420.827900,493.305300,420.212100,1.031887,487.589100,416.445000,499.021500,423.979100,487.589100,406.323100,499.021500,415.143000,-2.751863,0.258459,-1.441293,-2.545445,0.225624,-1.633669,-2.633706,-1.553206,125.260400,0.686981,-0.279606,0,1,4.521421,0.030000,0.000097,0.128806,7,4,5,8,4
57,5.503666,0.058769,mother,8,10,8.000000,9.562056,573.963700,291.642400,575.134600,292.443900,1.418986,580.645100,296.129100,569.624200,288.758700,580.645100,285.835100,569.624200,279.907400,-1.071685,0.262852,1.630905,-1.270674,0.226012,1.819102,-1.192322,1.745468,305.262900,0.702559,-0.271128,0,1,4.533806,0.030000,0.000031,0.128866,3,8,11,7,4
57,5.503666,0.058769,older_sister,5,4,5.440342,4.000000,700.890800,463.315800,702.723500,462.731800,1.923524,711.216500,458.865300,694.230700,466.598200,711.216500,445.949000,694.230700,455.776100,1.285852,0.329809,-2.524468,0.979166,0.276336,-2.721923,1.099417,-2.638110,234.737200,0.699563,-0.364409,0,1,4.531424,0.030000,0.000220,0.136214,1,4,9,12,4
57,5.503666,0.058769,player,7,2,6.559658,2.000000,832.760600,481.931400,830.927900,482.515400,1.923505,822.435000,486.382000,839.420700,478.649000,822.435000,473.465800,839.420700,467.826900,3.293965,0.329808,-3.227091,3.600652,0.276336,-3.029632,3.480399,-3.113448,54.737110,0.699560,-0.364412,0,1,4.531422,0.030000,0.000164,0.136214,5,8,4,9,4
58,5.561506,0.058988,father,4,7,3.999999,7.369908,497.536300,422.529400,495.831300,421.449900,2.017935,492.405400,418.742300,499.257300,424.157500,492.405400,407.061900,499.257300,415.203000,-2.664902,0.298253,-1.499951,-2.541188,0.228648,-1.638226,-2.572262,-1.596652,125.263100,0.787603,-0.180844,0,1,4.601421,0.030000,0.000205,0.128806,7,4,5,8,4
58,5.561506,0.058988,mother,8,10,8.000000,9.642554,570.560700,289.940700,572.181900,290.937200,1.903048,575.114000,293.365400,569.249900,288.509100,575.114000,281.487500,569.249900,279.524400,-1.171553,0.303294,1.701474,-1.277432,0.229419,1.825477,-1.253766,1.788922,305.268200,0.803181,-0.158046,0,1,4.613806,0.030000,0.000164,0.128866,3,8,11,7,4
58,5.561506,0.058988,older_sister,5,4,5.359844,4.000000,697.487700,465.017600,699.837500,464.267200,2.466712,704.852200,462.223700,694.822900,466.310600,704.852200,447.344600,694.822900,455.348900,1.170942,0.379928,-2.610223,0.989856,0.279902,-2.714580,1.037973,-2.681563,234.732500,0.800185,-0.208106,0,1,4.611424,0.030000,0.000031,0.136214,1,4,9,12,4
58,5.561506,0.058988,player,7,2,6.640156,2.000000,836.163600,480.230100,833.813700,480.980300,2.466763,828.798500,483.023400,838.828900,478.937300,828.798500,468.144400,838.828900,467.975500,3.408862,0.379927,-3.141331,3.589966,0.279901,-3.036994,3.541843,-3.070006,54.739630,0.800182,-0.208112,0,1,4.611422,0.030000,0.000031,0.136214,5,8,4,9,4
59,5.618176,0.057069,father,4,7,3.999999,7.289410,500.939400,424.231100,500.752600,424.115000,0.219939,501.359300,423.581000,500.146000,424.649000,501.359300,412.528100,500.146000,415.476400,-2.503235,0.282230,-1.623505,-2.525141,0.234217,-1.650774,-2.510816,-1.640105,125.267500,0.888227,0.002140,0,1,4.681421,0.030000,0.000000,0.128806,7,4,5,8,4
59,5.618176,0.057069,mother,8,10,8.000000,9.723053,567.157500,288.239200,566.944200,288.154800,0.229412,565.543200,288.290300,568.345400,288.019300,565.543200,277.619500,568.345400,278.824300,-1.344360,0.272475,1.831062,-1.293763,0.234789,1.837983,-1.315212,1.832367,305.262600,0.903804,0.037317,0,1,4.693806,0.030000,0.000086,0.128866,3,8,11,7,4
59,5.618176,0.057069,older_sister,5,4,5.279346,4.000000,694.084600,466.719100,693.926900,466.916500,0.252729,693.155400,467.510200,694.698400,466.322800,693.155400,453.840200,694.698400,455.023700,0.959750,0.349057,-2.745211,0.987608,0.288515,-2.714892,0.976528,-2.725009,234.737100,0.900808,0.040251,0,1,4.691424,0.030000,0.000110,0.136214,1,4,9,12,4
59,5.618176,0.057069,player,7,2,6.720654,2.000000,839.566700,478.528400,839.724400,478.330900,0.252729,840.495600,477.737300,838.953300,478.924500,840.495600,464.067100,838.953300,467.625400,3.620060,0.349060,-3.006353,3.592211,0.288516,-3.036669,3.603288,-3.026553,54.732520,0.900805,0.040242,0,1,4.691422,0.030000,0.000164,0.136214,5,8,4,9,4
60,5.673225,0.055397,father,4,7,3.999999,7.208911,504.342500,425.932600,507.171000,427.215700,3.105905,513.223800,429.292200,501.118200,425.139300,513.223800,419.678400,501.118200,415.800900,-2.289016,0.245483,-1.769337,-2.507588,0.238450,-1.663294,-2.449372,-1.683551,125.263000,0.988849,0.239689,0,1,4.761421,0.030000,0.000097,0.132484,7,4,5,8,4
60,5.673225,0.055397,mother,8,10,8.000000,9.803552,563.754400,286.537500,560.807400,285.196900,3.237617,554.277900,282.880300,567.336900,287.513400,554.277900,273.225300,567.336900,278.134400,-1.547760,0.246538,1.969203,-1.311974,0.239487,1.850901,-1.376656,1.875821,305.267900,0.004426,0.260817,0,1,4.773806,0.030000,0.000246,0.132714,3,8,11,7,4
60,5.673225,0.055397,older_sister,5,4,5.198847,4.000000,690.681500,468.420300,687.127600,470.467300,4.101316,679.645300,474.570300,694.609900,466.364400,679.645300,462.712000,694.609900,454.742100,0.715817,0.302794,-2.925485,0.986011,0.296769,-2.715955,0.915083,-2.768450,234.739600,0.001431,0.341583,0,1,4.771424,0.030000,0.000329,0.143182,1,4,9,12,4
60,5.673225,0.055397,player,7,2,6.801153,2.000001,842.969800,476.826900,846.523700,474.779800,4.101339,854.005700,470.676600,839.041700,478.882900,854.005700,458.818300,839.041700,467.260600,3.863993,0.302795,-2.826063,3.593809,0.296770,-3.035605,3.664733,-2.983108,54.737010,0.001428,0.341583,0,1,4.771421,0.030000,0.000061,0.143183,5,8,4,9,4
61,5.796528,0.123694,father,4,7,3.999999,7.128413,507.745600,427.634300,508.956800,428.347700,1.405599,515.573500,430.819400,502.339900,425.875900,515.573500,421.919500,502.339900,416.134800,-2.246589,0.227254,-1.808332,-2.485528,0.248734,-1.682104,-2.387927,-1.727004,125.267400,0.089472,0.267969,0,0,4.841421,0.030000,0.000068,0.132484,7,4,5,8,4
61,5.796528,0.123694,mother,8,10,8.000000,9.884049,560.351300,284.836000,559.493700,284.257700,1.034406,552.879600,281.772200,566.107700,286.743300,552.879600,272.932900,566.107700,276.894900,-1.573008,0.225704,1.997501,-1.334167,0.251474,1.870566,-1.438101,1.919266,305.262800,0.105050,0.268300,0,0,4.853806,0.030000,0.000164,0.132714,3,8,11,7,4
61,5.796528,0.123694,older_sister,5,4,5.118349,4.000000,687.278500,470.122100,685.912600,470.678100,1.474720,678.097400,474.808400,693.727800,466.547800,678.097400,463.874600,693.727800,454.378100,0.687870,0.279187,-2.931565,0.970086,0.310744,-2.720636,0.853640,-2.811904,234.731400,0.102054,0.352209,0,0,4.851424,0.030000,0.000110,0.143182,1,4,9,12,4
61,5.796528,0.123694,player,7,2,6.881651,2.000001,846.372800,475.125200,847.738800,474.569100,1.474800,855.554100,470.438900,839.923600,478.699400,855.554100,459.505100,839.923600,466.529800,3.891948,0.279187,-2.819992,3.609731,0.310744,-3.030921,3.726176,-2.939654,54.731600,0.102051,0.352209,0,0,4.851421,0.030000,0.000301,0.143183,5,8,4,9,4
62,5.876835,0.080793,father,4,7,3.999999,7.047914,511.148700,429.335600,509.991500,428.989600,1.207806,516.195000,431.144700,503.788100,426.834400,516.195000,422.350200,503.788100,416.127500,-2.235368,0.224563,-1.816641,-2.459382,0.273394,-1.706577,-2.326482,-1.770445,125.260400,0.190095,0.246454,1,0,4.921421,0.030000,0.000136,0.132484,7,4,5,8,4
62,5.876835,0.080793,mother,8,10,8.000000,9.964548,556.948200,283.134700,558.439800,283.630600,1.571856,552.411900,281.589400,564.467700,285.671700,552.411900,272.775800,564.467700,274.781100,-1.581453,0.225052,2.002165,-1.363777,0.278085,1.897928,-1.499546,1.962708,305.260500,0.205672,0.237916,1,0,4.933805,0.030000,0.000061,0.132714,3,8,11,7,4
62,5.876835,0.080793,older_sister,5,4,5.037850,4.000000,683.875400,471.823500,685.328900,470.749900,1.807055,678.666400,474.525500,691.991300,466.974300,678.666400,463.562600,691.991300,453.730300,0.698145,0.279932,-2.924343,0.938732,0.338179,-2.731527,0.792194,-2.855349,234.737800,0.202676,0.307760,1,0,4.931424,0.030000,0.000246,0.143182,1,4,9,12,4
62,5.876835,0.080793,player,7,2,6.962150,2.000001,849.776100,473.423700,848.322600,474.497300,1.806939,854.985100,470.721700,841.660100,478.272900,854.985100,459.758800,841.660100,465.028900,3.881676,0.279932,-2.827215,3.641085,0.338178,-3.020029,3.787624,-2.896209,54.738370,0.202673,0.307763,1,0,4.931421,0.030000,0.000136,0.143183,5,8,4,9,4
63,5.946308,0.070640,father,4,7,3.999999,6.967416,514.551800,431.037100,512.499300,430.202200,2.215778,516.829700,431.402600,508.168800,429.001900,516.829700,422.533700,508.168800,416.570500,-2.223909,0.226463,-1.823224,-2.380286,0.317426,-1.761923,-2.265037,-1.813892,125.263300,0.290718,0.163074,1,0,5.001420,0.030000,0.000220,0.132484,7,4,5,8,4
63,5.946308,0.070640,mother,8,10,8.000000,10.045050,553.545200,281.433000,555.515300,282.271200,2.141046,551.617100,281.256200,559.413600,283.286100,551.617100,272.374300,559.413600,270.673800,-1.595803,0.226794,2.010674,-1.455032,0.322049,1.958842,-1.560990,2.006162,305.267900,0.306295,0.144862,1,0,5.013805,0.030000,0.000110,0.132714,3,8,11,7,4
63,5.946308,0.070640,older_sister,5,4,4.957352,4.000000,680.472300,473.525300,682.648400,472.123300,2.588608,678.809000,474.451700,686.487900,469.795000,678.809000,463.409500,686.487900,454.490100,0.700717,0.281956,-2.922457,0.839365,0.390802,-2.803552,0.730749,-2.898802,234.732500,0.303299,0.181856,1,0,5.011424,0.030000,0.000031,0.143182,1,4,9,12,4
63,5.946308,0.070640,player,7,2,7.042648,2.000000,853.179000,471.722400,851.002700,473.124200,2.588731,854.842500,470.796100,847.162700,475.452300,854.842500,459.753900,847.162700,460.147500,3.879102,0.281956,-2.829114,3.740438,0.390801,-2.948008,3.849066,-2.852767,54.738230,0.303296,0.181861,1,0,5.011421,0.030000,0.000000,0.143183,5,8,4,9,4
64,6.000405,0.054287,father,4,7,3.999999,6.886917,517.954800,432.738900,517.162600,432.324100,0.894227,518.176800,431.994600,516.148300,432.653700,518.176800,423.031400,516.148300,420.869400,-2.199585,0.228869,-1.838341,-2.236209,0.300903,-1.855170,-2.203593,-1.857345,125.267600,0.391340,0.020185,1,0,5.081420,0.030000,0.000000,0.132484,7,4,5,8,4
64,6.000405,0.054287,mother,8,10,8.000000,10.125550,550.142100,279.731500,550.579100,279.978600,0.502004,550.222700,280.633800,550.935600,279.323300,550.222700,271.669400,550.935600,267.998200,-1.620981,0.228902,2.026567,-1.608108,0.289181,2.060030,-1.622435,2.049607,305.262900,0.406918,-0.008808,1,0,5.093805,0.030000,0.000031,0.132714,3,8,11,7,4
64,6.000405,0.054287,older_sister,5,4,4.876853,4.000000,677.069200,475.226700,677.746500,474.830100,0.784967,678.241300,474.822500,677.251700,474.837600,678.241300,463.591400,677.251700,460.770200,0.690467,0.286781,-2.931927,0.672600,0.359202,-2.932312,0.669304,-2.942248,234.737100,0.403922,-0.014810,1,0,5.091424,0.030000,0.000136,0.143182,1,4,9,12,4
64,6.000405,0.054287,player,7,2,7.123146,2.000000,856.582200,470.020700,855.904800,470.417400,0.784930,855.410200,470.424800,856.399500,470.409900,855.410200,459.193700,856.399500,456.342400,3.889351,0.286781,-2.819634,3.907212,0.359204,-2.819253,3.910511,-2.809313,54.732750,0.403919,-0.014803,1,0,5.091421,0.030000,0.000136,0.143183,5,8,4,9,4
65,6.056854,0.056834,father,4,7,3.999999,6.806419,521.358000,434.440300,522.868800,435.219800,1.700034,519.526500,432.630300,526.211000,437.809300,519.526500,423.661900,526.211000,428.271300,-2.175215,0.229003,-1.854572,-2.054523,0.243545,-1.986815,-2.142148,-1.900790,125.262800,0.491963,-0.174894,1,0,5.161420,0.030000,0.000136,0.132484,7,4,5,8,4
65,6.056854,0.056834,mother,8,10,8.000000,10.206040,546.739000,278.029800,544.994400,277.106400,1.973862,548.923400,280.018200,541.065400,274.194600,548.923400,271.050600,541.065400,264.740400,-1.644439,0.228983,2.042286,-1.786318,0.241408,2.190989,-1.683880,2.093060,305.267000,0.507541,-0.201700,1,0,5.173805,0.030000,0.000220,0.132714,3,8,11,7,4
65,6.056854,0.056834,older_sister,5,4,4.796355,4.000000,673.666100,476.928000,671.395600,477.886800,2.464628,677.753000,475.105400,665.038100,480.668100,677.753000,463.735900,665.038100,469.031000,0.681652,0.290315,-2.939150,0.452078,0.297146,-3.081190,0.607860,-2.985690,234.739200,0.504545,-0.269454,1,0,5.171423,0.030000,0.000356,0.143182,1,4,9,12,4
65,6.056854,0.056834,player,7,2,7.203645,2.000000,859.985200,468.319200,862.255600,467.360400,2.464471,855.898400,470.141900,868.612600,464.578900,855.898400,458.772400,868.612600,452.941800,3.898166,0.290314,-2.812410,4.127728,0.297146,-2.670362,3.971955,-2.765868,54.736500,0.504542,-0.269448,1,0,5.171421,0.030000,0.000110,0.143183,5,8,4,9,4
66,6.113456,0.055342,father,4,7,3.999999,6.725920,524.761100,436.142000,526.092200,436.804600,1.486829,520.312500,433.016000,531.871900,440.593100,520.312500,423.824000,531.871900,431.593400,-2.161024,0.234713,-1.864422,-1.952314,0.229803,-2.057899,-2.080703,-1.944243,125.267100,0.592586,-0.282117,0,0,5.241420,0.030000,0.000031,0.122998,7,4,5,8,4
66,6.113456,0.055342,mother,8,10,8.000000,10.286540,543.335800,276.328300,542.335800,275.874700,1.098073,548.207600,279.679200,536.463900,272.070200,548.207600,270.384900,536.463900,263.121400,-1.657361,0.237325,2.050943,-1.869402,0.228501,2.245236,-1.745325,2.136505,305.262500,0.608163,-0.285305,0,0,5.253805,0.030000,0.000110,0.123056,3,8,11,7,4
66,6.113456,0.055342,older_sister,5,4,4.715857,4.000000,670.263000,478.629800,669.007600,479.201100,1.379317,677.930900,475.058600,660.084400,483.343600,677.930900,463.243600,660.084400,472.406100,0.684863,0.301688,-2.937954,0.362634,0.279284,-3.149508,0.546415,-3.029143,234.732500,0.605168,-0.385239,0,0,5.251423,0.030000,0.000164,0.129360,1,4,9,12,4
66,6.113456,0.055342,player,7,2,7.284143,2.000000,863.388400,466.617400,864.643900,466.046100,1.379373,855.720500,470.188500,873.567200,461.903700,855.720500,458.373600,873.567200,450.966100,3.894954,0.301688,-2.813601,4.217185,0.279284,-2.602051,4.033401,-2.722415,54.733150,0.605165,-0.385238,0,0,5.251421,0.030000,0.000246,0.129361,5,8,4,9,4
67,6.215943,0.103669,father,4,7,3.999999,6.645422,528.164100,437.843500,527.200400,437.151400,1.186533,521.556900,433.412700,532.843900,440.890000,521.556900,423.217000,532.843900,432.050600,-2.138557,0.260342,-1.874551,-1.934763,0.225710,-2.065481,-2.019258,-1.987689,125.263600,0.693209,-0.276629,0,1,5.321420,0.030000,0.000000,0.122998,7,4,5,8,4
67,6.215943,0.103669,mother,8,10,8.000000,10.367040,539.932800,274.627000,541.233400,275.494400,1.563311,546.642200,279.138100,535.824500,271.850700,546.642200,268.774200,535.824500,262.989900,-1.685627,0.264637,2.064758,-1.880946,0.226255,2.250840,-1.806769,2.179948,305.261700,0.708787,-0.266909,0,1,5.333805,0.030000,0.000086,0.123056,3,8,11,7,4
67,6.215943,0.103669,older_sister,5,4,4.635358,4.000000,666.859900,480.331200,668.865600,479.671300,2.111518,677.228000,475.885300,660.503200,483.457300,677.228000,462.903300,660.503200,472.627400,0.672172,0.331488,-2.959064,0.370196,0.276537,-3.152411,0.484970,-3.072589,234.737100,0.705791,-0.358192,0,1,5.331423,0.030000,0.000273,0.129360,1,4,9,12,4
67,6.215943,0.103669,player,7,2,7.364642,2.000000,866.791300,464.916000,864.785800,465.575900,2.111276,856.423300,469.362100,873.148100,461.789800,856.423300,456.380100,873.148100,450.959800,3.907644,0.331487,-2.792498,4.209618,0.276537,-2.599143,4.094843,-2.678969,54.736010,0.705788,-0.358195,0,1,5.331421,0.030000,0.000193,0.129361,5,8,4,9,4
68,6.270354,0.054947,father,4,7,3.999999,6.564923,531.567300,439.544800,529.889900,438.494100,1.979271,526.657200,435.894800,533.122700,441.093400,526.657200,424.130600,533.122700,432.127600,-2.046468,0.300393,-1.937931,-1.929729,0.228936,-2.070673,-1.957814,-2.031131,125.260500,0.793831,-0.171953,0,1,5.401420,0.030000,0.000246,0.122998,7,4,5,8,4
68,6.270354,0.054947,mother,8,10,8.000000,10.447540,536.529700,272.925300,538.104400,273.879600,1.841377,540.828100,276.188300,535.380800,271.571000,540.828100,264.251600,535.380800,262.572400,-1.790604,0.304796,2.140081,-1.888958,0.229774,2.257982,-1.868214,2.223400,305.267100,0.809409,-0.148378,0,1,5.413805,0.030000,0.000061,0.123056,3,8,11,7,4
68,6.270354,0.054947,older_sister,5,4,4.554860,4.000000,663.456800,482.033000,665.714600,481.299900,2.373855,670.428200,479.382800,661.000900,483.216900,670.428200,464.412400,661.000900,472.237100,0.549398,0.382261,-3.048372,0.379184,0.280364,-3.146272,0.423526,-3.116042,234.732200,0.806413,-0.195500,0,1,5.411423,0.030000,0.000086,0.129360,1,4,9,12,4
68,6.270354,0.054947,player,7,2,7.445140,2.000000,870.194600,463.214200,867.936700,463.947400,2.373913,863.223000,465.864300,872.650600,462.030400,863.223000,450.894000,872.650600,451.050600,4.030414,0.382259,-2.703185,4.200635,0.280363,-2.605286,4.156291,-2.635516,54.733330,0.806410,-0.195506,0,1,5.411421,0.030000,0.000329,0.129361,5,8,4,9,4
69,6.324891,0.055328,father,4,6,3.999999,6.484425,534.970300,441.246500,534.938200,441.208700,0.049619,535.857700,440.832400,534.018700,441.585100,535.857700,429.933100,534.018700,432.403400,-1.880347,0.278308,-2.064008,-1.913552,0.234450,-2.083230,-1.896369,-2.074584,125.267500,0.894455,0.016012,0,1,5.481420,0.030000,0.000086,0.122998,7,4,5,8,4
69,6.324891,0.055328,mother,8,11,8.000000,10.528040,533.126600,271.223800,532.740200,271.054300,0.421921,531.009900,271.026100,534.470600,271.082400,531.009900,260.503100,534.470600,261.878500,-1.967876,0.268697,2.271895,-1.905393,0.235016,2.270457,-1.929659,2.266846,305.262800,0.910032,0.051849,0,1,5.493805,0.030000,0.000000,0.123056,3,8,11,7,4
69,6.324891,0.055328,older_sister,4,4,4.474361,4.000000,660.053700,483.734400,659.688500,484.033500,0.472079,658.496900,484.835200,660.880000,483.231800,658.496900,471.352800,660.880000,471.915600,0.333973,0.344266,-3.187595,0.377000,0.288953,-3.146654,0.362081,-3.159488,234.737100,0.907036,0.058769,0,1,5.491423,0.030000,0.000164,0.129360,1,4,9,12,4
69,6.324891,0.055328,player,8,2,7.525639,2.000000,873.597500,461.512900,873.962700,461.213900,0.471993,875.154100,460.412400,872.771500,462.015500,875.154100,446.929800,872.771500,450.699300,4.245838,0.344268,-2.563972,4.202817,0.288952,-2.604906,4.217734,-2.592074,54.739010,0.907033,0.058759,0,1,5.491421,0.030000,0.000164,0.129361,5,8,4,9,4
70,6.385658,0.061492,father,4,6,3.999999,6.403927,538.373400,442.948000,541.321500,444.284400,3.236863,547.647000,446.495600,534.996100,442.073200,547.647000,436.832500,534.996100,432.719700,-1.667484,0.246741,-2.208615,-1.895903,0.238836,-2.095690,-1.834924,-2.118029,125.262900,0.995077,0.251701,0,1,5.561420,0.030000,0.000136,0.122998,7,4,5,8,4
70,6.385658,0.061492,mother,8,11,8.000000,10.607530,529.766100,269.543400,526.908800,268.240000,3.140571,520.377800,265.919800,533.439900,270.560200,520.377800,256.318600,533.439900,261.167200,-2.159845,0.245160,2.402281,-1.924001,0.239844,2.283792,-1.990335,2.309753,305.266400,0.009397,0.260974,0,1,5.572804,0.029058,0.000136,0.123056,3,8,11,7,4
70,6.385658,0.061492,older_sister,4,4,4.474361,4.000000,660.053700,483.734400,659.688500,484.033500,0.472079,658.496900,484.835200,660.880000,483.231800,658.496900,471.352800,660.880000,471.915600,0.333973,0.344266,-3.187595,0.377000,0.288953,-3.146654,0.362081,-3.159488,234.737100,0.907036,0.058769,0,0,5.491423,0.000000,0.000164,0.129360,1,4,9,12,4
70,6.385658,0.061492,player,8,2,7.606137,2.000000,877.000700,459.811500,880.427200,457.843200,3.951520,887.922100,453.737600,872.932200,461.948800,887.922100,441.954300,872.932200,450.301600,4.476372,0.300879,-2.393536,4.205720,0.297406,-2.603205,4.279180,-2.548629,54.737740,0.007656,0.342038,0,1,5.571421,0.030000,0.000086,0.129361,5,8,4,9,4
71,6.438602,0.054172,father,4,6,3.999999,6.323429,541.776500,444.649700,542.848300,445.309500,1.258618,549.465700,447.786900,536.231000,442.832200,549.465700,438.913500,536.231000,433.048300,-1.634647,0.226576,-2.241588,-1.873608,0.249826,-2.115072,-1.773480,-2.161483,125.267800,0.095700,0.268153,0,0,5.641420,0.030000,0.000061,0.122998,7,4,5,8,4
71,6.438602,0.054172,mother,8,11,8.000000,10.680470,526.682600,268.001700,525.721600,267.384100,1.142318,519.105300,264.902600,532.337900,269.865800,519.105300,256.048000,532.337900,260.048400,-2.182821,0.226097,2.428256,-1.943899,0.250680,2.301523,-2.046010,2.349122,305.264400,0.100571,0.268248,0,0,5.645293,0.025909,0.000110,0.123056,3,8,11,7,4
71,6.438602,0.054172,older_sister,4,4,4.474361,4.000000,660.053700,483.734400,659.688500,484.033500,0.472079,658.496900,484.835200,660.880000,483.231800,658.496900,471.352800,660.880000,471.915600,0.333973,0.344266,-3.187595,0.377000,0.288953,-3.146654,0.362081,-3.159488,234.737100,0.907036,0.058769,0,0,5.491423,0.000000,0.000164,0.129360,1,4,9,12,4
71,6.438602,0.054172,player,8,2,7.686635,2.000000,880.403800,458.109700,881.613300,457.656200,1.291696,889.429900,453.533400,873.796700,461.779000,889.429900,442.615900,873.796700,449.560200,4.503596,0.278772,-2.388323,4.221329,0.312002,-2.598868,4.340624,-2.505176,54.732310,0.108279,0.352029,0,0,5.651421,0.030000,0.000273,0.129361,5,8,4,9,4
72,6.486696,0.048703,father,4,6,4.000000,6.242931,545.179600,446.351000,543.886600,445.944000,1.355536,550.023700,448.055200,537.749500,443.832800,550.023700,439.253700,537.749500,433.052800,-1.624573,0.224740,-2.248438,-1.846191,0.275260,-2.140621,-1.712035,-2.204925,125.260600,0.196323,0.243201,1,0,5.721420,0.030000,0.000164,0.125033,7,4,5,8,4
72,6.486696,0.048703,mother,8,11,8.000000,10.742670,524.053200,266.687000,524.942000,266.913000,0.917140,518.629200,264.680800,531.254900,269.145300,518.629200,255.895200,531.254900,258.573200,-2.191418,0.224334,2.433918,-1.963452,0.269953,2.319920,-2.093485,2.382691,305.263700,0.178318,0.251951,1,0,5.707105,0.021750,0.000086,0.124652,3,8,11,7,4
72,6.486696,0.048703,older_sister,4,4,4.474361,4.000000,660.053700,483.734400,659.688500,484.033500,0.472079,658.496900,484.835200,660.880000,483.231800,658.496900,471.352800,660.880000,471.915600,0.333973,0.344266,-3.187595,0.377000,0.288953,-3.146654,0.362081,-3.159488,234.737100,0.907036,0.058769,0,0,5.491423,0.000000,0.000164,0.136808,1,4,9,12,4
72,6.486696,0.048703,player,8,2,7.767134,2.000000,883.806900,456.408300,882.206400,457.570700,1.978102,888.740200,453.846000,875.672500,461.295400,888.740200,442.873900,875.672500,447.971600,4.491144,0.280167,-2.396303,4.255197,0.340216,-2.586520,4.402069,-2.461730,54.737260,0.208901,0.302471,1,0,5.731421,0.030000,0.000164,0.130324,5,8,4,9,4
73,6.582508,0.096180,father,4,6,4.000000,6.162432,548.582700,448.052500,546.558300,447.214300,2.191067,550.719400,448.342000,542.397300,446.086600,550.719400,439.468600,542.397300,433.574900,-1.612013,0.226579,-2.255764,-1.762271,0.319480,-2.198172,-1.650590,-2.248370,125.262900,0.296946,0.155937,1,0,5.801420,0.030000,0.000273,0.125033,7,4,5,8,4
73,6.582508,0.096180,mother,8,11,7.999999,10.793770,521.892900,265.606800,523.972400,266.417400,2.231887,518.507000,264.663800,529.437900,268.170900,518.507000,255.803600,529.437900,256.568500,-2.193623,0.226241,2.434351,-1.996261,0.296262,2.344801,-2.132489,2.410275,305.268800,0.242191,0.212845,1,0,5.757887,0.017754,0.000220,0.124652,3,8,11,7,4
73,6.582508,0.096180,older_sister,4,4,4.474361,4.000000,660.053700,483.734400,659.688500,484.033500,0.472079,658.496900,484.835200,660.880000,483.231800,658.496900,471.352800,660.880000,471.915600,0.333973,0.344266,-3.187595,0.377000,0.288953,-3.146654,0.362081,-3.159488,234.737100,0.907036,0.058769,0,0,5.491423,0.000000,0.000164,0.136808,1,4,9,12,4
73,6.582508,0.096180,player,8,2,7.847632,2.000000,887.210000,454.706500,885.054900,456.075000,2.552917,888.681400,453.870100,881.428300,458.279900,888.681400,442.817700,881.428300,442.898000,4.490081,0.282215,-2.396918,4.359122,0.392767,-2.509520,4.463514,-2.418277,54.732070,0.309524,0.171939,1,0,5.811420,0.030000,0.000356,0.130324,5,8,4,9,4
74,6.633523,0.051642,father,4,6,4.000000,6.081934,551.985700,449.754200,551.330700,449.403400,0.743040,552.086400,448.946700,550.575100,449.860000,552.086400,439.983000,550.575100,438.256700,-1.587329,0.228883,-2.271204,-1.614616,0.296283,-2.294522,-1.589146,-2.291823,125.267700,0.397568,0.008815,1,0,5.881420,0.030000,0.000061,0.125033,7,4,5,8,4
74,6.633523,0.051642,mother,8,11,7.999999,10.835520,520.127900,264.724600,522.164900,265.561300,2.202155,517.933200,264.404100,526.396700,266.718600,517.933200,255.532500,526.396700,254.239000,-2.203984,0.226529,2.440985,-2.051171,0.318660,2.381884,-2.164357,2.432800,305.253200,0.294379,0.158902,1,0,5.799379,0.014515,0.000086,0.124652,3,8,11,7,4
74,6.633523,0.051642,older_sister,4,4,4.474361,4.000000,660.053700,483.734400,659.688500,484.033500,0.472079,658.496900,484.835200,660.880000,483.231800,658.496900,471.352800,660.880000,471.915600,0.333973,0.344266,-3.187595,0.377000,0.288953,-3.146654,0.362081,-3.159488,234.737100,0.907036,0.058769,0,0,5.491423,0.000000,0.000164,0.136808,1,4,9,12,4
74,6.633523,0.051642,player,8,2,7.928131,2.000000,890.613100,453.005200,890.124600,453.304500,0.572845,889.273800,453.489900,890.975600,453.119100,889.273800,442.248200,890.975600,439.272800,4.500777,0.287050,-2.387211,4.531504,0.353556,-2.377742,4.524959,-2.374835,54.739490,0.410147,-0.030556,1,0,5.891420,0.030000,0.000136,0.130324,5,8,4,9,4
75,6.682993,0.050269,father,4,6,4.000000,6.031622,554.112700,450.817500,555.040000,451.259500,1.027322,552.974200,449.362500,557.105800,453.156500,552.974200,440.391500,557.105800,443.288800,-1.571298,0.229071,-2.281821,-1.496701,0.251966,-2.378698,-1.550743,-2.318973,125.258900,0.460458,-0.116837,1,0,5.931420,0.050000,0.000246,0.125033,7,4,5,8,4
75,6.682993,0.050269,mother,8,11,8.000000,10.870100,518.665800,263.993300,520.363200,264.768800,1.866171,517.398300,264.178400,523.328100,265.359100,517.398300,255.258800,523.328100,252.643400,-2.213642,0.227757,2.446745,-2.106575,0.324687,2.416598,-2.190755,2.451473,305.274300,0.337609,0.104819,1,0,5.833749,0.012088,0.000164,0.124652,3,8,11,7,4
75,6.682993,0.050269,older_sister,4,4,4.474361,4.000000,660.053700,483.734400,659.688500,484.033500,0.472079,658.496900,484.835200,660.880000,483.231800,658.496900,471.352800,660.880000,471.915600,0.333973,0.344266,-3.187595,0.377000,0.288953,-3.146654,0.362081,-3.159488,234.737100,0.907036,0.058769,0,0,5.491423,0.000000,0.000164,0.136808,1,4,9,12,4
75,6.682993,0.050269,player,8,2,8.000000,2.000000,893.651400,451.486000,895.826700,450.563400,2.362916,889.706800,453.237800,901.946700,447.889000,889.706800,441.873100,901.946700,436.212600,4.508595,0.290192,-2.380774,4.729593,0.298150,-2.244195,4.579816,-2.336044,54.734740,0.499984,-0.259299,1,0,5.962845,0.021424,0.000193,0.130324,5,8,4,9,4
76,6.736657,0.050367,father,4,6,4.000000,5.969813,556.725700,452.124200,558.756800,453.229400,2.312290,553.816400,449.770600,563.697100,456.688300,553.816400,440.778500,563.697100,447.335400,-1.556092,0.229608,-2.292241,-1.377690,0.238819,-2.468879,-1.503564,-2.352340,125.269700,0.537719,-0.247651,0,0,5.992846,0.030000,0.000061,0.125033,7,4,5,8,4
76,6.736657,0.050367,mother,8,11,8.000000,10.899410,517.426700,263.373600,518.565400,263.941400,1.272447,516.876700,263.944600,520.254300,263.938200,516.876700,254.988600,520.254300,251.710100,-2.223060,0.228686,2.452716,-2.162076,0.312236,2.452881,-2.213129,2.467297,305.269300,0.374247,0.049695,1,0,5.862878,0.010328,0.000273,0.124652,3,8,11,7,4
76,6.736657,0.050367,older_sister,4,4,4.474361,4.000000,660.053700,483.734400,659.688500,484.033500,0.472079,658.496900,484.835200,660.880000,483.231800,658.496900,471.352800,660.880000,471.915600,0.333973,0.344266,-3.187595,0.377000,0.288953,-3.146654,0.362081,-3.159488,234.737100,0.907036,0.058769,0,0,5.491423,0.000000,0.000164,0.136808,1,4,9,12,4
76,6.736657,0.050367,player,8,2,8.000001,2.025760,892.562400,450.941700,894.085800,449.008400,2.461371,889.914600,454.686700,898.257000,443.330100,889.914600,443.271000,898.257000,431.884300,4.512348,0.291493,-2.417770,4.662973,0.292261,-2.127786,4.560154,-2.322143,24.102000,0.532183,-0.326213,0,0,5.988445,0.015600,0.000086,0.130324,3,8,4,9,4
77,6.791373,0.054792,father,4,6,4.000000,5.889315,560.128800,453.825700,560.457500,453.881700,0.333471,554.502000,450.042900,566.413000,457.720500,554.502000,440.483400,566.413000,448.832800,-1.543714,0.244096,-2.299194,-1.328653,0.226940,-2.495235,-1.442119,-2.395785,125.262700,0.638342,-0.288780,0,0,6.072846,0.030000,0.000136,0.125033,7,4,5,8,4
77,6.791373,0.054792,mother,8,11,8.000000,10.924920,516.348400,262.834600,516.804600,263.090800,0.523195,516.413900,263.728900,517.195200,262.452600,516.413900,254.764600,517.195200,251.103500,-2.231416,0.228900,2.458223,-2.217310,0.289793,2.490814,-2.232598,2.481061,305.259100,0.406131,-0.007296,1,0,5.888227,0.009073,0.000136,0.124652,3,8,11,7,4
77,6.791373,0.054792,older_sister,4,4,4.474361,4.000000,660.053700,483.734400,659.688500,484.033500,0.472079,658.496900,484.835200,660.880000,483.231800,658.496900,471.352800,660.880000,471.915600,0.333973,0.344266,-3.187595,0.377000,0.288953,-3.146654,0.362081,-3.159488,234.737100,0.907036,0.058769,0,0,5.491423,0.000000,0.000164,0.136808,1,4,9,12,4
77,6.791373,0.054792,player,8,2,8.000001,2.098108,889.503800,449.412400,889.330600,448.771700,0.663793,890.726300,456.351800,887.934800,441.191600,890.726300,444.374300,887.934800,430.279500,4.527003,0.305838,-2.460287,4.476600,0.278633,-2.073181,4.504930,-2.283095,350.778400,0.622618,-0.390180,0,0,6.060345,0.030000,0.000031,0.130324,3,8,4,9,4
78,6.840790,0.049743,father,4,6,4.000000,5.808816,563.531900,455.527000,561.846600,454.449400,2.000386,557.042700,451.068500,566.650500,457.830300,557.042700,440.163300,566.650500,448.937600,-1.497840,0.278456,-2.325381,-1.324367,0.227070,-2.498039,-1.380674,-2.439227,125.260600,0.738965,-0.241321,0,1,6.152846,0.030000,0.000329,0.122871,7,4,5,8,4
78,6.840790,0.049743,mother,8,11,8.000000,10.947740,515.383700,262.352200,515.098900,262.242500,0.305113,515.999100,263.534300,514.198700,260.950800,515.999100,254.567600,514.198700,250.483900,-2.238905,0.228960,2.463194,-2.271411,0.267266,2.529161,-2.250017,2.493378,305.265300,0.434657,-0.064628,1,0,5.910907,0.008201,0.000164,0.128921,3,8,11,7,4
78,6.840790,0.049743,older_sister,4,4,4.474361,4.000000,660.053700,483.734400,659.688500,484.033500,0.472079,658.496900,484.835200,660.880000,483.231800,658.496900,471.352800,660.880000,471.915600,0.333973,0.344266,-3.187595,0.377000,0.288953,-3.146654,0.362081,-3.159488,234.737100,0.907036,0.058769,0,0,5.491423,0.000000,0.000164,0.136808,1,4,9,12,4
78,6.840790,0.049743,player,8,2,8.000001,2.178606,886.100800,447.710700,887.421400,449.325300,2.085891,892.992700,454.666500,881.850000,443.984000,892.992700,441.376200,881.850000,433.141800,4.567924,0.339360,-2.417255,4.366737,0.276849,-2.144484,4.443486,-2.239642,320.525100,0.723240,-0.338455,0,1,6.140345,0.030000,0.000220,0.125314,3,8,4,9,4
79,6.934222,0.094063,father,4,6,4.000000,5.728318,566.934900,457.228800,565.704000,456.543200,1.408967,564.084400,454.870500,567.323500,458.215900,564.084400,442.894800,567.323500,449.138500,-1.370698,0.305793,-2.422465,-1.312214,0.231788,-2.507887,-1.319230,-2.482680,125.267500,0.839588,-0.097073,0,1,6.232846,0.030000,0.000136,0.122871,7,4,5,8,4
79,6.934222,0.094063,mother,8,11,8.000000,10.968740,514.495800,261.908300,513.559400,261.461300,1.037685,515.644000,263.368400,511.474700,259.554200,515.644000,254.397200,511.474700,249.693600,-2.245316,0.229074,2.467431,-2.320595,0.251784,2.564823,-2.266047,2.504712,305.260400,0.460907,-0.117692,1,0,5.931777,0.007628,0.000110,0.128921,3,8,11,7,4
79,6.934222,0.094063,older_sister,4,4,4.474361,4.000000,660.053700,483.734400,659.688500,484.033500,0.472079,658.496900,484.835200,660.880000,483.231800,658.496900,471.352800,660.880000,471.915600,0.333973,0.344266,-3.187595,0.377000,0.288953,-3.146654,0.362081,-3.159488,234.737100,0.907036,0.058769,0,0,5.491423,0.000000,0.000164,0.136808,1,4,9,12,4
79,6.934222,0.094063,player,8,2,8.000001,2.259104,882.697700,446.009200,884.262800,447.081800,1.897340,887.622400,449.110300,880.903200,445.053400,887.622400,433.964400,880.903200,434.010900,4.470960,0.386740,-2.275380,4.349641,0.281964,-2.171790,4.382041,-2.196196,305.263300,0.823864,-0.158864,0,1,6.220345,0.030000,0.000136,0.125314,3,8,4,9,4
80,6.987095,0.050747,father,4,6,4.000000,5.647820,570.338100,458.930200,571.696400,459.551600,1.493739,575.114500,460.389300,568.278300,458.713900,575.114500,450.493300,568.278300,449.468000,-1.171544,0.252688,-2.563383,-1.294975,0.236088,-2.520603,-1.257785,-2.526125,125.262800,0.940211,0.125481,0,1,6.312846,0.030000,0.000246,0.122871,7,4,5,8,4
80,6.987095,0.050747,mother,8,11,8.000000,11.000000,513.174300,261.247400,511.537200,260.390000,1.848072,515.185400,263.148800,507.889000,257.631100,515.185400,254.181700,507.889000,248.140300,-2.253596,0.228971,2.473036,-2.385337,0.242342,2.613928,-2.289908,2.521589,305.271900,0.499983,-0.188915,0,0,5.962844,0.000000,0.000275,0.128921,3,-1,-1,7,4
80,6.987095,0.050747,older_sister,4,4,4.477983,4.000000,660.206800,483.658000,660.289100,484.181200,0.529644,660.385400,485.608900,660.192800,482.753400,660.385400,472.267200,660.192800,471.425000,0.368070,0.340673,-3.207351,0.364592,0.289267,-3.134439,0.364846,-3.157535,183.997200,0.911564,0.072493,0,1,5.495023,0.003600,0.000086,0.136808,5,4,9,12,4
80,6.987095,0.050747,player,8,2,8.000001,2.339603,879.294600,444.307500,878.145400,443.853900,1.235390,875.458900,442.720200,880.832000,444.987700,875.458900,429.777600,880.832000,433.624600,4.251340,0.330481,-2.112212,4.348356,0.290150,-2.170112,4.320597,-2.152743,305.267300,0.924486,0.112641,0,1,6.300344,0.030000,0.000301,0.125314,3,8,4,9,4
81,7.035911,0.052778,father,4,6,4.000000,5.567321,573.741100,460.632000,575.989100,461.712400,2.494195,582.548000,464.091400,569.430300,459.333300,582.548000,454.831900,569.430300,449.844800,-1.037329,0.236436,-2.657914,-1.274177,0.242285,-2.536420,-1.196341,-2.569579,125.268200,0.040833,0.263527,0,0,6.392846,0.030000,0.000000,0.122871,7,4,5,8,4
81,7.035911,0.052778,mother,8,11,8.000000,11.000000,513.174300,261.247400,511.537200,260.390000,1.848072,515.185400,263.148800,507.889000,257.631100,515.185400,254.181700,507.889000,248.140300,-2.253596,0.228971,2.473036,-2.385337,0.242342,2.613928,-2.289908,2.521589,305.271900,0.499983,-0.188915,0,0,5.962844,0.000000,0.000275,0.128921,3,-1,-1,7,4
81,7.035911,0.052778,older_sister,5,4,4.521452,4.000000,662.044600,482.738900,664.787700,484.204800,3.110281,670.176600,487.196000,659.398800,481.213600,670.176600,475.187900,659.398800,469.725800,0.544856,0.306620,-3.247876,0.350257,0.293333,-3.095119,0.398026,-3.134066,131.225900,0.965900,0.247032,0,1,5.538223,0.021200,0.000301,0.136808,5,4,9,12,4
81,7.035911,0.052778,player,8,2,8.000001,2.420101,875.891500,442.606200,872.548100,441.140100,3.650681,864.550100,437.482900,880.546000,444.797400,864.550100,425.913000,880.546000,433.080100,4.054378,0.295432,-1.978482,4.343191,0.299192,-2.165252,4.259152,-2.109302,305.260500,0.025109,0.343648,0,1,6.380344,0.030000,0.000110,0.125314,3,8,4,9,4
82,7.088889,0.047879,father,4,5,4.000000,5.486823,577.144200,462.333400,577.129500,462.507000,0.174181,583.667800,464.920900,570.591000,460.093000,583.667800,456.135300,570.591000,449.924000,-1.017108,0.224335,-2.679095,-1.253218,0.259660,-2.555818,-1.134896,-2.613024,125.262400,0.141457,0.263958,0,0,6.472846,0.030000,0.000136,0.122871,7,4,5,8,4
82,7.088889,0.047879,mother,8,11,8.009227,11.000000,513.564400,261.052500,512.652600,259.599000,1.715757,514.152700,263.613300,511.152700,255.584700,514.152700,254.645100,511.152700,246.145400,-2.272243,0.228996,2.461177,-2.326411,0.241029,2.666181,-2.282865,2.526567,334.391600,0.511517,-0.208278,1,0,5.972014,0.009170,0.000164,0.128921,5,10,9,5,4
82,7.088889,0.047879,older_sister,5,4,4.579412,4.000000,664.494800,481.513900,667.997600,481.103900,3.526718,677.467000,480.067800,658.528100,482.139900,677.467000,468.657600,658.528100,470.371000,0.676488,0.291354,-3.065863,0.334535,0.300513,-3.118772,0.442267,-3.102786,83.352940,0.038349,0.345779,0,0,5.595823,0.021600,0.000220,0.136808,5,4,9,12,4
82,7.088889,0.047879,player,8,3,8.000001,2.500600,872.488500,440.904700,872.027100,440.481400,0.626179,863.977400,436.679800,880.076800,444.282900,863.977400,425.782400,880.076800,431.904800,4.044036,0.278259,-1.957976,4.334720,0.316066,-2.152115,4.197709,-2.065856,305.263500,0.125732,0.349428,0,0,6.460344,0.030000,0.000061,0.125314,3,8,4,9,4
83,7.140645,0.053509,father,4,5,4.000000,5.406896,580.523100,464.022800,578.448000,463.214300,2.227063,583.929800,464.976000,572.966300,461.452600,583.929800,456.116000,572.966300,449.866200,-1.012380,0.226234,-2.680500,-1.210330,0.295853,-2.590535,-1.073888,-2.656161,125.262900,0.241365,0.213569,1,0,6.552278,0.029432,0.000246,0.122871,7,4,5,8,4
83,7.140645,0.053509,mother,8,11,8.041373,11.000000,514.923500,260.373000,515.343300,258.568500,1.852662,513.320400,263.612100,517.366100,253.525000,513.320400,254.588800,517.366100,244.225300,-2.287270,0.230406,2.461206,-2.214222,0.237462,2.718775,-2.258327,2.543915,6.934984,0.551701,-0.264504,0,0,6.003962,0.002797,0.000086,0.128921,5,10,9,5,4
83,7.140645,0.053509,older_sister,5,4,4.637371,4.000000,666.944900,480.288800,668.089500,479.877000,1.216372,675.904600,475.758100,660.274200,483.995900,675.904600,464.845700,660.274200,471.756300,0.648278,0.278640,-2.955815,0.366062,0.312532,-3.166164,0.486506,-3.071505,54.736850,0.110797,0.351874,0,0,5.653423,0.021600,0.000164,0.136808,5,4,9,12,4
83,7.140645,0.053509,player,8,3,8.000001,2.581098,869.085300,439.203000,871.594200,440.092700,2.662005,864.805900,437.162500,878.382600,443.022900,864.805900,426.169100,878.382600,429.341900,4.058995,0.280710,-1.970299,4.304131,0.349339,-2.119944,4.136262,-2.022403,305.267200,0.226355,0.286548,1,0,6.540344,0.030000,0.000220,0.125314,3,8,4,9,4
84,7.188129,0.049546,father,4,5,4.000000,5.332299,583.676800,465.599600,581.945900,464.814500,1.900612,585.006000,465.447800,578.885900,464.181300,585.006000,456.531800,578.885900,451.459100,-0.992948,0.227666,-2.692550,-1.103450,0.324854,-2.660208,-1.016947,-2.696425,125.265300,0.334610,0.108897,1,0,6.626412,0.026608,0.000220,0.127723,7,4,5,8,4
84,7.188129,0.049546,mother,8,11,8.088984,11.000000,516.936200,259.366700,517.556000,258.714600,0.899645,511.982600,262.758700,523.129300,254.670600,511.982600,253.441700,523.129300,245.725100,-2.311426,0.237903,2.482998,-2.110164,0.228417,2.689523,-2.221986,2.569612,37.068190,0.611213,-0.286103,0,0,6.051278,0.047315,0.000061,0.123297,5,10,9,5,4
84,7.188129,0.049546,older_sister,5,4,4.695329,4.000000,669.395200,479.063700,668.430900,479.840100,1.238063,675.461400,475.932400,661.400500,483.747900,675.461400,464.996000,661.400500,470.726900,0.640275,0.279253,-2.960266,0.386399,0.332484,-3.159832,0.530747,-3.040221,54.734600,0.183246,0.322509,1,0,5.711023,0.021600,0.000193,0.129654,5,4,9,12,4
84,7.188129,0.049546,player,8,3,8.000001,2.661597,865.682300,437.501500,868.050500,438.457400,2.553845,864.573400,437.070200,871.527500,439.844500,864.573400,425.981800,871.527500,424.329200,4.054798,0.283137,-1.967944,4.180357,0.396176,-2.038785,4.074818,-1.978957,305.262900,0.326978,0.143420,1,0,6.620344,0.030000,0.000136,0.132952,3,8,4,9,4
85,7.283741,0.093764,father,4,5,4.000000,5.267987,586.395500,466.959100,586.162000,466.810800,0.276639,586.159700,465.975800,586.164100,467.645800,586.159700,457.010700,586.164100,456.578400,-0.972116,0.228918,-2.706030,-0.972036,0.282598,-2.748673,-0.967858,-2.731139,125.266100,0.414999,-0.024685,1,0,6.690326,0.022537,0.000110,0.127723,7,4,5,8,4
85,7.283741,0.093764,mother,8,11,8.169482,11.000000,520.339200,257.664900,518.691000,258.271400,1.756222,512.076500,260.634700,525.305500,255.908000,512.076500,250.231100,525.305500,247.042900,-2.309729,0.265649,2.537232,-2.070873,0.226367,2.657926,-2.160542,2.613064,54.732860,0.711836,-0.264706,0,1,6.131278,0.030000,0.000273,0.123297,5,10,9,5,4
85,7.283741,0.093764,older_sister,5,4,4.753288,4.000000,671.845400,477.838600,669.605100,479.347800,2.701216,674.977400,476.181800,664.232800,482.513700,674.977400,465.172500,664.232800,468.128700,0.631536,0.281118,-2.966636,0.437538,0.367313,-3.128318,0.574986,-3.008941,54.736840,0.255695,0.251745,1,0,5.768623,0.021600,0.000164,0.129654,5,4,9,12,4
85,7.283741,0.093764,player,8,3,8.000001,2.742095,862.279100,435.799800,862.262000,435.737000,0.065105,863.830500,436.768500,860.693400,434.705500,863.830500,425.496900,860.693400,421.514400,4.041384,0.287813,-1.960240,3.984741,0.336825,-1.907562,4.013373,-1.935504,305.267400,0.427600,-0.076663,1,0,6.700344,0.030000,0.000301,0.132952,3,8,4,9,4
86,7.333367,0.050671,father,4,5,4.000000,5.214930,588.638500,468.080700,589.962200,468.747200,1.481933,587.041800,466.389700,592.882400,471.104700,587.041800,457.417800,592.882400,461.491000,-0.956189,0.229094,-2.716600,-0.850734,0.245482,-2.836995,-0.927359,-2.759780,125.267800,0.481321,-0.155617,1,0,6.743055,0.018445,0.000000,0.127723,7,4,5,8,4
86,7.333367,0.050671,mother,8,11,8.234319,11.000000,523.080200,256.294700,521.112100,257.064000,2.113155,516.536200,258.366600,525.688000,255.761400,516.536200,246.614900,525.688000,246.797500,-2.229208,0.300072,2.595148,-2.063967,0.228890,2.661669,-2.111052,2.648053,54.739550,0.792881,-0.173328,0,1,6.195712,0.014435,0.000061,0.123297,5,10,9,5,4
86,7.333367,0.050671,older_sister,5,4,4.811247,4.000000,674.295700,476.613600,672.239700,477.865500,2.407119,675.205800,476.033900,669.273700,479.697100,675.205800,464.942900,669.273700,464.177700,0.635661,0.283202,-2.962859,0.528554,0.396280,-3.056397,0.619227,-2.977660,54.737680,0.328143,0.141456,1,0,5.826223,0.021600,0.000086,0.129654,5,4,9,12,4
86,7.333367,0.050671,player,8,3,8.000001,2.822594,858.876000,434.098300,856.524100,432.692200,2.740197,863.428800,436.594300,849.619300,428.790200,863.428800,425.188200,849.619300,417.318500,4.034132,0.291247,-1.955791,3.784792,0.292922,-1.756517,3.951928,-1.892059,305.262900,0.528223,-0.318635,1,0,6.780344,0.030000,0.000220,0.132952,3,8,4,9,4
87,7.384426,0.051355,father,4,5,4.000000,5.171615,590.469700,468.996200,592.488900,470.093200,2.297913,587.616300,466.671300,597.361300,473.515200,587.616300,457.682800,597.361300,464.155800,-0.945816,0.229516,-2.723789,-0.769865,0.238988,-2.898546,-0.894296,-2.783156,125.261800,0.535465,-0.244557,0,0,6.786102,0.015051,0.000086,0.127723,7,4,5,8,4
87,7.384426,0.051355,mother,8,11,8.285994,11.000000,525.264800,255.202300,524.333400,255.623000,1.021927,522.357000,255.760500,526.309900,255.485500,522.357000,244.056400,526.309900,246.366000,-2.124110,0.298856,2.661694,-2.052739,0.232860,2.668715,-2.071608,2.675946,54.734310,0.857474,-0.062327,0,1,6.247067,0.001355,0.000123,0.123297,5,10,9,5,4
87,7.384426,0.051355,older_sister,5,4,4.869206,4.000000,676.745900,475.388500,675.972700,475.835400,0.893077,675.663600,475.749500,676.281800,475.921200,675.663600,464.523800,676.281800,461.740500,0.643926,0.286641,-2.955598,0.655088,0.362096,-2.959981,0.663468,-2.946380,54.737920,0.400592,-0.006583,1,0,5.883823,0.021600,0.000031,0.129654,5,4,9,12,4
87,7.384426,0.051355,player,8,3,8.000001,2.903092,855.473000,432.397000,854.876700,432.148100,0.646142,863.516700,436.759500,846.236700,427.536700,863.516700,424.716300,846.236700,416.640600,4.035717,0.307514,-1.960009,3.723718,0.278227,-1.724511,3.890484,-1.848616,305.260900,0.628846,-0.390710,0,0,6.860344,0.030000,0.000000,0.132952,3,8,4,9,4
88,7.431133,0.048788,father,4,5,4.000000,5.135858,591.981300,469.752200,593.663600,470.643700,1.903908,587.904200,466.816400,599.423000,474.471100,587.904200,457.686300,599.423000,465.348800,-0.940618,0.233132,-2.727494,-0.732641,0.232933,-2.922953,-0.867003,-2.802459,125.269000,0.580161,-0.282665,0,0,6.821637,0.012483,0.000031,0.127723,7,4,5,8,4
88,7.431133,0.048788,mother,8,11,8.335084,11.000000,527.340100,254.164700,527.947000,253.834000,0.691129,529.035000,252.450800,526.858900,255.217300,529.035000,242.138600,526.858900,246.001100,-2.003534,0.263315,2.746205,-2.042825,0.235332,2.675562,-2.034137,2.702440,54.738000,0.918839,0.072865,0,1,6.295855,0.048788,0.000015,0.123297,5,10,9,5,4
88,7.431133,0.048788,older_sister,5,4,4.927166,4.000000,679.196100,474.163100,680.708300,473.505600,1.648963,676.073900,475.508600,685.342700,471.502500,676.073900,464.167300,685.342700,459.525000,0.651334,0.289595,-2.949445,0.818688,0.305839,-2.847152,0.707707,-2.915087,54.726540,0.473040,-0.195702,1,0,5.941423,0.021600,0.000329,0.129654,5,4,9,12,4
88,7.431133,0.048788,player,8,3,8.000001,2.983591,852.069800,430.695300,854.019500,432.058700,2.379158,861.197800,436.095000,846.841400,428.022500,861.197800,422.653000,846.841400,417.179200,3.993848,0.343231,-1.943041,3.734636,0.276878,-1.736916,3.829039,-1.805163,305.267500,0.729468,-0.330654,0,1,6.940344,0.030000,0.000193,0.132952,3,8,4,9,4
89,7.479361,0.048478,father,4,5,4.000000,5.105693,593.256600,470.389800,594.063600,470.725500,0.874054,588.136500,466.901000,599.990700,474.550100,588.136500,457.531300,599.990700,465.614600,-0.936425,0.239250,-2.729655,-0.722390,0.228162,-2.924970,-0.843979,-2.818739,125.263900,0.617867,-0.287523,0,0,6.851615,0.010612,0.000031,0.127723,7,4,5,8,4
89,7.479361,0.048478,mother,8,11,8.383864,11.000000,529.402300,253.133500,531.866300,251.782300,2.810134,536.234100,248.653900,527.498500,254.910700,536.234100,239.087500,527.498500,245.592700,-1.873551,0.244275,2.843154,-2.031276,0.237929,2.683392,-1.996903,2.728771,54.732250,0.979814,0.221023,0,1,6.344333,0.048478,0.000150,0.123297,5,10,9,5,4
89,7.479361,0.048478,older_sister,5,4,4.985124,4.000000,681.646400,472.938000,684.435700,471.797800,3.013430,676.217700,475.431100,692.653700,468.164400,676.217700,463.973900,692.653700,456.806200,0.653931,0.292552,-2.947465,0.950693,0.290027,-2.761917,0.751948,-2.883807,54.737710,0.545489,-0.349433,0,0,5.999023,0.021600,0.000246,0.129654,5,4,9,12,4
89,7.479361,0.048478,player,8,3,8.000001,3.064089,848.666700,428.993800,850.154700,429.989200,1.790234,853.227800,431.839900,847.081600,428.138600,853.227800,416.675200,847.081600,417.071500,3.849946,0.387223,-1.834391,3.738973,0.282592,-1.739880,3.767594,-1.761718,305.262900,0.830092,-0.145175,0,1,7.020344,0.030000,0.000110,0.132952,3,8,4,9,4
90,7.534940,0.047500,father,4,5,4.000000,5.079575,594.360700,470.941500,594.394000,470.826900,0.119370,588.455100,466.991300,600.332900,474.662400,588.455100,457.301300,600.332900,465.799200,-0.930671,0.247429,-2.731961,-0.716211,0.226318,-2.927838,-0.824042,-2.832827,125.246800,0.650515,-0.288184,0,0,6.877572,0.009274,0.000301,0.120789,7,4,5,8,4
90,7.534940,0.047500,mother,8,11,8.431661,11.000000,531.422900,252.123400,533.633300,250.970500,2.493021,538.986600,247.391100,528.280000,254.549800,538.986600,238.118200,528.280000,245.065500,-1.823854,0.236779,2.875400,-2.017167,0.242176,2.692607,-1.960419,2.754562,54.742240,0.039559,0.263370,0,0,6.391833,0.047500,0.000046,0.131624,5,10,9,5,4
90,7.534940,0.047500,older_sister,5,4,5.003622,4.000000,682.428300,472.547100,685.032400,471.489500,2.810631,676.168300,475.456600,693.896400,467.522300,676.168300,463.888100,693.896400,456.331900,0.653040,0.295395,-2.948118,0.973130,0.285741,-2.745521,0.766068,-2.873824,54.739130,0.568613,-0.378323,0,0,6.017408,0.003600,0.000220,0.137389,5,4,9,9,4
90,7.534940,0.047500,player,8,3,8.000001,3.144588,845.263700,427.292100,843.862700,426.721700,1.512645,840.723100,425.370900,847.002300,428.072600,840.723100,412.599500,847.002300,416.692600,3.624167,0.326108,-1.669208,3.737540,0.290581,-1.738194,3.706150,-1.718265,305.267500,0.930714,0.132398,0,1,7.100344,0.030000,0.000273,0.138398,3,8,4,9,4
91,7.627428,0.096462,father,4,5,4.000000,5.056328,595.343500,471.433200,594.682400,470.914200,0.840462,588.899600,467.121300,600.465200,474.707200,588.899600,457.088600,600.465200,465.872100,-0.922647,0.256179,-2.735281,-0.713822,0.225598,-2.928982,-0.806298,-2.845381,125.280100,0.679573,-0.282349,0,1,6.900674,0.008338,0.000061,0.120789,7,4,5,8,4
91,7.627428,0.096462,mother,9,11,8.512159,11.000000,534.826000,250.421700,535.082900,250.473900,0.262213,540.489100,246.917900,529.676700,254.029900,540.489100,238.131800,529.676700,243.873900,-1.796724,0.224348,2.887482,-1.991948,0.259328,2.705883,-1.898975,2.798016,54.732170,0.140182,0.264248,0,0,6.471833,0.030000,0.000150,0.131624,5,10,9,5,4
91,7.627428,0.096462,older_sister,5,4,5.048701,4.000000,684.334200,471.594100,684.995100,471.231000,0.754065,675.971800,475.449800,694.018200,467.012100,675.971800,463.448100,694.018200,456.106000,0.649491,0.306458,-2.947944,0.975329,0.278480,-2.732492,0.800478,-2.849490,54.732930,0.624961,-0.390436,0,0,6.062208,0.022800,0.000301,0.137389,5,4,9,9,4
91,7.627428,0.096462,player,8,3,8.000001,3.225086,841.860600,425.590600,838.679100,424.179800,3.480221,830.668900,420.503300,846.689300,427.856400,830.668900,409.008800,846.689300,416.114800,3.442634,0.293506,-1.544918,3.731890,0.299814,-1.732673,3.644705,-1.674819,305.263200,0.031337,0.344577,0,0,7.180344,0.030000,0.000220,0.138398,3,8,4,9,4
92,7.679080,0.052587,father,4,5,4.000000,5.035048,596.243200,471.882700,594.995000,471.042300,1.504721,589.541000,467.381700,600.449000,474.702900,589.541000,457.048500,600.449000,465.846000,-0.911066,0.263854,-2.741930,-0.714116,0.226154,-2.928871,-0.790055,-2.856860,125.246200,0.706174,-0.268727,0,1,6.921824,0.007714,0.000329,0.120789,7,4,5,8,4
92,7.679080,0.052587,mother,9,11,8.581639,11.000000,537.763300,248.953300,536.188700,249.983600,1.881721,540.610000,246.792700,531.767400,253.174500,540.610000,237.947100,531.767400,241.891600,-1.794541,0.225868,2.890680,-1.954200,0.288104,2.727724,-1.845941,2.835511,54.739890,0.227031,0.224441,1,0,6.540882,0.019049,0.000086,0.131624,5,10,9,5,4
92,7.679080,0.052587,older_sister,5,4,5.128294,4.000000,687.698900,469.911900,685.305100,470.731700,2.530274,677.394300,474.249800,693.215800,467.213600,677.394300,460.930600,693.215800,456.371200,0.675176,0.340098,-2.917301,0.960841,0.276854,-2.737638,0.861230,-2.806536,54.738450,0.724452,-0.336974,0,1,6.141308,0.030000,0.000110,0.137389,5,4,9,9,4
92,7.679080,0.052587,player,8,3,8.000001,3.305584,838.457500,423.889300,838.198300,423.565400,0.414841,830.175500,419.796400,846.221100,427.334500,830.175500,408.895900,846.221100,414.893000,3.433726,0.278337,-1.526866,3.723436,0.317686,-1.719349,3.583260,-1.631377,305.260400,0.131960,0.347678,0,0,7.260344,0.030000,0.000000,0.138398,3,8,4,9,4
93,7.740129,0.050692,father,4,5,4.000000,5.000000,597.724700,472.623700,595.994000,471.506800,2.059804,591.480300,468.248300,600.507400,474.765400,591.480300,457.150700,600.507400,465.860900,-0.876048,0.283369,-2.764056,-0.713059,0.227371,-2.930467,-0.763303,-2.875781,125.271100,0.749983,-0.229162,0,0,6.956654,0.000000,0.000153,0.120789,7,1,2,7,4
93,7.740129,0.050692,mother,9,11,8.632648,11.000000,539.919600,247.874800,538.122500,248.964800,2.101847,541.164200,246.478700,535.080700,251.450900,541.164200,237.609800,535.080700,239.018600,-1.784534,0.226463,2.898697,-1.894375,0.317451,2.771735,-1.807007,2.863050,54.727400,0.290791,0.162992,0,0,6.591574,0.000692,0.000193,0.131624,5,10,9,5,4
93,7.740129,0.050692,older_sister,5,4,5.208793,4.000000,691.102000,468.210400,689.174100,468.892200,2.044865,685.413700,470.430900,692.934600,467.353600,685.413700,455.278600,692.934600,456.306300,0.819969,0.386905,-2.819788,0.955764,0.282087,-2.741213,0.922675,-2.763091,54.737090,0.825075,-0.156242,0,1,6.221308,0.030000,0.000031,0.137389,5,4,9,9,4
93,7.740129,0.050692,player,8,3,8.000001,3.386083,835.054400,422.187600,837.689800,423.149500,2.805449,831.043600,420.286200,844.335900,426.012800,831.043600,409.287100,844.335900,412.177200,3.449398,0.280855,-1.539374,3.689398,0.353286,-1.685600,3.521816,-1.587924,305.267500,0.232582,0.280382,1,0,7.340343,0.030000,0.000136,0.138398,3,8,4,9,4
94,7.800908,0.060586,father,4,5,4.000000,4.985226,598.349400,472.936100,596.601200,471.802800,2.083345,592.607200,468.787100,600.595200,474.818600,592.607200,457.390100,600.595200,465.891900,-0.855703,0.291016,-2.777816,-0.711476,0.227937,-2.931826,-0.752026,-2.883757,125.272400,0.768451,-0.206685,0,1,6.971337,0.004683,0.000086,0.120789,7,1,2,7,4
94,7.800908,0.060586,mother,9,11,8.693611,11.000000,542.496900,246.586300,541.241300,247.227100,1.409607,542.062100,245.963400,540.420600,248.490700,542.062100,237.013000,540.420600,236.096300,-1.768323,0.228544,2.911856,-1.797962,0.316482,2.847324,-1.760473,2.895951,54.737820,0.366995,0.061456,1,0,6.652160,0.010586,0.000110,0.131624,5,10,9,5,4
94,7.800908,0.060586,older_sister,5,4,5.289291,4.000000,694.505100,466.508700,695.538500,465.869500,1.215077,698.031000,464.412100,693.046000,467.326900,698.031000,451.504300,693.046000,455.960600,1.047783,0.329591,-2.666102,0.957774,0.290233,-2.740532,0.984120,-2.719638,54.732640,0.925698,0.116464,0,1,6.301308,0.030000,0.000246,0.137389,5,4,9,9,4
94,7.800908,0.060586,player,8,3,8.000001,3.466581,831.651300,420.486100,833.942900,421.425000,2.476451,830.715500,420.149200,837.170300,422.700900,830.715500,409.047500,837.170300,407.172500,3.443474,0.283475,-1.535875,3.560019,0.396507,-1.601031,3.460371,-1.544479,305.262900,0.333205,0.132776,1,0,7.420343,0.030000,0.000086,0.138398,3,8,4,9,4
95,7.860505,0.060311,father,4,5,4.000000,4.941171,600.211800,473.867200,598.759200,473.024700,1.679220,596.523100,471.004700,600.995400,475.044700,596.523100,458.976500,600.995400,466.009500,-0.785000,0.307134,-2.834442,-0.704251,0.230711,-2.937602,-0.718398,-2.907535,125.263300,0.823519,-0.125490,0,1,7.015119,0.009547,0.000110,0.120789,7,1,2,7,4
95,7.860505,0.060311,mother,9,11,8.754298,11.000000,545.062400,245.303400,545.530000,245.038500,0.537386,543.116600,245.398200,547.943400,244.678800,543.116600,236.430100,547.943400,234.437400,-1.749283,0.228995,2.926288,-1.662134,0.261507,2.944658,-1.714150,2.928708,54.734540,0.442853,-0.081762,1,0,6.712471,0.010311,0.000179,0.131624,5,10,9,5,4
95,7.860505,0.060311,older_sister,5,4,5.369790,4.000000,697.908200,464.807200,700.952800,463.084300,3.498326,708.500700,458.971500,693.404800,467.197000,708.500700,447.416000,693.404800,455.475000,1.236818,0.295060,-2.527179,0.964253,0.299316,-2.737215,1.045564,-2.676192,54.737090,0.026320,0.343812,0,1,6.381308,0.030000,0.000136,0.137389,5,4,9,9,4
95,7.860505,0.060311,player,8,4,8.000001,3.547080,828.248200,418.784300,828.019700,418.613400,0.285370,829.964900,419.839300,826.074500,417.387500,829.964900,408.557400,826.074500,404.412400,3.429922,0.288076,-1.527962,3.359679,0.331310,-1.465357,3.398926,-1.501025,305.267900,0.433828,-0.093499,1,0,7.500343,0.030000,0.000273,0.138398,3,8,4,9,4
96,7.920737,0.060366,father,4,5,4.000000,4.880497,602.776900,475.149600,602.871300,475.175200,0.097823,604.041800,474.924600,601.700800,475.425800,604.041800,464.146700,601.700800,466.237100,-0.649246,0.275207,-2.934534,-0.691514,0.234628,-2.947331,-0.672085,-2.940280,125.261700,0.899363,0.027125,0,1,7.075418,0.010366,0.000246,0.129954,7,1,2,7,4
96,7.920737,0.060366,mother,9,11,8.815041,11.000000,547.630400,244.019700,549.603300,243.101700,2.176094,543.987500,244.944500,555.219100,241.258800,543.987500,235.973700,555.219100,231.843900,-1.733559,0.229064,2.937873,-1.530766,0.240405,3.031985,-1.667785,2.961487,54.739870,0.518782,-0.219918,1,0,6.772838,0.010366,0.000031,0.128744,5,10,9,5,4
96,7.920737,0.060366,older_sister,5,4,5.450288,4.000000,701.311300,463.105500,701.991200,462.958800,0.695583,709.733600,458.860600,694.248700,467.056900,709.733600,447.963000,694.248700,454.666700,1.259080,0.278266,-2.524349,0.979491,0.316376,-2.733637,1.107009,-2.632739,54.732220,0.126944,0.349117,0,0,6.461308,0.030000,0.000301,0.129229,5,4,9,9,4
96,7.920737,0.060366,player,8,4,8.000001,3.625618,824.928000,417.124300,822.542200,415.694300,2.781551,829.605500,419.683000,815.478600,411.705600,829.605500,408.267800,815.478600,400.258600,3.423433,0.291482,-1.523972,3.168365,0.292291,-1.320273,3.338977,-1.458636,305.263400,0.532001,-0.325867,0,0,7.578395,0.028471,0.000193,0.140321,3,8,4,9,4
97,8.025265,0.105790,father,4,5,4.000000,4.799998,606.179900,476.851400,609.207500,478.224800,3.324538,615.734700,480.537300,602.680300,475.912400,615.734700,470.835000,602.680300,466.546100,-0.438123,0.247742,-3.077850,-0.673828,0.239161,-2.959756,-0.610640,-2.983733,125.267500,0.999985,0.260632,0,1,7.155417,0.030000,0.000031,0.129954,7,1,2,7,4
97,8.025265,0.105790,mother,9,11,8.895539,11.000000,551.033400,242.317900,551.712200,241.907200,0.793302,544.632900,244.587200,558.791400,239.227200,544.632900,235.204600,558.791400,230.295300,-1.721906,0.239579,2.946996,-1.466266,0.228071,3.083859,-1.606341,3.004941,54.732070,0.619404,-0.287745,0,0,6.852838,0.030000,0.000164,0.128744,5,10,9,5,4
97,8.025265,0.105790,older_sister,6,4,5.530787,4.000000,704.714400,461.404200,702.662400,462.793000,2.477760,708.806600,459.258000,696.518300,466.328000,708.806600,448.263300,696.518300,452.616900,1.242341,0.280742,-2.534495,1.020470,0.350107,-2.715025,1.168454,-2.589297,54.739440,0.227566,0.285385,1,0,6.541307,0.030000,0.000110,0.129229,5,4,9,9,4
97,8.025265,0.105790,player,8,4,8.000000,3.696234,821.942700,415.631600,821.112700,415.228300,0.922738,829.729600,419.833700,812.495800,410.622900,829.729600,407.880000,812.495800,399.704900,3.425673,0.305229,-1.527819,3.114509,0.278785,-1.292628,3.285076,-1.420520,305.266200,0.620271,-0.389852,0,0,7.648574,0.024967,0.000273,0.140321,3,8,4,9,4
98,8.081215,0.056973,father,4,5,4.000000,4.719500,609.583000,478.552900,610.543200,479.170000,1.141401,617.159500,481.651600,603.926800,476.688500,617.159500,472.797100,603.926800,466.870900,-0.412398,0.226093,-3.106303,-0.651323,0.250686,-2.979574,-0.549196,-3.027179,125.263200,0.100608,0.268249,0,0,7.235417,0.030000,0.000110,0.129954,7,1,2,7,4
98,8.081215,0.056973,mother,9,11,8.976037,11.000000,554.436500,240.616500,552.654500,241.286200,1.903678,546.174900,243.570400,559.134300,239.002000,546.174900,233.033000,559.134300,230.127600,-1.694066,0.269065,2.972961,-1.460074,0.226602,3.089611,-1.544896,3.048386,54.737260,0.720027,-0.258402,0,1,6.932837,0.030000,0.000110,0.128744,5,10,9,5,4
98,8.081215,0.056973,older_sister,6,4,5.611285,4.000000,708.117400,459.702700,706.062000,460.954300,2.406564,709.026200,459.123700,703.097600,462.785000,709.026200,448.032600,703.097600,447.265400,1.246308,0.283204,-2.531065,1.139262,0.396284,-2.624557,1.229898,-2.545851,54.737110,0.328189,0.141379,1,0,6.621307,0.030000,0.000031,0.129229,5,4,9,9,4
98,8.081215,0.056973,player,8,4,8.000000,3.755723,819.427800,414.374200,820.687600,415.325200,1.578462,828.782700,419.741000,812.592700,410.909400,828.782700,406.876300,812.592700,400.092400,3.408576,0.328493,-1.525452,3.116256,0.276207,-1.299943,3.239668,-1.388415,305.261500,0.694632,-0.368876,0,1,7.707695,0.020755,0.000164,0.140321,3,8,4,9,4
99,8.139278,0.058843,father,4,5,4.000000,4.657509,612.203600,479.863200,611.319900,479.639500,0.911541,617.634600,481.873200,605.005200,477.405800,617.634600,473.087800,605.005200,466.836100,-0.403818,0.224331,-3.111962,-0.631849,0.269890,-2.997888,-0.501879,-3.060637,125.265000,0.178095,0.252047,1,0,7.297023,0.011606,0.000086,0.129954,7,1,2,7,4
99,8.139278,0.058843,mother,9,11,9.038027,11.000000,557.057100,239.306200,555.130200,240.067400,2.071801,550.714200,241.300300,559.546400,238.834500,550.714200,229.488700,559.546400,229.861500,-1.612106,0.301603,3.030926,-1.452634,0.229120,3.093888,-1.497579,3.081845,54.735370,0.797514,-0.166559,0,1,6.994443,0.011606,0.000110,0.128744,5,10,9,5,4
99,8.139278,0.058843,older_sister,6,4,5.691783,4.000000,711.520500,458.001000,711.650700,457.990400,0.130616,709.678700,458.728300,713.622600,457.252500,709.678700,447.454700,713.622600,444.103500,1.258088,0.287864,-2.520971,1.329297,0.335752,-2.483287,1.291343,-2.502399,54.732610,0.428812,-0.079898,1,0,6.701307,0.030000,0.000220,0.129229,5,4,9,9,4
99,8.139278,0.058843,player,8,4,8.000000,3.804414,817.369400,413.345100,819.398700,414.831100,2.515301,825.635100,418.464200,813.162500,411.198100,825.635100,404.435300,813.162500,400.326100,3.351745,0.358219,-1.492850,3.126545,0.277611,-1.307315,3.202503,-1.362136,305.263500,0.755495,-0.290994,0,1,7.756084,0.016910,0.000136,0.140321,3,8,4,9,4
100,8.193874,0.055278,father,4,5,4.000000,4.601887,614.555100,481.038800,612.458100,480.223600,2.249872,617.814600,481.916900,607.101700,478.530200,617.814600,473.055700,607.101700,466.823500,-0.400571,0.226266,-3.113078,-0.593997,0.298922,-3.026600,-0.459422,-3.090655,125.261100,0.247623,0.207863,1,0,7.352302,0.005278,0.000220,0.129954,7,1,2,7,4
100,8.193874,0.055278,mother,9,11,9.093649,11.000000,559.408600,238.130600,558.690600,238.454400,0.787686,557.155900,238.376500,560.225300,238.532300,557.155900,226.852600,560.225300,229.394400,-1.495796,0.294257,3.105582,-1.440376,0.233330,3.101604,-1.455122,3.111862,54.739140,0.867043,-0.042956,0,1,7.049722,0.005278,0.000015,0.128744,5,10,9,5,4
100,8.193874,0.055278,older_sister,6,4,5.772282,4.000000,714.923600,456.299500,717.596900,455.195400,2.892331,710.037900,458.522500,725.155900,451.868300,710.037900,447.113600,725.155900,440.404700,1.264573,0.291319,-2.515714,1.537537,0.292716,-2.345804,1.352788,-2.458952,54.736670,0.529434,-0.320972,0,0,6.781307,0.030000,0.000110,0.129229,5,4,9,9,4
100,8.193874,0.055278,player,8,4,8.000000,3.844275,815.684300,412.502500,817.424200,413.773500,2.154748,821.598600,416.305300,813.249600,411.241700,821.598600,401.349600,813.249600,400.265200,3.278865,0.381886,-1.437724,3.128118,0.280279,-1.308429,3.172077,-1.340621,305.265200,0.805322,-0.197734,0,1,7.795699,0.013871,0.000164,0.140321,3,8,4,9,4
101,8.250946,0.056777,father,4,5,4.000000,4.544756,616.970300,482.246500,615.092700,481.423300,2.050091,618.623900,482.272800,611.561400,480.573900,618.623900,473.376300,611.561400,467.875400,-0.385957,0.227167,-3.122164,-0.513475,0.324249,-3.078784,-0.415814,-3.121493,125.266700,0.319037,0.129162,1,0,7.409079,0.006777,0.000110,0.129954,7,1,2,7,4
101,8.250946,0.056777,mother,9,11,9.150781,11.000000,561.823900,236.922900,563.046000,236.257900,1.391356,565.205300,234.311000,560.886700,238.204700,565.205300,224.385800,560.886700,228.961300,-1.350460,0.253436,3.209392,-1.428435,0.236025,3.109970,-1.411514,3.142701,54.733060,0.938456,0.121070,0,1,7.106499,0.006777,0.000046,0.128744,5,10,9,5,4
101,8.250946,0.056777,older_sister,6,4,5.852780,4.000000,718.326700,454.597800,718.816400,454.298700,0.573791,709.786900,458.522200,727.845900,450.075300,709.786900,446.465800,727.845900,439.182200,1.260040,0.307851,-2.515706,1.586107,0.278149,-2.300020,1.414232,-2.415499,54.732520,0.630057,-0.390758,0,0,6.861307,0.030000,0.000301,0.129229,5,4,9,9,4
101,8.250946,0.056777,player,8,4,8.000000,3.877455,814.281500,411.801100,815.425400,412.571000,1.378825,817.630300,413.944100,813.220300,411.197800,817.630300,398.937400,813.220300,400.068800,3.207214,0.383187,-1.377431,3.127589,0.284175,-1.307308,3.146749,-1.322711,305.265000,0.846798,-0.105499,0,1,7.828674,0.011618,0.000193,0.140321,3,8,4,9,4
102,8.304268,0.054973,father,4,4,4.000000,4.489440,619.308800,483.415800,618.449200,482.970400,0.968198,619.592200,482.703600,617.306200,483.237200,619.592200,473.741000,617.306200,471.364300,-0.368474,0.228855,-3.133165,-0.409749,0.303166,-3.146791,-0.373591,-3.151351,125.265500,0.388181,0.025834,1,0,7.464052,0.004973,0.000110,0.128828,7,1,2,7,4
102,8.304268,0.054973,mother,9,11,9.206096,11.000000,564.162400,235.753600,566.881200,234.265900,3.099241,572.149600,230.685000,561.612900,237.846900,572.149600,221.064300,561.612900,228.459000,-1.225077,0.245660,3.301980,-1.415322,0.239716,3.119106,-1.369291,3.172558,54.734550,0.007600,0.260917,0,1,7.161472,0.004973,0.000123,0.132607,5,10,9,5,4
102,8.304268,0.054973,older_sister,6,4,5.933279,4.000000,721.729800,452.896500,719.245800,453.746900,2.625507,711.505500,457.167500,726.986100,450.326300,711.505500,443.695900,726.986100,439.482700,1.291072,0.343990,-2.481117,1.570582,0.276886,-2.306431,1.475677,-2.372058,54.739590,0.730681,-0.329075,0,1,6.941307,0.030000,0.000086,0.125305,5,4,9,9,4
102,8.304268,0.054973,player,8,4,8.000000,3.905747,813.085400,411.202900,813.321700,411.457300,0.347168,813.466500,411.753800,813.176900,411.160900,813.466500,397.529100,813.176900,399.915300,3.132034,0.363218,-1.321504,3.126804,0.287152,-1.306366,3.125154,-1.307437,305.272600,0.882162,-0.013012,0,1,7.856791,0.009990,0.000301,0.135050,3,8,4,9,4
103,8.402033,0.098244,father,4,4,4.000000,4.408942,622.711900,485.117200,624.169100,485.863800,1.637278,620.950400,483.342700,627.387600,488.385000,620.950400,474.373200,627.387600,478.827200,-0.343950,0.229029,-3.149484,-0.227725,0.244053,-3.278237,-0.312146,-3.194797,125.262900,0.488804,-0.169232,1,0,7.544052,0.030000,0.000164,0.128828,7,1,2,7,4
103,8.402033,0.098244,mother,9,11,9.286594,11.000000,567.565400,234.052100,568.559900,233.712800,1.050792,574.081100,230.134600,563.038700,237.291100,574.081100,221.305100,563.038700,227.420000,-1.190204,0.225456,3.316035,-1.389579,0.252054,3.133298,-1.307847,3.216003,54.737210,0.108223,0.268291,0,0,7.241472,0.030000,0.000000,0.132607,5,10,9,5,4
103,8.402033,0.098244,older_sister,6,4,6.000000,4.000000,724.550500,451.486000,722.418700,452.196700,2.247101,718.087600,453.956300,726.749800,450.437000,718.087600,438.896400,726.749800,439.431900,1.409915,0.384545,-2.399120,1.566315,0.281009,-2.309257,1.526606,-2.336044,54.733890,0.814081,-0.179582,0,1,7.007615,0.016308,0.000193,0.125305,5,4,9,9,4
103,8.402033,0.098244,player,8,4,8.000000,3.930528,812.037800,410.679300,811.307600,410.430000,0.771597,809.422700,409.692800,813.192400,411.167100,809.422700,396.400800,813.192400,399.834400,3.059021,0.339405,-1.268879,3.127086,0.289374,-1.306524,3.106238,-1.294066,305.254000,0.913138,0.077310,0,1,7.881418,0.008836,0.000164,0.135050,3,8,4,9,4
104,8.462790,0.055647,father,4,4,4.000000,4.334590,625.855100,486.688900,627.493200,487.551700,1.851447,621.729800,483.729000,633.256700,491.374300,621.729800,474.591800,633.256700,482.268700,-0.329879,0.233313,-3.159349,-0.121754,0.232506,-3.354566,-0.255394,-3.234927,125.264900,0.581743,-0.282643,0,0,7.617943,0.023891,0.000136,0.128828,7,1,2,7,4
104,8.462790,0.055647,mother,9,11,9.360946,11.000000,570.708700,232.480500,569.638300,233.260700,1.324540,574.433000,229.897800,564.843600,236.623500,574.433000,221.090200,564.843600,225.788000,-1.183847,0.224897,3.322081,-1.356991,0.276679,3.150344,-1.251094,3.256135,54.734970,0.201162,0.240524,1,0,7.315363,0.023891,0.000031,0.132607,5,10,9,5,4
104,8.462790,0.055647,older_sister,6,4,6.000000,4.025760,723.461400,450.941700,722.683800,451.926800,1.255094,721.337000,453.801400,724.030800,450.052400,721.337000,438.786100,724.030800,438.925200,1.468583,0.383406,-2.395164,1.517223,0.284127,-2.299436,1.506943,-2.322143,20.889870,0.846281,-0.106779,0,1,7.033215,0.015600,0.000061,0.125305,3,4,9,9,4
104,8.462790,0.055647,player,8,4,8.000000,3.952847,811.094300,410.207200,809.225200,409.431200,2.023824,805.305800,407.718800,813.144500,411.143600,805.305800,395.212100,813.144500,399.735400,2.984688,0.319351,-1.218473,3.126221,0.291300,-1.305922,3.089202,-1.282012,305.283400,0.941037,0.166047,0,1,7.903599,0.008041,0.000437,0.135050,3,8,4,9,4
105,8.524029,0.059598,father,4,4,4.000000,4.274621,628.390300,487.956400,628.271000,487.753600,0.235264,622.352200,483.921000,634.189800,491.586200,622.352200,474.160000,634.189800,482.732800,-0.318641,0.249242,-3.164250,-0.104907,0.226067,-3.359978,-0.209619,-3.267291,125.261100,0.656704,-0.287515,0,1,7.677540,0.009598,0.000246,0.128828,7,1,2,7,4
105,8.524029,0.059598,mother,9,11,9.420915,11.000000,573.243900,231.212700,571.449400,232.333400,2.115673,574.843200,229.651600,568.055600,235.015100,574.843200,220.788600,568.055600,222.801900,-1.176443,0.226312,3.328367,-1.298996,0.311857,3.191415,-1.205319,3.288505,54.733070,0.276123,0.179136,1,0,7.374960,0.009598,0.000164,0.132607,5,10,9,5,4
105,8.524029,0.059598,older_sister,6,4,6.000000,4.098108,720.402900,449.412400,719.731000,448.131800,1.446241,718.355700,445.315000,721.106300,450.948500,718.355700,432.699900,721.106300,439.552300,1.414756,0.322119,-2.178470,1.464419,0.290995,-2.322319,1.451719,-2.283095,344.642900,0.936715,0.151865,0,1,7.105115,0.030000,0.000000,0.125305,3,4,9,9,4
105,8.524029,0.059598,player,8,4,8.000000,4.000000,809.100900,409.211000,805.152100,407.511600,4.298968,797.188800,403.895300,813.115400,411.127800,797.188800,392.020300,813.115400,399.511400,2.838132,0.303221,-1.120843,3.125695,0.296619,-1.305520,3.053210,-1.256575,305.249600,0.999979,0.341422,0,0,7.950460,0.000000,0.000061,0.135050,3,7,3,3,4
106,8.581472,0.059216,father,4,4,4.000000,4.215036,630.909300,489.216000,629.289600,488.177400,1.924151,624.309900,484.717400,634.269200,491.637400,624.309900,473.959300,634.269200,482.752200,-0.283292,0.274704,-3.184587,-0.103474,0.226878,-3.361283,-0.164138,-3.299456,125.268800,0.731185,-0.248840,0,1,7.736756,0.009216,0.000086,0.128828,7,1,2,7,4
106,8.581472,0.059216,mother,9,11,9.480500,11.000000,575.762800,229.953300,574.286900,230.735500,1.670373,575.661700,229.175600,572.911900,232.295400,575.661700,220.240700,572.911900,219.652600,-1.161662,0.228147,3.340523,-1.211312,0.322827,3.260861,-1.159839,3.320664,54.736010,0.350604,0.086532,1,0,7.434176,0.009216,0.000110,0.132607,5,10,9,5,4
106,8.581472,0.059216,older_sister,6,4,6.000000,4.178607,716.999800,447.710700,714.096600,446.229500,3.259289,706.393800,442.204900,721.799200,450.254100,706.393800,430.782600,721.799200,438.489100,1.198777,0.291661,-2.099054,1.476930,0.300410,-2.304585,1.390274,-2.239642,308.628400,0.037338,0.345602,0,0,7.185115,0.030000,0.000164,0.125305,3,4,9,9,4
106,8.581472,0.059216,player,8,4,8.000000,3.985887,809.697600,409.509200,806.026900,410.868300,3.914176,797.516400,413.856800,814.537500,407.879800,797.516400,402.196300,814.537500,396.192900,2.844045,0.297744,-1.375203,3.151371,0.298418,-1.222583,3.063984,-1.264190,246.034700,0.017620,0.342823,0,1,7.964486,0.004026,0.000086,0.135050,7,7,3,3,4
107,8.642179,0.061228,father,4,4,3.999999,4.153426,633.513900,490.518100,631.929300,489.555400,1.854096,629.164200,487.223400,634.694500,491.887400,629.164200,475.296700,634.694500,482.891600,-0.195647,0.304540,-3.248574,-0.095795,0.229702,-3.367668,-0.117111,-3.332705,125.261300,0.808197,-0.150285,0,1,7.797984,0.011228,0.000246,0.128828,7,1,2,7,4
107,8.642179,0.061228,mother,10,11,9.542109,11.000000,578.367400,228.651200,578.419900,228.591700,0.079403,576.727200,228.600300,580.112700,228.583000,576.727200,219.634500,580.112700,217.914200,-1.142424,0.228939,3.355211,-1.081299,0.272420,3.355655,-1.112811,3.353913,54.739690,0.427616,-0.050168,1,0,7.495404,0.011228,0.000015,0.132607,5,10,9,5,4
107,8.642179,0.061228,older_sister,6,4,6.000000,4.259105,713.596700,446.009200,713.532800,445.781600,0.236460,705.542100,442.048000,721.523600,449.515100,705.542100,431.142800,721.523600,437.010000,1.183398,0.278459,-2.095049,1.471954,0.319312,-2.285717,1.328830,-2.196196,305.263400,0.137960,0.345687,0,0,7.265115,0.030000,0.000110,0.125305,3,4,9,9,4
107,8.642179,0.061228,player,8,4,8.000000,3.941612,811.569300,410.445000,811.344000,412.210500,1.779848,810.817600,419.075300,811.870400,405.345800,810.817600,407.995900,811.870400,393.393900,3.084207,0.282906,-1.508456,3.103216,0.305184,-1.157879,3.097779,-1.288085,184.807000,0.072964,0.350937,0,0,8.008487,0.010315,0.000136,0.135050,7,7,3,3,4
108,8.699438,0.058194,father,4,4,4.000000,4.094870,635.989300,491.756000,635.639100,491.555600,0.403522,635.909700,490.851700,635.368400,492.259400,635.909700,479.638800,635.368400,483.097500,-0.073853,0.286315,-3.341223,-0.083626,0.233945,-3.377168,-0.072415,-3.364314,125.267300,0.881393,-0.012775,0,1,7.856178,0.008194,0.000086,0.129311,7,1,2,7,4
108,8.699438,0.058194,mother,10,11,9.600667,11.000000,580.842800,227.413200,582.545500,226.601600,1.886206,577.618500,228.130000,587.472500,225.073300,577.618500,219.162800,587.472500,215.587200,-1.126333,0.228973,3.367221,-0.948414,0.242221,3.445273,-1.068115,3.385525,54.729140,0.500812,-0.190329,1,0,7.553598,0.008194,0.000246,0.128878,5,10,9,5,4
108,8.699438,0.058194,older_sister,6,4,6.000000,4.339603,710.193600,444.307500,712.914400,445.315300,2.901410,706.416700,442.524900,719.412100,448.105600,706.416700,431.522100,719.412100,434.127700,1.199190,0.280950,-2.107226,1.433830,0.356919,-2.249726,1.267385,-2.152743,305.267300,0.238584,0.273854,1,0,7.345115,0.030000,0.000273,0.130930,3,4,9,9,4
108,8.699438,0.058194,player,8,4,8.000000,3.883138,814.041300,411.680900,813.842000,411.785200,0.224874,821.654600,415.599700,806.029500,407.970800,821.654600,404.690100,806.029500,395.375800,3.279875,0.278570,-1.419707,2.997755,0.321607,-1.224907,3.142412,-1.319644,126.613400,0.146055,0.342633,0,0,8.066598,0.008194,0.000193,0.129186,7,7,3,3,4
109,8.799196,0.100554,father,4,4,4.000000,4.014371,639.392500,493.457600,642.068500,494.673700,2.939388,647.802200,496.594700,636.334700,492.752700,647.802200,487.021100,636.334700,483.429900,0.140874,0.244459,-3.487867,-0.066180,0.238052,-3.389763,-0.010970,-3.407763,125.265100,0.982016,0.225699,0,1,7.936178,0.030000,0.000086,0.129311,7,1,2,7,4
109,8.799196,0.100554,mother,10,11,9.681166,11.000000,584.246000,225.711700,585.337900,225.135500,1.234610,578.341100,227.755800,592.334700,222.515300,578.341100,218.508500,592.334700,213.555800,-1.113285,0.236126,3.376776,-0.860625,0.228775,3.510589,-1.006670,3.428971,54.737110,0.601435,-0.283554,0,0,7.633598,0.030000,0.000150,0.128878,5,10,9,5,4
109,8.799196,0.100554,older_sister,6,4,6.000000,4.420102,706.790500,442.606200,709.001000,443.523900,2.393388,706.020400,442.358200,711.981800,444.689500,706.020400,431.244000,711.981800,429.166700,1.192034,0.283796,-2.102971,1.299670,0.396366,-2.162498,1.205940,-2.109302,305.260600,0.339207,0.122254,1,0,7.425115,0.030000,0.000086,0.130930,3,4,9,9,4
109,8.799196,0.100554,player,8,4,8.000000,3.802640,817.444300,413.382700,814.679900,412.366000,2.945436,820.956700,415.038100,808.403300,409.693900,820.956700,404.031900,808.403300,395.524400,3.267273,0.281035,-1.405366,3.040614,0.361810,-1.268906,3.203856,-1.363097,125.268500,0.246678,0.263850,1,0,8.146598,0.030000,0.000000,0.129186,7,7,3,3,4
110,8.854919,0.056557,father,4,4,4.000000,3.972720,641.153300,494.337900,643.539800,495.464100,2.638925,650.090000,497.823700,636.989600,493.104500,650.090000,488.491700,636.989600,483.637900,0.182180,0.238287,-3.519248,-0.054354,0.241724,-3.398746,0.020823,-3.430239,125.258500,0.034080,0.262706,0,1,7.977572,0.027111,0.000220,0.129311,7,1,2,7,4
110,8.854919,0.056557,mother,10,11,9.758757,11.000000,587.526200,224.071500,586.160700,224.539900,1.443587,579.356300,227.018300,592.965100,222.061700,579.356300,216.767100,592.965100,213.216400,-1.094956,0.261758,3.395608,-0.849241,0.225860,3.522173,-0.947444,3.470852,54.734280,0.698423,-0.273697,0,1,7.710710,0.027111,0.000233,0.128878,5,10,9,5,4
110,8.854919,0.056557,older_sister,6,5,6.000000,4.500600,703.387500,440.904700,702.948700,440.625100,0.520276,705.263900,442.042600,700.633600,439.207600,705.263900,430.750700,700.633600,426.438600,1.178375,0.288332,-2.094911,1.094773,0.326047,-2.022519,1.144496,-2.065856,305.262900,0.439829,-0.110056,1,0,7.505115,0.030000,0.000000,0.130930,3,4,9,9,4
110,8.854919,0.056557,player,8,4,8.000000,3.725048,820.724500,415.022600,818.578400,414.123100,2.327069,821.372600,415.205700,815.784200,413.040500,821.372600,404.081800,815.784200,397.532800,3.274781,0.284041,-1.409646,3.173881,0.395979,-1.354359,3.263082,-1.404971,125.260300,0.343668,0.114305,1,0,8.223709,0.027111,0.000164,0.129186,7,7,3,3,4
111,8.910210,0.056232,father,4,4,4.000000,3.916137,643.545300,495.534100,644.408500,496.114600,1.040257,651.022400,498.600400,637.794700,493.628700,651.022400,489.760400,637.794700,483.782000,0.199015,0.225724,-3.539080,-0.039819,0.251430,-3.412132,0.064012,-3.460783,125.268400,0.104808,0.268299,0,0,8.033804,0.006232,0.000031,0.129311,7,1,2,7,4
111,8.910210,0.056232,mother,10,11,9.815340,11.000000,589.918200,222.875600,587.826000,223.663500,2.235653,582.494500,225.311300,593.157400,222.015700,582.494500,213.903200,593.157400,213.088100,-1.038293,0.291300,3.439195,-0.845769,0.227961,3.523347,-0.904255,3.501388,54.738720,0.769153,-0.205783,0,1,7.766942,0.006232,0.000136,0.128878,5,10,9,5,4
111,8.910210,0.056232,older_sister,6,5,6.000000,4.581099,699.984400,439.203000,697.545000,437.733500,2.847772,704.945200,441.904400,690.144800,433.562500,704.945200,430.464900,690.144800,422.169700,1.172622,0.292103,-2.091383,0.905392,0.290908,-1.878375,1.083051,-2.022403,305.267800,0.540452,-0.341174,0,0,7.585114,0.030000,0.000164,0.130930,3,4,9,9,4
111,8.910210,0.056232,player,8,4,8.000000,3.668465,823.116600,416.218800,822.692700,416.060800,0.452339,821.912800,415.430100,823.472700,416.691400,821.912800,404.181000,823.472700,403.005400,3.284536,0.287238,-1.415376,3.312701,0.349465,-1.447584,3.306272,-1.435516,125.269000,0.414396,-0.041592,1,0,8.279942,0.006232,0.000000,0.129186,7,7,3,3,4
112,8.962845,0.053521,father,4,4,4.000000,3.862283,645.822000,496.672500,645.078700,496.511400,0.760585,651.441100,498.781000,638.716200,494.241900,651.441100,489.998400,638.716200,483.737500,0.206576,0.224259,-3.543692,-0.023180,0.268223,-3.427789,0.105119,-3.489852,125.265600,0.172125,0.254511,1,0,8.087324,0.003521,0.000031,0.129311,7,1,2,7,4
112,8.962845,0.053521,mother,10,11,9.869195,11.000000,592.194900,221.737200,590.808200,222.354200,1.517789,587.904800,222.938800,593.711600,221.769700,587.904800,210.933500,593.711600,212.700100,-0.940607,0.306549,3.499776,-0.835763,0.231586,3.529629,-0.863148,3.530457,54.733760,0.836470,-0.102839,0,1,7.820463,0.003521,0.000164,0.128878,5,10,9,5,4
112,8.962845,0.053521,older_sister,6,5,6.000000,4.661597,696.581300,437.501500,696.336800,437.478500,0.245593,704.969400,442.088900,687.704200,432.868000,704.969400,429.906800,687.704200,422.002500,1.173058,0.311061,-2.096092,0.861327,0.277445,-1.860643,1.021606,-1.978957,305.262900,0.641075,-0.390464,0,0,7.665114,0.030000,0.000110,0.130930,3,4,9,9,4
112,8.962845,0.053521,player,8,4,8.000000,3.614611,825.393300,417.357200,826.973100,418.263800,1.821476,822.298300,415.591000,831.647900,420.936600,822.298300,404.240800,831.647900,409.080200,3.291496,0.289822,-1.419485,3.460310,0.302744,-1.555981,3.347379,-1.464583,125.264900,0.481713,-0.216643,1,0,8.333462,0.003521,0.000000,0.129186,7,7,3,3,4
113,9.016666,0.054283,father,4,4,4.000000,3.807662,648.131100,497.827000,646.062100,497.021400,2.220323,651.562100,498.792800,640.562000,495.250000,651.562100,489.933200,640.562000,483.682300,0.208761,0.226224,-3.543995,0.010146,0.295374,-3.453530,0.146812,-3.519332,125.263500,0.240401,0.214399,1,0,8.141607,0.004283,0.000031,0.129311,7,1,2,7,4
113,9.016666,0.054283,mother,10,11,9.923816,11.000000,594.504000,220.582700,594.713200,220.455700,0.244696,595.048800,219.451700,594.377600,221.459700,595.048800,208.803000,594.377600,212.263400,-0.811619,0.271910,3.588815,-0.823737,0.234822,3.537543,-0.821455,3.559937,54.736480,0.904746,0.039496,0,1,7.874745,0.004283,0.000123,0.128878,5,10,9,5,4
113,9.016666,0.054283,older_sister,6,5,6.000000,4.742095,693.178200,435.799800,695.214800,437.239100,2.493942,701.988800,441.098500,688.440900,433.379700,701.988800,427.373500,688.440900,422.528400,1.119242,0.350460,-2.070804,0.874627,0.277081,-1.873709,0.960162,-1.935504,305.267400,0.741697,-0.313522,0,1,7.745114,0.030000,0.000246,0.130930,3,4,9,9,4
113,9.016666,0.054283,player,8,4,8.000000,3.559990,827.702400,418.511700,830.146200,419.989900,2.856050,822.411400,415.645100,837.880800,424.334700,822.411400,404.169900,837.880800,413.009600,3.293542,0.293011,-1.420865,3.572847,0.289177,-1.642749,3.389071,-1.494063,125.263600,0.549990,-0.356156,0,0,8.387745,0.004283,0.000000,0.129186,7,7,3,3,4
114,9.068882,0.052974,father,4,4,4.000000,3.754359,650.384500,498.953600,648.419100,498.115900,2.136519,652.296500,499.121300,644.541600,497.110500,652.296500,490.238700,644.541600,484.491500,0.222020,0.226813,-3.552382,0.082000,0.322217,-3.501036,0.187498,-3.548098,125.261100,0.307031,0.143973,1,0,8.194581,0.002974,0.000136,0.126919,7,1,2,7,4
114,9.068882,0.052974,mother,10,11,10.000000,11.000000,597.724700,218.972400,600.565100,217.411800,3.240816,605.823500,213.831100,595.306500,220.992400,605.823500,204.128900,595.306500,211.626200,-0.617075,0.247741,3.732334,-0.806965,0.239161,3.549475,-0.763303,3.601056,54.736630,0.999977,0.260618,0,1,7.950459,0.025713,0.000137,0.132861,5,10,9,5,4
114,9.068882,0.052974,older_sister,6,5,6.000000,4.822594,689.775100,434.098300,691.027000,434.931200,1.503640,693.476300,436.432700,688.577600,433.429700,693.476300,421.357400,688.577600,422.317000,0.965545,0.384939,-1.951666,0.877095,0.283757,-1.874986,0.898717,-1.892059,305.262800,0.842320,-0.116490,0,1,7.825114,0.030000,0.000164,0.131735,3,4,9,9,4
114,9.068882,0.052974,player,8,4,7.999999,3.506686,829.955800,419.638300,830.877700,420.104300,1.033004,822.279400,415.504600,839.476200,424.704000,822.279400,403.586900,839.476200,413.777600,3.291156,0.304311,-1.417278,3.601653,0.278999,-1.652180,3.429758,-1.522830,125.261800,0.616619,-0.389140,0,0,8.440719,0.002974,0.000136,0.129141,7,7,3,3,4
115,9.169050,0.097035,father,4,4,4.000000,3.673860,653.787600,500.655200,653.368500,500.416700,0.482165,653.692900,499.745400,653.044100,501.088000,653.692900,490.780900,653.044100,489.785500,0.247234,0.228904,-3.568318,0.235519,0.288602,-3.602600,0.248943,-3.591548,125.265600,0.407654,-0.010228,1,0,8.274581,0.030000,0.000061,0.126919,7,1,2,7,4
115,9.169050,0.097035,mother,10,11,9.999999,10.929560,600.702500,220.461300,602.302400,220.600700,1.605914,609.759300,220.169400,594.845400,221.032000,609.759300,211.262900,594.845400,211.300600,-0.546013,0.227422,3.570492,-0.815291,0.248483,3.548466,-0.709538,3.563038,92.756700,0.088022,0.267908,0,0,8.020459,0.030000,0.000110,0.132861,7,10,9,5,4
115,9.169050,0.097035,older_sister,6,5,6.000000,4.903092,686.372000,432.397000,684.413400,431.583100,2.121008,680.347200,429.805200,688.479600,433.361000,680.347200,417.344800,688.479600,421.947400,0.728490,0.318168,-1.782436,0.875325,0.291438,-1.873231,0.837272,-1.848616,305.260900,0.942944,0.172312,0,1,7.905114,0.030000,0.000061,0.131735,3,4,9,9,4
115,9.169050,0.097035,player,8,3,8.000000,3.426187,833.358900,421.340000,831.574700,420.085800,2.180904,824.043000,415.897700,839.106400,424.274000,824.043000,402.740400,839.106400,413.433500,3.322998,0.335964,-1.427315,3.594977,0.276804,-1.641199,3.491203,-1.566283,125.267500,0.717242,-0.345556,0,1,8.520719,0.030000,0.000031,0.129141,7,7,3,3,4
116,9.223745,0.055989,father,4,4,4.000000,3.600381,656.894000,502.208400,658.524200,503.061300,1.839840,654.893500,500.312700,662.154800,505.810000,654.893500,491.345500,662.154800,496.316300,0.268911,0.228971,-3.582803,0.400017,0.242415,-3.723174,0.305031,-3.631209,125.265300,0.499502,-0.188091,1,0,8.347605,0.023024,0.000031,0.126919,7,1,2,7,4
116,9.223745,0.055989,mother,10,11,9.999999,10.856080,603.808800,222.014500,602.836700,221.896000,0.979301,609.604900,223.266600,596.068500,220.525500,609.604900,214.480200,596.068500,209.936200,-0.548801,0.224357,3.491405,-0.793207,0.270389,3.561399,-0.653452,3.523377,114.728000,0.179871,0.251274,1,0,8.093483,0.023024,0.000031,0.132861,7,10,9,5,4
116,9.223745,0.055989,older_sister,6,5,6.000000,4.983591,682.968900,430.695300,680.116500,429.391700,3.136168,672.079200,425.670900,688.153700,433.112500,672.079200,414.320600,688.153700,421.321700,0.579206,0.289823,-1.676869,0.869443,0.301071,-1.866885,0.775827,-1.805163,305.267500,0.043566,0.346682,0,0,7.985114,0.030000,0.000136,0.131735,3,4,9,9,4
116,9.223745,0.055989,player,8,3,8.000000,3.352708,836.465300,422.893200,834.760500,421.657900,2.105291,830.751000,419.224100,838.769900,424.091800,830.751000,404.220400,838.769900,413.103600,3.444116,0.383110,-1.512254,3.588901,0.280576,-1.636547,3.547290,-1.605941,125.262700,0.809091,-0.189977,0,1,8.593742,0.023024,0.000031,0.129141,7,7,3,3,4
117,9.278042,0.054729,father,4,4,4.000000,3.545311,659.222000,503.372500,661.151600,504.420700,2.195916,655.491400,500.610400,666.811800,508.231000,655.491400,491.530400,666.811800,499.011000,0.279706,0.231852,-3.590405,0.484102,0.235430,-3.784994,0.347064,-3.660933,125.265900,0.568339,-0.279236,0,0,8.402334,0.004729,0.000031,0.126919,7,1,2,7,4
117,9.278042,0.054729,mother,10,11,9.999998,10.801010,606.137000,223.178600,604.038600,222.363600,2.251035,609.372300,224.044900,598.705000,220.682400,609.372300,215.183500,598.705000,208.955200,-0.553001,0.226268,3.471533,-0.745604,0.299447,3.557391,-0.611417,3.493652,125.265600,0.248709,0.206830,1,0,8.148212,0.004729,0.000015,0.132861,7,10,9,5,4
117,9.278042,0.054729,older_sister,6,5,6.000000,5.030187,680.999100,429.710400,679.795200,428.982500,1.406843,671.682900,425.149200,687.907500,432.815800,671.682900,414.214700,687.907500,420.648000,0.572053,0.279206,-1.663547,0.864997,0.310696,-1.859309,0.740261,-1.780017,305.261400,0.101811,0.352212,0,0,8.031422,0.030000,0.000061,0.131735,3,4,9,9,4
117,9.278042,0.054729,player,8,3,8.000000,3.297638,838.793400,424.057200,838.440000,423.738300,0.476015,838.034900,423.306900,838.845200,424.169600,838.034900,408.970800,838.845200,412.936900,3.575630,0.366065,-1.616507,3.590259,0.286823,-1.638536,3.589325,-1.635665,125.264900,0.877928,-0.024662,0,1,8.648472,0.004729,0.000031,0.129141,7,7,3,3,4
118,9.331055,0.054442,father,4,3,4.000000,3.490531,661.538000,504.530100,661.903700,504.607400,0.373790,655.946900,500.769300,667.860400,508.445400,655.946900,491.225200,667.860400,499.554500,0.287930,0.243702,-3.594461,0.503036,0.227026,-3.790468,0.388879,-3.690493,125.257500,0.636815,-0.288793,0,0,8.456776,0.004441,0.000273,0.126919,7,1,2,7,4
118,9.331055,0.054442,mother,10,11,9.999998,10.746230,608.452800,224.336400,606.560400,223.510300,2.064841,610.145800,224.384200,602.975000,222.636500,610.145800,215.490000,602.975000,209.947100,-0.539035,0.227107,3.462869,-0.668507,0.324015,3.507496,-0.569602,3.464088,125.261200,0.317184,0.131480,1,0,8.202654,0.004441,0.000123,0.132861,7,10,9,5,4
118,9.331055,0.054442,older_sister,6,5,6.000000,5.110685,677.595900,428.009000,679.505300,428.617400,2.003931,672.246000,425.432000,686.764800,431.802800,672.246000,414.469400,686.764800,418.561600,0.582219,0.279923,-1.670768,0.844363,0.338107,-1.833443,0.678816,-1.736571,305.262800,0.202434,0.307961,1,0,8.111422,0.030000,0.000086,0.131735,3,4,9,9,4
118,9.331055,0.054442,player,8,3,8.000000,3.242857,841.109300,425.214900,843.227900,426.098100,2.295363,847.558300,427.996500,838.897500,424.199600,847.558300,415.617300,838.897500,412.775900,3.747582,0.316095,-1.736252,3.591204,0.291696,-1.639299,3.631139,-1.665225,125.258600,0.946404,0.183659,0,1,8.702913,0.004441,0.000273,0.129141,7,7,3,3,4
119,9.384880,0.054530,father,4,3,4.000000,3.435661,663.857500,505.690000,662.625900,504.857500,1.486674,657.161100,501.190400,668.090700,508.524600,657.161100,490.865800,668.090700,499.668900,0.309853,0.263633,-3.605216,0.507193,0.226124,-3.792489,0.430762,-3.720111,125.266400,0.705402,-0.269251,0,1,8.511306,0.004530,0.000164,0.126919,7,1,2,7,4
119,9.384880,0.054530,mother,10,11,9.999998,10.691360,610.772500,225.496100,609.862500,225.028100,1.023282,611.102500,224.808300,608.622500,225.247900,611.102500,215.846400,608.622500,213.309500,-0.521760,0.228838,3.452038,-0.566539,0.304840,3.440814,-0.527720,3.434475,125.262500,0.385772,0.030083,1,0,8.257184,0.004530,0.000179,0.132861,7,10,9,5,4
119,9.384880,0.054530,older_sister,6,5,6.000000,5.191184,674.192900,426.307300,676.789200,427.290900,2.776468,672.396200,425.503200,681.182400,429.078700,672.396200,414.461400,681.182400,413.777100,0.584930,0.281947,-1.672587,0.743571,0.390717,-1.763884,0.617372,-1.693118,305.267500,0.303057,0.182239,1,0,8.191422,0.030000,0.000136,0.131735,3,4,9,9,4
119,9.384880,0.054530,player,8,3,8.000000,3.187987,843.429000,426.374800,847.021500,427.934100,3.916414,855.003300,431.571800,839.039900,424.296400,855.003300,419.879000,839.039900,412.620100,3.882004,0.298570,-1.827546,3.593776,0.298150,-1.641773,3.673023,-1.694842,125.265500,0.014991,0.342593,0,1,8.757443,0.004530,0.000220,0.129141,7,7,3,3,4
120,9.435007,0.050630,father,4,3,4.000000,3.384715,666.011300,506.766900,664.263200,505.634600,2.082695,660.286800,502.628800,668.239700,508.640500,660.286800,491.221800,668.239700,499.713000,0.366289,0.291272,-3.641943,0.509884,0.227958,-3.795449,0.469648,-3.747607,125.263700,0.769085,-0.205870,0,0,8.561936,0.000630,0.000164,0.114660,7,1,2,7,4
120,9.435007,0.050630,mother,10,11,9.999997,10.640420,612.926100,226.573100,613.607100,226.884700,0.748807,612.019600,225.238600,615.194500,228.530600,612.019600,216.269400,615.194500,218.452200,-0.505201,0.229025,3.441050,-0.447879,0.257348,3.356991,-0.488833,3.406975,125.267500,0.449454,-0.095337,0,0,8.307815,0.000630,0.000086,0.128955,7,10,9,5,4
120,9.435007,0.050630,older_sister,6,5,6.000000,5.271682,670.789800,424.605800,671.551800,424.928600,0.827513,671.713100,425.249100,671.390400,424.608000,671.713100,414.018400,671.390400,410.532400,0.572598,0.286771,-1.666099,0.566771,0.359413,-1.649729,0.555927,-1.649672,305.263300,0.403680,-0.014209,1,0,8.271421,0.030000,0.000061,0.136468,3,4,9,9,4
120,9.435007,0.050630,player,8,3,8.000000,3.137041,845.582600,427.451600,847.459600,428.426800,2.115171,855.569200,432.237300,839.350000,424.616300,855.569200,421.195700,839.350000,412.625000,3.892221,0.281940,-1.844538,3.599375,0.306190,-1.649941,3.711909,-1.722338,125.263700,0.078673,0.351458,0,0,8.808074,0.000630,0.000246,0.135810,7,7,3,3,4
121,9.529978,0.094716,father,4,3,4.000000,3.304217,669.414400,508.468600,668.800600,508.128800,0.701545,668.516200,507.142800,669.085000,509.114900,668.516200,495.674300,669.085000,499.972400,0.514876,0.292841,-3.757205,0.525145,0.233448,-3.807563,0.531093,-3.791060,125.267500,0.869708,-0.037461,0,1,8.641936,0.030000,0.000000,0.114660,7,1,2,7,4
121,9.529978,0.094716,mother,10,11,9.999997,10.559920,616.329300,228.274700,618.379400,229.393900,2.335707,613.101100,225.761400,623.657700,233.026400,613.101100,216.742500,623.657700,223.719800,-0.485676,0.230292,3.427702,-0.295069,0.237638,3.242196,-0.427388,3.363526,125.264800,0.550077,-0.262732,0,0,8.387815,0.030000,0.000031,0.128955,7,10,9,5,4
121,9.529978,0.094716,older_sister,6,5,6.000000,5.352180,667.386700,422.904100,665.355800,421.712600,2.354609,671.171600,425.017300,659.539900,418.408000,671.171600,413.648100,659.539900,406.769000,0.562821,0.290308,-1.660181,0.352803,0.297195,-1.491415,0.494482,-1.606219,305.267400,0.504302,-0.268917,1,0,8.351421,0.030000,0.000246,0.136468,3,4,9,9,4
121,9.529978,0.094716,player,8,3,8.000000,3.056543,848.985700,429.153400,847.749500,428.818500,1.280759,855.354700,432.241000,840.144200,425.396000,855.354700,421.308800,840.144200,412.418700,3.888347,0.279147,-1.844633,3.613715,0.331369,-1.669850,3.773354,-1.765792,125.267900,0.179297,0.325146,1,0,8.888074,0.030000,0.000031,0.135810,7,7,3,3,4
122,9.581001,0.052451,father,4,3,4.000000,3.236631,672.271600,509.897000,674.123000,510.737200,2.033184,678.348700,511.946700,669.897500,509.527800,678.348700,502.244300,669.897500,500.259800,0.692408,0.247744,-3.879869,0.539816,0.236654,-3.818106,0.582681,-3.827532,125.259800,0.954190,0.160253,0,1,8.709104,0.017167,0.000220,0.114660,7,1,2,7,4
122,9.581001,0.052451,mother,10,10,9.999998,10.492330,619.186500,229.703200,619.606800,229.811800,0.434158,613.650300,225.974000,625.563400,233.649600,613.650300,216.452400,625.563400,224.753600,-0.475760,0.243128,3.422273,-0.260660,0.227155,3.226281,-0.375800,3.327050,125.263100,0.634560,-0.288784,0,0,8.454982,0.017167,0.000110,0.128955,7,10,9,5,4
122,9.581001,0.052451,older_sister,6,5,6.000000,5.432679,663.983600,421.202600,662.797900,420.552300,1.352362,671.293200,425.119800,654.302700,415.984800,671.293200,413.306800,654.302700,405.047000,0.565016,0.301637,-1.662795,0.258244,0.279290,-1.429539,0.433037,-1.562774,305.262800,0.604925,-0.385148,0,0,8.431421,0.030000,0.000164,0.136468,3,4,9,9,4
122,9.581001,0.052451,player,8,3,8.000000,3.000000,851.376100,430.348500,848.610200,429.339900,2.944109,854.792000,431.959000,842.428300,426.720800,854.792000,420.951600,842.428300,412.471800,3.878190,0.281065,-1.837431,3.654955,0.363840,-1.703678,3.816513,-1.796309,125.263600,0.249975,0.259493,1,0,8.944267,0.006193,0.000061,0.135810,7,7,3,3,4
123,9.634493,0.052228,father,4,3,4.000000,3.184078,674.493300,511.007900,677.158300,512.234000,2.933503,683.693800,514.564400,670.622800,509.903500,683.693800,505.077900,670.622800,500.480500,0.788917,0.242232,-3.946712,0.552912,0.240611,-3.827700,0.622796,-3.855898,125.264900,0.019881,0.261409,0,1,8.761332,0.002228,0.000164,0.114660,7,1,2,7,4
123,9.634493,0.052228,mother,10,10,9.999997,10.439780,621.408100,230.814000,620.287700,230.038700,1.362537,614.741900,226.339400,625.833600,233.737900,614.741900,216.069400,625.833600,224.890100,-0.456048,0.262238,3.412944,-0.255782,0.225923,3.224026,-0.335686,3.298688,125.261400,0.700251,-0.272587,0,1,8.507210,0.002228,0.000150,0.128955,7,10,9,5,4
123,9.634493,0.052228,older_sister,6,6,6.000000,5.513177,660.580500,419.501300,662.123200,420.615000,1.902653,669.965300,424.929900,654.281100,416.300100,669.965300,411.950600,654.281100,405.470500,0.541041,0.331418,-1.657948,0.257853,0.276529,-1.437592,0.371593,-1.519332,305.260500,0.705548,-0.358444,0,1,8.511421,0.030000,0.000086,0.136468,3,4,9,9,4
123,9.634493,0.052228,player,8,3,7.989021,3.000000,850.912000,430.580500,849.299300,428.724500,2.458848,852.415700,432.911900,846.182800,424.537000,852.415700,421.899800,846.182800,409.972700,3.835284,0.281188,-1.861765,3.722744,0.371892,-1.647916,3.808134,-1.802234,157.028600,0.263700,0.240812,0,0,8.955178,0.000911,0.000110,0.135810,1,7,3,3,4
124,9.685215,0.051048,father,4,3,4.000000,3.132712,676.664800,512.093700,677.994300,512.852000,1.530577,684.608400,515.317600,671.380200,510.386400,684.608400,506.392500,671.380200,500.681300,0.805429,0.227896,-3.965945,0.566587,0.247813,-3.840029,0.662004,-3.883624,125.265800,0.084089,0.267710,0,0,8.812380,0.001048,0.000136,0.114660,7,1,2,7,4
124,9.685215,0.051048,mother,10,10,9.999998,10.388410,623.579700,231.899700,621.831200,230.763700,2.085155,617.723800,227.690300,625.938700,233.837000,617.723800,216.356500,625.938700,224.915300,-0.402211,0.289403,3.378448,-0.253884,0.227812,3.221495,-0.296478,3.270962,125.266100,0.764459,-0.211726,0,1,8.558258,0.001048,0.000150,0.128955,7,10,9,5,4
124,9.685215,0.051048,older_sister,6,6,6.000000,5.593676,657.177400,417.799500,658.909500,419.062700,2.143814,663.046900,421.572800,654.772200,416.552700,663.046900,406.605600,654.772200,405.573600,0.416126,0.382179,-1.572226,0.266719,0.280344,-1.444041,0.310148,-1.475878,305.267900,0.806171,-0.195998,0,1,8.591421,0.030000,0.000136,0.136468,3,4,9,9,4
124,9.685215,0.051048,player,8,3,7.957070,3.000000,849.561300,431.255800,849.614300,429.176100,2.080326,849.374500,432.738200,849.854000,425.614100,849.374500,421.695500,849.854000,410.304600,3.780374,0.281969,-1.857329,3.789030,0.390920,-1.675418,3.783746,-1.819476,188.075900,0.303638,0.181322,0,0,8.986931,0.000861,0.000193,0.135810,1,7,3,3,4
125,9.735966,0.051316,father,4,3,4.000000,3.081076,678.847700,513.185300,678.660500,513.277600,0.208707,685.167500,515.663300,672.153400,510.891900,685.167500,506.880800,672.153400,500.647600,0.815525,0.224255,-3.974771,0.580548,0.261581,-3.852936,0.701417,-3.911497,125.268200,0.148634,0.262197,0,0,8.863696,0.001316,0.000000,0.114660,7,1,2,7,4
125,9.735966,0.051316,mother,10,10,9.999998,10.336780,625.762600,232.991400,624.370800,232.198600,1.601680,622.334400,230.295900,626.407400,234.101400,622.334400,218.259000,626.407400,225.051100,-0.318963,0.307355,3.311915,-0.245422,0.231093,3.214746,-0.257064,3.243088,125.268200,0.829003,-0.116149,0,1,8.609574,0.001316,0.000015,0.128955,7,10,9,5,4
125,9.735966,0.051316,older_sister,6,6,6.000000,5.674174,653.774400,416.098100,653.262000,415.958400,0.531088,651.812300,415.439600,654.711700,416.477200,651.812300,401.949800,654.711700,405.161700,0.213277,0.344455,-1.415620,0.265628,0.288936,-1.442114,0.248703,-1.432433,305.262800,0.906794,0.058041,0,1,8.671421,0.030000,0.000031,0.136468,3,4,9,9,4
125,9.735966,0.051316,player,8,3,7.907334,3.000001,847.458600,432.307400,848.648800,431.131500,1.673087,847.634800,432.358900,849.662800,429.904000,847.634800,421.191700,849.662800,414.691300,3.748962,0.285149,-1.847645,3.785579,0.388448,-1.784960,3.745781,-1.846327,219.286300,0.365808,0.071704,1,0,9.036359,0.001316,0.000031,0.135810,1,7,3,3,4
126,9.785534,0.050012,father,4,3,4.000000,3.030752,680.975200,514.249000,679.366500,513.698700,1.700278,685.318500,515.695300,673.414300,511.701900,685.318500,506.873700,673.414300,500.729100,0.818251,0.225255,-3.975590,0.603314,0.280186,-3.873621,0.739830,-3.938658,125.263900,0.211539,0.234368,0,0,8.913709,0.000012,0.000061,0.125483,7,1,2,7,4
126,9.785534,0.050012,mother,10,10,9.999997,10.286450,627.890100,234.055100,627.793900,233.985100,0.118938,628.584700,233.543900,627.003200,234.426200,628.584700,222.581400,627.003200,225.248100,-0.206109,0.279922,3.228980,-0.234665,0.234357,3.206452,-0.218652,3.215928,125.263100,0.891909,0.010310,0,0,8.659587,0.000012,0.000015,0.129700,7,10,9,5,4
126,9.785534,0.050012,older_sister,6,6,6.000000,5.754673,650.371200,414.396400,646.599100,412.765800,4.109417,638.627100,409.138000,654.571200,416.393800,638.627100,397.351700,654.571200,404.747400,-0.024789,0.300954,-1.254710,0.263092,0.297382,-1.439983,0.187259,-1.388980,305.267400,0.007416,0.342021,0,1,8.751421,0.030000,0.000193,0.143269,3,4,9,9,4
126,9.785534,0.050012,player,8,3,7.857010,3.000000,845.331200,433.371100,845.204400,433.380000,0.127083,847.170300,432.645100,843.238500,434.114800,847.170300,421.371700,843.238500,420.962400,3.740575,0.287860,-1.854951,3.669584,0.335839,-1.892479,3.707369,-1.873488,234.736400,0.428712,-0.079631,0,0,9.086371,0.000012,0.000000,0.137526,1,7,3,3,4
127,9.879787,0.094305,father,4,3,4.000000,2.950253,684.378300,515.950400,682.448200,515.117400,2.102144,686.178600,516.057200,678.717800,514.177600,686.178600,507.169200,678.717800,501.519000,0.833782,0.226951,-3.984830,0.699071,0.323231,-3.936836,0.801275,-3.982104,125.262900,0.312162,0.137702,1,0,8.993709,0.030000,0.000136,0.125483,7,1,2,7,4
127,9.879787,0.094305,mother,10,10,9.999997,10.205950,631.293200,235.756600,634.194800,237.072000,3.185935,640.411000,239.229000,627.978600,234.915000,640.411000,229.586700,627.978600,225.567900,0.007420,0.246211,3.083813,-0.217053,0.238675,3.193969,-0.157207,3.172482,125.262900,0.992532,0.246881,0,1,8.739587,0.030000,0.000098,0.129700,7,10,9,5,4
127,9.879787,0.094305,older_sister,6,6,6.000000,5.835171,646.968100,412.694900,645.953000,412.037000,1.209699,637.850100,408.200000,654.055800,415.873900,637.850100,397.282000,654.055800,403.657000,-0.038817,0.278786,-1.230760,0.253786,0.311953,-1.426709,0.125814,-1.345535,305.262900,0.108039,0.352041,0,0,8.831421,0.030000,0.000136,0.143269,3,4,9,9,4
127,9.879787,0.094305,player,8,3,7.776512,3.000000,841.928000,435.072500,839.255900,436.176200,2.891085,846.810500,432.851300,831.701200,439.501200,846.810500,421.442600,831.701200,428.037000,3.734079,0.291313,-1.860215,3.461272,0.292733,-2.030017,3.645923,-1.916934,234.737600,0.529335,-0.320782,0,0,9.166371,0.030000,0.000110,0.137526,1,7,3,3,4
128,9.928015,0.049149,father,4,3,4.000000,2.886404,687.077600,517.300200,686.299000,516.891800,0.879254,687.287100,516.549600,685.310800,517.234100,687.287100,507.586300,685.310800,505.468000,0.853796,0.228872,-3.997401,0.818112,0.300441,-4.014881,0.850012,-4.016570,125.267300,0.391974,0.019042,1,0,9.057163,0.013454,0.000000,0.125483,7,1,2,7,4
128,9.928015,0.049149,mother,10,10,9.999998,10.142100,633.992400,237.106300,635.576000,237.958900,1.798580,642.179500,240.407700,628.972700,235.510000,642.179500,231.416200,628.972700,225.877500,0.039353,0.229593,3.053716,-0.199106,0.245959,3.178777,-0.108471,3.138016,125.267700,0.072344,0.266902,0,0,8.803041,0.013454,0.000086,0.129700,7,10,9,5,4
128,9.928015,0.049149,older_sister,6,6,6.000000,5.915669,643.565100,410.993600,645.642300,411.670400,2.184751,638.493200,408.553800,652.791400,414.787000,638.493200,397.582100,652.791400,401.466600,-0.027206,0.280157,-1.239795,0.230956,0.340128,-1.398954,0.064369,-1.302092,305.260900,0.208662,0.302680,1,0,8.911421,0.030000,0.000086,0.143269,3,4,9,9,4
128,9.928015,0.049149,player,8,3,7.712662,3.000000,839.228800,436.422300,838.085700,436.955400,1.261341,847.037500,432.790800,829.134000,441.120100,847.037500,420.941700,829.134000,430.185400,3.738178,0.302560,-1.858672,3.414917,0.279210,-2.071354,3.597187,-1.951400,234.732000,0.609147,-0.386732,0,0,9.229826,0.013454,0.000031,0.137526,1,7,3,3,4
129,9.973969,0.049707,father,4,3,4.000000,2.836387,689.192000,518.357400,689.991600,518.730800,0.882485,688.181200,516.968600,691.802100,520.493100,688.181200,507.998600,691.802100,510.520800,0.869937,0.229043,-4.008101,0.935315,0.254637,-4.098098,0.888190,-4.043563,125.261100,0.454496,-0.105338,1,0,9.106871,0.049707,0.000061,0.125483,7,1,2,7,4
129,9.973969,0.049707,mother,10,10,9.999997,10.092090,636.106800,238.163400,636.252200,238.417500,0.292716,642.813100,240.856900,629.691200,235.978000,642.813100,232.068800,629.691200,225.875300,0.050793,0.224399,3.042247,-0.186131,0.257968,3.166827,-0.070293,3.111023,125.261600,0.134865,0.265375,0,0,8.852749,0.049707,0.000046,0.129700,7,10,9,5,4
129,9.973969,0.049707,older_sister,6,6,6.000000,5.965981,641.438100,409.929900,644.182900,410.906800,2.913425,638.670500,408.628200,649.695300,413.185500,638.670500,397.614300,649.695300,398.451200,-0.024004,0.281234,-1.241694,0.175053,0.376230,-1.358060,0.025966,-1.274933,305.269200,0.271551,0.229712,1,0,8.961421,0.050000,0.000110,0.143269,3,4,9,9,4
129,9.973969,0.049707,player,8,3,7.662645,3.000000,837.114400,437.479400,838.065700,437.234300,0.982410,846.941700,433.123200,829.189900,441.345600,846.941700,420.550800,829.189900,430.530400,3.736447,0.321028,-1.867158,3.415929,0.276158,-2.077112,3.559010,-1.978393,234.737900,0.671669,-0.382919,0,1,9.279533,0.049707,0.000061,0.137526,1,7,3,3,4
130,10.021610,0.047949,father,4,3,4.000000,2.788139,691.231700,519.377000,693.069100,520.358000,2.082893,688.877700,517.304100,697.260400,523.411800,688.877700,508.335100,697.260400,513.983600,0.882515,0.229019,-4.016668,1.033869,0.240744,-4.172626,0.925017,-4.069598,125.259000,0.514807,-0.213618,1,0,9.154820,0.047949,0.000273,0.125483,7,1,2,7,4
130,10.021610,0.047949,mother,10,10,9.999998,10.043840,638.146600,239.183500,636.878500,238.787400,1.328492,643.027800,240.907600,630.729300,236.667200,643.027800,232.107500,630.729300,225.900400,0.054669,0.224705,3.040954,-0.167387,0.274926,3.149228,-0.033464,3.084977,125.268800,0.195176,0.243817,1,0,8.900699,0.047949,0.000136,0.129700,7,10,9,5,4
130,10.021610,0.047949,older_sister,6,6,6.000000,6.000000,640.000000,409.211000,642.501800,410.187000,2.685461,638.526100,408.580100,646.477600,411.793900,638.526100,397.519300,646.477600,396.365900,-0.026613,0.282430,-1.240465,0.116956,0.393946,-1.322528,0.000000,-1.256575,305.259000,0.314075,0.164605,1,0,8.995229,0.033808,0.000061,0.143269,3,4,9,9,4
130,10.021610,0.047949,player,8,3,7.614397,3.000000,835.074700,438.499000,837.575300,437.643600,2.642892,845.278600,434.244200,829.871900,441.042800,845.278600,420.740900,829.871900,430.198800,3.706420,0.344799,-1.895784,3.428244,0.276896,-2.069383,3.522182,-2.004428,234.742100,0.731979,-0.327359,0,1,9.327483,0.047949,0.000273,0.137526,1,7,3,3,4
131,10.066150,0.043907,father,4,3,4.000000,2.743958,693.099400,520.311000,695.004600,521.344200,2.167311,689.320800,517.524800,700.688400,525.163600,689.320800,508.438000,700.688400,515.953900,0.890515,0.232028,-4.022305,1.095762,0.235165,-4.217357,0.958740,-4.093447,125.267800,0.570032,-0.280199,0,0,9.198728,0.043907,0.000136,0.125483,7,1,2,7,4
131,10.066150,0.043907,mother,10,10,9.999997,9.999658,640.014300,240.117100,637.914600,239.303500,2.251887,643.213000,240.964400,632.616100,237.642600,643.213000,232.103100,632.616100,225.883600,0.058013,0.226269,3.039502,-0.133320,0.300258,3.124324,0.000259,3.061139,125.255400,0.250402,0.205200,1,0,8.944606,0.043907,0.000150,0.129700,7,10,9,5,4
131,10.066150,0.043907,older_sister,6,6,5.965732,6.000000,638.551400,409.935300,640.734400,410.321900,2.216962,638.275100,410.000500,643.193700,410.643400,638.275100,398.849200,643.193700,395.258100,-0.031144,0.284742,-1.276735,0.057665,0.392855,-1.293150,-0.026156,-1.275069,288.056800,0.356909,0.089523,1,0,9.029284,0.034056,0.000000,0.143269,1,4,9,9,4
131,10.066150,0.043907,player,8,3,7.570216,3.000000,833.206900,439.433000,835.711000,438.651000,2.623367,841.323900,436.347600,830.098000,440.954400,841.323900,421.693800,830.098000,430.025100,3.635015,0.374177,-1.949493,3.432325,0.279071,-2.067124,3.488459,-2.028277,234.731900,0.787205,-0.233409,0,1,9.371390,0.043907,0.000136,0.137526,1,7,3,3,4
132,10.114030,0.047903,father,4,3,4.000000,2.695756,695.137200,521.329800,695.660400,521.497700,0.549458,689.705700,517.661900,701.615100,525.333500,689.705700,508.181600,701.615100,516.427700,0.897464,0.242073,-4.025805,1.112496,0.227405,-4.221694,0.995532,-4.119463,125.264400,0.630284,-0.288670,0,0,9.246631,0.047903,0.000193,0.123203,7,1,2,7,4
132,10.114030,0.047903,mother,10,10,9.999998,9.951457,642.052100,241.135900,640.111300,240.301200,2.112624,643.885100,241.260600,636.337500,239.341800,643.885100,232.374200,636.337500,226.693900,0.070147,0.226908,3.031939,-0.066127,0.322957,3.080934,0.037051,3.035122,125.264700,0.310654,0.139554,1,0,8.992509,0.047903,0.000164,0.127009,7,10,9,5,4
132,10.114030,0.047903,older_sister,6,6,5.917680,6.000000,636.519900,410.950700,636.890100,410.903700,0.373146,638.233000,411.089000,635.547200,410.718500,638.233000,399.835500,635.547200,397.131300,-0.031905,0.287352,-1.304529,-0.080398,0.346942,-1.295068,-0.062835,-1.300997,269.289100,0.416974,-0.048372,1,0,9.077039,0.047755,0.000273,0.137039,1,4,9,9,4
132,10.114030,0.047903,player,8,3,7.522015,3.000000,831.169200,440.451900,832.559100,439.953800,1.476463,835.087300,438.959400,830.030800,440.948100,835.087300,423.963800,830.030800,429.816600,3.522410,0.382904,-2.016184,3.431111,0.284236,-2.066963,3.451666,-2.054294,234.735400,0.847457,-0.103864,0,1,9.419293,0.047903,0.000136,0.132199,1,7,3,3,4
133,10.199280,0.081397,father,4,3,4.000000,2.615258,698.540300,523.031600,696.923300,521.994600,1.920982,691.937600,518.532000,701.908900,525.457100,691.937600,507.779400,701.908900,516.572200,0.937762,0.274562,-4.048023,1.117800,0.226871,-4.224851,1.056977,-4.162917,125.267700,0.730907,-0.249095,0,1,9.326631,0.030000,0.000061,0.123203,7,1,2,7,4
133,10.199280,0.081397,mother,10,10,9.999998,9.870958,645.455200,242.837700,645.126300,242.642900,0.382249,645.290900,241.891600,644.961700,243.394200,645.290900,232.926800,644.961700,232.206200,0.095530,0.228912,3.015827,0.089586,0.285680,2.977459,0.098496,2.991669,125.267800,0.411276,-0.017300,1,0,9.072509,0.030000,0.000015,0.127009,7,10,9,5,4
133,10.199280,0.081397,older_sister,6,6,5.837182,6.000000,633.116800,412.652500,630.539100,413.617700,2.752560,637.742900,410.770300,623.335300,416.465100,637.742900,399.385200,623.335300,404.918700,-0.040753,0.290712,-1.296391,-0.300891,0.294831,-1.441806,-0.124280,-1.344451,237.367300,0.517596,-0.297489,1,0,9.157039,0.030000,0.000086,0.137039,1,4,9,9,4
133,10.199280,0.081397,player,7,3,7.441553,2.999999,827.767600,442.152600,825.816100,443.309100,2.268475,821.723900,445.626500,829.908100,440.991600,821.723900,433.284100,829.908100,429.563100,3.281126,0.315158,-2.186425,3.428898,0.291822,-2.068075,3.390249,-2.097720,234.736800,0.948034,0.188984,0,1,9.499257,0.029963,0.000193,0.132199,1,7,3,3,4
134,10.234300,0.039396,father,4,3,4.000000,2.574211,700.275600,523.899100,698.552200,522.799800,2.044096,694.962100,520.002300,702.142500,525.597400,694.962100,508.396100,702.142500,516.651700,0.992371,0.296358,-4.085566,1.122017,0.228422,-4.228432,1.088309,-4.185069,125.261300,0.782215,-0.188337,0,1,9.367423,0.040793,0.000086,0.123203,7,1,2,7,4
134,10.234300,0.039396,mother,10,10,9.999998,9.829912,647.190500,243.705400,648.160800,244.171100,1.076255,646.005900,242.226400,650.315600,246.115800,646.005900,233.254900,650.315600,236.280900,0.108441,0.229082,3.007279,0.186254,0.251130,2.907964,0.129828,2.969513,125.265900,0.462585,-0.120875,1,0,9.113301,0.040793,0.000086,0.127009,7,10,9,5,4
134,10.234300,0.039396,older_sister,6,6,5.796134,6.000000,631.381500,413.520100,628.783800,414.575400,2.803877,637.652000,410.604800,619.915400,418.546100,637.652000,399.034600,619.915400,407.357800,-0.042394,0.295438,-1.292165,-0.362637,0.285686,-1.494941,-0.155612,-1.366607,234.734300,0.568905,-0.378550,0,0,9.197831,0.040793,0.000086,0.137039,1,4,9,9,4
134,10.234300,0.039396,player,7,3,7.401142,2.999999,826.059300,443.007000,822.502300,445.058500,4.106163,815.101200,449.122800,829.903300,440.994300,815.101200,437.251300,829.903300,429.383700,3.161549,0.303133,-2.275700,3.428811,0.296469,-2.068142,3.359403,-2.119536,234.729600,0.998549,0.338053,0,1,9.539418,0.040161,0.000000,0.132199,1,7,3,3,4
135,10.268370,0.034527,father,4,3,4.000000,2.539469,701.744300,524.633200,700.313700,523.809800,1.650736,698.153200,521.835200,702.474100,525.784300,698.153200,509.801000,702.474100,516.743200,1.049989,0.307287,-4.132368,1.128004,0.230860,-4.233205,1.114828,-4.203814,125.254700,0.825643,-0.121911,0,1,9.401950,0.034527,0.000329,0.123203,7,1,2,7,4
135,10.268370,0.034527,mother,10,10,9.999999,9.795170,648.659200,244.439800,650.382800,245.350200,1.949299,646.509900,242.469100,654.255700,248.231300,646.509900,233.501600,654.255700,238.770800,0.117541,0.228980,3.001081,0.257394,0.241569,2.853946,0.156347,2.950760,125.265700,0.506012,-0.199139,1,0,9.147828,0.034527,0.000123,0.127009,7,10,9,5,4
135,10.268370,0.034527,older_sister,6,6,5.761392,6.000000,629.912800,414.254600,628.859200,414.757100,1.167287,637.833400,410.576400,619.884900,418.937800,637.833400,398.698800,619.884900,408.005700,-0.039119,0.303287,-1.291439,-0.363188,0.279146,-1.504943,-0.182130,-1.385360,234.733400,0.612332,-0.387868,0,0,9.232358,0.034527,0.000000,0.137039,1,4,9,9,4
135,10.268370,0.034527,player,7,3,7.368305,2.999999,824.671100,443.701000,821.899500,445.228100,3.164509,814.281100,449.344600,829.517900,441.111700,814.281100,437.949000,829.517900,429.337700,3.146741,0.290982,-2.281363,3.421852,0.300642,-2.071141,3.334339,-2.137256,234.740700,0.039595,0.345998,0,0,9.572052,0.032634,0.000164,0.132199,1,7,3,3,4
136,10.303800,0.035248,father,4,3,4.000000,2.504001,703.243700,525.383200,702.635800,525.046500,0.694911,702.364100,524.066800,702.907600,526.026200,702.364100,512.604000,702.907600,516.883200,1.126018,0.292697,-4.189351,1.135831,0.233461,-4.239383,1.141900,-4.222964,125.273700,0.869977,-0.036904,0,1,9.437198,0.035248,0.000086,0.123203,7,1,2,7,4
136,10.303800,0.035248,mother,10,10,9.999999,9.759702,650.158600,245.189300,652.208500,246.308100,2.335303,646.922900,242.672700,657.494000,249.943500,646.922900,233.653100,657.494000,240.638000,0.124996,0.230311,2.995882,0.315865,0.237610,2.810227,0.183419,2.931621,125.258200,0.550345,-0.263027,0,0,9.183076,0.035248,0.000046,0.127009,7,10,9,5,4
136,10.303800,0.035248,older_sister,6,6,5.725924,6.000000,628.413500,415.004100,628.847400,414.953100,0.436950,637.825500,410.771300,619.869300,419.134800,637.825500,398.394700,619.869300,408.301400,-0.039262,0.316030,-1.296417,-0.363470,0.276624,-1.509974,-0.209202,-1.404498,234.741300,0.656667,-0.388014,0,1,9.267606,0.035248,0.000136,0.137039,1,4,9,9,4
136,10.303800,0.035248,player,7,3,7.336517,2.999999,823.327300,444.373100,821.416700,445.289300,2.118903,813.631700,449.426300,829.201400,441.152300,813.631700,438.388800,829.201400,429.156300,3.135018,0.281837,-2.283449,3.416136,0.306310,-2.072177,3.310075,-2.154418,234.728600,0.079329,0.351511,0,0,9.603643,0.031591,0.000031,0.132199,1,7,3,3,4
137,10.344900,0.041437,father,4,2,4.000000,2.462306,705.006400,526.264500,705.748800,526.606200,0.817305,708.135400,526.958100,703.362500,526.254300,708.135400,516.720000,703.362500,517.033400,1.230222,0.261423,-4.263178,1.144045,0.235449,-4.245206,1.173727,-4.245467,125.262800,0.922096,0.080741,0,1,9.478635,0.041437,0.000136,0.123203,7,1,2,7,4
137,10.344900,0.041437,mother,10,10,9.999999,9.718007,651.921300,246.070600,653.032800,246.593400,1.228266,647.199600,242.800900,658.866000,250.385800,647.199600,233.546700,658.866000,241.428600,0.129992,0.236302,2.992608,0.340635,0.228716,2.798933,0.215246,2.909120,125.260800,0.602465,-0.283806,0,0,9.224513,0.041437,0.000136,0.127009,7,10,9,5,4
137,10.344900,0.041437,older_sister,6,6,5.684229,6.000000,626.650800,415.885500,628.733000,415.191700,2.194834,637.028300,411.446200,620.437700,418.937100,637.028300,398.427900,620.437700,408.103500,-0.053655,0.332416,-1.313650,-0.353207,0.276629,-1.504925,-0.241028,-1.427004,234.733800,0.708785,-0.355016,0,1,9.309043,0.041437,0.000086,0.137039,1,4,9,9,4
137,10.344900,0.041437,player,7,3,7.301577,2.999999,821.850200,445.111700,821.047300,445.322800,0.830194,813.276900,449.425400,828.817700,441.220000,813.276900,438.528000,828.817700,428.868900,3.128610,0.278261,-2.283428,3.409209,0.315377,-2.073906,3.283406,-2.173278,234.732100,0.123004,0.350076,0,0,9.638367,0.034723,0.000110,0.132199,1,7,3,3,4
138,10.379320,0.034301,father,4,2,4.000000,2.427791,706.465500,526.994100,708.678600,527.999900,2.430941,713.535500,529.504200,703.821900,526.495500,713.535500,519.899700,703.821900,517.207400,1.327724,0.245246,-4.328190,1.152340,0.237168,-4.251367,1.200072,-4.264098,125.267400,0.965239,0.187552,0,1,9.512936,0.034301,0.000061,0.131959,7,1,2,7,4
138,10.379320,0.034301,mother,10,10,9.999999,9.683493,653.380400,246.800200,653.533900,246.755000,0.160028,647.587000,242.916200,659.480700,250.593700,647.587000,233.280500,659.480700,241.721400,0.136987,0.246043,2.989664,0.351735,0.226549,2.793624,0.241590,2.890489,125.268800,0.645608,-0.288527,0,0,9.258814,0.034301,0.000015,0.121131,7,10,9,5,4
138,10.379320,0.034301,older_sister,6,6,5.649714,6.000000,625.191600,416.615000,627.841200,415.749400,2.787463,634.893200,412.728100,620.789300,418.770700,634.893200,398.776200,620.789300,407.904600,-0.092205,0.356252,-1.346382,-0.346860,0.277458,-1.500676,-0.267374,-1.445632,234.737100,0.751928,-0.297008,0,1,9.343344,0.034301,0.000164,0.125767,1,4,9,9,4
138,10.379320,0.034301,player,7,3,7.275042,2.999999,820.728400,445.672400,820.944200,445.338400,0.397564,813.504600,449.369800,828.383900,441.307100,813.504600,438.456000,828.383900,428.594500,3.132721,0.278679,-2.282008,3.401375,0.324608,-2.076129,3.263151,-2.187594,234.747600,0.156174,0.338217,1,0,9.664738,0.026371,0.000110,0.129197,1,7,3,3,4
139,10.460890,0.078816,father,4,2,4.000000,2.348484,709.818200,528.670500,711.573100,529.583300,1.978104,718.167000,532.017000,704.979200,527.149500,718.167000,522.968800,704.979200,517.559800,1.411349,0.231041,-4.392355,1.173236,0.244868,-4.268066,1.260608,-4.306903,125.264100,0.064373,0.266176,0,0,9.591752,0.028816,0.000086,0.131959,7,1,2,7,4
139,10.460890,0.078816,mother,10,10,9.999999,9.604185,656.733100,248.476600,655.017600,247.376100,2.038096,650.360800,244.057900,659.674400,250.694300,650.360800,233.050900,659.674400,241.795600,0.187071,0.281058,2.960511,0.355232,0.227224,2.791056,0.302125,2.847683,125.264600,0.744742,-0.235138,0,1,9.337630,0.028816,0.000015,0.121131,7,10,9,5,4
139,10.460890,0.078816,older_sister,6,6,5.570407,6.000000,621.838900,418.291400,623.129700,417.836600,1.368590,625.451500,416.941700,620.807900,418.731600,625.451500,402.010200,620.807900,407.587200,-0.262681,0.381268,-1.453974,-0.346525,0.284565,-1.499677,-0.327909,-1.488436,234.736300,0.851063,-0.094845,0,1,9.422160,0.028816,0.000164,0.125767,1,4,9,9,4
139,10.460890,0.078816,player,7,3,7.221377,2.999999,818.459700,446.806500,820.404900,445.465100,2.362880,814.170200,449.048200,826.639500,441.882000,814.170200,438.058200,826.639500,428.276800,3.144739,0.280623,-2.273794,3.369881,0.347403,-2.090811,3.222189,-2.216556,234.738400,0.223254,0.289472,1,0,9.718070,0.018172,0.000246,0.129197,1,7,3,3,4
140,10.494810,0.037243,father,4,2,4.000000,2.311009,711.402500,529.462600,712.116300,529.984700,0.884401,718.724900,532.473600,705.507800,527.495900,718.724900,523.652400,705.507800,517.602600,1.421421,0.225243,-4.404012,1.182779,0.252620,-4.276911,1.289212,-4.327128,125.262600,0.111217,0.268233,0,0,9.628995,0.037243,0.000086,0.131959,7,1,2,7,4
140,10.494810,0.037243,mother,10,10,10.000000,9.566710,658.317400,249.268800,656.629400,248.206900,1.994220,653.326900,245.567800,659.931900,250.846000,653.326900,233.833400,659.931900,241.884400,0.240624,0.299631,2.921958,0.359883,0.228830,2.787180,0.330731,2.827454,125.267100,0.791586,-0.175191,0,1,9.374873,0.037243,0.000046,0.121131,7,10,9,5,4
140,10.494810,0.037243,older_sister,6,6,5.532932,6.000000,620.254600,419.083600,620.190200,419.236100,0.165510,619.612100,419.734900,620.768400,418.737300,619.612100,405.975900,620.768400,407.446300,-0.368115,0.351328,-1.525295,-0.347237,0.288310,-1.499825,-0.356514,-1.508666,234.732300,0.897906,0.031753,0,1,9.459403,0.037243,0.000086,0.125767,1,4,9,9,4
140,10.494810,0.037243,player,7,3,7.199801,2.999999,817.547600,447.262900,819.812700,445.754500,2.721414,814.269300,449.000600,825.355800,442.508300,814.269300,437.993200,825.355800,428.253300,3.146531,0.281068,-2.272580,3.346703,0.363993,-2.106802,3.205721,-2.228210,234.714100,0.250224,0.259159,1,0,9.739512,0.021442,0.000061,0.129197,1,7,3,3,4
141,10.528370,0.033945,father,4,2,4.000000,2.276852,712.846400,530.184600,712.532900,530.218800,0.315395,719.013700,532.581500,706.052000,527.856000,719.013700,523.800700,706.052000,517.554500,1.426637,0.224214,-4.406769,1.192606,0.263043,-4.286105,1.315283,-4.345564,125.266400,0.153913,0.260750,1,0,9.662940,0.033945,0.000061,0.131959,7,1,2,7,4
141,10.528370,0.033945,mother,10,10,10.000000,9.532555,659.761400,249.990700,658.441700,249.249400,1.513637,656.607000,247.461100,660.276200,251.037700,656.607000,235.440600,660.276200,241.973700,0.299849,0.306938,2.873613,0.366100,0.231444,2.782287,0.356802,2.809022,125.259700,0.834281,-0.106818,0,1,9.408818,0.033945,0.000046,0.121131,7,10,9,5,4
141,10.528370,0.033945,older_sister,5,6,5.498776,6.000000,618.810600,419.805500,617.171800,420.782600,1.908018,613.614300,422.808200,620.729300,418.756900,613.614300,410.290800,620.729300,407.349900,-0.476409,0.319625,-1.603773,-0.347943,0.291269,-1.500324,-0.382586,-1.527098,234.739700,0.940602,0.164617,0,1,9.493348,0.033945,0.000164,0.125767,1,4,9,9,4
141,10.528370,0.033945,player,7,3,7.181795,2.999999,816.786400,447.643200,819.004000,446.141200,2.678420,814.164400,449.034800,823.843800,443.247600,814.164400,438.020600,823.843800,428.488200,3.144635,0.281241,-2.273452,3.319401,0.376872,-2.125680,3.191976,-2.237918,234.767000,0.272733,0.228002,1,0,9.757408,0.017895,0.000301,0.129197,1,7,3,3,4
142,10.563500,0.034710,father,4,2,4.000000,2.241925,714.323100,530.922800,713.003000,530.503700,1.385009,719.126300,532.605600,706.879600,528.401700,719.126300,523.802600,706.879600,517.607500,1.428670,0.224779,-4.407383,1.207549,0.275623,-4.300039,1.341944,-4.364413,125.259200,0.197571,0.242523,1,0,9.697651,0.034711,0.000136,0.131959,7,1,2,7,4
142,10.563500,0.034710,mother,10,9,10.000000,9.497627,661.237900,250.728900,660.807400,250.486500,0.494029,660.911300,249.698200,660.703500,251.274800,660.911300,238.408700,660.703500,242.118500,0.377565,0.288271,2.816491,0.373813,0.233802,2.776232,0.383463,2.790172,125.261000,0.877940,-0.020178,0,1,9.443529,0.034711,0.000136,0.121131,7,10,9,5,4
142,10.563500,0.034710,older_sister,5,6,5.463849,6.000000,617.334100,420.543600,614.093600,422.410800,3.740000,607.512100,426.054400,620.675000,418.767200,607.512100,414.206100,620.675000,407.212400,-0.586587,0.302541,-1.686662,-0.348923,0.295046,-1.500588,-0.409245,-1.545947,234.738800,0.984261,0.301481,0,1,9.528059,0.034710,0.000273,0.125767,1,4,9,9,4
142,10.563500,0.034710,player,7,3,7.164858,3.000000,816.070300,448.001600,818.263700,446.554700,2.627578,814.115000,449.068400,822.412500,444.041000,814.115000,438.039200,822.412500,428.880800,3.143743,0.281624,-2.274310,3.293559,0.387108,-2.145940,3.179048,-2.247069,234.706100,0.293904,0.196448,1,0,9.774240,0.016832,0.000031,0.129197,1,7,3,3,4
143,10.597240,0.034070,father,4,2,4.000000,2.207643,715.772300,531.647500,713.703100,530.841700,2.220549,719.202800,532.613200,708.203700,529.070300,719.202800,523.753600,708.203700,517.502100,1.430049,0.226224,-4.407577,1.231455,0.295385,-4.317111,1.368111,-4.382918,125.267100,0.240424,0.214379,1,0,9.731721,0.034070,0.000136,0.131959,7,1,2,7,4
143,10.597240,0.034070,mother,10,9,10.000000,9.463345,662.687300,251.453600,663.389800,251.776200,0.773058,665.704300,252.093100,661.075200,251.459300,665.704300,241.825800,661.075200,242.240300,0.464104,0.262169,2.755337,0.380524,0.235402,2.771520,0.409630,2.771668,125.265400,0.920794,0.077585,0,1,9.477599,0.034070,0.000098,0.121131,7,10,9,5,4
143,10.597240,0.034070,older_sister,5,6,5.429566,6.000000,615.884800,421.268500,612.856900,422.980500,3.478406,605.306300,427.094400,620.407500,418.866700,605.306300,415.548600,620.407500,407.141500,-0.626415,0.294815,-1.713217,-0.353753,0.299396,-1.503127,-0.435414,-1.564456,234.728600,0.027114,0.343925,0,1,9.562129,0.034070,0.000110,0.125767,1,4,9,9,4
143,10.597240,0.034070,player,7,3,7.149511,3.000000,815.421500,448.325600,817.562500,446.978200,2.529664,814.058300,449.111100,821.066700,444.845400,814.058300,438.052200,821.066700,429.426800,3.142719,0.282381,-2.275400,3.269259,0.393705,-2.166479,3.167333,-2.255343,234.766700,0.313088,0.166197,1,0,9.789493,0.015252,0.000301,0.129197,1,7,3,3,4
144,10.630590,0.033517,father,4,2,4.000000,2.173917,717.198100,532.360400,715.119100,531.531000,2.238296,719.662200,532.825900,710.576100,530.236200,719.662200,523.961200,710.576100,517.920000,1.438346,0.226353,-4.413007,1.274290,0.314487,-4.346883,1.393855,-4.401122,125.265900,0.282581,0.172127,1,0,9.765238,0.033517,0.000136,0.124364,7,1,2,7,4
144,10.630590,0.033517,mother,10,9,10.000000,9.429742,664.107700,252.163600,666.243200,253.133400,2.345319,670.961800,254.572400,661.524500,251.694300,670.961800,244.950500,661.524500,242.410700,0.559031,0.245690,2.692030,0.388637,0.237051,2.765521,0.435279,2.753536,125.258700,0.962796,0.181560,0,1,9.510994,0.033395,0.000273,0.131940,7,10,9,5,4
144,10.630590,0.033517,older_sister,5,6,5.395841,6.000000,614.459000,421.981400,612.320700,423.053500,2.392078,604.564800,427.186700,620.076500,418.920300,604.564800,416.079800,620.076500,406.992200,-0.639802,0.283606,-1.715574,-0.359729,0.304577,-1.504497,-0.461156,-1.582660,234.733500,0.069271,0.350545,0,0,9.595646,0.033517,0.000061,0.137175,1,4,9,9,4
144,10.630590,0.033517,player,7,3,7.135506,3.000000,814.829500,448.621900,816.866200,447.387000,2.381850,813.992000,449.168800,819.740500,445.605300,813.992000,438.072500,819.740500,430.079700,3.141522,0.283336,-2.276873,3.245314,0.396436,-2.185881,3.156643,-2.262908,234.713300,0.330595,0.137286,1,0,9.803411,0.013919,0.000086,0.133146,1,7,3,3,4
145,10.710300,0.077901,father,4,2,4.000000,2.095531,720.511800,534.017000,719.496200,533.502300,1.138686,720.942300,533.382000,718.050000,533.622600,720.942300,524.422200,718.050000,521.550300,1.461459,0.228784,-4.427208,1.409237,0.308259,-4.433351,1.453686,-4.443423,125.260200,0.380564,0.039095,1,0,9.843139,0.027901,0.000273,0.124364,7,1,2,7,4
145,10.710300,0.077901,mother,10,9,9.999999,9.354840,667.274200,253.747100,669.197800,254.717600,2.154502,675.779300,257.134300,662.616200,252.300900,675.779300,248.021600,662.616200,242.749300,0.646015,0.232689,2.626613,0.408348,0.243894,2.750033,0.492452,2.713105,125.266800,0.056424,0.265309,0,0,9.585432,0.025691,0.000110,0.131940,7,10,9,5,4
145,10.710300,0.077901,older_sister,5,6,5.317455,6.000000,611.145300,423.638300,611.672900,423.122900,0.737606,604.385100,427.111100,618.960700,419.134700,604.385100,416.190000,618.960700,406.291100,-0.643046,0.278865,-1.713644,-0.379876,0.327953,-1.509971,-0.520989,-1.624968,234.735400,0.167254,0.332469,1,0,9.673547,0.027901,0.000000,0.137175,1,4,9,9,4
145,10.710300,0.077901,player,7,3,7.106124,3.000000,813.587300,449.242900,815.149000,448.351400,1.798254,813.778200,449.307000,816.519800,447.395800,813.778200,438.137200,816.519800,432.219700,3.137663,0.285215,-2.280402,3.187164,0.387513,-2.231600,3.134216,-2.278766,234.737300,0.367324,0.068593,1,0,9.832612,0.009858,0.000110,0.133146,1,7,3,3,4
146,10.743330,0.035092,father,4,2,4.000000,2.060221,722.004600,534.763400,722.025300,534.740500,0.030768,721.582000,533.682600,722.468500,535.798400,721.582000,524.717000,722.468500,525.042100,1.473009,0.228933,-4.434886,1.489014,0.274654,-4.488909,1.480639,-4.462481,125.264000,0.424703,-0.044259,1,0,9.878231,0.035092,0.000356,0.124364,7,1,2,7,4
146,10.743330,0.035092,mother,10,9,10.000000,9.324072,668.575000,254.397400,669.665300,255.064200,1.278076,676.283000,257.540500,663.047500,252.587900,676.283000,248.663700,663.047500,242.809600,0.655111,0.226662,2.616242,0.416136,0.249683,2.742703,0.515937,2.696499,125.262900,0.094885,0.268136,0,0,9.616011,0.030578,0.000150,0.131940,7,10,9,5,4
146,10.743330,0.035092,older_sister,5,6,5.282144,6.000000,609.652500,424.384700,611.310500,423.188800,2.044356,604.828900,426.891500,617.792200,419.486100,604.828900,415.916000,617.792200,406.124700,-0.635034,0.280252,-1.708036,-0.400975,0.341176,-1.518945,-0.547941,-1.644027,234.735800,0.211392,0.300281,1,0,9.708639,0.035092,0.000031,0.137175,1,4,9,9,4
146,10.743330,0.035092,player,7,3,7.094315,3.000000,813.088100,449.492500,814.338900,448.784800,1.437193,813.672800,449.371700,815.005000,448.197800,813.672800,438.176900,815.005000,433.427300,3.135758,0.285852,-2.282055,3.159814,0.377156,-2.252079,3.125201,-2.285140,234.736300,0.382085,0.036948,1,0,9.844348,0.011736,0.000136,0.133146,1,7,3,3,4
147,10.776660,0.033333,father,4,2,4.000000,2.026680,723.422500,535.472700,724.472000,535.982400,1.166670,722.149700,533.947600,726.794300,538.017300,722.149700,524.975400,726.794300,528.239300,1.483257,0.229099,-4.441650,1.567119,0.249678,-4.545569,1.506240,-4.480593,125.277500,0.466629,-0.128479,1,0,9.911565,0.033333,0.000000,0.124364,7,1,2,7,4
147,10.776660,0.033333,mother,10,9,9.999999,9.296762,669.729500,254.974700,670.017600,255.302100,0.436130,676.593700,257.762600,663.441300,252.841500,676.593700,248.971400,663.441300,242.795200,0.660720,0.224479,2.610570,0.423246,0.256529,2.736226,0.536782,2.681759,125.266600,0.129021,0.266443,0,0,9.643150,0.027140,0.000123,0.131940,7,10,9,5,4
147,10.776660,0.033333,older_sister,5,6,5.248603,6.000000,608.234500,425.093600,610.486200,423.584600,2.710570,605.038500,426.784900,615.934000,420.384300,605.038500,415.776400,615.934000,406.055300,-0.631249,0.281096,-1.705314,-0.434525,0.365883,-1.541879,-0.573543,-1.662127,234.739700,0.253319,0.254983,1,0,9.741973,0.033333,0.000136,0.137175,1,4,9,9,4
147,10.776660,0.033333,player,7,3,7.083707,3.000000,812.639600,449.716800,813.558000,449.192700,1.057407,813.580400,449.424000,813.535600,448.961400,813.580400,438.206900,813.535600,434.604600,3.134092,0.286421,-2.283390,3.133281,0.366592,-2.271578,3.117104,-2.290866,234.733100,0.395344,0.006158,1,0,9.854890,0.010542,0.000086,0.133146,1,7,3,3,4
148,10.810650,0.034350,father,4,2,4.000000,2.000000,724.550500,536.036700,726.187700,536.894000,1.848083,722.539200,534.135400,729.836100,539.652400,722.539200,525.168300,729.836100,530.161600,1.490292,0.228972,-4.446447,1.622040,0.242343,-4.587320,1.526606,-4.494994,125.266000,0.499978,-0.188906,1,0,9.938079,0.026514,0.000000,0.124364,7,1,2,7,4
148,10.810650,0.034350,mother,10,9,10.000000,9.270683,670.832000,255.526000,670.335600,255.476900,0.498882,676.771600,257.803500,663.899500,253.150400,676.771600,249.023400,663.899500,242.763300,0.663932,0.224195,2.609527,0.431518,0.265230,2.728340,0.556690,2.667679,125.269200,0.161620,0.258359,1,0,9.669068,0.025918,0.000031,0.131940,7,10,9,5,4
148,10.810650,0.034350,older_sister,5,6,5.214038,6.000000,606.773300,425.824200,608.963700,424.389500,2.618458,604.899100,426.851100,613.028300,421.927800,604.899100,415.818600,613.028300,406.724500,-0.633766,0.281709,-1.707004,-0.486989,0.388207,-1.581292,-0.599927,-1.680785,234.732400,0.296524,0.192424,1,0,9.776323,0.034350,0.000061,0.137175,1,4,9,9,4
148,10.810650,0.034350,player,7,3,7.073304,3.000000,812.199800,449.936500,812.744400,449.608600,0.635730,813.491100,449.475300,811.997800,449.741900,813.491100,438.236700,811.997800,435.829700,3.132478,0.286972,-2.284700,3.105517,0.355240,-2.291507,3.109164,-2.296477,234.751400,0.408348,-0.025947,1,0,9.865229,0.010339,0.000220,0.133146,1,7,3,3,4
149,10.846530,0.033333,father,4,2,3.995528,2.000000,724.361500,536.131100,725.528000,537.402400,1.725422,723.318500,533.763100,727.737700,541.041700,723.318500,524.795700,727.737700,531.579200,1.504361,0.228978,-4.436939,1.584152,0.241617,-4.622793,1.523192,-4.497405,145.545100,0.505568,-0.198392,1,0,9.942523,0.004444,0.000086,0.124364,1,1,2,7,4
149,10.846530,0.033333,mother,10,9,10.000000,9.247365,671.817900,256.019000,670.646100,255.666200,1.223788,676.842000,257.817500,664.450100,253.514800,676.842000,249.022300,664.450100,242.799700,0.665203,0.224581,2.609167,0.441460,0.273604,2.719035,0.574489,2.655090,125.270600,0.190768,0.246113,1,0,9.692243,0.023174,0.000061,0.131940,7,10,9,5,4
149,10.846530,0.033333,older_sister,5,6,5.180498,6.000000,605.355300,426.533100,607.323400,425.359500,2.291405,604.746300,426.974100,609.900400,423.744900,604.746300,415.861400,609.900400,408.220600,-0.636526,0.283755,-1.710145,-0.543466,0.396406,-1.627690,-0.625528,-1.698886,234.738900,0.338451,0.123587,1,0,9.809657,0.033333,0.000136,0.137175,1,4,9,9,4
149,10.846530,0.033333,player,7,3,7.063660,3.000000,811.792100,450.140400,811.944900,450.010700,0.200382,813.405800,449.522600,810.484100,450.498700,813.405800,438.263200,810.484100,437.042800,3.130938,0.287503,-2.285909,3.078184,0.343590,-2.310834,3.101803,-2.301684,234.726500,0.420404,-0.057462,1,0,9.874813,0.009585,0.000193,0.133146,1,7,3,3,4
150,10.881900,0.035394,father,4,2,3.980989,2.000000,723.746700,536.438400,724.204800,538.123200,1.745916,723.889500,533.603600,724.520000,542.642600,723.889500,524.629200,724.520000,533.245700,1.514672,0.229158,-4.432868,1.526054,0.239944,-4.663673,1.512094,-4.505251,167.077900,0.523742,-0.227505,1,0,9.956972,0.014449,0.000136,0.128713,1,1,2,7,4
150,10.881900,0.035394,mother,10,9,10.000000,9.224603,672.780100,256.500100,671.025700,255.875800,1.862162,676.870700,257.815200,665.180700,253.936400,676.870700,248.982500,665.180700,242.824900,0.665721,0.225538,2.609226,0.454651,0.283726,2.708270,0.591862,2.642808,125.259000,0.219221,0.229525,1,0,9.714864,0.022622,0.000031,0.125735,7,10,9,5,4
150,10.881900,0.035394,older_sister,5,6,5.144883,6.000000,603.849700,427.285900,605.080000,426.589800,1.413565,604.458100,427.153700,605.702000,426.025900,604.458100,415.957500,605.702000,411.281000,-0.641728,0.285891,-1.714733,-0.619271,0.376505,-1.685935,-0.652713,-1.718108,234.736400,0.382969,0.034963,1,0,9.845051,0.035394,0.000136,0.135576,1,4,9,9,4
150,10.881900,0.035394,player,7,3,7.053818,3.000000,811.376000,450.348400,811.111600,450.424500,0.275191,813.324500,449.570500,808.898700,451.278400,813.324500,438.290500,808.898700,438.264400,3.129469,0.288028,-2.287131,3.049560,0.332306,-2.330742,3.094290,-2.306994,234.748200,0.432706,-0.090427,1,0,9.884594,0.009781,0.000246,0.137683,1,7,3,3,4
151,10.967910,0.081499,father,4,2,3.913235,2.000000,720.882400,537.870600,720.221300,538.562900,0.957289,725.744100,534.503500,714.698400,542.622300,725.744100,525.207300,714.698400,533.673800,1.548159,0.237374,-4.455846,1.348720,0.228493,-4.663153,1.460377,-4.541823,216.659600,0.608433,-0.285377,0,0,10.024310,0.029843,0.000086,0.128713,1,1,2,7,4
151,10.967910,0.081499,mother,10,9,10.000000,9.179480,674.687600,257.453800,672.594600,256.631600,2.248743,677.313900,258.006000,667.875400,255.257200,677.313900,249.143100,667.875400,243.052300,0.673723,0.226309,2.604356,0.503305,0.311644,2.674545,0.626305,2.618454,125.263600,0.275624,0.179670,1,0,9.759706,0.015654,0.000031,0.125735,7,10,9,5,4
151,10.967910,0.081499,older_sister,5,6,5.064385,6.000000,600.446700,428.987400,598.663100,429.757800,1.942861,603.890200,427.484700,593.435900,432.031000,603.890200,416.133000,593.435900,420.196400,-0.651983,0.289859,-1.723183,-0.840740,0.302190,-1.839270,-0.714158,-1.761553,234.737100,0.483591,-0.221143,1,0,9.925051,0.030000,0.000246,0.135576,1,4,9,9,4
151,10.967910,0.081499,player,7,3,7.032711,3.000000,810.483700,450.794600,809.341900,451.288600,1.244052,813.178500,449.656800,805.505300,452.920400,813.178500,438.334800,805.505300,440.694100,3.126833,0.289102,-2.289336,2.988290,0.312191,-2.372669,3.078178,-2.318389,234.730000,0.459089,-0.161231,1,0,9.905570,0.007660,0.000164,0.137683,1,7,3,3,4
152,11.003240,0.039607,father,4,2,3.871873,2.000000,719.133900,538.744900,719.536700,538.693100,0.406151,726.611000,536.033000,712.462500,541.353100,726.611000,526.231800,712.462500,532.504300,1.563809,0.250269,-4.494901,1.308350,0.225949,-4.630745,1.428805,-4.564147,234.736700,0.660135,-0.287012,0,1,10.065410,0.041106,0.000136,0.128713,1,1,2,7,4
152,11.003240,0.039607,mother,10,9,10.000000,9.159678,675.524800,257.872300,673.518600,257.033400,2.174555,677.584400,258.120100,669.452800,255.946700,677.584400,249.243700,669.452800,243.394700,0.678607,0.226654,2.601443,0.531786,0.320509,2.656937,0.641421,2.607769,125.256300,0.300376,0.151924,1,0,9.779386,0.019679,0.000164,0.125735,7,10,9,5,4
152,11.003240,0.039607,older_sister,5,6,5.023023,6.000000,598.698100,429.861700,595.963600,430.986300,2.956734,603.779200,427.541600,588.147900,434.431000,603.779200,416.117600,588.147900,423.005000,-0.653988,0.291706,-1.724635,-0.936217,0.291755,-1.900553,-0.745729,-1.783877,234.736700,0.535295,-0.332006,0,0,9.966157,0.041106,0.000246,0.135576,1,4,9,9,4
152,11.003240,0.039607,player,7,3,7.000000,3.000000,809.100900,451.486000,806.925600,452.408600,2.362835,813.045300,449.734500,800.805900,455.082700,813.045300,438.369700,800.805900,443.406300,3.124429,0.290192,-2.291318,2.903439,0.298151,-2.427883,3.053210,-2.336044,234.736200,0.499977,-0.259284,0,0,9.938078,0.000000,0.000193,0.137683,1,-1,-1,3,4
153,11.038050,0.034959,father,4,2,3.836696,2.000000,717.646700,539.488400,719.139500,538.958400,1.584081,725.868800,536.526400,712.410300,541.390600,725.868800,526.215900,712.410300,532.536900,1.550408,0.263271,-4.507497,1.307409,0.226073,-4.631702,1.401955,-4.583133,234.735800,0.704106,-0.270117,0,1,10.100370,0.034959,0.000136,0.128713,1,1,2,7,4
153,11.038050,0.034959,mother,10,9,10.000000,9.144288,676.175500,258.197800,674.302900,257.375300,2.045281,677.816900,258.217700,670.788800,256.533000,677.816900,249.320500,670.788800,243.831800,0.682805,0.227187,2.598949,0.555908,0.324316,2.641969,0.653168,2.599457,125.282100,0.319614,0.128437,1,0,9.794681,0.015295,0.000031,0.125735,7,10,9,5,4
153,11.038050,0.034959,older_sister,5,6,5.000000,6.000000,597.724700,430.348500,595.041600,431.438900,2.896195,603.815700,427.521600,586.267600,435.356100,603.815700,415.978300,586.267600,424.132900,-0.653328,0.294752,-1.724127,-0.970170,0.286578,-1.924175,-0.763303,-1.796309,234.723100,0.564074,-0.374194,0,0,9.989038,0.022880,0.000061,0.135576,1,4,9,9,4
153,11.038050,0.034959,player,7,3,7.000000,3.000000,809.100900,451.486000,806.925600,452.408600,2.362835,813.045300,449.734500,800.805900,455.082700,813.045300,438.369700,800.805900,443.406300,3.124429,0.290192,-2.291318,2.903439,0.298151,-2.427883,3.053210,-2.336044,234.736200,0.499977,-0.259284,0,0,9.938078,0.000000,0.000193,0.137683,1,-1,-1,3,4
154,11.082060,0.036765,father,4,2,3.799702,2.000000,716.082800,540.270400,718.150400,539.488500,2.210482,723.990200,537.570600,712.310500,541.406300,723.990200,526.466800,712.310500,532.501400,1.516491,0.283528,-4.534161,1.305607,0.227382,-4.632104,1.373718,-4.603098,234.736500,0.750349,-0.228735,0,1,10.137140,0.036765,0.000136,0.128713,1,1,2,7,4
154,11.082060,0.036765,mother,10,9,10.000000,9.129319,676.808200,258.514100,675.118500,257.741500,1.857958,678.061000,258.320700,672.176100,257.162300,678.061000,249.400200,672.176100,244.448600,0.687213,0.227778,2.596321,0.580958,0.324636,2.625899,0.664593,2.591382,125.252200,0.338324,0.103842,1,0,9.809556,0.014876,0.000061,0.125735,7,10,9,5,4
154,11.082060,0.036765,older_sister,5,6,5.000000,6.027637,596.556500,429.764300,594.924000,430.127800,1.672499,604.973500,427.712700,584.874400,432.542900,604.973500,415.951000,584.874400,421.594300,-0.632422,0.300329,-1.729007,-0.995323,0.279566,-1.852341,-0.784398,-1.781390,249.132300,0.598620,-0.383030,0,0,10.016500,0.027466,0.000193,0.135576,3,4,9,9,4
154,11.082060,0.036765,player,7,3,7.005441,3.000000,809.330900,451.370800,806.650100,451.172900,2.688149,814.233400,451.641100,799.066700,450.704600,814.233400,440.269300,799.066700,439.084600,3.145881,0.290373,-2.340004,2.872039,0.296710,-2.316089,3.057364,-2.333102,271.491900,0.506777,-0.274372,1,0,9.943484,0.005407,0.000329,0.137683,5,9,5,5,4
155,11.120180,0.042991,father,4,2,3.756443,2.000000,714.254100,541.184800,716.109500,540.439100,1.999662,720.279200,539.313000,711.939700,541.565200,720.279200,527.422100,711.939700,532.577800,1.449487,0.303627,-4.578653,1.298911,0.229487,-4.636161,1.340698,-4.626448,234.733900,0.804422,-0.156145,0,1,10.180130,0.042991,0.000061,0.128713,1,1,2,7,4
155,11.120180,0.042991,mother,10,9,10.000000,9.113076,677.494900,258.857500,676.080100,258.177900,1.569592,678.339700,258.446500,673.820600,257.909300,678.339700,249.503400,673.820600,245.361200,0.692244,0.228357,2.593108,0.610649,0.320407,2.606825,0.676991,2.582611,125.276500,0.358627,0.074534,1,0,9.825698,0.016142,0.000061,0.125735,7,10,9,5,4
155,11.120180,0.042991,older_sister,5,6,5.000000,6.070190,594.757400,428.864700,594.971200,428.972800,0.239509,605.742700,428.684400,584.199700,429.261200,605.742700,416.370100,584.199700,418.419400,-0.618535,0.314439,-1.753816,-1.007506,0.276841,-1.768546,-0.816879,-1.758422,265.981700,0.651812,-0.389047,0,1,10.058790,0.042290,0.000164,0.135576,3,4,9,9,4
155,11.120180,0.042991,player,7,3,7.025603,3.000001,810.183200,450.944800,808.151900,449.263400,2.636934,814.220800,453.999500,802.083000,444.527300,814.220800,442.584300,802.083000,433.080200,3.145654,0.291480,-2.400222,2.926498,0.292294,-2.158355,3.072753,-2.322222,314.472300,0.531981,-0.325830,0,0,9.963522,0.020037,0.000246,0.137683,5,9,5,5,4
156,11.157240,0.036898,father,4,2,3.719315,2.000000,712.684400,541.969600,713.764300,541.482700,1.184577,716.040700,541.198900,711.487900,541.766500,716.040700,529.383300,711.487900,532.661700,1.372957,0.301704,-4.626808,1.290754,0.232486,-4.641302,1.312357,-4.646487,234.737900,0.850833,-0.075488,0,1,10.217020,0.036898,0.000136,0.127925,1,1,2,7,4
156,11.157240,0.036898,mother,10,9,9.999999,9.100198,678.039300,259.129600,676.909400,258.566000,1.262648,678.580100,258.553600,675.238700,258.578400,678.580100,249.597300,675.238700,246.361900,0.696585,0.228694,2.590373,0.636255,0.311940,2.589740,0.686821,2.575665,125.247500,0.374725,0.048904,1,0,9.838497,0.012799,0.000110,0.128674,7,10,9,5,4
156,11.157240,0.036898,older_sister,5,6,5.000000,6.107318,593.187900,428.080100,595.014900,428.591800,1.897319,604.894500,430.192100,585.135300,426.991500,604.894500,417.289500,585.135300,416.171000,-0.633848,0.329460,-1.792314,-0.990613,0.276297,-1.710591,-0.845219,-1.738387,280.443100,0.698222,-0.365668,0,1,10.095690,0.036898,0.000031,0.124828,3,4,9,9,4
156,11.157240,0.036898,player,7,3,7.054773,3.000001,811.416400,450.328100,811.246000,448.205200,2.129749,812.288700,455.583600,810.203400,440.826800,812.288700,444.016100,810.203400,429.635100,3.110767,0.295371,-2.440672,3.073117,0.285773,-2.063865,3.095018,-2.306476,351.361400,0.568441,-0.378188,0,0,9.992511,0.028989,0.000356,0.137423,5,9,5,5,4
157,11.245180,0.082331,father,4,2,3.638817,2.000000,709.281300,543.670900,707.628700,544.578000,1.885175,704.755400,546.912100,710.502200,542.243800,704.755400,537.178500,710.502200,532.980500,1.169195,0.248541,-4.772692,1.272956,0.236533,-4.653489,1.250913,-4.689929,234.739400,0.951455,0.153540,0,1,10.297020,0.030000,0.000329,0.127925,1,1,2,7,4
157,11.245180,0.082331,mother,10,9,10.000000,9.074727,679.116100,259.668000,678.670500,259.416800,0.511554,679.042400,258.769200,678.298600,260.064300,679.042400,249.804800,678.298600,248.728400,0.704932,0.228901,2.584867,0.691504,0.289456,2.551797,0.706264,2.561917,125.263100,0.406565,-0.008128,1,0,9.863811,0.009058,0.000110,0.128674,7,10,9,5,4
157,11.245180,0.082331,older_sister,5,6,5.000000,6.187817,589.784800,426.378400,591.579100,427.706000,2.232078,596.032000,430.401700,587.126200,425.010300,596.032000,415.544400,587.126200,414.052200,-0.793867,0.379374,-1.797668,-0.954665,0.279808,-1.660000,-0.906664,-1.694934,305.267500,0.798845,-0.210775,0,1,10.175690,0.030000,0.000246,0.124828,3,4,9,9,4
157,11.245180,0.082331,player,7,3,7.134991,3.000000,814.807700,448.632800,813.956800,448.840600,0.875851,805.056600,452.968200,822.857100,444.713000,805.056600,440.434200,822.857100,433.895500,2.980189,0.320048,-2.373889,3.301585,0.276218,-2.163098,3.156250,-2.263187,54.740560,0.668715,-0.384121,0,1,10.072230,0.030000,0.000086,0.137423,5,9,5,5,4
158,11.282630,0.043712,father,4,2,3.592487,2.000000,707.322800,544.650300,704.632200,546.121100,3.066303,699.362100,549.702100,709.902200,542.540000,699.362100,540.100800,709.902200,533.147200,1.071817,0.245167,-4.843934,1.262123,0.239841,-4.661054,1.215550,-4.714938,234.731300,0.009367,0.260973,0,1,10.343070,0.046043,0.000193,0.127925,1,1,2,7,4
158,11.282630,0.043712,mother,10,9,10.000000,9.061331,679.682400,259.951100,679.666400,259.910000,0.044108,679.286700,258.884500,680.046000,260.935600,679.286700,249.918900,680.046000,250.136000,0.709344,0.228932,2.581924,0.723053,0.275760,2.529550,0.716488,2.554688,125.264800,0.423308,-0.041431,1,0,9.877123,0.013313,0.000110,0.128674,7,10,9,5,4
158,11.282630,0.043712,older_sister,5,6,5.000000,6.234146,587.826200,425.398900,588.719100,426.026100,1.091169,590.364000,427.107800,587.074300,424.944300,590.364000,412.282700,587.074300,413.780100,-0.896206,0.378549,-1.713558,-0.955603,0.285073,-1.658316,-0.942028,-1.669925,305.267600,0.856757,-0.080393,0,1,10.221740,0.046043,0.000356,0.124828,3,4,9,9,4
158,11.282630,0.043712,player,7,3,7.181320,3.000000,816.766200,447.653300,814.339100,448.485200,2.565794,806.487200,451.970700,822.190900,444.999800,806.487200,438.598700,822.190900,434.157000,3.006019,0.341447,-2.348418,3.289558,0.276863,-2.170421,3.191612,-2.238177,54.730400,0.726626,-0.334275,0,1,10.118270,0.046043,0.000220,0.137423,5,9,5,5,4
159,11.320200,0.037483,father,4,2,3.554771,2.000000,705.728300,545.447500,703.794600,546.405300,2.157881,698.378100,549.987400,709.211100,542.823100,698.378100,540.875400,709.211100,533.271100,1.054049,0.232670,-4.851219,1.249643,0.243904,-4.668282,1.186761,-4.735293,234.737800,0.056513,0.265320,0,0,10.380550,0.037483,0.000273,0.127925,1,1,2,7,4
159,11.320200,0.037483,mother,10,9,9.999999,9.050995,680.119400,260.169800,680.447100,260.301300,0.353155,679.474200,258.971600,681.420200,261.631100,679.474200,250.004600,681.420200,251.208700,0.712729,0.228965,2.579700,0.747864,0.266130,2.511791,0.724378,2.549103,125.287600,0.436229,-0.067909,1,0,9.887395,0.010272,0.000061,0.128674,7,10,9,5,4
159,11.320200,0.037483,older_sister,5,6,5.000000,6.271863,586.231700,424.601800,585.815600,424.511000,0.425914,584.560700,424.090400,587.070400,424.931700,584.560700,410.513900,587.070400,413.624100,-1.000988,0.346668,-1.636511,-0.955672,0.288733,-1.657994,-0.970817,-1.649569,305.262500,0.903903,0.049404,0,1,10.259220,0.037483,0.000273,0.124828,3,4,9,9,4
159,11.320200,0.037483,player,7,3,7.219036,3.000000,818.360700,446.856100,815.744600,447.674200,2.741000,809.543200,450.249800,821.945900,445.098500,809.543200,435.849200,821.945900,434.196000,3.061197,0.367713,-2.304477,3.285136,0.278388,-2.172941,3.220402,-2.217822,54.739620,0.773772,-0.258789,0,1,10.155760,0.037483,0.000164,0.137423,5,9,5,5,4
160,11.357410,0.037748,father,4,2,3.516787,2.000000,704.122600,546.250600,703.045100,546.642900,1.146661,697.527800,550.225000,708.562300,543.060900,697.527800,541.382300,708.562300,533.219900,1.038697,0.225792,-4.857284,1.237930,0.251284,-4.674353,1.157768,-4.755800,234.727400,0.103993,0.268293,0,0,10.418300,0.037748,0.000061,0.127925,1,1,2,7,4
160,11.357410,0.037748,mother,10,9,10.000000,9.040976,680.543000,260.381400,681.206500,260.683600,0.729154,679.649600,259.054700,682.763400,262.312500,679.649600,250.085500,682.763400,252.217800,0.715896,0.229022,2.577578,0.772118,0.257760,2.494391,0.732026,2.543701,125.236100,0.448752,-0.093916,1,0,9.897352,0.009958,0.000136,0.128674,7,10,9,5,4
160,11.357410,0.037748,older_sister,5,6,5.000000,6.309846,584.625900,423.799100,582.286100,422.818700,2.536861,577.579800,420.747400,586.992600,424.890100,577.579800,408.476500,586.992600,413.451100,-1.127032,0.313329,-1.551150,-0.957080,0.292086,-1.656931,-0.999810,-1.629073,305.258000,0.951382,0.199840,0,1,10.296970,0.037748,0.000110,0.124828,3,4,9,9,4
160,11.357410,0.037748,player,7,3,7.257020,3.000000,819.966500,446.053500,817.964100,446.746600,2.118957,814.002100,448.362600,821.926100,445.130600,814.002100,433.234500,821.926100,434.098400,3.141704,0.386288,-2.256289,3.284776,0.281702,-2.173761,3.249395,-2.197326,54.742120,0.821251,-0.164467,0,1,10.193510,0.037748,0.000031,0.137423,5,9,5,5,4
161,11.394090,0.036988,father,3,2,3.479569,2.000000,702.549100,547.037000,702.531400,546.858300,0.179591,697.194500,550.397400,707.868200,543.319300,697.194500,541.615600,707.868200,533.054700,1.032678,0.224239,-4.861687,1.225398,0.262098,-4.680950,1.129359,-4.775881,234.745000,0.150515,0.261697,0,0,10.455290,0.036988,0.000273,0.127925,1,1,2,7,4
161,11.394090,0.036988,mother,10,9,10.000000,9.031464,680.945100,260.582300,681.876500,261.026200,1.031704,679.801900,259.125500,683.950900,262.926900,679.801900,250.154400,683.950900,253.062200,0.718647,0.229072,2.575769,0.793558,0.251889,2.478704,0.739287,2.538571,125.241100,0.460644,-0.117191,1,0,9.906806,0.009454,0.000273,0.128674,7,10,9,5,4
161,11.394090,0.036988,older_sister,5,6,5.000000,6.347064,583.052500,423.012200,579.144800,421.329900,4.254457,571.294600,417.766700,586.995000,424.893100,571.294600,405.896800,586.995000,413.285100,-1.240515,0.303092,-1.475041,-0.957036,0.296403,-1.657007,-1.028218,-1.608981,305.269500,0.997904,0.336516,0,1,10.333950,0.036988,0.000246,0.124828,3,4,9,9,4
161,11.394090,0.036988,player,7,3,7.294238,3.000000,821.539900,445.266600,820.708900,445.522900,0.869576,819.375100,445.947400,822.042800,445.098500,819.375100,431.356600,822.042800,433.897600,3.238716,0.372567,-2.194617,3.286885,0.286008,-2.172942,3.277803,-2.177233,54.728160,0.867773,-0.051843,0,1,10.230490,0.036988,0.000136,0.137423,5,9,5,5,4
162,11.431110,0.036837,father,3,2,3.442502,2.000000,700.982100,547.820700,701.966400,547.088500,1.226804,697.113100,550.473800,706.819700,543.703200,697.113100,541.671800,706.819700,532.917200,1.031209,0.224757,-4.863638,1.206467,0.275413,-4.690754,1.101066,-4.795893,234.728000,0.196847,0.242918,1,0,10.492120,0.036837,0.000136,0.125048,1,1,2,7,4
162,11.431110,0.036837,mother,10,9,10.000000,9.000000,682.275300,261.247400,683.912400,262.104600,1.847904,680.264200,259.346200,687.560500,264.862900,680.264200,250.379100,687.560500,255.372100,0.726991,0.228971,2.570134,0.858732,0.242344,2.429267,0.763303,2.521589,125.266000,0.499972,-0.188896,0,0,9.938074,0.000000,0.000246,0.128883,7,-1,-1,5,4
162,11.431110,0.036837,older_sister,5,6,5.000000,6.384131,581.485500,422.228800,578.651200,420.931300,3.117199,570.611900,417.208800,586.690500,424.653900,570.611900,405.865900,586.690500,412.860200,-1.252841,0.289632,-1.460794,-0.962533,0.301146,-1.650900,-1.056511,-1.588977,305.262500,0.044237,0.346794,0,0,10.370790,0.036837,0.000164,0.142693,3,4,9,9,4
162,11.431110,0.036837,player,7,3,7.331305,3.000000,823.106800,444.483000,823.716700,444.062300,0.740969,825.395200,443.018000,822.038200,445.106600,825.395200,429.756500,822.038200,433.771200,3.347414,0.338625,-2.119817,3.286800,0.289441,-2.173147,3.306096,-2.157225,54.733250,0.914105,0.080281,0,1,10.267330,0.036837,0.000220,0.137283,5,9,5,5,4
163,11.523740,0.082629,father,3,2,3.362004,2.000000,697.579000,549.522300,699.370800,548.454000,2.086086,696.493200,550.844500,702.248400,546.063500,696.493200,541.970600,702.248400,533.545400,1.020016,0.226589,-4.873103,1.123929,0.319642,-4.751023,1.039622,-4.839343,234.734700,0.297469,0.155329,1,0,10.572120,0.030000,0.000086,0.125048,1,1,2,7,4
163,11.523740,0.082629,mother,10,9,10.000000,9.000000,682.275300,261.247400,683.912400,262.104600,1.847904,680.264200,259.346200,687.560500,264.862900,680.264200,250.379100,687.560500,255.372100,0.726991,0.228971,2.570134,0.858732,0.242344,2.429267,0.763303,2.521589,125.266000,0.499972,-0.188896,0,0,9.938074,0.000000,0.000275,0.128883,7,7,10,5,4
163,11.523740,0.082629,older_sister,5,6,5.000000,6.464630,578.082400,420.527300,578.240000,420.402700,0.200940,570.293800,416.711900,586.186100,424.093400,570.293800,405.802800,586.186100,411.512000,-1.258583,0.278558,-1.448107,-0.971640,0.321261,-1.636590,-1.117956,-1.545531,305.262800,0.144859,0.343109,0,0,10.450790,0.030000,0.000061,0.142693,3,4,9,9,4
163,11.523740,0.082629,player,7,3,7.411803,3.000000,826.509900,442.781700,829.792100,440.903200,3.781751,837.302600,436.795000,822.281600,445.011400,837.302600,425.098900,822.281600,433.336000,3.562408,0.298653,-1.960916,3.291195,0.298123,-2.170717,3.367540,-2.113784,54.739490,0.014729,0.342572,0,1,10.347330,0.030000,0.000031,0.137283,5,9,5,5,4
164,11.562170,0.046005,father,3,2,3.313068,2.000000,695.510300,550.556800,696.887800,549.840000,1.552811,695.777300,551.256800,697.998200,548.423300,695.777300,542.313700,697.998200,535.875400,1.007090,0.228356,-4.883631,1.047190,0.320401,-4.811278,1.002268,-4.865756,234.735300,0.358640,0.074515,1,0,10.620760,0.048633,0.000061,0.125048,1,1,2,7,4
164,11.562170,0.046005,mother,10,9,9.991482,9.000000,681.915200,261.427700,682.862900,262.857700,1.715492,681.265200,258.892000,684.460500,266.823400,681.265200,249.924000,684.460500,257.380800,0.745066,0.228993,2.581732,0.802759,0.241111,2.379208,0.756801,2.516983,153.232700,0.510620,-0.206806,1,0,9.946540,0.008466,0.000000,0.128883,1,7,10,5,4
164,11.562170,0.046005,older_sister,5,7,5.000000,6.513566,576.013700,419.493000,578.021100,420.141000,2.109454,570.824500,416.995100,585.217700,423.287000,570.824500,406.027100,585.217700,410.002000,-1.249001,0.280061,-1.455337,-0.989126,0.339223,-1.615996,-1.155309,-1.519118,305.264800,0.206030,0.304944,1,0,10.499420,0.048633,0.000086,0.142693,3,4,9,9,4
164,11.562170,0.046005,player,7,3,7.460739,3.000000,828.578700,441.747300,830.568000,440.778100,2.212793,838.344600,436.642800,822.791400,444.913500,838.344600,425.583500,822.791400,432.941700,3.581221,0.282392,-1.957030,3.300400,0.305691,-2.168216,3.404893,-2.087371,54.735230,0.075899,0.351217,0,0,10.395960,0.048633,0.000000,0.137283,5,9,5,5,4
165,11.601870,0.039903,father,3,2,3.272916,2.000000,693.812800,551.405300,694.242100,551.220100,0.467524,695.080600,551.634400,693.403600,550.805800,695.080600,542.669700,693.403600,539.540000,0.994511,0.228907,-4.893272,0.964232,0.287665,-4.872116,0.971620,-4.887424,234.740500,0.408830,-0.012511,1,0,10.660660,0.039903,0.000193,0.125048,1,1,2,7,4
165,11.601870,0.039903,mother,10,9,9.970296,9.000001,681.019400,261.875400,681.028800,263.684700,1.809259,681.868800,258.821000,680.188900,268.548300,681.868800,249.830000,680.188900,259.193700,0.755964,0.229582,2.583544,0.725633,0.238866,2.335164,0.740629,2.505551,177.490300,0.537104,-0.246814,0,0,9.967595,0.021055,0.000164,0.128883,1,7,10,5,4
165,11.601870,0.039903,older_sister,5,7,5.000000,6.553718,574.316300,418.644400,577.074600,419.633100,2.930195,571.078000,417.115800,583.071200,422.150300,571.078000,406.106300,583.071200,407.753100,-1.244425,0.281123,-1.458420,-1.027881,0.367625,-1.586973,-1.185956,-1.497451,305.259700,0.256219,0.251029,1,0,10.539330,0.039903,0.000031,0.142693,3,4,9,9,4
165,11.601870,0.039903,player,8,3,7.500891,3.000000,830.276200,440.898300,830.983200,440.737600,0.725065,838.731700,436.637900,823.234700,444.837200,838.731700,425.740500,823.234700,432.455700,3.588211,0.278260,-1.956906,3.308405,0.316156,-2.166270,3.435542,-2.065692,54.726870,0.126088,0.349339,0,0,10.435870,0.039903,0.000273,0.137283,5,9,5,5,4
166,11.641530,0.039749,father,3,2,3.232919,2.000000,692.121900,552.250900,691.259300,552.705300,0.975003,694.405200,551.994300,688.113300,553.416100,694.405200,543.023600,688.113300,543.521900,0.982317,0.229063,-4.902463,0.868713,0.252646,-4.938768,0.941091,-4.909014,234.731700,0.458825,-0.113716,1,0,10.700410,0.039749,0.000061,0.125048,1,1,2,7,4
166,11.641530,0.039749,mother,10,9,9.936451,9.000001,679.588600,262.590800,678.745800,263.973900,1.619655,682.653700,259.116000,674.838000,268.831700,682.653700,249.989300,674.838000,259.701600,0.770137,0.233047,2.576012,0.629019,0.233133,2.327927,0.714795,2.487286,201.654400,0.579411,-0.282650,0,0,10.001230,0.033636,0.000220,0.128883,1,7,10,5,4
166,11.641530,0.039749,older_sister,5,7,5.000000,6.593714,572.625400,417.798800,575.196400,418.781800,2.752556,570.922500,417.044500,579.470300,420.519100,570.922500,405.997700,579.470300,405.175900,-1.247232,0.282074,-1.456600,-1.092898,0.391780,-1.545321,-1.216487,-1.475860,305.268400,0.306215,0.177235,1,0,10.579080,0.039749,0.000086,0.142693,3,4,9,9,4
166,11.641530,0.039749,player,8,3,7.540888,3.000000,831.967000,440.053200,831.195600,440.713200,1.015300,838.347700,436.767700,824.043500,444.658700,838.347700,425.838700,824.043500,431.716300,3.581276,0.279066,-1.960220,3.323008,0.330474,-2.161710,3.466071,-2.044112,54.745130,0.176085,0.327203,1,0,10.475620,0.039749,0.000000,0.137283,5,9,5,5,4
167,11.681000,0.039564,father,3,2,3.193108,2.000000,690.438900,553.092300,688.609900,553.954000,2.021857,693.842500,552.286700,683.377100,555.621300,693.842500,543.319100,683.377100,546.171200,0.972157,0.228985,-4.909930,0.783197,0.241302,-4.995074,0.910703,-4.930499,234.739300,0.508589,-0.203446,1,0,10.739970,0.039564,0.000193,0.125048,1,1,2,7,4
167,11.681000,0.039564,mother,10,9,9.896640,9.000001,677.905600,263.432200,677.550800,263.781100,0.497612,683.967200,260.339200,671.134400,267.222900,683.967200,250.869400,671.134400,258.314500,0.793852,0.241806,2.544778,0.562150,0.227472,2.369008,0.684406,2.465802,225.747800,0.629173,-0.288618,0,0,10.040800,0.039564,0.000329,0.128883,1,7,10,5,4
167,11.681000,0.039564,older_sister,5,7,5.000000,6.633525,570.942300,416.957400,572.883500,417.789700,2.112115,570.626500,416.948900,575.140600,418.630600,570.626500,405.799400,575.140600,403.232100,-1.252577,0.284696,-1.454158,-1.171072,0.393191,-1.497098,-1.246874,-1.454375,305.261000,0.355978,0.091341,1,0,10.618640,0.039564,0.000061,0.142693,3,4,9,9,4
167,11.681000,0.039564,player,8,3,7.580698,3.000000,833.650000,439.211300,831.640300,440.582200,2.432740,837.819700,437.026700,825.460900,444.137700,837.819700,426.033900,825.460900,430.469200,3.571744,0.280697,-1.966834,3.348600,0.349019,-2.148409,3.496459,-2.022616,54.725550,0.225847,0.287032,1,0,10.515180,0.039564,0.000273,0.137283,5,9,5,5,4
168,11.724410,0.042620,father,3,2,3.150223,2.000000,688.626000,553.998800,686.509500,554.966700,2.327249,693.380700,552.519000,679.638400,557.414200,693.380700,543.462300,679.638400,548.161300,0.963818,0.231258,-4.915862,0.715695,0.236271,-5.040858,0.877968,-4.953646,234.734500,0.562195,-0.274758,0,0,10.782590,0.042620,0.000136,0.128326,1,1,2,7,4
168,11.724410,0.042620,mother,10,9,9.853755,9.000001,676.092600,264.338700,677.086100,264.036400,1.038496,684.048000,261.459300,670.124100,266.613500,684.048000,251.388000,670.124100,257.778400,0.795312,0.257165,2.516178,0.543908,0.225600,2.384568,0.651672,2.442655,234.735000,0.682780,-0.281255,0,1,10.083420,0.042620,0.000301,0.121040,1,7,10,5,4
168,11.724410,0.042620,older_sister,5,7,5.000000,6.676410,569.129400,416.050900,569.709100,416.285500,0.625367,570.207400,416.774500,569.210900,415.796400,570.207400,405.533800,569.210900,401.929400,-1.260144,0.287026,-1.449705,-1.278137,0.354086,-1.424729,-1.279608,-1.431227,305.265600,0.409585,-0.029111,1,0,10.661260,0.042620,0.000000,0.136720,3,4,9,9,4
168,11.724410,0.042620,player,8,3,7.623584,3.000000,835.463000,438.304800,833.251600,439.795700,2.666991,837.871800,437.017800,828.631500,442.573600,837.871800,426.001300,828.631500,427.675500,3.572684,0.281300,-1.966605,3.405847,0.380416,-2.108470,3.529193,-1.999469,54.734410,0.279454,0.218128,1,0,10.557800,0.042620,0.000301,0.131214,5,9,5,5,4
169,11.814550,0.083962,father,3,2,3.069725,2.000000,685.222800,555.700100,685.697600,555.617400,0.481881,692.763300,552.964700,678.631900,558.270100,692.763300,543.131800,678.631900,549.424600,0.952670,0.251078,-4.927242,0.697520,0.225867,-5.062712,0.816524,-4.997088,234.739500,0.662818,-0.286545,0,1,10.862590,0.030000,0.000356,0.128326,1,1,2,7,4
169,11.814550,0.083962,mother,10,9,9.773256,9.000001,672.689500,266.040400,674.723000,265.259100,2.178395,679.611500,263.815500,669.834400,266.702600,679.611500,252.192400,669.834400,257.755100,0.715208,0.296787,2.456014,0.538676,0.228469,2.382292,0.590227,2.399201,234.732200,0.783402,-0.186698,0,1,10.163410,0.030000,0.000136,0.121040,1,7,10,5,4
169,11.814550,0.083962,older_sister,5,7,5.000000,6.756909,565.726300,414.349100,563.598300,413.094500,2.470301,569.697100,416.554700,557.499500,409.634300,569.697100,405.179200,557.499500,398.038700,-1.269357,0.290468,-1.444094,-1.489594,0.296087,-1.267384,-1.341053,-1.387774,305.267500,0.510208,-0.281847,1,0,10.741260,0.030000,0.000164,0.136720,3,4,9,9,4
169,11.814550,0.083962,player,8,3,7.704082,3.000000,838.866100,436.603500,837.569300,437.337500,1.490065,838.335300,436.698600,836.803500,437.976400,838.335300,425.507300,836.803500,423.149100,3.581053,0.285764,-1.958455,3.553396,0.378606,-1.991082,3.590638,-1.956027,54.739570,0.380076,0.041419,1,0,10.637800,0.030000,0.000110,0.131214,5,9,5,5,4
170,11.860970,0.046886,father,3,2,3.018560,2.000000,683.059800,556.781700,684.933200,556.070300,2.003890,691.291200,553.855300,678.575100,558.285400,691.291200,543.185900,678.575100,549.404400,0.926092,0.272436,-4.949982,0.696495,0.226772,-5.063101,0.777469,-5.024706,234.732800,0.726773,-0.252772,0,0,10.913440,0.000848,0.000273,0.128326,1,1,2,7,4
170,11.860970,0.046886,mother,10,9,9.722091,9.000000,670.526600,267.122000,671.684000,266.600800,1.269322,674.114700,266.241300,669.253100,266.960200,674.114700,254.370000,669.253100,257.863600,0.615961,0.303129,2.394071,0.528181,0.232278,2.375714,0.551174,2.371583,234.731700,0.847359,-0.082268,0,0,10.214260,0.000848,0.000031,0.121040,1,7,10,5,4
170,11.860970,0.046886,older_sister,5,7,5.000000,6.808074,563.563300,413.267500,561.409200,411.962200,2.518763,569.737800,416.576700,553.080600,407.347700,569.737800,404.976100,553.080600,396.200100,-1.268624,0.296214,-1.444653,-1.569378,0.284647,-1.208997,-1.380108,-1.360156,305.267200,0.574163,-0.381622,0,0,10.792110,0.000848,0.000273,0.136720,3,4,9,9,4
170,11.860970,0.046886,player,8,3,7.755247,3.000001,841.029100,435.521900,841.697500,435.250900,0.721312,838.770400,436.449500,844.624600,434.052300,838.770400,425.150600,844.624600,421.422100,3.588911,0.288509,-1.952094,3.694610,0.322505,-1.890883,3.629691,-1.928409,54.731780,0.444033,-0.121643,0,0,10.688650,0.000848,0.000193,0.131214,5,9,5,5,4
171,11.900480,0.046460,father,3,2,2.971811,2.000000,681.083500,557.770100,683.106200,556.990500,2.167766,687.936200,555.573400,678.276200,558.407600,687.936200,543.925400,678.276200,549.457200,0.865515,0.297425,-4.993851,0.691098,0.228544,-5.066222,0.741786,-5.049944,234.729200,0.785211,-0.184190,0,1,10.959900,0.046460,0.000061,0.128326,1,1,2,7,4
171,11.900480,0.046460,mother,10,9,9.675342,9.000000,668.550200,268.110000,668.312300,268.251500,0.276735,667.921700,269.283100,668.703000,267.219800,667.921700,258.658900,668.703000,258.022000,0.504141,0.271282,2.316402,0.518249,0.234861,2.369085,0.515490,2.346356,234.742200,0.905796,0.041932,0,1,10.260720,0.046460,0.000193,0.121040,1,7,10,5,4
171,11.900480,0.046460,older_sister,5,7,5.000000,6.854823,561.586900,412.279600,561.097700,412.099600,0.521295,569.740200,416.711700,552.455200,407.487500,569.740200,404.627300,552.455200,396.600900,-1.268580,0.308568,-1.448102,-1.580671,0.277985,-1.212568,-1.415792,-1.334930,305.257700,0.632601,-0.390805,0,0,10.838570,0.046460,0.000061,0.136720,3,4,9,9,4
171,11.900480,0.046460,player,8,3,7.801996,3.000001,843.005400,434.534000,845.233200,433.591600,2.418917,838.983100,436.324000,851.483400,430.859100,838.983100,424.956600,851.483400,419.205000,3.592750,0.290259,-1.948890,3.818450,0.297581,-1.809347,3.665376,-1.903182,54.742200,0.502470,-0.264851,1,0,10.735110,0.046460,0.000031,0.131214,5,9,5,5,4
172,11.963750,0.056477,father,3,2,2.914982,2.000000,678.681000,558.971300,679.639600,558.538500,1.051766,681.672000,558.374000,677.607400,558.703100,681.672000,546.649400,677.607400,549.586200,0.752411,0.299381,-5.065363,0.679022,0.232793,-5.073766,0.698408,-5.080614,234.738700,0.856247,-0.064775,0,1,11.016380,0.006477,0.000136,0.128326,1,1,2,7,4
172,11.963750,0.056477,mother,10,9,9.618512,9.000001,666.147800,269.311100,663.753500,270.623400,2.730263,659.529400,273.676500,667.977500,267.570200,659.529400,264.113700,667.977500,258.258700,0.352614,0.244182,2.204216,0.505150,0.237764,2.360138,0.472112,2.315686,234.737800,0.976832,0.214565,0,1,10.317200,0.006477,0.000273,0.121040,1,7,10,5,4
172,11.963750,0.056477,older_sister,5,7,5.000000,6.911653,559.184500,411.078400,560.679600,412.165400,1.848416,568.569000,416.499500,552.790100,407.831300,568.569000,403.541200,552.790100,397.004100,-1.289727,0.330883,-1.442682,-1.574623,0.276466,-1.221345,-1.459169,-1.304259,305.262800,0.703637,-0.360405,0,1,10.895050,0.006477,0.000000,0.136720,3,4,9,9,4
172,11.963750,0.056477,player,8,3,7.858826,3.000001,845.408000,433.332400,847.887300,432.323100,2.676878,838.963700,436.334000,856.810800,428.312100,838.963700,424.737300,856.810800,417.158900,3.592402,0.296116,-1.949145,3.914639,0.284790,-1.744311,3.708755,-1.872500,54.728190,0.573506,-0.381364,0,0,10.791580,0.006477,0.000273,0.131214,5,9,5,5,4
173,12.020650,0.057706,father,3,2,2.856917,2.000000,676.226300,560.198700,675.318700,560.689000,1.031613,673.688000,562.352500,676.949500,559.025400,673.688000,552.253700,676.949500,549.795200,0.608255,0.257868,-5.166954,0.667143,0.235688,-5.081997,0.654087,-5.111956,234.733400,0.928829,0.097133,0,1,11.074080,0.007705,0.000086,0.128326,1,1,2,7,4
173,12.020650,0.057706,mother,10,9,9.560448,9.000001,663.693000,270.538500,661.642500,271.578700,2.299255,656.251700,275.159300,667.033100,267.998100,656.251700,265.984100,667.033100,258.476900,0.293433,0.234284,2.166356,0.488099,0.243117,2.349213,0.427790,2.284345,234.734800,0.049414,0.264517,0,0,10.374910,0.007705,0.000246,0.121040,1,7,10,5,4
173,12.020650,0.057706,older_sister,5,7,5.000000,6.969718,556.729800,409.851000,558.677900,411.313100,2.435724,564.077900,414.535200,553.277700,408.091200,564.077900,400.086200,553.277700,397.184400,-1.370816,0.368945,-1.392524,-1.565819,0.278500,-1.227981,-1.503490,-1.272918,305.265500,0.776219,-0.254219,0,1,10.952750,0.007705,0.000061,0.136720,3,4,9,9,4
173,12.020650,0.057706,player,8,3,7.916891,3.000001,847.862600,432.104900,847.802100,432.014800,0.108569,838.787700,436.225500,856.816400,427.804100,838.787700,423.982800,856.816400,416.950500,3.589222,0.312610,-1.946375,3.914741,0.277141,-1.731340,3.753075,-1.841159,54.733950,0.646088,-0.389936,0,0,10.849290,0.007705,0.000356,0.131214,5,9,5,5,4
174,12.079450,0.058304,father,3,2,2.798249,2.000000,673.746200,561.438700,670.940200,562.978300,3.200687,665.677900,566.559300,676.202500,559.397400,665.677900,556.879900,676.202500,550.024800,0.463628,0.247158,-5.274371,0.653658,0.239323,-5.091496,0.609306,-5.143618,234.738000,0.002163,0.260741,0,1,11.132390,0.008304,0.000136,0.132790,1,1,2,7,4
174,12.079450,0.058304,mother,10,9,9.501781,9.000001,661.212800,271.778500,660.528600,271.937600,0.702515,655.028100,275.504800,666.029000,268.370400,655.028100,266.707400,666.029000,258.381700,0.271340,0.224637,2.157534,0.469968,0.255056,2.339706,0.383010,2.252682,234.737800,0.122747,0.267355,0,0,10.433210,0.008304,0.000356,0.125437,1,7,10,5,4
174,12.079450,0.058304,older_sister,5,7,4.994709,7.000000,555.225900,409.322800,557.045800,410.246200,2.040775,560.965500,411.958600,553.126000,408.533900,560.965500,396.834900,553.126000,397.503900,-1.427013,0.386174,-1.326732,-1.568558,0.281645,-1.239286,-1.530644,-1.259429,296.416900,0.820686,-0.165670,0,1,10.988100,0.005258,0.000061,0.129695,2,4,9,9,4
174,12.079450,0.058304,player,8,3,7.975559,3.000001,850.342900,430.865000,848.034900,431.652500,2.438637,839.994400,435.245800,856.075400,428.059200,839.994400,422.042600,856.075400,417.218000,3.611011,0.337135,-1.921357,3.901361,0.276825,-1.737853,3.797857,-1.809497,54.738840,0.719421,-0.343017,0,1,10.907590,0.008304,0.000193,0.125308,5,9,5,5,4
175,12.179980,0.100348,father,3,2,2.717751,2.000000,670.343100,563.140300,669.242100,563.547500,1.173931,663.725500,567.129900,674.758800,559.965200,663.725500,558.283100,674.758800,550.132600,0.428376,0.225897,-5.288941,0.627588,0.251070,-5.105994,0.547861,-5.187068,234.734700,0.102785,0.268281,0,0,11.212390,0.030000,0.000136,0.132790,1,1,2,7,4
175,12.179980,0.100348,mother,9,9,9.421282,9.000001,657.809800,273.480300,659.311300,272.481000,1.803623,654.836700,275.700600,663.785900,269.261400,654.836700,266.860900,663.785900,258.060800,0.267886,0.225716,2.152534,0.429467,0.286002,2.316954,0.321565,2.209229,234.732200,0.223371,0.226861,1,0,10.513210,0.030000,0.000164,0.125437,1,7,10,5,4
175,12.179980,0.100348,older_sister,5,7,4.921208,7.000000,552.118600,410.876500,551.377200,411.062000,0.764260,549.355100,411.476400,553.399300,410.647600,549.355100,398.166200,553.399300,399.316400,-1.636644,0.339870,-1.314422,-1.563623,0.289335,-1.293257,-1.586747,-1.299102,260.291500,0.912562,0.075545,0,1,11.061150,0.030000,0.000000,0.129695,1,4,9,9,4
175,12.179980,0.100348,player,8,3,8.056057,3.000001,853.746000,429.163500,851.720900,429.859900,2.141465,847.696200,431.500300,855.745600,428.219500,847.696200,416.381900,855.745600,417.192000,3.750071,0.386040,-1.825719,3.895406,0.281581,-1.741945,3.859302,-1.766051,54.737010,0.820045,-0.167034,0,1,10.987590,0.030000,0.000136,0.125308,5,9,5,5,4
176,12.235090,0.055591,father,3,2,2.641339,2.000000,667.112700,564.755200,668.126300,564.006800,1.259887,663.291700,567.384200,672.960900,560.629500,663.291700,558.580300,672.960900,549.827000,0.420546,0.224803,-5.295434,0.595127,0.275836,-5.122956,0.489535,-5.228304,234.739400,0.198300,0.242122,1,0,11.288330,0.025939,0.000329,0.132790,1,1,2,7,4
176,12.235090,0.055591,mother,9,9,9.344870,9.000000,654.579500,275.095500,656.303600,274.117300,1.982279,653.989900,276.190800,658.617200,272.043900,653.989900,267.294400,658.617200,259.346100,0.252596,0.227162,2.140018,0.336144,0.324231,2.245905,0.263240,2.167985,234.734300,0.318886,0.129351,1,0,10.589150,0.025939,0.000061,0.125437,1,7,10,5,4
176,12.235090,0.055591,older_sister,5,7,4.844797,7.000000,548.888300,412.491300,545.219200,414.212600,4.052774,537.199600,417.789400,553.239000,410.635800,537.199600,406.011300,553.239000,398.986800,-1.856119,0.300747,-1.475620,-1.566519,0.297449,-1.292956,-1.645073,-1.340335,240.258500,0.008078,0.342068,0,1,11.137090,0.025939,0.000301,0.129695,1,4,9,9,4
176,12.235090,0.055591,player,8,3,8.132469,3.000000,856.976300,427.548400,857.637800,427.101800,0.798174,859.417700,426.006800,855.857800,428.196700,859.417700,412.791200,855.857800,416.857500,3.961709,0.337453,-1.685447,3.897432,0.289540,-1.741364,3.917628,-1.724810,54.736930,0.915560,0.084766,0,1,11.063530,0.025939,0.000061,0.125308,5,9,5,5,4
177,12.289870,0.055307,father,3,2,2.585688,2.000000,664.760100,565.931800,666.544300,564.802900,2.111333,662.959500,567.588000,670.129000,562.017900,662.959500,558.725800,670.129000,549.946700,0.414547,0.226291,-5.300639,0.543997,0.308231,-5.158409,0.447057,-5.258348,234.729300,0.267864,0.187816,1,0,11.343630,0.005307,0.000061,0.132790,1,1,2,7,4
177,12.289870,0.055307,mother,9,9,9.289218,9.000000,652.226800,276.271700,653.101900,275.850000,0.971368,653.087300,276.695400,653.116500,275.004600,653.087300,267.732800,653.116500,263.139200,0.236299,0.228856,2.127131,0.236826,0.302977,2.170306,0.220762,2.137952,234.738800,0.388450,0.025356,1,0,10.644460,0.005307,0.000193,0.125437,1,7,10,5,4
177,12.289870,0.055307,older_sister,5,7,4.789145,7.000000,546.535600,413.667800,544.586100,414.610000,2.165226,536.805100,418.746100,552.367100,410.473900,536.805100,407.698100,552.367100,398.490000,-1.863242,0.282105,-1.500048,-1.582260,0.306003,-1.288823,-1.687552,-1.370375,234.733200,0.077641,0.351372,0,0,11.192400,0.005307,0.000193,0.129695,1,4,9,9,4
177,12.289870,0.055307,player,8,3,8.188121,3.000000,859.329000,426.371800,862.591400,424.491200,3.765659,869.224500,420.819600,855.958300,428.162800,869.224500,408.972000,855.958300,416.604700,4.138775,0.302522,-1.552995,3.899247,0.295128,-1.740497,3.960107,-1.694766,54.728800,0.985124,0.303831,0,1,11.118840,0.005307,0.000329,0.125308,5,9,5,5,4
178,12.342580,0.053068,father,3,2,2.532290,2.000000,662.502700,567.060500,664.126300,566.168300,1.852648,662.262000,567.997200,665.990700,564.339400,662.262000,559.081200,665.990700,551.617200,0.401954,0.227666,-5.311087,0.469276,0.324854,-5.217686,0.406298,-5.287169,234.735600,0.334612,0.108894,1,0,11.396700,0.003068,0.000086,0.132790,1,1,2,7,4
178,12.342580,0.053068,mother,9,9,9.235820,9.000000,649.969400,277.400500,649.188600,277.816700,0.884766,652.173200,277.182200,646.204100,278.451100,652.173200,268.212200,646.204100,268.492200,0.219793,0.229047,2.114701,0.112017,0.254297,2.082301,0.180002,2.109128,234.733200,0.455196,-0.106703,1,0,10.697520,0.003068,0.000136,0.125437,1,7,10,5,4
178,12.342580,0.053068,older_sister,5,7,4.735747,7.000000,544.278200,414.796600,544.150500,414.657700,0.188616,536.575900,418.726300,551.725100,410.589200,536.575900,407.817400,551.725100,398.013000,-1.867379,0.278553,-1.499543,-1.593853,0.321125,-1.291767,-1.728311,-1.399200,234.732100,0.144388,0.343294,0,0,11.245460,0.003068,0.000086,0.129695,1,4,9,9,4
178,12.342580,0.053068,player,8,3,8.241520,3.000000,861.586400,425.243400,864.100500,423.902400,2.849383,871.782000,419.781000,856.419000,428.023900,871.782000,408.517900,856.419000,416.193500,4.184953,0.287595,-1.526473,3.907565,0.302084,-1.736952,4.000865,-1.665954,54.743280,0.051870,0.348004,0,0,11.171910,0.003068,0.000031,0.125308,5,9,5,5,4
179,12.396870,0.054373,father,2,2,2.477578,2.000000,660.189800,568.217000,660.755600,567.960700,0.621134,661.341600,568.501300,660.169400,567.420200,661.341600,559.537200,660.169400,555.977800,0.385335,0.228892,-5.323957,0.364170,0.292174,-5.296353,0.364537,-5.316699,234.735700,0.403001,-0.001344,1,0,11.451070,0.004373,0.000061,0.132790,1,1,2,7,4
179,12.396870,0.054373,mother,9,9,9.181108,9.000000,647.656400,278.556900,645.628300,279.496100,2.235009,651.414900,277.574700,639.841700,281.417500,651.414900,268.600300,639.841700,272.020000,0.206103,0.229155,2.104681,-0.002859,0.239961,2.006556,0.138241,2.079602,234.739100,0.523586,-0.227271,1,0,10.751900,0.004373,0.000246,0.125437,1,7,10,5,4
179,12.396870,0.054373,older_sister,5,7,4.681035,7.000000,541.965300,415.953000,543.655000,414.739200,2.080531,537.202500,418.429100,550.107500,411.049400,537.202500,407.451800,550.107500,397.665100,-1.856066,0.280298,-1.491954,-1.623059,0.341759,-1.303517,-1.770072,-1.428729,234.735700,0.212777,0.299044,1,0,11.299840,0.004373,0.000086,0.129695,1,4,9,9,4
179,12.396870,0.054373,player,8,3,8.296231,3.000001,863.899300,424.086700,864.784200,423.830700,0.921236,872.570100,419.724200,856.998200,427.937100,872.570100,408.825200,856.998200,415.612600,4.199184,0.278299,-1.525024,3.918023,0.314700,-1.734735,4.042626,-1.636417,54.729030,0.120260,0.350645,0,0,11.226280,0.004373,0.000301,0.125308,5,9,5,5,4
180,12.451130,0.054760,father,2,2,2.422477,2.000000,657.860200,569.381700,656.723300,569.958900,1.275118,660.436300,568.983600,653.010300,570.934200,660.436300,560.010900,653.010300,561.221400,0.368987,0.229115,-5.336275,0.234908,0.248012,-5.386082,0.322477,-5.346437,234.737500,0.471877,-0.138232,1,0,11.505830,0.004760,0.000136,0.128498,1,1,2,7,4
180,12.451130,0.054760,mother,9,9,9.126007,9.000001,645.327000,279.721500,643.996100,280.389500,1.489149,650.974100,277.799400,637.018200,282.979700,650.974100,268.608000,637.018200,273.979000,0.198144,0.234696,2.098943,-0.053840,0.229827,1.966668,0.096182,2.049863,234.736400,0.592463,-0.282113,0,0,10.806660,0.004760,0.000246,0.123012,1,7,10,5,4
180,12.451130,0.054760,older_sister,5,7,4.625933,7.000000,539.635800,417.117700,541.845200,415.632000,2.662440,537.296500,418.370500,546.393900,412.893500,537.296500,407.352800,546.393900,397.952100,-1.854370,0.281330,-1.490457,-1.690110,0.381519,-1.350605,-1.812131,-1.458468,234.736800,0.281654,0.214861,1,0,11.354600,0.004760,0.000136,0.131239,1,4,9,9,4
180,12.451130,0.054760,player,8,3,8.351333,3.000001,866.228800,422.922000,865.110800,423.791000,1.415977,872.036300,419.919600,858.185500,427.662500,872.036300,408.976200,858.185500,414.573300,4.189544,0.279431,-1.530012,3.939460,0.334226,-1.727724,4.084686,-1.606677,54.736610,0.189137,0.318341,1,0,11.281040,0.004760,0.000246,0.129804,5,9,5,5,4
181,12.548810,0.098345,father,2,2,2.341978,2.000000,654.457200,571.082900,652.492400,571.989700,2.163864,659.502200,569.457200,645.482700,574.522200,659.502200,560.360000,645.482700,565.329000,0.352122,0.232292,-5.348367,0.098994,0.234740,-5.477697,0.261032,-5.389880,234.738900,0.572500,-0.281350,0,0,11.585830,0.030000,0.000356,0.128498,1,1,2,7,4
181,12.548810,0.098345,mother,9,9,9.045509,9.000001,641.923900,281.423200,643.165000,281.012800,1.307271,650.032300,278.495600,636.297900,283.530000,650.032300,268.301200,636.297900,274.690600,0.181139,0.260307,2.081166,-0.066845,0.225708,1.952616,0.034737,2.006409,234.732100,0.693085,-0.276694,0,1,10.886660,0.030000,0.000110,0.123012,1,7,10,5,4
181,12.548810,0.098345,older_sister,5,7,4.545435,7.000000,536.232700,418.819500,537.479000,418.114200,1.432006,536.822500,418.696200,538.135600,417.532100,536.822500,407.501100,538.135600,402.767200,-1.862926,0.285860,-1.498774,-1.839219,0.377016,-1.469051,-1.873576,-1.501922,234.732100,0.382277,0.036518,1,0,11.434600,0.030000,0.000061,0.131239,1,4,9,9,4
181,12.548810,0.098345,player,8,3,8.431831,3.000001,869.631900,421.220500,867.432100,422.682500,2.641278,871.717700,420.091700,863.146500,425.273300,871.717700,409.067200,863.146500,410.184200,4.183791,0.281505,-1.534407,4.029035,0.385291,-1.666716,4.146131,-1.563231,54.737110,0.289759,0.202746,1,0,11.361040,0.030000,0.000164,0.129804,5,9,5,5,4
182,12.601860,0.053565,father,2,2,2.269620,2.000000,651.398300,572.612700,651.876300,572.528600,0.485441,658.941000,569.875400,644.811800,575.181700,658.941000,560.040900,644.811800,566.336200,0.341990,0.251117,-5.359046,0.086880,0.225863,-5.494539,0.205802,-5.428942,234.730000,0.662948,-0.286521,0,1,11.657740,0.021910,0.000061,0.128498,1,1,2,7,4
182,12.601860,0.053565,mother,9,9,8.973151,9.000001,638.864900,282.952600,640.897800,282.171500,2.177748,645.782300,280.730200,636.013100,283.612900,645.782300,269.105300,636.013100,274.665200,0.104403,0.296834,2.024106,-0.071985,0.228475,1.950499,-0.020494,1.967358,234.737900,0.783532,-0.186519,0,1,10.958570,0.021910,0.000193,0.123012,1,7,10,5,4
182,12.601860,0.053565,older_sister,4,7,4.473077,7.000000,533.173800,420.348800,531.669400,421.002600,1.640270,536.286700,419.008500,527.052200,422.996800,536.286700,407.667500,527.052200,411.014500,-1.872602,0.289585,-1.506748,-2.039334,0.305963,-1.608588,-1.928807,-1.540973,234.737900,0.472724,-0.194934,1,0,11.506510,0.021910,0.000061,0.131239,1,4,9,9,4
182,12.601860,0.053565,player,9,3,8.504189,3.000001,872.690800,419.690900,871.397200,420.423200,1.486559,872.156500,419.787600,870.637800,421.058900,872.156500,408.596100,870.637800,406.235300,4.191715,0.285769,-1.526644,4.164293,0.378512,-1.559104,4.201362,-1.524173,54.732410,0.380206,0.041132,1,0,11.432950,0.021910,0.000329,0.129804,5,9,5,5,4
183,12.653610,0.052316,father,2,2,2.216978,2.000000,649.172900,573.725400,651.070000,573.003700,2.029805,657.390600,570.810100,644.749400,575.197100,657.390600,560.100800,644.749400,566.314300,0.313998,0.273455,-5.382913,0.085753,0.226820,-5.494934,0.165620,-5.457354,234.736100,0.728750,-0.251036,0,1,11.710060,0.002316,0.000061,0.128498,1,1,2,7,4
183,12.653610,0.052316,mother,9,9,8.920509,9.000001,636.639500,284.065300,637.752900,283.563500,1.221233,640.096100,283.247000,635.409700,283.880000,640.096100,271.407000,635.409700,274.778700,0.001734,0.302329,1.959840,-0.082881,0.232398,1.943677,-0.060676,1.938946,234.736700,0.849336,-0.078420,0,1,11.010880,0.002316,0.000273,0.123012,1,7,10,5,4
183,12.653610,0.052316,older_sister,4,7,4.420434,7.000000,530.948400,421.461500,528.187900,422.594400,2.983871,536.138400,419.087100,520.237500,426.101700,536.138400,407.653600,520.237500,414.696400,-1.875279,0.291948,-1.508757,-2.162378,0.291229,-1.687870,-1.968988,-1.569385,234.736100,0.538528,-0.337826,0,0,11.558820,0.002316,0.000061,0.131239,1,4,9,9,4
183,12.653610,0.052316,player,9,3,8.556832,3.000001,874.916300,418.578200,875.653400,418.274400,0.797217,872.602400,419.532200,878.704300,417.016600,872.602400,408.230200,878.704300,404.448800,4.199765,0.288591,-1.520121,4.309940,0.320911,-1.455886,4.241544,-1.495761,54.737170,0.446010,-0.127044,1,0,11.485270,0.002316,0.000273,0.129804,5,9,5,5,4
184,12.704140,0.051180,father,2,2,2.165480,2.000000,646.995700,574.814100,648.961700,574.045000,2.111088,653.529200,572.745800,644.394200,575.344200,653.529200,560.990800,644.394200,566.379800,0.244277,0.300154,-5.432338,0.079340,0.228902,-5.498688,0.126311,-5.485151,234.734200,0.793124,-0.172976,0,1,11.761240,0.001179,0.000061,0.128498,1,1,2,7,4
184,12.704140,0.051180,mother,9,9,8.869011,9.000001,634.462300,285.153900,634.003700,285.408100,0.524331,633.192700,286.651200,634.814700,284.164900,633.192700,276.217100,634.814700,274.955900,-0.122908,0.266428,1.872916,-0.093624,0.235149,1.936402,-0.099985,1.911148,234.733500,0.913709,0.060566,0,1,11.062060,0.001179,0.000193,0.123012,1,7,10,5,4
184,12.704140,0.051180,older_sister,4,7,4.368936,7.000000,528.771200,422.550100,527.449900,423.143900,1.448622,536.358100,419.014300,518.541700,427.273400,536.358100,407.218200,518.541700,416.333400,-1.871312,0.301207,-1.506898,-2.192997,0.279346,-1.717788,-2.008298,-1.597182,234.734300,0.602901,-0.384412,0,0,11.610000,0.001179,0.000000,0.131239,1,4,9,9,4
184,12.704140,0.051180,player,9,3,8.608331,3.000001,877.093400,417.489800,879.479000,416.488300,2.587278,872.823400,419.404500,886.134600,413.572000,872.823400,408.028700,886.134600,401.977600,4.203755,0.290473,-1.516861,4.444097,0.296057,-1.367931,4.280854,-1.467971,54.741510,0.510383,-0.282224,1,0,11.536450,0.001179,0.000086,0.129804,5,9,5,5,4
185,12.754850,0.050717,father,2,2,2.114447,2.000000,644.838300,575.892700,645.782100,575.466600,1.035592,647.784100,575.316800,643.780200,575.616300,647.784100,563.603400,643.780200,566.498100,0.140545,0.299095,-5.497988,0.068252,0.232829,-5.505637,0.087357,-5.512694,234.737500,0.856915,-0.063444,0,0,11.811960,0.000717,0.000061,0.128498,1,1,2,7,4
185,12.754850,0.050717,mother,9,9,8.817978,9.000001,632.304900,286.232700,629.894800,287.553900,2.748447,625.638500,290.624100,634.151100,284.483600,625.638500,281.061100,634.151100,275.170700,-0.259304,0.244185,1.771470,-0.105605,0.237801,1.928265,-0.138938,1.883603,234.734500,0.977499,0.216021,0,0,11.112780,0.000717,0.000110,0.123012,1,7,10,5,4
185,12.754850,0.050717,older_sister,4,7,4.317904,7.000000,526.613800,423.628800,527.396100,423.446500,0.803177,536.311800,419.307800,518.480200,427.585200,536.311800,406.800300,518.480200,416.765700,-1.872147,0.319373,-1.514391,-2.194107,0.276271,-1.725750,-2.047251,-1.624724,234.737500,0.666691,-0.384907,0,0,11.660720,0.000717,0.000086,0.131239,1,4,9,9,4
185,12.754850,0.050717,player,9,3,8.659364,3.000001,879.250800,416.411200,881.709000,415.410400,2.654131,872.780200,419.424800,890.637800,411.396000,872.780200,407.824200,890.637800,400.248400,4.202976,0.296215,-1.517379,4.525403,0.284645,-1.312367,4.319806,-1.440429,54.737170,0.574173,-0.381625,0,0,11.587160,0.000717,0.000031,0.129804,5,9,5,5,4
186,12.804740,0.050010,father,2,2,2.064136,2.000000,642.711300,576.955900,642.076100,577.301400,0.723057,640.935700,578.711200,643.216600,575.891500,640.935700,568.421400,643.216600,566.673900,0.016894,0.262746,-5.584664,0.058077,0.235367,-5.512663,0.048955,-5.539843,234.741200,0.919804,0.075193,0,0,11.861960,0.000000,0.000273,0.130644,1,1,2,7,4
186,12.804740,0.050010,mother,9,9,8.767667,9.000000,630.178000,287.296300,627.981200,288.439900,2.476711,622.625200,292.019900,633.337200,284.860000,622.625200,282.755700,633.337200,275.373000,-0.313712,0.236554,1.735831,-0.120301,0.242246,1.918653,-0.177341,1.856446,234.733900,0.040389,0.263472,0,0,11.162780,0.000000,0.000031,0.131601,1,7,10,5,4
186,12.804740,0.050010,older_sister,4,7,4.267592,6.999999,524.486800,424.692000,526.956300,423.846300,2.610289,534.727700,420.408200,519.184900,427.284300,534.727700,406.963600,519.184900,416.440900,-1.900750,0.343302,-1.542490,-2.181384,0.276879,-1.718067,-2.085654,-1.651874,234.741000,0.729581,-0.330508,0,0,11.710720,0.000000,0.000301,0.125305,1,4,9,9,4
186,12.804740,0.050010,player,9,3,8.709675,3.000001,881.377800,415.347500,881.627900,415.139700,0.325129,872.598800,419.362200,890.657000,410.917200,872.598800,407.227200,890.657000,400.041800,4.199700,0.309861,-1.515781,4.525751,0.277698,-1.300143,4.358210,-1.413268,54.730240,0.637063,-0.390717,0,0,11.637160,0.000000,0.000193,0.126910,5,9,5,5,4
187,12.901090,0.097100,father,2,2,2.038376,2.000000,641.622400,577.500600,639.953100,578.417500,1.904564,637.050700,580.768100,642.855300,576.066900,637.050700,571.041100,642.855300,566.802700,-0.053250,0.248374,-5.637185,0.051554,0.236557,-5.517142,0.029293,-5.553751,234.725600,0.952004,0.154886,0,1,11.887560,0.015600,0.000086,0.130644,1,1,2,7,4
187,12.901090,0.097100,mother,9,9,8.741908,9.000001,629.089000,287.840600,627.428700,288.609400,1.829612,621.961700,292.195300,632.895700,285.023400,621.961700,283.205400,632.895700,275.389500,-0.325692,0.229553,1.731350,-0.128272,0.245995,1.914482,-0.197004,1.842545,234.739800,0.072589,0.266922,0,0,11.188380,0.015600,0.000164,0.131601,1,7,10,5,4
187,12.901090,0.097100,older_sister,4,7,4.241832,6.999999,523.397900,425.236800,526.059400,424.391400,2.792607,532.746700,421.572500,519.372200,427.210300,532.746700,407.413100,519.372200,416.327700,-1.936517,0.361553,-1.572220,-2.178002,0.277881,-1.716176,-2.105316,-1.665786,234.718500,0.761781,-0.280278,0,1,11.736320,0.015600,0.000031,0.125305,1,4,9,9,4
187,12.901090,0.097100,player,9,3,8.735435,3.000001,882.466800,414.803200,881.597400,415.017900,0.895568,872.701400,419.142400,890.493200,410.893400,872.701400,406.601300,890.493200,400.076400,4.201553,0.320230,-1.510167,4.522795,0.276205,-1.299534,4.377873,-1.399367,54.741170,0.669263,-0.383903,0,1,11.662760,0.015600,0.000086,0.126910,5,9,5,5,4
188,12.950470,0.049725,father,2,2,1.979285,2.000000,639.124300,578.749700,636.696700,580.055500,2.756516,631.396200,583.635700,641.997100,576.475300,631.396200,574.213700,641.997100,567.033900,-0.155346,0.240583,-5.710406,0.036059,0.241081,-5.527571,-0.015812,-5.585646,234.735200,0.025867,0.261842,0,1,11.946280,0.016826,0.000061,0.130644,1,1,2,7,4
188,12.950470,0.049725,mother,9,9,8.682817,9.000001,626.590900,289.089700,626.480300,288.960900,0.169755,621.115700,292.507800,631.845200,285.414100,621.115700,283.724400,631.845200,275.193000,-0.340967,0.224279,1.723373,-0.147240,0.260990,1.904505,-0.242108,1.810650,234.734100,0.146453,0.262755,0,0,11.247100,0.016826,0.000110,0.131601,1,7,10,5,4
188,12.950470,0.049725,older_sister,4,7,4.182741,6.999999,520.899800,426.485800,522.596400,425.864000,1.806938,525.785600,424.561900,519.407100,427.166100,525.785600,409.416000,519.407100,416.078100,-2.062204,0.386740,-1.648551,-2.177372,0.283126,-1.715048,-2.150421,-1.697676,234.738300,0.835645,-0.132426,0,1,11.795040,0.016826,0.000086,0.125305,1,4,9,9,4
188,12.950470,0.049725,player,9,3,8.794527,3.000000,884.964900,413.554200,882.356900,414.432300,2.751893,875.000300,417.634200,889.713500,411.230500,875.000300,403.877300,889.713500,400.377500,4.243060,0.351272,-1.471655,4.508716,0.277125,-1.308141,4.422977,-1.367477,54.738410,0.743127,-0.311313,0,1,11.721490,0.016826,0.000000,0.126910,5,9,5,5,4
189,13.001460,0.051011,father,2,2,1.927956,2.000000,636.954300,579.834500,635.609900,580.397500,1.457541,630.107700,583.984500,641.112100,576.810400,630.107700,575.087000,641.112100,567.065500,-0.178612,0.227192,-5.719313,0.020080,0.248831,-5.536126,-0.054992,-5.613345,234.740700,0.090029,0.267991,0,0,11.997290,0.001011,0.000273,0.130644,1,1,2,7,4
189,13.001460,0.051011,mother,9,9,8.631487,9.000001,624.421000,290.174800,625.673700,289.294800,1.530857,621.013900,292.603200,630.333400,285.986500,621.013900,283.782900,630.333400,275.027600,-0.342805,0.225222,1.720935,-0.174535,0.279826,1.889892,-0.281287,1.782945,234.734900,0.210613,0.234939,1,0,11.298120,0.001011,0.000031,0.131601,1,7,10,5,4
189,13.001460,0.051011,older_sister,4,7,4.131413,7.000000,518.729900,427.570500,518.604600,427.752300,0.220820,517.900000,428.313000,519.309100,427.191600,517.900000,414.612300,519.309100,415.895300,-2.204583,0.349840,-1.744334,-2.179141,0.288445,-1.715700,-2.189600,-1.725375,234.740400,0.899805,0.037305,0,1,11.846060,0.001011,0.000273,0.125305,1,4,9,9,4
189,13.001460,0.051011,player,9,3,8.845856,3.000000,887.134900,412.469100,884.890900,413.199600,2.359916,880.220200,415.098600,889.561500,411.300700,880.220200,400.116800,889.561500,400.318200,4.337308,0.382550,-1.406911,4.505972,0.280432,-1.309934,4.462157,-1.339770,54.733590,0.807288,-0.193702,0,1,11.772500,0.001011,0.000061,0.126910,5,9,5,5,4
190,13.046290,0.048908,father,2,2,1.878743,2.000000,634.873800,580.874900,634.879300,580.683500,0.191424,629.551300,584.221600,640.207400,577.145500,629.551300,575.440100,640.207400,566.869800,-0.188658,0.224231,-5.725366,0.003745,0.262383,-5.544683,-0.092556,-5.639910,234.731700,0.151545,0.261416,0,0,12.046200,0.048908,0.000086,0.130644,1,1,2,7,4
190,13.046290,0.048908,mother,9,9,8.582274,9.000000,622.340600,291.214700,624.130800,290.089500,2.114491,620.643200,292.821400,627.618500,287.357500,620.643200,283.959000,627.618500,275.212100,-0.349498,0.226298,1.715363,-0.223556,0.310126,1.854882,-0.318851,1.756391,234.743200,0.272130,0.183377,1,0,11.347020,0.048908,0.000273,0.131601,1,7,10,5,4
190,13.046290,0.048908,older_sister,4,7,4.082200,7.000000,516.649400,428.610900,514.169400,430.059100,2.871867,509.125500,432.889500,519.213200,427.228700,509.125500,420.806800,519.213200,415.756800,-2.363012,0.308525,-1.861193,-2.180872,0.292927,-1.716646,-2.227164,-1.751941,234.732300,0.961322,0.232171,0,1,11.894960,0.048908,0.000164,0.125305,1,4,9,9,4
190,13.046290,0.048908,player,9,3,8.895068,3.000000,889.215300,411.428800,888.413100,411.672600,0.838492,887.141600,412.067300,889.684600,411.278000,887.141600,397.501100,889.684600,400.073800,4.462278,0.371939,-1.329510,4.508194,0.286093,-1.309355,4.499721,-1.313205,54.731730,0.868804,-0.049126,0,1,11.821410,0.048908,0.000193,0.126910,5,9,5,5,4
191,13.097320,0.044905,father,2,2,1.833559,2.000000,632.963700,581.829800,634.167400,580.976200,1.475610,629.469700,584.300200,638.865100,577.652200,629.469700,575.483300,638.865100,566.730500,-0.190132,0.225133,-5.727373,-0.020491,0.278880,-5.557622,-0.127045,-5.664293,234.740600,0.208025,0.236514,1,0,12.091110,0.044905,0.000273,0.130644,1,1,2,7,4
191,13.097320,0.044905,mother,9,9,8.537090,9.000001,620.430400,292.170100,622.097800,291.242100,1.908337,620.058100,293.166900,624.137500,289.317200,620.058100,284.258000,624.137500,276.592000,-0.360061,0.227483,1.706542,-0.286407,0.324932,1.804841,-0.353340,1.731995,234.726300,0.328610,0.116898,1,0,11.391930,0.044905,0.000031,0.131601,1,7,10,5,4
191,13.097320,0.044905,older_sister,4,7,4.037016,7.000000,514.739200,429.565900,511.519800,431.404600,3.707499,504.001300,435.513900,519.038200,427.295300,504.001300,423.855600,519.038200,415.607600,-2.455532,0.297687,-1.928204,-2.184031,0.298437,-1.718346,-2.261653,-1.776324,234.740100,0.017802,0.342840,0,1,11.939870,0.044905,0.000273,0.125305,1,4,9,9,4
191,13.097320,0.044905,player,9,3,8.940252,3.000000,891.125500,410.473700,892.143300,409.842800,1.197475,894.606800,408.400500,889.679900,411.285100,894.606800,395.481000,889.679900,399.919900,4.597067,0.329892,-1.235881,4.508109,0.290204,-1.309536,4.534210,-1.288817,54.735250,0.925284,0.115159,0,1,11.866310,0.044905,0.000193,0.126910,5,9,5,5,4
192,13.146320,0.052939,father,2,2,1.780290,2.000000,630.711700,582.956100,632.504500,581.833300,2.115280,629.075600,584.534600,635.933300,579.132000,629.075600,575.671900,635.933300,566.944300,-0.197246,0.226305,-5.733360,-0.073425,0.311208,-5.595408,-0.167705,-5.693053,234.728000,0.274611,0.180751,1,0,12.144040,0.002939,0.000000,0.124189,1,1,2,7,4
192,13.146320,0.052939,mother,8,9,8.483822,9.000001,618.178300,293.295900,618.915300,292.949200,0.814492,619.174000,293.655000,618.656700,292.243400,619.174000,284.691400,618.656700,280.570400,-0.376026,0.228879,1.694080,-0.385365,0.298062,1.730124,-0.394002,1.703248,234.740300,0.395196,0.013182,1,0,11.444870,0.002939,0.000220,0.128855,1,7,10,5,4
192,13.146320,0.052939,older_sister,4,7,4.000000,7.000000,513.174300,430.348500,510.922000,431.501600,2.530363,503.186600,435.632700,518.657200,427.370600,503.186600,424.483500,518.657200,415.474000,-2.470242,0.284688,-1.931237,-2.190911,0.303774,-1.720270,-2.289908,-1.796309,234.727200,0.064073,0.349877,0,0,11.976660,0.036787,0.000061,0.138117,1,4,9,9,4
192,13.146320,0.052939,player,9,3,9.000000,3.000000,893.651400,409.211000,897.234400,407.146000,4.135509,904.711900,403.044600,889.756800,411.247300,904.711900,391.169600,889.756800,399.630900,4.779520,0.303221,-1.099120,4.509497,0.296618,-1.308571,4.579816,-1.256575,54.740750,0.999969,0.341398,0,1,11.925690,0.009378,0.000061,0.143160,5,9,5,5,4
193,13.244300,0.090983,father,2,2,1.699792,2.000000,627.308600,584.657500,628.428200,584.097500,1.251892,627.906100,585.205500,628.950300,582.989500,627.906100,576.248900,628.950300,570.785500,-0.218361,0.228702,-5.750491,-0.199508,0.311622,-5.693906,-0.229150,-5.736498,234.737100,0.375234,0.048062,1,0,12.224040,0.030000,0.000061,0.124189,1,1,2,7,4
193,13.244300,0.090983,mother,8,9,8.403323,9.000001,614.775300,294.997400,613.159900,295.773700,1.792268,617.886000,294.337000,608.433900,297.210400,617.886000,285.369600,608.433900,287.695300,-0.399281,0.228979,1.676664,-0.569943,0.242962,1.603295,-0.455446,1.659802,234.736800,0.495818,-0.181706,1,0,11.524870,0.030000,0.000246,0.128855,1,7,10,5,4
193,13.244300,0.090983,older_sister,4,7,4.000000,7.070436,510.196600,428.859500,510.497000,428.683600,0.348130,501.077400,428.885700,519.916500,428.481400,501.077400,417.973700,519.916500,415.816400,-2.508325,0.278632,-1.758957,-2.168174,0.323393,-1.748634,-2.343672,-1.758288,270.382600,0.152118,0.340075,1,0,12.046660,0.030000,0.000205,0.138117,3,4,9,9,4
193,13.244300,0.090983,player,9,3,9.000001,3.025760,892.562400,408.666200,892.320800,406.033400,2.643842,891.846200,399.286500,892.795500,412.780300,891.846200,387.802000,892.795500,401.035500,4.547222,0.293248,-1.003158,4.564363,0.299896,-1.347715,4.560154,-1.242663,359.413600,0.032168,0.344714,0,0,11.951290,0.015600,0.000273,0.143160,3,9,5,5,4
194,13.300160,0.056167,father,2,2,1.632223,2.000000,624.452100,586.085800,623.570200,586.548800,0.996136,626.754700,585.820100,620.385800,587.277600,626.754700,576.849100,620.385800,577.397700,-0.239152,0.229067,-5.766183,-0.354145,0.252279,-5.803402,-0.280725,-5.772966,234.736600,0.459695,-0.115380,1,0,12.291190,0.017151,0.000061,0.124189,1,1,2,7,4
194,13.300160,0.056167,mother,8,9,8.335753,9.000000,611.918800,296.425600,610.173300,297.248500,1.929738,617.195700,294.684100,603.151000,299.813000,617.195700,285.553400,603.151000,290.691900,-0.411744,0.233145,1.667803,-0.665330,0.232901,1.536838,-0.507021,1.623334,234.736100,0.580280,-0.282665,0,0,11.592020,0.017151,0.000273,0.128855,1,7,10,5,4
194,13.300160,0.056167,older_sister,4,7,4.000000,7.138005,507.340100,427.431300,510.282900,427.978600,2.993241,503.012900,426.262100,517.552900,429.695100,503.012900,415.260400,517.552900,415.763300,-2.473378,0.280923,-1.691965,-2.210852,0.355740,-1.779625,-2.395248,-1.721820,292.427200,0.236580,0.276114,1,0,12.113810,0.017151,0.000164,0.138117,3,4,9,9,4
194,13.300160,0.056167,player,9,3,9.000000,3.085178,890.050400,407.410500,889.377700,406.517800,1.117788,883.615800,400.952700,895.139600,412.082900,883.615800,390.031000,895.139600,399.878800,4.398620,0.278881,-1.045705,4.606688,0.311624,-1.329906,4.514799,-1.210600,325.258200,0.106442,0.352109,0,0,12.010340,0.017151,0.000031,0.143160,3,9,5,5,4
195,13.354190,0.054500,father,2,2,1.577383,2.000000,622.133800,587.244900,620.059100,588.202100,2.284878,626.006000,586.206400,614.112100,590.197900,626.006000,577.227300,614.112100,580.816900,-0.252669,0.229276,-5.776047,-0.467421,0.239537,-5.877968,-0.322584,-5.802565,234.735700,0.528244,-0.234189,1,0,12.345690,0.004500,0.000136,0.124189,1,1,2,7,4
195,13.354190,0.054500,mother,8,9,8.280914,9.000000,609.600500,297.584900,609.696500,297.665000,0.125067,616.793300,294.983200,602.599600,300.346800,616.793300,285.312000,602.599600,291.480600,-0.419009,0.246947,1.660165,-0.675284,0.226394,1.523208,-0.548880,1.593732,234.732900,0.648829,-0.288319,0,0,11.646520,0.004500,0.000164,0.128855,1,7,10,5,4
195,13.354190,0.054500,older_sister,4,7,4.000000,7.192845,505.021700,426.272000,507.601700,427.255400,2.760983,503.286700,425.500700,511.916600,429.010100,503.286700,414.455600,511.916600,413.680700,-2.468434,0.282029,-1.672522,-2.312616,0.391427,-1.762133,-2.437107,-1.692218,305.267600,0.305129,0.178961,1,0,12.168310,0.004500,0.000273,0.138117,3,4,9,9,4
195,13.354190,0.054500,player,9,3,9.000000,3.140018,887.732100,406.251200,888.835400,406.531500,1.138367,881.176900,403.069300,896.493800,409.993700,881.176900,392.141300,896.493800,397.063300,4.354584,0.279039,-1.099750,4.631137,0.330169,-1.276560,4.472940,-1.180999,305.267200,0.174991,0.327886,1,0,12.064840,0.004500,0.000110,0.143160,3,9,5,5,4
196,13.408450,0.054697,father,2,2,1.522345,2.000000,619.807000,588.408400,618.605800,589.027000,1.351127,625.587100,586.422700,611.624500,591.631500,625.587100,577.203800,611.624500,582.657600,-0.260233,0.235399,-5.781570,-0.512336,0.229143,-5.914573,-0.364596,-5.832274,234.733400,0.597041,-0.282629,0,0,12.400390,0.004697,0.000000,0.124189,1,1,2,7,4
196,13.408450,0.054697,mother,8,9,8.225876,9.000000,607.273700,298.748200,609.019200,298.095500,1.863608,615.539900,295.787600,602.498700,300.403400,615.539900,285.293600,602.498700,291.531600,-0.441642,0.267959,1.639625,-0.677108,0.226538,1.521762,-0.590891,1.564027,234.736800,0.717627,-0.260306,0,1,11.701210,0.004697,0.000220,0.128855,1,7,10,5,4
196,13.408450,0.054697,older_sister,4,7,4.000000,7.247883,502.695000,425.109000,504.254500,425.791500,1.702337,502.841000,425.347600,505.667900,426.235500,502.841000,414.166700,505.667900,411.234400,-2.476481,0.285498,-1.668613,-2.425440,0.383045,-1.691286,-2.479119,-1.662521,305.256000,0.373926,0.054766,1,0,12.223000,0.004697,0.000043,0.138117,3,4,9,9,4
196,13.408450,0.054697,player,9,3,9.000001,3.195056,885.405300,405.087700,888.162100,406.107100,2.939197,881.804100,403.390600,894.520200,408.823500,881.804100,392.385500,894.520200,394.723400,4.365906,0.281007,-1.107954,4.595503,0.360038,-1.246681,4.430930,-1.151290,305.267000,0.243788,0.267559,1,0,12.119540,0.004697,0.000246,0.143160,3,9,5,5,4
197,13.461350,0.053372,father,1,2,1.468644,2.000000,617.536800,589.543300,618.047400,589.445300,0.519884,625.108100,586.796400,610.986700,592.094100,625.108100,576.947500,610.986700,583.250100,-0.268882,0.251486,-5.791114,-0.523852,0.225829,-5.926388,-0.405585,-5.861254,234.739300,0.664167,-0.286285,0,1,12.453760,0.003368,0.000136,0.124189,1,1,2,7,4
197,13.461350,0.053372,mother,8,9,8.172172,9.000000,605.003300,299.883600,607.028700,299.103500,2.170483,611.873500,297.679800,602.184000,300.527300,611.873500,286.038000,602.184000,291.577600,-0.507839,0.297267,1.591308,-0.682788,0.228525,1.518600,-0.631885,1.535035,234.730800,0.784758,-0.184820,0,1,11.754590,0.003372,0.000031,0.128855,1,7,10,5,4
197,13.461350,0.053372,older_sister,4,7,4.000000,7.301588,500.424700,423.973600,499.943100,423.671600,0.568404,502.333700,425.128700,497.552500,422.214400,502.333700,413.834800,497.552500,409.486800,-2.485641,0.288383,-1.663024,-2.571969,0.324994,-1.588611,-2.520110,-1.633528,305.270700,0.441057,-0.113451,1,0,12.276380,0.003372,0.000164,0.138117,3,4,9,9,4
197,13.461350,0.053372,player,9,3,9.000001,3.248761,883.135000,403.952500,885.665400,404.931900,2.713346,881.569900,403.272100,889.761000,406.591800,881.569900,392.217300,889.761000,391.195100,4.361680,0.282278,-1.104928,4.509573,0.393146,-1.189696,4.389937,-1.122302,305.266200,0.310919,0.169694,1,0,12.172910,0.003372,0.000273,0.143160,3,9,5,5,4
198,13.515110,0.054237,father,1,2,1.414250,2.000000,615.237300,590.693100,617.172400,589.954900,2.071070,623.425800,587.799200,610.919000,592.110700,623.425800,577.021700,610.919000,583.224500,-0.299257,0.275199,-5.816719,-0.525073,0.226901,-5.926810,-0.447105,-5.890612,234.736300,0.732161,-0.247940,0,1,12.507820,0.004156,0.000136,0.122717,1,1,2,7,4
198,13.515110,0.054237,mother,8,9,8.117597,9.000000,602.696200,301.037100,603.728000,300.571700,1.131982,605.908300,300.334800,601.547700,300.808400,605.908300,288.555100,601.547700,291.698800,-0.615544,0.300791,1.523513,-0.694277,0.232610,1.511420,-0.673541,1.505582,234.737400,0.852975,-0.071268,0,1,11.808820,0.004237,0.000110,0.128041,1,7,10,5,4
198,13.515110,0.054237,older_sister,4,7,4.000000,7.356163,498.117500,422.819800,496.004300,421.574900,2.452664,502.058800,425.010800,489.949700,418.138900,502.058800,413.636300,489.949700,406.536800,-2.490605,0.290442,-1.660014,-2.709241,0.296252,-1.484543,-2.561768,-1.604068,305.268400,0.509275,-0.279825,1,0,12.330610,0.004237,0.000341,0.139875,3,4,9,9,4
198,13.515110,0.054237,player,9,3,9.000001,3.303336,880.827800,402.799000,882.262000,403.428700,1.566353,881.107200,403.108400,883.416700,403.749100,881.107200,391.918700,883.416700,388.895200,4.353325,0.285722,-1.100749,4.395024,0.379285,-1.117107,4.348279,-1.092848,305.261700,0.379136,0.043492,1,0,12.227150,0.004237,0.000136,0.135412,3,9,5,5,4
199,13.609790,0.094932,father,1,2,1.338925,2.000000,612.052900,592.285500,613.617300,591.609100,1.704387,616.942900,590.838800,610.291600,592.379500,616.942900,578.803300,610.291600,583.336500,-0.416308,0.307318,-5.894334,-0.536401,0.230907,-5.933675,-0.504601,-5.931273,234.732600,0.826316,-0.120766,0,1,12.582680,0.026946,0.000000,0.122717,1,1,2,7,4
199,13.609790,0.094932,mother,8,9,8.037098,9.000000,599.293100,302.738700,597.574000,303.682700,1.961264,594.584800,306.079300,600.563100,301.286200,594.584800,296.370400,600.563100,292.019100,-0.819996,0.247911,1.376832,-0.712055,0.236628,1.499221,-0.734986,1.462132,234.734500,0.953598,0.158796,0,1,11.888820,0.030000,0.000061,0.128041,1,7,10,5,4
199,13.609790,0.094932,older_sister,4,7,4.000000,7.436661,494.714400,421.118500,493.639100,420.545800,1.218327,502.183000,425.127700,485.095200,415.963800,502.183000,413.271900,485.095200,405.029700,-2.488363,0.302730,-1.662998,-2.796893,0.279197,-1.429005,-2.623212,-1.560626,305.260400,0.609898,-0.387009,0,0,12.410610,0.030000,0.000110,0.139875,3,4,9,9,4
199,13.609790,0.094932,player,9,3,9.000001,3.383834,877.424700,401.097300,875.889200,400.217300,1.769730,880.461100,402.833800,871.317400,397.600800,880.461100,391.485200,871.317400,385.720300,4.341657,0.289780,-1.093737,4.176565,0.303363,-0.960117,4.286835,-1.049396,305.267000,0.479759,-0.211944,1,0,12.307150,0.030000,0.000356,0.135412,3,9,5,5,4
200,13.662260,0.053140,father,1,2,1.282526,2.000000,609.668600,593.477600,609.669300,593.498900,0.021310,609.744100,594.297400,609.594400,592.700400,609.744100,583.456700,609.594400,583.515300,-0.546288,0.276811,-5.982646,-0.548989,0.234536,-5.941868,-0.547650,-5.961714,234.734400,0.896815,0.021338,0,1,12.638730,0.014017,0.000000,0.122717,1,1,2,7,4
200,13.662260,0.053140,mother,8,9,7.968602,9.000000,596.397500,304.186300,594.181600,305.343400,2.499722,588.830100,308.922900,599.533300,301.763800,588.830100,299.646400,599.533300,292.280700,-0.923901,0.236871,1.304222,-0.730649,0.242146,1.487025,-0.787269,1.425167,234.739200,0.039217,0.263328,0,0,11.956890,0.018072,0.000246,0.128041,1,7,10,5,4
200,13.662260,0.053140,older_sister,4,8,4.000000,7.505157,491.818700,419.670600,493.101700,420.635500,1.605385,501.177600,425.044300,485.025900,416.226600,501.177600,412.170000,485.025900,405.408800,-2.506515,0.328738,-1.660870,-2.798144,0.276227,-1.435715,-2.675496,-1.523654,305.266400,0.695517,-0.368108,0,1,12.478680,0.018072,0.000205,0.139875,3,4,9,9,4
200,13.662260,0.053140,player,9,3,9.000001,3.452331,874.529100,399.649800,872.198600,398.234800,2.726362,880.376100,402.792500,864.021100,393.677100,880.376100,391.242000,864.021100,382.463300,4.340125,0.294934,-1.092683,4.044825,0.286339,-0.859927,4.234552,-1.012435,305.258000,0.565378,-0.375491,0,0,12.375220,0.018072,0.000061,0.135412,3,9,5,5,4
201,13.714280,0.052043,father,1,2,1.244988,2.000000,608.081700,594.270800,606.681300,595.036100,1.595955,604.229800,597.141100,609.132800,592.931100,604.229800,587.301200,609.132800,583.680100,-0.645851,0.251256,-6.055260,-0.557324,0.236219,-5.947759,-0.576303,-5.981966,234.747200,0.943737,0.134341,0,1,12.676030,0.001446,0.000273,0.122717,1,1,2,7,4
201,13.714280,0.052043,mother,8,9,7.916234,9.000000,594.183600,305.293500,593.119400,305.677200,1.131287,587.601300,309.258600,598.637500,302.095900,587.601300,300.418200,598.637500,292.250100,-0.946088,0.225735,1.295649,-0.746824,0.251407,1.478546,-0.827241,1.396897,234.730100,0.104676,0.268298,0,0,12.008940,0.002043,0.000031,0.128041,1,7,10,5,4
201,13.714280,0.052043,older_sister,4,8,4.000000,7.557524,489.604900,418.563700,491.620500,420.056400,2.508219,497.638500,423.591100,485.602700,416.521700,497.638500,409.447900,485.602700,405.640400,-2.570416,0.361137,-1.623762,-2.787730,0.277847,-1.443250,-2.715467,-1.495391,305.262500,0.760976,-0.281654,0,1,12.530730,0.002043,0.000136,0.139875,3,4,9,9,4
201,13.714280,0.052043,player,9,4,9.000001,3.504698,872.315100,398.542600,871.775400,398.330100,0.580046,880.416100,402.943100,863.134700,393.717200,880.416100,390.878300,863.134700,382.826000,4.340847,0.308070,-1.096529,4.028821,0.278098,-0.860949,4.194579,-0.984165,305.269300,0.630837,-0.390781,0,0,12.427260,0.002043,0.000246,0.135412,3,9,5,5,4
202,13.766600,0.053172,father,1,2,1.211095,2.000000,606.648800,594.987200,604.049300,596.414600,2.965642,599.387100,599.694400,608.711300,593.134900,599.387100,590.099300,608.711300,583.802900,-0.733287,0.245004,-6.120456,-0.564935,0.238287,-5.952962,-0.602174,-6.000261,234.733400,0.986102,0.234163,0,1,12.709710,0.001953,0.000220,0.122717,1,1,2,7,4
202,13.766600,0.053172,mother,8,9,7.862731,8.999999,591.921800,306.424300,592.371700,305.989300,0.625800,587.218800,309.476200,597.524600,302.502500,587.218800,300.693700,597.524600,292.004400,-0.952995,0.224254,1.290096,-0.766917,0.268064,1.468162,-0.868080,1.368023,234.739200,0.171555,0.254736,1,0,12.062110,0.003172,0.000164,0.128041,1,7,10,5,4
202,13.766600,0.053172,older_sister,4,8,4.000000,7.611028,487.343000,417.432600,488.861200,418.456300,1.831079,492.039000,420.371100,485.683500,416.541500,492.039000,405.208900,485.683500,405.483100,-2.671518,0.387160,-1.541543,-2.786270,0.282369,-1.443754,-2.756306,-1.466510,305.267900,0.827855,-0.150154,0,1,12.583900,0.003172,0.000246,0.139875,3,4,9,9,4
202,13.766600,0.053172,player,9,4,9.000001,3.558202,870.053200,397.411800,871.394500,398.410800,1.672434,879.423200,402.800000,863.365800,394.021600,879.423200,389.902600,863.365800,383.201600,4.322918,0.329328,-1.092874,4.032995,0.276283,-0.868723,4.153739,-0.955291,305.260700,0.697717,-0.366134,0,1,12.480430,0.003172,0.000086,0.135412,3,9,5,5,4
203,13.817010,0.050915,father,1,2,1.182807,2.000000,605.452900,595.585400,602.955400,596.937700,2.840076,597.667400,600.518600,608.243500,593.356800,597.667400,591.049200,608.243500,583.929000,-0.764339,0.241794,-6.141500,-0.573381,0.240733,-5.958628,-0.623766,-6.015535,234.724800,0.021463,0.261506,0,0,12.737830,0.000499,0.000000,0.122717,1,1,2,7,4
203,13.817010,0.050915,mother,8,9,7.811499,8.999999,589.755900,307.507100,591.472500,306.417500,2.033241,587.188200,309.537200,595.756800,303.297900,587.188200,300.680700,595.756800,291.825800,-0.953547,0.226147,1.288537,-0.798836,0.292933,1.447854,-0.907186,1.340374,234.739000,0.235595,0.218300,0,0,12.113020,0.000915,0.000273,0.128041,1,7,10,5,4
203,13.817010,0.050915,older_sister,4,8,4.000001,7.662260,485.177200,416.349800,485.134000,416.453500,0.112279,484.665700,416.433600,485.602400,416.473400,484.665700,402.490300,485.602400,405.199300,-2.804647,0.356033,-1.440999,-2.787734,0.287878,-1.442017,-2.795413,-1.438861,305.261500,0.891894,0.014397,0,0,12.634810,0.000915,0.000164,0.139875,3,4,9,9,4
203,13.817010,0.050915,player,9,4,9.000001,3.609434,867.887500,396.329000,869.901400,397.822000,2.506991,875.888700,401.342000,863.914200,394.301900,875.888700,387.183000,863.914200,383.419400,4.259101,0.361541,-1.055646,4.042894,0.277880,-0.875881,4.114634,-0.927643,305.261400,0.761757,-0.280319,0,0,12.531350,0.000915,0.000000,0.135412,3,9,5,5,4
204,13.867240,0.050481,father,1,2,1.158007,2.000000,604.404500,596.109500,602.403900,597.114300,2.238774,597.001600,600.695200,607.806200,593.533500,597.001600,591.547700,607.806200,583.999500,-0.776359,0.233576,-6.146011,-0.581278,0.243447,-5.963141,-0.642695,-6.028918,234.740900,0.052462,0.264859,0,0,12.762470,0.000232,0.000136,0.131342,1,1,2,7,4
204,13.867240,0.050481,mother,8,9,7.760704,8.999999,587.608500,308.580900,589.397900,307.518300,2.081143,586.561100,309.885300,592.234700,305.151400,586.561100,301.010100,592.234700,292.614100,-0.964870,0.226624,1.279647,-0.862427,0.320133,1.400527,-0.945958,1.312955,234.732000,0.299089,0.153436,0,0,12.163510,0.000481,0.000110,0.126742,1,7,10,5,4
204,13.867240,0.050481,older_sister,4,8,4.000001,7.713056,483.029800,415.276000,480.521200,414.219000,2.722147,475.515600,412.007800,485.526800,416.430200,475.515600,399.816300,485.526800,404.978400,-2.969857,0.311303,-1.327990,-2.789100,0.292417,-1.440914,-2.834184,-1.411440,305.268700,0.955389,0.212783,0,0,12.685300,0.000481,0.000314,0.140154,3,4,9,9,4
204,13.867240,0.050481,player,9,4,9.000001,3.660229,865.740100,395.255200,867.289700,396.311100,1.875155,870.586600,398.300300,863.992800,394.321800,870.586600,383.147200,863.992800,383.273800,4.163368,0.386926,-0.977977,4.044314,0.282105,-0.876389,4.075862,-0.900222,305.269200,0.825251,-0.155860,0,0,12.581830,0.000481,0.000136,0.130139,3,9,5,5,4
205,13.959670,0.092388,father,1,2,1.124371,2.000000,602.982600,596.820500,601.722900,597.329700,1.358711,596.215400,600.916000,607.230300,593.743200,596.215400,592.037700,607.230300,583.967600,-0.790555,0.226702,-6.151649,-0.591675,0.249616,-5.968496,-0.668370,-6.047072,234.736200,0.094507,0.268128,0,0,12.795900,0.011734,0.000086,0.131342,1,1,2,7,4
205,13.959670,0.092388,mother,8,9,7.680205,8.999999,584.205400,310.282700,584.844700,309.987700,0.704100,585.291500,310.598300,584.397900,309.377100,585.291500,301.634500,584.397900,297.837100,-0.987793,0.228887,1.261441,-1.003926,0.294667,1.292624,-1.007403,1.269501,234.732100,0.399712,0.004833,1,0,12.243510,0.030000,0.000031,0.126742,1,7,10,5,4
205,13.959670,0.092388,older_sister,4,8,4.000001,7.793554,479.626700,413.574500,477.114400,412.383100,2.780471,469.047600,408.624700,485.181200,416.141600,469.047600,397.402300,485.181200,404.289700,-3.086640,0.286558,-1.241604,-2.795340,0.302631,-1.433544,-2.895629,-1.367995,305.262800,0.056011,0.348662,0,0,12.765300,0.030000,0.000232,0.140154,3,4,9,9,4
205,13.959670,0.092388,player,9,4,9.000001,3.740728,862.337000,393.553400,861.133400,393.074200,1.295528,858.346700,391.891900,863.920000,394.256400,858.346700,378.989200,863.920000,382.889600,3.942372,0.329463,-0.814343,4.043000,0.290245,-0.874719,4.014417,-0.856768,305.267900,0.925874,0.117020,0,1,12.661830,0.030000,0.000356,0.130139,3,9,5,5,4
206,14.009180,0.050292,father,1,2,1.101646,2.000000,602.021900,597.300900,601.341500,597.458000,0.698262,595.842200,601.025600,606.840700,593.890400,595.842200,592.228400,606.840700,583.900300,-0.797293,0.224631,-6.154448,-0.598710,0.255094,-5.972256,-0.685716,-6.059340,234.730700,0.122913,0.267334,0,0,12.818490,0.004293,0.000061,0.131342,1,1,2,7,4
206,14.009180,0.050292,mother,8,9,7.617135,8.999999,581.539100,311.615900,580.266200,312.252100,1.423050,584.264400,311.145100,576.267900,313.359200,584.264400,302.172500,576.267900,303.719800,-1.006337,0.229109,1.247481,-1.150719,0.246136,1.190944,-1.055544,1.235459,234.735300,0.478550,-0.150528,1,0,12.306190,0.012680,0.000086,0.126742,1,7,10,5,4
206,14.009180,0.050292,older_sister,4,8,4.000001,7.856625,476.960400,412.241500,476.795300,411.964300,0.322619,468.787300,408.211900,484.803400,415.716700,468.787300,397.309200,484.803400,403.244900,-3.091340,0.278395,-1.231064,-2.802160,0.318461,-1.422694,-2.943771,-1.333956,305.262300,0.134850,0.346753,0,0,12.827980,0.012680,0.000110,0.140154,3,4,9,9,4
206,14.009180,0.050292,player,9,4,9.000001,3.803799,859.670700,392.220200,855.834500,390.564400,4.178306,847.865500,386.940000,863.803600,394.188700,847.865500,375.121000,863.803600,382.553200,3.753126,0.301793,-0.687899,4.040898,0.297106,-0.872990,3.966275,-0.822726,305.264700,0.004711,0.341827,0,1,12.724510,0.012680,0.000382,0.130139,3,9,5,5,4
207,14.054060,0.048425,father,1,2,1.085718,2.000000,601.348500,597.637500,601.154100,597.553100,0.211933,595.764200,601.105000,606.543900,594.001200,595.764200,592.320000,606.543900,583.818200,-0.798701,0.224319,-6.156475,-0.604067,0.260019,-5.975085,-0.697874,-6.067935,234.742200,0.142822,0.263639,0,0,12.834310,0.015829,0.000136,0.131342,1,1,2,7,4
207,14.054060,0.048425,mother,8,9,7.568408,8.999999,579.479100,312.645600,577.319100,313.634800,2.375765,583.631000,311.468800,571.007000,315.800900,583.631000,302.473700,571.007000,306.453400,-1.017772,0.229685,1.239215,-1.245706,0.238682,1.128597,-1.092738,1.209165,234.740400,0.539458,-0.249976,0,0,12.354610,0.048425,0.000136,0.126742,1,7,10,5,4
207,14.054060,0.048425,older_sister,4,8,4.000001,7.905351,474.900500,411.211300,476.621600,411.744500,1.801898,469.253300,408.486000,483.990000,415.003000,469.253300,397.533500,483.990000,401.836200,-3.082927,0.279665,-1.238063,-2.816847,0.336207,-1.404471,-2.980964,-1.307651,305.270500,0.195757,0.313327,1,0,12.876400,0.048425,0.000341,0.140154,3,4,9,9,4
207,14.054060,0.048425,player,9,4,9.000001,3.852525,857.610700,391.190500,855.365800,390.087600,2.501144,847.276400,386.303500,863.455300,393.871700,847.276400,375.167400,863.455300,381.966000,3.742490,0.284354,-0.671646,4.034609,0.304007,-0.864896,3.929082,-0.796431,305.259600,0.065620,0.350088,0,0,12.772930,0.048425,0.000220,0.130139,3,9,5,5,4
208,14.100650,0.046389,father,1,2,1.071526,2.000000,600.748500,597.937500,600.956100,597.635700,0.366277,595.699600,601.153600,606.212600,594.117700,595.699600,592.373600,606.212600,583.742400,-0.799868,0.224193,-6.157717,-0.610051,0.264928,-5.978059,-0.708707,-6.075594,234.739300,0.160564,0.258708,1,0,12.848420,0.014105,0.000136,0.131342,1,1,2,7,4
208,14.100650,0.046389,mother,8,9,7.521730,8.999999,577.505900,313.632200,576.324400,314.243300,1.330123,583.307900,311.636400,569.340900,316.850200,583.307900,302.412600,569.340900,307.879400,-1.023607,0.235523,1.234935,-1.275790,0.229064,1.101805,-1.128366,1.183972,234.735700,0.597805,-0.282769,0,0,12.401000,0.046389,0.000136,0.126742,1,7,10,5,4
208,14.100650,0.046389,older_sister,4,8,4.000001,7.952028,472.927200,410.224700,475.688600,411.220100,2.935367,469.628800,408.668200,481.748500,413.772000,469.628800,397.659400,481.748500,399.424400,-3.076146,0.281103,-1.242714,-2.857319,0.366358,-1.373038,-3.016593,-1.282458,305.264200,0.254105,0.253914,1,0,12.922790,0.046389,0.000301,0.140154,3,4,9,9,4
208,14.100650,0.046389,player,9,4,9.000001,3.899203,855.637300,390.203900,855.119100,389.753400,0.686617,847.062300,385.944500,863.175900,393.562300,847.062300,375.047100,863.175900,381.201800,3.738626,0.278258,-0.662477,4.029565,0.315619,-0.856996,3.893452,-0.771240,305.261600,0.123966,0.349857,0,0,12.819320,0.046389,0.000136,0.130139,3,9,5,5,4
209,14.146650,0.046767,father,1,2,1.058090,2.000000,600.180500,598.221300,600.757600,597.715800,0.767126,595.665200,601.182900,605.850000,594.248800,595.665200,592.397800,605.850000,583.687200,-0.800490,0.224320,-6.158463,-0.616599,0.269684,-5.981405,-0.718962,-6.082842,234.748600,0.177359,0.252362,1,0,12.861770,0.013352,0.000273,0.131342,1,1,2,7,4
209,14.146650,0.046767,mother,7,9,7.474672,8.999999,575.516500,314.627100,575.824500,314.615900,0.308185,582.907800,311.947600,568.741100,317.284300,582.907800,302.187400,568.741100,308.430800,-1.030831,0.249219,1.226989,-1.286619,0.226070,1.090717,-1.164286,1.158570,234.733400,0.656627,-0.287525,0,1,12.447770,0.046766,0.000000,0.126742,1,7,10,5,4
209,14.146650,0.046767,older_sister,4,8,4.000001,7.999086,470.937800,409.230100,473.450300,410.207300,2.695828,469.430800,408.581300,477.469600,411.833500,469.430800,397.522700,477.469600,396.416400,-3.079722,0.282373,-1.240495,-2.934576,0.393665,-1.323538,-3.052512,-1.257063,305.259500,0.312927,0.166458,1,0,12.969550,0.046767,0.000136,0.140154,3,4,9,9,4
209,14.146650,0.046767,player,9,4,9.000001,3.946260,853.648000,389.209000,854.990900,389.587500,1.395195,847.431300,386.198200,862.550400,392.976700,847.431300,375.262400,862.550400,379.960900,3.745288,0.279240,-0.668957,4.018271,0.332352,-0.842043,3.857533,-0.745837,305.268600,0.182789,0.322820,1,0,12.866090,0.046767,0.000273,0.130139,3,9,5,5,4
210,14.192570,0.046191,father,1,2,1.045511,2.000000,599.648800,598.487200,600.556900,597.797400,1.140378,595.653700,601.200900,605.460100,594.394000,595.653700,592.403200,605.460100,583.651400,-0.800697,0.224644,-6.158923,-0.623636,0.274307,-5.985114,-0.728564,-6.089633,234.729800,0.193081,0.244923,1,0,12.874270,0.012501,0.000220,0.124948,1,1,2,7,4
210,14.192570,0.046191,mother,7,9,7.428194,9.000000,573.551600,315.609500,575.250200,314.978900,1.811947,581.818800,312.643000,568.681700,317.314800,581.818800,302.197100,568.681700,308.446100,-1.050494,0.266731,1.209232,-1.287691,0.226456,1.089941,-1.199764,1.133485,234.736600,0.714726,-0.262544,0,1,12.493960,0.046191,0.000031,0.122300,1,7,10,5,4
210,14.192570,0.046191,older_sister,4,8,4.000000,8.045565,468.972800,408.247700,470.599400,408.958100,1.774903,469.045100,408.446900,472.153600,409.469400,469.045100,397.270800,472.153600,394.388900,-3.086685,0.285373,-1.237063,-3.030560,0.385072,-1.263173,-3.087990,-1.231978,305.263400,0.371025,0.060901,1,0,13.015750,0.046191,0.000110,0.135088,3,4,9,9,4
210,14.192570,0.046191,player,9,4,9.000001,3.992740,851.683100,388.226600,854.424100,389.242500,2.923154,847.986800,386.483900,860.861300,392.001100,847.986800,375.480000,860.861300,377.969700,3.755316,0.280977,-0.676251,3.987775,0.358283,-0.817130,3.822056,-0.720752,305.264000,0.240887,0.271139,1,0,12.912280,0.046191,0.000246,0.130950,3,9,5,5,4
211,14.284120,0.088662,father,1,2,1.000000,2.000000,597.724700,599.449300,599.510000,598.321100,2.111903,595.519200,601.303800,603.500900,595.338400,595.519200,592.442500,603.500900,583.587500,-0.803127,0.226269,-6.161552,-0.659012,0.300053,-6.009228,-0.763303,-6.114199,234.733100,0.249971,0.205616,0,0,12.919500,0.000000,0.000136,0.124948,1,-1,-1,7,4
211,14.284120,0.088662,mother,7,9,7.347695,9.000000,570.148400,317.310900,571.870800,316.596700,1.864615,575.631500,315.646300,568.110300,317.547100,575.631500,303.663900,568.110300,308.533900,-1.162210,0.305962,1.132544,-1.298008,0.230147,1.084007,-1.261208,1.090039,234.737100,0.815349,-0.138902,0,1,12.573960,0.030000,0.000164,0.122300,1,7,10,5,4
211,14.284120,0.088662,older_sister,4,8,4.000000,8.126063,465.569700,406.546000,464.221600,405.775500,1.552792,468.362100,408.157800,460.081200,403.393200,468.362100,396.818200,460.081200,391.394100,-3.099019,0.289551,-1.229683,-3.248535,0.306390,-1.108022,-3.149436,-1.188526,305.266700,0.471649,-0.192321,1,0,13.095750,0.030000,0.000273,0.135088,3,4,9,9,4
211,14.284120,0.088662,player,9,4,9.000001,4.073238,848.280000,386.525200,850.457800,387.433900,2.359713,847.573100,386.310900,853.342500,388.556900,847.573100,375.191700,853.342500,373.040600,3.747847,0.283922,-0.671833,3.852018,0.396200,-0.729185,3.760612,-0.677306,305.262800,0.341511,0.118168,1,0,12.992280,0.030000,0.000164,0.130950,3,9,5,5,4
212,14.330400,0.047314,father,1,2,1.000000,2.000000,597.724700,599.449300,599.510000,598.321100,2.111903,595.519200,601.303800,603.500900,595.338400,595.519200,592.442500,603.500900,583.587500,-0.803127,0.226269,-6.161552,-0.659012,0.300053,-6.009228,-0.763303,-6.114199,234.733100,0.249971,0.205616,0,0,12.919500,0.000000,0.000136,0.124948,1,-1,-1,7,4
212,14.330400,0.047314,mother,7,9,7.291371,9.000000,567.767300,318.501600,568.045200,318.386100,0.300932,568.678300,318.907500,567.412200,317.864700,568.678300,307.795200,567.412200,308.695900,-1.287753,0.283745,1.049272,-1.310614,0.234121,1.075897,-1.304201,1.059636,234.733400,0.885755,-0.003292,0,1,12.629930,0.005976,0.000086,0.122300,1,7,10,5,4
212,14.330400,0.047314,older_sister,4,8,4.000000,8.182388,463.188600,405.355600,460.743600,403.881800,2.854891,468.204500,408.084000,453.282600,399.679500,468.204500,396.639200,453.282600,388.297400,-3.101863,0.292238,-1.227799,-3.371286,0.290636,-1.013195,-3.192427,-1.158129,305.261200,0.542053,-0.343884,0,0,13.151720,0.005976,0.000136,0.135088,3,4,9,9,4
212,14.330400,0.047314,player,9,4,9.000001,4.129563,845.898900,385.334400,846.403800,385.532300,0.542297,847.037800,386.089600,845.769700,384.975000,847.037800,374.844800,845.769700,371.194900,3.738183,0.287128,-0.666184,3.715286,0.351867,-0.637723,3.717619,-0.646899,305.270100,0.411917,-0.035128,1,0,13.048260,0.005976,0.000409,0.130950,3,9,5,5,4
213,14.375460,0.047519,father,1,2,1.000000,2.000000,597.724700,599.449300,599.510000,598.321100,2.111903,595.519200,601.303800,603.500900,595.338400,595.519200,592.442500,603.500900,583.587500,-0.803127,0.226269,-6.161552,-0.659012,0.300053,-6.009228,-0.763303,-6.114199,234.733100,0.249971,0.205616,0,0,12.919500,0.000000,0.000136,0.124948,1,-1,-1,7,4
213,14.375460,0.047519,mother,7,9,7.243556,9.000000,565.745900,319.512200,564.286000,320.311500,1.664367,561.736800,322.470400,566.835300,318.152700,561.736800,312.657300,566.835300,308.898900,-1.413085,0.250573,0.958296,-1.321030,0.236289,1.068545,-1.340698,1.033829,234.736600,0.945522,0.138814,0,1,12.677450,0.047519,0.000136,0.122300,1,7,10,5,4
213,14.375460,0.047519,older_sister,4,8,4.000000,8.230203,461.167200,404.344900,459.909700,403.644200,1.439610,468.374900,408.203900,451.444400,399.084500,468.374900,396.416600,451.444400,388.142900,-3.098785,0.300983,-1.230861,-3.404476,0.279387,-0.998002,-3.228925,-1.132324,305.261900,0.601822,-0.384036,0,0,13.199240,0.047519,0.000097,0.135088,3,4,9,9,4
213,14.375460,0.047519,player,9,4,9.000001,4.177378,843.877400,384.323900,842.528300,383.553100,1.553780,846.671100,385.935900,838.385600,381.170200,846.671100,374.596300,838.385600,369.171700,3.731561,0.289551,-0.662260,3.581961,0.306375,-0.540570,3.681120,-0.621096,305.258400,0.471684,-0.192404,1,0,13.095770,0.047519,0.000164,0.130950,3,9,5,5,4
214,14.419470,0.044064,father,1,2,1.000000,2.000000,597.724700,599.449300,599.510000,598.321100,2.111903,595.519200,601.303800,603.500900,595.338400,595.519200,592.442500,603.500900,583.587500,-0.803127,0.226269,-6.161552,-0.659012,0.300053,-6.009228,-0.763303,-6.114199,234.733100,0.249971,0.205616,0,0,12.919500,0.000000,0.000136,0.124948,1,-1,-1,7,4
214,14.419470,0.044064,mother,7,9,7.199217,9.000000,563.871500,320.449400,561.046100,322.000900,3.223414,555.785400,325.582000,566.306800,318.419900,555.785400,315.889600,566.306800,309.050800,-1.520541,0.247490,0.878842,-1.330571,0.239233,1.061723,-1.374542,1.009900,234.736800,0.000946,0.260696,0,1,12.721510,0.044064,0.000164,0.122300,1,7,10,5,4
214,14.419470,0.044064,older_sister,4,8,4.000000,8.274541,459.292800,403.407500,459.522600,403.690900,0.364825,468.087100,408.281400,450.958200,399.100300,468.087100,395.897300,450.958200,388.267900,-3.103983,0.316221,-1.232839,-3.413254,0.276600,-0.998405,-3.262768,-1.108386,305.272500,0.657246,-0.387871,0,1,13.243300,0.044064,0.000301,0.135088,3,4,9,9,4
214,14.419470,0.044064,player,9,4,9.000000,4.221716,842.003100,383.386700,839.661900,381.988100,2.727140,846.519200,385.864200,832.804500,378.112000,846.519200,374.460700,832.804500,366.632800,3.728818,0.291181,-0.660428,3.481193,0.293115,-0.462480,3.647277,-0.597167,305.263100,0.527107,-0.316470,1,0,13.139840,0.044064,0.000136,0.130950,3,9,5,5,4
215,14.461620,0.042757,father,1,2,1.000000,2.000000,597.724700,599.449300,599.510000,598.321100,2.111903,595.519200,601.303800,603.500900,595.338400,595.519200,592.442500,603.500900,583.587500,-0.803127,0.226269,-6.161552,-0.659012,0.300053,-6.009228,-0.763303,-6.114199,234.733100,0.249971,0.205616,0,0,12.919500,0.000000,0.000136,0.124948,1,-1,-1,7,4
215,14.461620,0.042757,mother,7,9,7.156194,9.000000,562.052700,321.358800,560.089400,322.337500,2.193734,554.679300,325.919200,565.499400,318.755800,554.679300,316.791600,565.499400,309.211800,-1.540512,0.233065,0.870233,-1.345150,0.243699,1.053146,-1.407382,0.986679,234.737000,0.054724,0.265116,0,0,12.764270,0.042757,0.000220,0.122300,1,7,10,5,4
215,14.461620,0.042757,older_sister,4,8,4.000000,8.317565,457.474000,402.498400,459.142600,403.683200,2.046478,466.843800,407.940100,451.441500,399.426300,466.843800,394.891000,451.441500,388.590200,-3.126431,0.333202,-1.224123,-3.404529,0.276691,-1.006728,-3.295609,-1.085174,305.253600,0.711023,-0.352576,0,1,13.286060,0.042757,0.000000,0.135088,3,4,9,9,4
215,14.461620,0.042757,player,9,4,9.000000,4.264740,840.184200,382.477200,838.249900,381.315500,2.256383,846.621000,385.921000,829.878800,376.709900,846.621000,374.281000,829.878800,365.626200,3.730657,0.297219,-0.661878,3.428368,0.283016,-0.426679,3.614436,-0.573944,305.265900,0.580887,-0.382611,0,0,13.182600,0.042757,0.000193,0.130950,3,9,5,5,4
216,14.507930,0.042630,father,1,2,1.000000,2.000000,597.724700,599.449300,599.510000,598.321100,2.111903,595.519200,601.303800,603.500900,595.338400,595.519200,592.442500,603.500900,583.587500,-0.803127,0.226269,-6.161552,-0.659012,0.300053,-6.009228,-0.763303,-6.114199,234.733100,0.249971,0.205616,0,0,12.919500,0.000000,0.000136,0.126398,1,5,3,6,4
216,14.507930,0.042630,mother,7,9,7.113298,9.000000,560.239300,322.265400,559.247200,322.603200,1.047979,553.726000,326.181300,564.768400,319.025100,553.726000,317.352200,564.768400,309.153000,-1.557726,0.225446,0.863539,-1.358348,0.252076,1.046269,-1.440125,0.963529,234.737500,0.108343,0.268290,0,0,12.806900,0.042630,0.000246,0.126792,1,7,10,5,4
216,14.507930,0.042630,older_sister,4,8,4.000000,8.360460,455.660600,401.591500,457.666300,403.083800,2.499969,463.538600,406.549200,451.793900,399.618300,463.538600,392.332100,451.793900,388.731100,-3.186108,0.363027,-1.188608,-3.398166,0.277999,-1.011631,-3.328351,-1.062015,305.271800,0.764643,-0.275325,0,1,13.328690,0.042630,0.000205,0.126251,3,4,9,9,4
216,14.507930,0.042630,player,9,4,9.000000,4.307635,838.370800,381.570700,837.936300,381.425800,0.458013,846.578100,386.038300,829.294700,376.813300,846.578100,373.932500,829.294700,365.931500,3.729882,0.309114,-0.664875,3.417821,0.277861,-0.429319,3.581695,-0.550795,305.260800,0.634504,-0.390794,0,0,13.225220,0.042630,0.000061,0.127379,3,9,5,5,4
217,14.594970,0.080851,father,1,2,1.025759,2.000000,598.813800,598.905000,597.549600,597.472700,1.910433,600.666400,600.155800,594.432600,594.789700,600.666400,591.291300,594.432600,582.479700,-0.710189,0.226349,-6.132238,-0.822744,0.314328,-5.995217,-0.743639,-6.100298,153.885900,0.282171,0.172576,1,0,12.945100,0.015600,0.000000,0.126398,5,5,3,6,4
217,14.594970,0.080851,mother,7,9,7.032800,9.000000,556.836200,323.967200,558.057600,323.103800,1.495767,553.374100,326.422600,562.741000,319.785100,553.374100,317.604500,562.741000,308.850200,-1.564078,0.225166,0.857377,-1.394953,0.279215,1.026864,-1.501569,0.920075,234.732100,0.208965,0.235946,1,0,12.886900,0.030000,0.000061,0.126792,1,7,10,5,4
217,14.594970,0.080851,older_sister,4,8,4.000000,8.440959,452.257400,399.890000,452.939400,400.394700,0.848412,454.096000,401.219500,451.782800,399.570100,454.096000,386.570500,451.782800,388.377300,-3.356600,0.374053,-1.052515,-3.398367,0.285801,-1.010400,-3.389796,-1.018569,305.262900,0.865265,-0.058417,0,1,13.408690,0.030000,0.000136,0.126251,3,4,9,9,4
217,14.594970,0.080851,player,9,4,9.000000,4.388134,834.967700,379.868900,836.968400,381.271800,2.443553,843.968300,385.229600,829.968400,377.314000,843.968300,371.651200,829.968400,366.468400,3.682761,0.346714,-0.644224,3.429986,0.276934,-0.442104,3.520251,-0.507343,305.267000,0.735127,-0.323085,0,1,13.305220,0.030000,0.000246,0.127379,3,9,5,5,4
218,14.632140,0.043057,father,1,2,1.061795,2.000000,600.337200,598.143100,598.303800,597.680800,2.085259,601.748600,597.816000,594.858900,597.545700,601.748600,588.908900,594.858900,584.822100,-0.690650,0.227438,-6.072492,-0.815048,0.324891,-6.065591,-0.716134,-6.080843,110.831500,0.327215,0.118720,1,0,12.980920,0.035813,0.000220,0.126398,5,5,3,6,4
218,14.632140,0.043057,mother,7,9,7.000000,9.000000,555.449600,324.660400,557.235000,323.532300,2.111924,553.243500,326.514700,561.226400,320.549900,553.243500,317.653400,561.226400,308.799000,-1.566437,0.226269,0.855025,-1.422299,0.300050,1.007335,-1.526605,0.902375,234.740000,0.249966,0.205622,1,0,12.919500,0.032597,0.000164,0.126792,1,7,10,5,4
218,14.632140,0.043057,older_sister,4,8,4.000000,8.485140,450.389700,398.956100,449.393100,398.575600,1.066787,446.992100,397.581700,451.794100,399.569600,446.992100,384.519700,451.794100,388.217200,-3.484864,0.333529,-0.959627,-3.398162,0.289877,-1.010388,-3.423518,-0.994723,305.265000,0.920492,0.100099,0,1,13.452600,0.043908,0.000136,0.126251,3,4,9,9,4
218,14.632140,0.043057,player,9,4,9.000000,4.432315,833.099900,378.934900,834.956200,380.324700,2.318909,839.766500,383.226100,830.145800,377.423400,839.766500,368.515800,830.145800,366.486800,3.606896,0.375617,-0.593065,3.433190,0.279258,-0.444898,3.486526,-0.483493,305.267900,0.790354,-0.227376,0,1,13.349130,0.043908,0.000329,0.127379,3,9,5,5,4
219,14.669940,0.037560,father,1,2,1.099584,2.000000,601.934800,597.344500,600.605100,597.628200,1.359578,601.632400,596.687300,599.577800,598.569200,601.632400,587.731200,599.577800,586.346100,-0.692748,0.228689,-6.043672,-0.729846,0.312109,-6.091724,-0.687289,-6.060454,73.273740,0.374451,0.049359,1,0,13.018470,0.037555,0.000000,0.126398,5,5,3,6,4
219,14.669940,0.037560,mother,7,9,7.000000,9.028355,554.250900,324.061000,556.387400,323.316900,2.262407,552.399000,325.222300,560.375700,321.411500,552.399000,316.356400,560.375700,309.053800,-1.581684,0.226384,0.888027,-1.437660,0.315547,0.985333,-1.548248,0.917680,249.456300,0.285408,0.169011,1,0,12.947680,0.028179,0.000164,0.126792,3,7,10,5,4
219,14.669940,0.037560,older_sister,4,9,4.000000,8.522934,448.792000,398.157200,445.776300,396.867400,3.279889,439.841700,394.224800,451.710800,399.510000,439.841700,382.243700,451.710800,388.015700,-3.613969,0.305931,-0.873911,-3.399665,0.293499,-1.008866,-3.452367,-0.974323,305.266300,0.967733,0.252894,0,1,13.490160,0.037560,0.000205,0.126251,3,4,9,9,4
219,14.669940,0.037560,player,9,4,9.000000,4.470109,831.502200,378.136400,832.858200,379.033800,1.626106,835.557700,380.669900,830.158800,377.397800,835.557700,365.539900,830.158800,366.302600,3.530903,0.386337,-0.527795,3.433423,0.283311,-0.444245,3.457679,-0.463103,305.254200,0.837597,-0.127828,0,1,13.386690,0.037560,0.000031,0.127379,3,9,5,5,4
220,14.708180,0.038088,father,1,2,1.137909,2.000000,603.554900,596.534400,603.469900,596.543900,0.085553,602.019700,596.433600,604.920100,596.654200,602.019700,587.468100,604.920100,585.824800,-0.685755,0.228930,-6.037194,-0.633387,0.276523,-6.042826,-0.658036,-6.039767,54.733030,0.422358,-0.039505,1,0,13.056560,0.038088,0.000061,0.126398,5,5,3,6,4
220,14.708180,0.038088,mother,7,9,7.000000,9.066056,552.657000,323.264000,554.715100,323.051000,2.069103,551.738700,323.996100,557.691600,322.105800,551.738700,315.082400,557.691600,309.380700,-1.593607,0.227605,0.919337,-1.486125,0.324927,0.967605,-1.577026,0.938031,264.379400,0.332537,0.111693,1,0,12.985150,0.037469,0.000220,0.126792,3,7,10,5,4
220,14.708180,0.038088,older_sister,4,9,4.000000,8.561246,447.172300,397.347500,443.594600,395.794200,3.900295,435.611700,392.156000,451.577600,399.432400,435.611700,380.470900,451.577600,387.753500,-3.690344,0.298372,-0.821085,-3.402071,0.298215,-1.006885,-3.481611,-0.953647,305.260900,0.015623,0.342646,0,1,13.528230,0.038075,0.000097,0.126251,3,4,9,9,4
220,14.708180,0.038088,player,9,5,9.000000,4.508433,829.882000,377.326300,830.023900,377.529300,0.247735,829.960600,377.718100,830.087200,377.340600,829.960600,363.586100,830.087200,366.084900,3.429844,0.360852,-0.452423,3.432130,0.287406,-0.442782,3.428424,-0.442417,305.264400,0.885502,-0.003700,0,1,13.424780,0.038088,0.000031,0.127379,3,9,5,5,4
221,14.745990,0.038068,father,1,2,1.176215,2.000000,605.174300,595.724600,606.277900,595.162000,1.238719,602.635300,596.104900,609.920500,594.219100,602.635300,587.132100,609.920500,584.486700,-0.674641,0.229112,-6.028799,-0.543102,0.248511,-5.980648,-0.628798,-6.019091,54.734650,0.470240,-0.135201,1,0,13.094630,0.038068,0.000136,0.126398,5,5,3,6,4
221,14.745990,0.038068,mother,7,9,7.000000,9.104362,551.037700,322.454300,552.272900,322.602800,1.244135,551.040400,323.158000,553.505300,322.047700,551.040400,314.198200,553.505300,309.971800,-1.606215,0.228782,0.940737,-1.561709,0.308352,0.969088,-1.606265,0.958706,279.295000,0.380419,0.039342,1,0,13.023210,0.038068,0.000301,0.126792,3,7,10,5,4
221,14.745990,0.038068,older_sister,4,9,3.999999,8.598883,445.581200,396.551900,443.253800,395.421500,2.587371,435.171100,391.644700,451.336600,399.198400,435.171100,380.483300,451.336600,387.309800,-3.698300,0.284998,-0.808029,-3.406422,0.303568,-1.000909,-3.510340,-0.933334,305.262100,0.062670,0.349677,0,0,13.565640,0.037404,0.000068,0.126251,3,4,9,9,4
221,14.745990,0.038068,player,9,5,9.000000,4.546739,828.262600,376.516500,826.745200,375.894300,1.640038,823.406600,374.450300,830.083900,377.338200,823.406600,361.749100,830.083900,365.951000,3.311508,0.324316,-0.368980,3.432069,0.290765,-0.442722,3.399186,-0.421741,305.266000,0.933384,0.141012,0,1,13.462850,0.038068,0.000086,0.127379,3,9,5,5,4
222,14.783420,0.037625,father,1,2,1.214075,2.000000,606.774800,594.924500,608.732400,594.012500,2.159564,603.160900,595.835000,614.303800,592.189900,603.160900,586.864800,614.303800,582.770900,-0.665150,0.229048,-6.021907,-0.463960,0.240510,-5.928834,-0.599899,-5.998660,54.739360,0.517565,-0.218009,1,0,13.132250,0.037625,0.000000,0.128753,5,5,3,6,4
222,14.783420,0.037625,mother,7,9,7.000000,9.142221,549.437100,321.654100,549.334100,321.651400,0.103064,550.215300,322.678300,548.452900,320.624500,550.215300,313.712400,548.452900,309.959400,-1.621113,0.228939,0.952987,-1.652933,0.272325,1.005430,-1.635163,0.979138,294.044400,0.427744,-0.050427,1,0,13.060840,0.037625,0.000193,0.128910,3,7,10,5,4
222,14.783420,0.037625,older_sister,4,9,3.999999,8.634644,444.069400,395.796000,443.033900,395.130400,1.230921,434.930100,391.293300,451.137700,398.967500,434.930100,380.373700,451.137700,386.755900,-3.702650,0.278825,-0.799057,-3.410013,0.311815,-0.995012,-3.537636,-0.914032,305.265900,0.107372,0.352072,0,0,13.601180,0.035540,0.000110,0.130984,3,4,9,9,4
222,14.783420,0.037625,player,9,5,9.000000,4.584289,826.675200,375.722800,823.223200,374.235700,3.758657,816.421200,371.183100,830.025100,377.288200,816.421200,359.324700,830.025100,365.748200,3.185383,0.302798,-0.285555,3.431009,0.294669,-0.441447,3.370524,-0.401473,305.266000,0.980324,0.290556,0,1,13.500170,0.037318,0.000110,0.141694,3,9,5,5,4
223,14.871550,0.082032,father,1,2,1.294573,2.000000,610.177900,593.222600,610.886700,592.799600,0.825413,603.810900,595.477400,617.962400,590.121900,603.810900,586.105000,617.962400,581.187100,-0.653414,0.239318,-6.012777,-0.397901,0.228145,-5.876028,-0.538455,-5.955203,54.729660,0.618187,-0.287574,0,0,13.212250,0.030000,0.000329,0.128753,5,5,3,6,4
223,14.871550,0.082032,mother,7,9,7.000000,9.222720,546.034000,319.952600,544.065100,318.888000,2.238350,548.712500,322.189400,539.417700,315.586500,548.712500,313.210200,539.417700,306.206000,-1.648246,0.229280,0.965469,-1.816069,0.239527,1.134071,-1.696608,1.022584,305.262900,0.528366,-0.234367,1,0,13.140840,0.030000,0.000110,0.128910,3,7,10,5,4
223,14.871550,0.082032,older_sister,4,9,4.000000,8.704069,441.134400,394.328500,442.809700,394.843100,1.752581,435.415800,391.568100,450.203800,398.118100,435.415800,380.618000,450.203800,384.969300,-3.693882,0.279603,-0.806073,-3.426876,0.335748,-0.973325,-3.590629,-0.876559,305.265500,0.194151,0.314571,1,0,13.670170,0.024469,0.000136,0.130984,3,4,9,9,4
223,14.871550,0.082032,player,9,5,9.000000,4.659822,823.482000,374.126200,821.494000,373.111500,2.231955,813.389600,369.307600,829.598300,376.915400,813.389600,358.240600,829.598300,364.951600,3.130646,0.282590,-0.237667,3.423302,0.305488,-0.431926,3.312869,-0.360705,305.263900,0.074739,0.351109,0,0,13.575230,0.027009,0.000086,0.141694,3,9,5,5,4
224,14.908520,0.043083,father,1,2,1.339970,2.000000,612.097000,592.263300,611.304800,592.480800,0.821542,604.293300,595.091900,618.316200,589.869600,604.293300,585.114900,618.316200,581.033500,-0.644703,0.254757,-6.002934,-0.391513,0.225625,-5.869586,-0.503803,-5.930708,54.744790,0.674933,-0.283723,0,1,13.257370,0.045115,0.000061,0.128753,5,5,3,6,4
224,14.908520,0.043083,mother,7,9,7.000000,9.268116,544.114900,318.993100,542.574000,318.193700,1.735931,548.342200,322.004800,536.805700,314.382600,548.342200,312.851800,536.805700,305.313000,-1.654932,0.233716,0.970185,-1.863231,0.231588,1.164812,-1.731259,1.047086,305.264300,0.585112,-0.282444,0,0,13.185960,0.045115,0.000110,0.128910,3,7,10,5,4
224,14.908520,0.043083,older_sister,4,9,4.000000,8.738130,439.694500,393.608400,442.393600,394.605500,2.877344,435.848500,391.791300,448.938600,397.419700,435.848500,380.789500,448.938600,383.484500,-3.686068,0.280925,-0.811773,-3.449720,0.355827,-0.955491,-3.616627,-0.858173,305.267700,0.236727,0.275951,1,0,13.704020,0.033850,0.000232,0.130984,3,4,9,9,4
224,14.908520,0.043083,player,9,5,9.000000,4.698112,821.863300,373.316900,821.301300,372.846000,0.733179,813.239400,369.031900,829.363300,376.660200,813.239400,358.134200,829.363300,364.313100,3.127934,0.278265,-0.230624,3.419060,0.315278,-0.425411,3.283642,-0.340042,305.260600,0.122603,0.350164,0,0,13.613290,0.038052,0.000031,0.141694,3,9,5,5,4
225,14.946680,0.038436,father,1,2,1.378645,2.000000,613.732100,591.445900,611.904100,592.136800,1.954217,605.481700,594.388100,618.326500,589.885400,605.481700,583.788500,618.326500,581.007800,-0.623248,0.270655,-5.984963,-0.391327,0.226686,-5.869989,-0.474282,-5.909834,54.735730,0.723278,-0.255743,0,1,13.295800,0.038436,0.000000,0.128753,5,5,3,6,4
225,14.946680,0.038436,mother,7,9,7.000000,9.306791,542.479900,318.175500,542.032800,318.051500,0.463883,547.988900,321.889200,536.076700,314.213900,547.988900,312.378400,536.076700,305.315300,-1.661311,0.242852,0.973135,-1.876393,0.227219,1.169120,-1.760780,1.067963,305.267400,0.633455,-0.288767,0,0,13.224390,0.038436,0.000193,0.128910,3,7,10,5,4
225,14.946680,0.038436,older_sister,4,9,4.000000,8.764349,438.586100,393.054300,441.334300,394.030900,2.916591,435.753500,391.721000,446.915100,396.340900,435.753500,380.707600,446.915100,381.650600,-3.687783,0.281222,-0.809978,-3.486255,0.375107,-0.927944,-3.636641,-0.844024,305.259200,0.269503,0.232656,1,0,13.730080,0.026058,0.000136,0.130984,3,4,9,9,4
225,14.946680,0.038436,player,9,5,9.000000,4.727895,820.604200,372.687200,821.236500,372.769000,0.637471,813.414700,369.180200,829.058100,376.357800,813.414700,358.264300,829.058100,363.602000,3.131099,0.278730,-0.234412,3.413549,0.325713,-0.417689,3.260910,-0.323962,305.274300,0.159830,0.336432,1,0,13.642880,0.029599,0.000164,0.141694,3,9,5,5,4
226,14.985640,0.039241,father,1,2,1.418130,2.000000,615.401200,590.611200,613.318200,591.398900,2.226955,608.091400,592.997700,618.545000,589.800000,608.091400,581.535000,618.545000,580.868000,-0.576127,0.292692,-5.949460,-0.387380,0.228074,-5.867808,-0.444144,-5.888522,54.734020,0.772635,-0.201252,0,1,13.335040,0.039241,0.000061,0.128753,5,5,3,6,4
226,14.985640,0.039241,mother,7,9,7.000000,9.346277,540.810600,317.340800,541.545500,317.902800,0.925120,547.301800,321.685100,535.789100,314.120500,547.301800,311.613400,535.789100,305.285300,-1.673718,0.257175,0.978347,-1.881585,0.225600,1.171505,-1.790920,1.089276,305.266100,0.682812,-0.281244,0,1,13.263630,0.039241,0.000246,0.128910,3,7,10,5,4
226,14.985640,0.039241,older_sister,4,9,4.000000,8.788526,437.564000,392.543400,440.185300,393.526400,2.799544,435.667100,391.686800,444.703600,395.366100,435.667100,380.649900,444.703600,380.112800,-3.689345,0.281820,-0.809105,-3.526184,0.389483,-0.903053,-3.655094,-0.830977,305.260900,0.299725,0.187462,1,0,13.754110,0.024027,0.000043,0.130984,3,4,9,9,4
226,14.985640,0.039241,player,9,5,9.000000,4.755501,819.437100,372.103900,821.118000,372.620400,1.758484,813.726100,369.348300,828.509900,375.892500,813.726100,358.398000,828.509900,362.741600,3.136722,0.279610,-0.238705,3.403651,0.335802,-0.405808,3.239836,-0.309065,305.255300,0.194340,0.314426,1,0,13.670320,0.027436,0.000000,0.141694,3,9,5,5,4
227,15.021310,0.036052,father,1,2,1.454407,2.000000,616.934900,589.844400,615.247900,590.550700,1.828898,611.589600,591.458700,618.906200,589.642600,611.589600,579.458600,618.906200,580.622400,-0.512966,0.306419,-5.910164,-0.380861,0.230324,-5.863789,-0.416453,-5.868941,54.734550,0.817980,-0.134637,0,1,13.371100,0.036052,0.000086,0.128753,5,5,3,6,4
227,15.021310,0.036052,mother,7,9,7.000000,9.382553,539.277000,316.574100,540.865500,317.594600,1.888027,545.909700,321.082400,535.821300,314.106800,545.909700,310.385000,535.821300,305.224500,-1.698853,0.273150,0.993737,-1.881005,0.226806,1.171854,-1.818610,1.108853,305.261200,0.728159,-0.251560,0,1,13.299680,0.036052,0.000110,0.128910,3,7,10,5,4
227,15.021310,0.036052,older_sister,4,9,4.000000,8.808662,436.712700,392.117500,439.104100,393.078200,2.577194,435.545800,391.654000,442.662400,394.502400,435.545800,380.570100,442.662400,378.996000,-3.691533,0.283021,-0.808267,-3.563040,0.395947,-0.881001,-3.670465,-0.820102,305.280700,0.324894,0.146904,1,0,13.774120,0.020012,0.000301,0.130984,3,4,9,9,4
227,15.021310,0.036052,player,9,5,9.000000,4.778513,818.464300,371.617400,820.897800,372.465000,2.576849,814.038600,369.501700,827.757000,375.428300,814.038600,358.511800,827.757000,361.826700,3.142364,0.280620,-0.242621,3.390055,0.347311,-0.393955,3.222272,-0.296646,305.263400,0.223105,0.289612,1,0,13.693190,0.022870,0.000000,0.141694,3,9,5,5,4
228,15.056840,0.035516,father,1,2,1.490144,2.000000,618.445700,589.089000,617.629300,589.457900,0.895882,615.890400,589.479700,619.368200,589.436100,615.890400,577.868900,619.368200,580.306300,-0.435313,0.296475,-5.859630,-0.372519,0.233122,-5.858516,-0.389175,-5.849654,54.738040,0.862650,-0.051915,0,1,13.406610,0.035516,0.000061,0.128524,5,5,3,6,4
228,15.056840,0.035516,mother,7,9,7.000000,9.418291,537.766200,315.818800,539.510500,316.944500,2.076006,543.379000,319.893000,535.642000,313.995900,543.379000,308.427300,535.642000,305.063600,-1.744545,0.292769,1.024108,-1.884242,0.228081,1.174685,-1.845888,1.128140,305.261500,0.772829,-0.200996,0,1,13.335200,0.035516,0.000061,0.113295,3,7,10,5,4
228,15.056840,0.035516,older_sister,4,9,4.000000,8.826783,435.946700,391.734400,438.033100,392.615900,2.265026,435.404300,391.606800,440.662000,393.625000,435.404300,380.474700,440.662000,378.139900,-3.694089,0.284254,-0.807064,-3.599159,0.395401,-0.858595,-3.684296,-0.810321,305.265500,0.347546,0.107261,1,0,13.792130,0.018009,0.000314,0.134037,3,4,9,9,4
228,15.056840,0.035516,player,9,5,9.000000,4.799172,817.591000,371.180600,820.356800,372.192600,2.945146,814.145200,369.555700,826.568500,374.829500,814.145200,358.548700,826.568500,360.605700,3.144289,0.281057,-0.244001,3.368597,0.363195,-0.378664,3.206504,-0.285492,305.275900,0.248926,0.260891,1,0,13.713720,0.020530,0.000193,0.131019,3,9,5,5,4
229,15.142900,0.080697,father,2,2,1.570642,2.000000,621.848800,587.387300,623.868200,586.279100,2.303456,627.385900,583.599200,620.350400,588.958900,627.385900,573.981000,620.350400,579.674400,-0.227754,0.245597,-5.709475,-0.354785,0.237074,-5.846332,-0.327730,-5.806201,54.732340,0.963274,0.182737,0,1,13.486610,0.030000,0.000193,0.128524,5,5,3,6,4
229,15.142900,0.080697,mother,7,9,7.000000,9.498790,534.363200,314.117300,534.894900,314.413200,0.608524,535.004200,315.309900,534.785500,313.516400,535.004200,303.921800,534.785500,304.367600,-1.895757,0.290791,1.141133,-1.899705,0.233612,1.186928,-1.907332,1.171586,305.263200,0.873451,-0.029663,0,1,13.415200,0.030000,0.000031,0.113295,3,7,10,5,4
229,15.142900,0.080697,older_sister,4,9,4.000000,8.862835,434.422500,390.972500,435.504100,391.445400,1.180423,435.054600,391.465000,435.953500,391.425800,435.054600,380.252400,435.953500,376.979300,-3.700403,0.286307,-0.803441,-3.684173,0.368883,-0.802442,-3.711815,-0.790867,305.258100,0.392611,0.012676,1,0,13.827960,0.012571,0.000178,0.134037,3,4,9,9,4
229,15.142900,0.080697,player,9,5,9.000000,4.839998,815.865000,370.317700,818.484600,371.300800,2.798054,813.975300,369.464800,822.994100,373.136900,813.975300,358.427600,822.994100,357.880200,3.141218,0.281829,-0.241680,3.304060,0.389573,-0.335445,3.175341,-0.263457,305.262300,0.299959,0.187096,1,0,13.754290,0.014184,0.000110,0.131019,3,9,5,5,4
230,15.179610,0.042246,father,2,2,1.613853,2.000000,623.675500,586.474000,626.240100,585.080200,2.918856,631.521400,581.500100,620.958900,588.660300,631.521400,571.985300,620.958900,579.244900,-0.153086,0.242953,-5.655874,-0.343799,0.240416,-5.838707,-0.294747,-5.782881,54.738740,0.017286,0.261273,0,1,13.529550,0.042943,0.000136,0.128524,5,5,3,6,4
230,15.179610,0.042246,mother,7,10,7.000000,9.542000,532.536400,313.203800,531.624400,312.782600,1.004556,528.939300,312.286200,534.309600,313.278900,528.939300,302.161000,534.309600,304.050600,-2.005263,0.258541,1.218343,-1.908299,0.235640,1.192994,-1.940316,1.194912,305.268400,0.927465,0.093803,0,1,13.458140,0.042943,0.000164,0.113295,3,7,10,5,4
230,15.179610,0.042246,older_sister,4,9,3.999999,8.879686,433.710100,390.616300,434.157700,390.786000,0.478665,434.895200,391.395300,433.420300,390.176800,434.895200,380.147400,433.420300,376.463300,-3.703281,0.287206,-0.801661,-3.729912,0.350167,-0.770549,-3.724678,-0.781772,305.263400,0.413675,-0.039707,1,0,13.844700,0.016747,0.000164,0.134037,3,4,9,9,4
230,15.179610,0.042246,player,9,5,8.999999,4.858851,815.068000,369.919100,817.474700,370.882100,2.592186,813.862600,369.434800,821.086700,372.329400,813.862600,358.353900,821.086700,356.830000,3.139186,0.282944,-0.240912,3.269622,0.395767,-0.314825,3.160949,-0.253280,305.268000,0.323526,0.149173,1,0,13.773030,0.018736,0.000164,0.131019,3,9,5,5,4
231,15.216130,0.036579,father,2,2,1.650660,2.000000,625.231600,585.696100,627.052000,584.817900,2.021181,632.491900,581.233900,621.612100,588.401900,632.491900,572.177400,621.612100,578.817600,-0.135562,0.231253,-5.649079,-0.332005,0.244729,-5.832109,-0.266652,-5.763018,54.740760,0.063295,0.266064,0,0,13.566130,0.036579,0.000000,0.128524,5,5,3,6,4
231,15.216130,0.036579,mother,7,10,7.000000,9.578591,530.989400,312.430400,528.538200,311.315800,2.692730,523.245300,309.606500,533.831100,313.025100,523.245300,300.038500,533.831100,303.721200,-2.108070,0.244311,1.286767,-1.916938,0.237570,1.199475,-1.968247,1.214661,305.262600,0.973206,0.206459,0,1,13.494510,0.036366,0.000136,0.113295,3,7,10,5,4
231,15.216130,0.036579,older_sister,4,9,4.000000,8.892923,433.150600,390.336500,433.046000,390.229200,0.149859,434.771600,391.341600,431.320300,389.116900,434.771600,380.065600,431.320300,376.016600,-3.705512,0.287923,-0.800289,-3.767828,0.334510,-0.743484,-3.734782,-0.774627,305.264800,0.430220,-0.083678,1,0,13.857860,0.013155,0.000164,0.134037,3,4,9,9,4
231,15.216130,0.036579,player,9,5,9.000000,4.873548,814.446700,369.608500,816.618900,370.515600,2.353976,813.750300,369.399700,819.487400,371.631500,813.750300,358.279700,819.487400,356.116500,3.137158,0.283943,-0.240019,3.240746,0.396165,-0.297004,3.149732,-0.245349,305.263200,0.341896,0.117480,1,0,13.787630,0.014605,0.000110,0.131019,3,9,5,5,4
232,15.253260,0.037529,father,2,2,1.688423,2.000000,626.828000,584.897800,627.776700,584.586900,0.998358,633.297800,581.010000,622.255700,588.163800,633.297800,572.187000,622.255700,578.275900,-0.121013,0.225292,-5.643361,-0.320383,0.252482,-5.826029,-0.237828,-5.742632,54.730300,0.110498,0.268252,0,0,13.603660,0.037529,0.000136,0.128524,5,5,3,6,4
232,15.253260,0.037529,mother,7,10,7.000000,9.615123,529.445100,311.658300,526.761000,310.425000,2.953895,520.225900,308.096100,533.296100,312.753800,520.225900,298.598600,533.296100,303.333800,-2.162588,0.242513,1.325334,-1.926597,0.240535,1.206402,-1.996131,1.234376,305.261500,0.018869,0.261353,0,1,13.530810,0.036305,0.000000,0.113295,3,7,10,5,4
232,15.253260,0.037529,older_sister,4,9,4.000000,8.905624,432.613600,390.068200,431.959800,389.676700,0.762067,434.659800,391.293600,429.259700,388.059900,434.659800,379.991400,429.259700,375.494800,-3.707531,0.288595,-0.799066,-3.805033,0.320843,-0.716494,-3.744477,-0.767776,305.248100,0.446096,-0.127280,1,0,13.870480,0.012622,0.000000,0.134037,3,4,9,9,4
232,15.253260,0.037529,player,9,5,8.999999,4.887530,813.855700,369.313100,815.731600,370.121000,2.042486,813.629400,369.352200,817.833800,370.889900,813.629400,358.196300,817.833800,355.544000,3.134974,0.284860,-0.238805,3.210889,0.391849,-0.278069,3.139060,-0.237808,305.246000,0.359375,0.084657,1,0,13.801530,0.013897,0.000031,0.131019,3,9,5,5,4
233,15.288800,0.035073,father,2,2,1.723714,2.000000,628.319900,584.151800,628.245300,584.380800,0.240863,633.550400,580.849200,622.940200,587.912400,633.550400,572.068500,622.940200,577.603200,-0.116452,0.224210,-5.639255,-0.308024,0.263239,-5.819611,-0.210890,-5.723585,54.736310,0.154612,0.260546,1,0,13.638730,0.035073,0.000136,0.128524,5,5,3,6,4
233,15.288800,0.035073,mother,7,10,7.000000,9.647685,528.068500,310.969800,526.211600,310.021900,2.084868,519.625300,307.597900,532.797900,312.445900,519.625300,298.511500,532.797900,302.879700,-2.173431,0.232014,1.338056,-1.935593,0.244267,1.214264,-2.020985,1.251954,305.270000,0.059572,0.265662,0,0,13.563170,0.032360,0.000136,0.113295,3,7,10,5,4
233,15.288800,0.035073,older_sister,4,9,4.000000,8.916791,432.141600,389.832200,431.077200,389.221500,1.227097,434.585000,391.264500,427.569300,387.178600,434.585000,379.941100,427.569300,374.972600,-3.708881,0.289138,-0.798323,-3.835554,0.311673,-0.693990,-3.752999,-0.761748,305.270900,0.460054,-0.163666,1,0,13.881580,0.011097,0.000043,0.134037,3,4,9,9,4
233,15.288800,0.035073,player,9,5,8.999999,4.899724,813.340100,369.055200,814.882800,369.731600,1.684489,813.503500,369.303200,816.262100,370.159900,813.503500,358.121200,816.262100,355.178100,3.132702,0.285527,-0.237554,3.182509,0.382552,-0.259428,3.129751,-0.231219,305.287500,0.374617,0.053292,1,0,13.813650,0.012118,0.000136,0.131019,3,9,5,5,4
234,15.324170,0.035928,father,2,2,1.759866,2.000000,629.848300,583.387700,628.804800,584.152800,1.293923,633.618700,580.783000,623.991000,587.522600,633.618700,571.977200,623.991000,576.702900,-0.115220,0.224851,-5.637564,-0.289050,0.276276,-5.809657,-0.183295,-5.704073,54.737220,0.199802,0.241289,1,0,13.674660,0.035928,0.000061,0.125131,5,5,3,6,4
234,15.324170,0.035928,mother,7,10,7.000000,9.679086,526.741100,310.306100,525.740100,309.673500,1.184151,519.123200,307.193600,532.357100,312.153400,519.123200,298.332500,532.357100,302.348100,-2.182498,0.226263,1.348380,-1.943553,0.250374,1.221734,-2.044953,1.268902,305.264500,0.098822,0.268216,0,0,13.594380,0.031206,0.000164,0.128135,3,7,10,5,4
234,15.324170,0.035928,older_sister,4,9,4.000000,8.927649,431.682600,389.602700,430.288200,388.805800,1.605994,434.534900,391.244900,426.041500,386.366800,434.534900,379.902800,426.041500,374.398200,-3.709786,0.289613,-0.797820,-3.863140,0.305609,-0.673261,-3.761287,-0.755889,305.258100,0.473627,-0.197126,1,0,13.892370,0.010791,0.000031,0.139136,3,4,9,9,4
234,15.324170,0.035928,player,9,5,8.999999,4.911486,812.842800,368.806500,814.014300,369.320500,1.279342,813.388200,369.254300,814.640400,369.386600,813.388200,358.047200,814.640400,354.834600,3.130621,0.286166,-0.236305,3.153231,0.371577,-0.239683,3.120773,-0.224872,305.258000,0.389319,0.020413,1,0,13.825340,0.011689,0.000110,0.135852,3,9,5,5,4
235,15.408620,0.079771,father,2,2,1.840133,2.000000,633.241600,581.691000,631.453700,582.749600,2.077760,634.264300,580.398000,628.643100,585.101100,634.264300,571.521900,628.643100,572.551800,-0.103561,0.226647,-5.627735,-0.205055,0.320439,-5.747825,-0.122026,-5.660749,54.735180,0.300139,0.152204,1,0,13.754430,0.029771,0.000000,0.125131,5,5,3,6,4
235,15.408620,0.079771,mother,7,10,7.000000,9.741420,524.105800,308.988500,524.957800,309.198000,0.877325,518.631800,306.955900,531.283600,311.440100,518.631800,298.171200,531.283600,300.885300,-2.191369,0.224312,1.354448,-1.962934,0.269511,1.239946,-2.092534,1.302548,305.265800,0.176741,0.252623,1,0,13.656330,0.021670,0.000220,0.128135,3,7,10,5,4
235,15.408620,0.079771,older_sister,4,9,3.999999,8.950162,430.730700,389.126600,428.744100,387.963200,2.302188,434.436100,391.200900,423.052100,384.725600,434.436100,379.834300,423.052100,373.065400,-3.711571,0.290240,-0.796697,-3.917114,0.297735,-0.631354,-3.778473,-0.743731,305.278000,0.501770,-0.263291,1,0,13.914740,0.008060,0.000205,0.139136,3,4,9,9,4
235,15.408620,0.079771,player,9,5,8.999999,4.935582,811.824200,368.297300,812.080400,368.372100,0.266862,813.160300,369.154200,811.000500,367.589900,813.160300,357.896400,811.000500,354.097200,3.126505,0.287460,-0.233748,3.087510,0.344529,-0.193805,3.102381,-0.211867,305.264600,0.419439,-0.054900,1,0,13.849290,0.008566,0.000110,0.135852,3,9,5,5,4
236,15.444550,0.040812,father,2,2,1.881199,2.000000,634.977700,580.822900,633.511500,581.598400,1.658679,634.858600,580.053600,632.164400,583.143200,634.858600,571.117800,632.164400,570.508500,-0.092831,0.228172,-5.618941,-0.141477,0.322621,-5.697832,-0.090681,-5.638583,54.733200,0.351469,0.085268,1,0,13.795250,0.040812,0.000136,0.125131,5,5,3,6,4
236,15.444550,0.040812,mother,7,10,7.000000,9.768696,522.952800,308.411800,524.547800,308.955700,1.685231,518.586500,306.953300,530.509000,310.958200,518.586500,298.132600,530.509000,299.996100,-2.192187,0.225230,1.354515,-1.976921,0.279912,1.252251,-2.113353,1.317273,305.270000,0.210836,0.234802,1,0,13.683440,0.027107,0.000301,0.128135,3,7,10,5,4
236,15.444550,0.040812,older_sister,4,9,3.999999,8.960950,430.274700,388.898800,428.070900,387.595200,2.560470,434.407800,391.182700,421.734000,384.007700,434.407800,379.800900,421.734000,372.445700,-3.712081,0.290626,-0.796233,-3.940913,0.295227,-0.613023,-3.786707,-0.737914,305.239900,0.515255,-0.292609,1,0,13.925460,0.010721,0.000000,0.139136,3,4,9,9,4
236,15.444550,0.040812,player,9,5,9.000000,4.946961,811.343100,368.056600,811.120400,367.888600,0.278956,813.055200,369.109400,809.185500,366.667800,813.055200,357.827800,809.185500,353.687000,3.124608,0.288069,-0.232605,3.054738,0.331458,-0.170261,3.093694,-0.205723,305.273400,0.433662,-0.093044,1,0,13.860590,0.011309,0.000193,0.135852,3,9,5,5,4
237,15.480350,0.035836,father,2,2,1.917258,2.000000,636.502100,580.060800,635.793800,580.392200,0.781960,635.479500,579.714700,636.108000,581.069800,635.479500,570.751000,636.108000,569.436300,-0.081620,0.228882,-5.610286,-0.070270,0.297054,-5.644887,-0.063157,-5.619124,54.740390,0.396544,0.010707,1,0,13.831080,0.035836,0.000061,0.125131,5,5,3,6,4
237,15.480350,0.035836,mother,7,10,7.000000,9.790445,522.033300,307.952300,524.083700,308.747500,2.199292,518.538800,306.954000,529.628500,310.541100,518.538800,298.095600,529.628500,299.019900,-2.193049,0.226193,1.354497,-1.992817,0.294188,1.262902,-2.129955,1.329007,305.252600,0.238024,0.216380,1,0,13.705050,0.021615,0.000136,0.128135,3,7,10,5,4
237,15.480350,0.035836,older_sister,4,9,4.000000,8.970118,429.887100,388.704700,427.551200,387.307700,2.721805,434.388100,391.177900,420.714300,383.437600,434.388100,379.775300,420.714300,371.955600,-3.712438,0.291159,-0.796110,-3.959325,0.293185,-0.598465,-3.793704,-0.732959,305.301300,0.526714,-0.315705,1,0,13.934570,0.009110,0.000273,0.139136,3,4,9,9,4
237,15.480350,0.035836,player,9,5,8.999999,4.956542,810.938000,367.854000,810.299700,367.470300,0.744738,812.970900,369.073600,807.628500,365.867000,812.970900,357.772100,807.628500,353.287700,3.123087,0.288576,-0.231690,3.026626,0.321206,-0.149813,3.086381,-0.200550,305.274400,0.445639,-0.126034,1,0,13.870120,0.009522,0.000273,0.135852,3,9,5,5,4
238,15.517250,0.036523,father,2,2,1.954008,2.000000,638.055700,579.283900,638.513100,579.024000,0.526104,636.117400,579.375100,640.908600,578.672900,636.117400,570.407100,640.908600,568.421700,-0.070102,0.228993,-5.601615,0.016406,0.261757,-5.583684,-0.035106,-5.599288,54.734050,0.442480,-0.080985,1,0,13.867600,0.036523,0.000136,0.125131,5,5,3,6,4
238,15.517250,0.036523,mother,7,10,7.000000,9.810639,521.179600,307.525400,523.279100,308.334000,2.249816,518.263800,306.820900,528.294200,309.847100,518.263800,297.959100,528.294200,297.856500,-2.198014,0.226282,1.357894,-2.016910,0.306172,1.280625,-2.145369,1.339906,305.262900,0.263264,0.192483,1,0,13.725120,0.020069,0.000136,0.128135,3,7,10,5,4
238,15.517250,0.036523,older_sister,4,9,4.000000,9.000000,428.623900,388.073100,426.276100,386.647200,2.746843,434.422000,391.192300,418.130200,382.102300,434.422000,379.649000,418.130200,370.879000,-3.711825,0.294751,-0.796477,-4.005982,0.286579,-0.564369,-3.816513,-0.716830,305.266200,0.564066,-0.374186,0,0,13.964270,0.000000,0.000336,0.139136,3,-1,-1,9,4
238,15.517250,0.036523,player,9,5,8.999999,4.966004,810.538000,367.654300,809.541900,367.081700,1.148960,812.906500,369.046000,806.177200,365.117300,812.906500,357.726400,806.177200,352.855700,3.121923,0.289039,-0.230986,3.000422,0.313094,-0.130670,3.079159,-0.195448,305.232900,0.457466,-0.157117,1,0,13.879520,0.009403,0.000000,0.135852,3,9,5,5,4
239,15.551780,0.035338,father,2,2,1.989566,2.000000,639.558900,578.532300,641.002700,577.825000,1.607745,636.647400,579.094500,645.358000,576.555500,636.647400,570.124400,645.358000,566.985100,-0.060534,0.229046,-5.594450,0.096741,0.244375,-5.529619,-0.007964,-5.580096,54.735860,0.486929,-0.165844,1,0,13.902940,0.035338,0.000086,0.125131,5,5,3,6,4
239,15.551780,0.035338,mother,7,10,7.000000,9.828512,520.424100,307.147800,522.494700,307.979100,2.231282,518.029300,306.719900,526.960100,309.238400,518.029300,297.853900,526.960100,296.877900,-2.202248,0.226387,1.360475,-2.040999,0.315618,1.296166,-2.159010,1.349549,305.256600,0.285605,0.168794,1,0,13.742880,0.017762,0.000031,0.128135,3,7,10,5,4
239,15.551780,0.035338,older_sister,4,9,4.000000,9.000000,428.623900,388.073100,426.276100,386.647200,2.746843,434.422000,391.192300,418.130200,382.102300,434.422000,379.649000,418.130200,370.879000,-3.711825,0.294751,-0.796477,-4.005982,0.286579,-0.564369,-3.816513,-0.716830,305.266200,0.564066,-0.374186,0,0,13.964270,0.000000,0.000336,0.139136,3,-1,-1,9,4
239,15.551780,0.035338,player,9,5,9.000000,5.000000,809.100900,366.935500,807.146100,365.792900,2.264220,812.750400,368.981200,801.542000,362.604600,812.750400,357.616600,801.542000,350.928000,3.119104,0.290191,-0.229333,2.916730,0.298155,-0.066508,3.053210,-0.177096,305.270100,0.499960,-0.259246,0,0,13.913300,0.000000,0.000183,0.135852,3,-1,-1,5,4
240,15.596160,0.035167,father,2,2,2.024952,2.000000,641.054800,577.784200,643.156200,576.816500,2.313470,637.111000,578.858600,649.201400,574.774500,637.111000,569.876100,649.201400,565.402500,-0.052163,0.229364,-5.588427,0.166137,0.239308,-5.484140,0.019046,-5.560991,54.727710,0.531160,-0.238445,1,0,13.938110,0.035167,0.000273,0.128677,5,5,3,6,4
240,15.596160,0.035167,mother,7,10,7.000000,9.844866,519.732700,306.801900,521.704300,307.640500,2.142549,517.799100,306.622100,525.609500,308.658900,517.799100,297.740400,525.609500,296.048800,-2.206404,0.226789,1.362973,-2.065385,0.321992,1.310964,-2.171494,1.358380,305.275500,0.306047,0.145161,1,0,13.759130,0.016253,0.000164,0.126896,3,7,10,5,4
240,15.596160,0.035167,older_sister,4,9,4.000000,9.000000,428.623900,388.073100,426.276100,386.647200,2.746843,434.422000,391.192300,418.130200,382.102300,434.422000,379.649000,418.130200,370.879000,-3.711825,0.294751,-0.796477,-4.005982,0.286579,-0.564369,-3.816513,-0.716830,305.266200,0.564066,-0.374186,0,0,13.964270,0.000000,0.000336,0.138250,3,1,10,5,4
240,15.596160,0.035167,player,9,5,9.000000,5.000000,809.100900,366.935500,807.146100,365.792900,2.264220,812.750400,368.981200,801.542000,362.604600,812.750400,357.616600,801.542000,350.928000,3.119104,0.290191,-0.229333,2.916730,0.298155,-0.066508,3.053210,-0.177096,305.270100,0.499960,-0.259246,0,0,13.913300,0.000000,0.000183,0.139725,3,8,3,4,4
241,15.687890,0.088526,father,2,2,2.105451,2.000000,644.457900,576.082900,644.816500,575.807100,0.452389,637.715500,578.498400,651.917600,573.115800,637.715500,569.003800,651.917600,564.213400,-0.041247,0.242438,-5.579227,0.215178,0.227316,-5.441786,0.080490,-5.517550,54.739460,0.631784,-0.288725,0,0,14.018110,0.030000,0.000000,0.128677,5,5,3,6,4
241,15.687890,0.088526,mother,7,10,7.000000,9.877974,518.333000,306.102200,519.910900,306.839900,1.741813,517.265900,306.394900,522.555800,307.284900,517.265900,297.463600,522.555800,294.616300,-2.216032,0.228056,1.368774,-2.120519,0.323486,1.346048,-2.196765,1.376247,305.261700,0.347433,0.091109,1,0,13.792040,0.011586,0.000086,0.126896,3,7,10,5,4
241,15.687890,0.088526,older_sister,4,9,3.974240,9.000000,427.534900,388.617900,425.741000,388.524100,1.796271,436.327000,388.879200,415.155200,388.169000,436.327000,377.135800,415.155200,377.212300,-3.677429,0.299861,-0.737416,-4.059699,0.279774,-0.719281,-3.836176,-0.730743,270.569100,0.596266,-0.382430,0,0,13.989870,0.015600,0.000031,0.138250,1,1,10,5,4
241,15.687890,0.088526,player,9,5,9.000000,4.974240,810.189900,367.479900,812.151600,365.755700,2.611695,806.689000,370.855900,817.614100,360.655600,806.689000,359.440200,817.614100,349.209700,3.009663,0.291492,-0.277200,3.206921,0.292265,-0.016741,3.072873,-0.190998,33.791530,0.532160,-0.326169,0,0,13.938900,0.015600,0.000273,0.139725,7,8,3,4,4
242,15.735610,0.048155,father,2,2,2.162485,2.000000,646.869000,574.877300,645.398700,575.396300,1.559261,638.655300,577.837200,652.142100,572.955400,638.655300,567.537700,652.142100,564.103400,-0.024279,0.262991,-5.562345,0.219232,0.226032,-5.437693,0.124025,-5.486765,54.734830,0.703075,-0.270793,0,1,14.074790,0.006681,0.000136,0.128677,5,5,3,6,4
242,15.735610,0.048155,mother,7,10,7.000000,9.898445,517.467600,305.669400,518.629500,306.247000,1.297562,516.894600,306.228000,520.364400,306.266000,516.894600,297.272900,520.364400,294.008500,-2.222737,0.228663,1.373035,-2.160086,0.312988,1.372064,-2.212391,1.387299,305.270600,0.373022,0.051711,1,0,13.812380,0.002266,0.000164,0.126896,3,7,10,5,4
242,15.735610,0.048155,older_sister,4,9,3.925356,9.000000,425.468300,389.651100,425.932200,389.687800,0.465348,436.239900,387.539800,415.624500,391.835900,436.239900,375.154100,415.624500,381.003700,-3.679002,0.316263,-0.703213,-4.051224,0.276595,-0.812913,-3.873489,-0.757125,251.687500,0.657372,-0.387840,0,1,14.038450,0.006681,0.000068,0.138250,1,1,10,5,4
242,15.735610,0.048155,player,9,5,9.000000,4.925357,812.256500,368.513600,814.172700,368.417300,1.918616,803.642700,369.178500,824.702800,367.656200,803.642700,357.457700,824.702800,356.683800,2.954660,0.299283,-0.234368,3.334912,0.280172,-0.195497,3.110188,-0.217391,81.943380,0.593266,-0.381947,0,0,13.987480,0.006681,0.000031,0.139725,7,8,3,4,4
243,15.774430,0.046425,father,2,2,2.209199,2.000000,648.843900,573.889800,646.747600,574.675400,2.238734,641.197900,576.431400,652.297200,572.919400,641.197900,565.144900,652.297200,564.001300,0.021629,0.288194,-5.526449,0.222033,0.227718,-5.436771,0.159682,-5.461550,54.733890,0.761469,-0.215403,0,1,14.121210,0.046425,0.000136,0.128677,5,5,3,6,4
243,15.774430,0.046425,mother,7,10,7.000000,9.913707,516.822400,305.346800,517.598300,305.753900,0.876252,516.615400,306.098800,518.581300,305.409100,516.615400,297.135600,518.581300,293.646500,-2.227778,0.228871,1.376335,-2.192282,0.300349,1.393946,-2.224040,1.395536,305.261800,0.392099,0.018816,1,0,13.827550,0.015166,0.000136,0.126896,3,7,10,5,4
243,15.774430,0.046425,older_sister,4,9,3.878642,9.000000,423.493400,390.638500,425.731400,389.878700,2.363483,433.862500,386.232200,417.600500,393.525200,433.862500,373.103900,417.600500,382.685500,-3.721928,0.335223,-0.669825,-4.015547,0.276785,-0.856047,-3.909147,-0.782336,234.738200,0.715763,-0.347255,0,1,14.084880,0.046425,0.000164,0.138250,1,1,10,5,4
243,15.774430,0.046425,player,9,5,9.000000,4.878643,814.231300,369.500800,814.167200,369.324400,0.187616,805.570100,364.725600,822.764300,373.923200,805.570100,352.413300,822.764300,363.081100,2.989460,0.314388,-0.120667,3.299912,0.276848,-0.355523,3.145844,-0.242599,125.258800,0.651657,-0.389076,0,1,14.033910,0.046425,0.000164,0.139725,7,8,3,4,4
244,15.814530,0.040784,father,2,2,2.250237,2.000000,650.578900,573.022400,648.823100,573.744100,1.898295,644.963500,574.736000,652.682600,572.752200,644.963500,562.773000,652.682600,563.745600,0.089620,0.305469,-5.483159,0.228991,0.229979,-5.432503,0.191007,-5.439403,54.738640,0.812767,-0.143044,0,1,14.162000,0.040784,0.000061,0.128677,5,5,3,6,4
244,15.814530,0.040784,mother,7,10,7.000000,9.926219,516.293500,305.082400,516.710400,305.319800,0.479833,516.389900,305.993000,517.031000,304.646600,516.389900,297.028500,517.031000,293.346800,-2.231849,0.228904,1.379036,-2.220273,0.288534,1.413415,-2.233590,1.402288,305.260000,0.407740,-0.010395,1,0,13.839980,0.012435,0.000110,0.126896,3,7,10,5,4
244,15.814530,0.040784,older_sister,4,9,3.837604,9.000000,421.758500,391.506000,424.409500,390.670900,2.779390,430.890100,387.958900,417.928900,393.383000,430.890100,373.692900,417.928900,382.491900,-3.775594,0.364274,-0.713914,-4.009617,0.278099,-0.852417,-3.940471,-0.804488,234.732300,0.767061,-0.271042,0,1,14.125660,0.040784,0.000043,0.138250,1,1,10,5,4
244,15.814530,0.040784,player,9,5,9.000000,4.837605,815.966100,370.368500,814.488600,369.291100,1.828565,806.583800,364.949300,822.393600,373.632900,806.583800,351.998200,822.393600,362.806600,3.007762,0.330698,-0.126379,3.293218,0.276444,-0.348111,3.177166,-0.264755,125.274000,0.702955,-0.361093,0,1,14.074690,0.040784,0.000136,0.139725,7,8,3,4,4
245,15.853240,0.038972,father,2,2,2.289453,2.000000,652.236700,572.193200,651.401100,572.571000,0.917046,649.622200,572.612500,653.179900,572.529500,649.622200,560.985400,653.179900,563.401400,0.173735,0.296892,-5.428935,0.237971,0.233080,-5.426816,0.220941,-5.418230,54.727720,0.861784,-0.053668,0,1,14.200970,0.038972,0.000273,0.128677,5,5,3,6,4
245,15.853240,0.038972,mother,7,10,7.000000,9.937521,515.815700,304.843500,515.869600,304.903400,0.080576,516.183600,305.895600,515.555600,303.911100,516.183600,296.930100,515.555600,293.066200,-2.235574,0.228929,1.381523,-2.246913,0.276920,1.432194,-2.242217,1.408387,305.261800,0.421867,-0.038512,1,0,13.851220,0.011232,0.000086,0.126896,3,7,10,5,4
245,15.853240,0.038972,older_sister,4,9,3.798389,9.000000,420.100700,392.334800,422.197700,391.629100,2.212581,426.427100,389.909800,417.968300,393.348500,426.427100,374.828700,417.968300,382.336100,-3.856178,0.385085,-0.763729,-4.008905,0.281194,-0.851535,-3.970404,-0.825652,234.738300,0.816080,-0.175397,0,1,14.164630,0.038972,0.000136,0.138250,1,1,10,5,4
245,15.853240,0.038972,player,9,5,9.000000,4.798389,817.624000,371.197300,815.586600,369.719500,2.516959,809.208700,366.026500,821.964400,373.412400,809.208700,352.073600,821.964400,362.546300,3.055158,0.356278,-0.153883,3.285467,0.277460,-0.342480,3.207101,-0.285919,125.260000,0.751974,-0.296931,0,1,14.113670,0.038972,0.000000,0.139725,7,8,3,4,4
246,15.891200,0.037815,father,2,2,2.327503,2.000000,653.845300,571.388900,654.181200,571.197600,0.386557,654.759000,570.071700,653.603100,572.323400,654.759000,559.532300,653.603100,563.120600,0.266484,0.269118,-5.364058,0.245612,0.234990,-5.421555,0.249984,-5.397692,54.734600,0.909348,0.050238,0,1,14.238790,0.037815,0.000329,0.130294,5,5,3,6,4
246,15.891200,0.037815,mother,7,10,7.000000,9.947990,515.373000,304.621900,515.080200,304.508100,0.314181,515.993500,305.807300,514.167000,303.209000,515.993500,296.840500,514.167000,292.750500,-2.239007,0.228961,1.383778,-2.271985,0.267051,1.450123,-2.250209,1.414043,305.290000,0.434954,-0.065247,1,0,13.861620,0.010404,0.000329,0.128922,3,7,10,5,4
246,15.891200,0.037815,older_sister,4,9,3.760338,9.000000,418.492100,393.139200,419.437100,392.833600,0.993193,421.019500,392.291200,417.854800,393.375900,421.019500,377.605900,417.854800,382.188500,-3.953815,0.374979,-0.824538,-4.010956,0.285664,-0.852236,-3.999448,-0.846190,234.734700,0.863642,-0.062647,0,1,14.202450,0.037815,0.000110,0.133591,1,1,10,5,4
246,15.891200,0.037815,player,9,5,9.000000,4.760338,819.232700,372.001600,817.443700,370.679700,2.224367,813.020100,368.001300,821.867400,373.358200,813.020100,353.132700,821.867400,362.398200,3.123974,0.379661,-0.204310,3.283715,0.279856,-0.341095,3.236145,-0.306457,125.265700,0.799536,-0.209402,0,1,14.151480,0.037815,0.000000,0.127977,7,8,3,4,4
247,15.981890,0.083615,father,2,2,2.408002,2.000000,657.248400,569.687600,659.929700,568.222800,3.055294,665.201100,564.642300,654.658200,571.803300,665.201100,555.047500,654.658200,562.408800,0.455020,0.244999,-5.225423,0.264663,0.239885,-5.408274,0.311429,-5.354250,54.739460,0.009970,0.260992,0,1,14.318790,0.030000,0.000086,0.130294,5,5,3,6,4
247,15.981890,0.083615,mother,7,10,7.000000,9.968976,514.485800,304.178600,513.543600,303.728500,1.044190,515.640300,305.641600,511.447000,301.815300,515.640300,296.670400,511.447000,291.959100,-2.245384,0.229075,1.388007,-2.321096,0.251673,1.485710,-2.266227,1.425366,305.254800,0.461186,-0.118221,1,0,13.882480,0.007623,0.000136,0.128922,3,7,10,5,4
247,15.981890,0.083615,older_sister,4,9,3.679840,9.000000,415.089100,394.840600,412.494500,396.350500,3.001902,407.238900,399.294300,417.750200,393.406800,407.238900,387.260700,417.750200,381.924800,-4.202631,0.307271,-1.003357,-4.012844,0.293187,-0.853024,-4.060893,-0.889636,234.737000,0.964266,0.241755,0,1,14.282450,0.030000,0.000136,0.133591,1,1,10,5,4
247,15.981890,0.083615,player,9,5,9.000000,4.679840,822.635700,373.703100,822.931000,373.731900,0.296684,823.937000,374.026500,821.925200,373.437200,823.937000,360.336600,821.925200,362.139900,3.321084,0.349562,-0.358159,3.284760,0.288470,-0.343112,3.297590,-0.349902,125.262800,0.900160,0.038346,0,1,14.231480,0.030000,0.000031,0.127977,7,8,3,4,4
248,16.020310,0.045842,father,2,2,2.457766,2.000000,659.352200,568.635700,661.019700,567.862100,1.838226,666.485300,564.275900,655.554100,571.448200,666.485300,555.283300,655.554100,561.816800,0.478207,0.229621,-5.216065,0.280837,0.245935,-5.399208,0.349415,-5.327391,54.736050,0.072176,0.266889,0,0,14.368240,0.049457,0.000086,0.130294,5,5,3,6,4
248,16.020310,0.045842,mother,7,10,7.000000,10.000000,513.174300,303.522900,511.537200,302.665900,1.847847,515.185600,305.423800,507.888900,299.907900,515.185600,296.456600,507.888900,290.417000,-2.253593,0.228972,1.393569,-2.385340,0.242346,1.534414,-2.289908,1.442108,305.260000,0.499966,-0.188885,0,0,13.913310,0.000000,0.000061,0.128922,3,-1,-1,5,4
248,16.020310,0.045842,older_sister,4,9,3.630075,9.000000,412.985200,395.892400,409.943600,397.613100,3.494626,402.394700,401.725700,417.492500,393.500500,402.394700,390.172100,417.492500,381.777900,-4.290095,0.295013,-1.065442,-4.017496,0.299331,-0.855417,-4.098878,-0.916491,234.739900,0.026470,0.343834,0,1,14.331900,0.049457,0.000314,0.133591,1,1,10,5,4
248,16.020310,0.045842,player,9,5,9.000000,4.630075,824.739500,374.754800,827.540300,375.945300,3.043283,833.074500,378.401000,822.006100,373.489600,833.074500,366.336100,822.006100,362.014200,3.486067,0.308069,-0.469859,3.286220,0.293019,-0.344450,3.335575,-0.376758,125.260100,0.962366,0.235580,0,1,14.280940,0.049457,0.000220,0.127977,7,8,3,4,4
249,16.057420,0.037144,father,2,2,2.495142,2.000000,660.932300,567.845700,661.704100,567.639500,0.798929,667.216200,564.069600,656.192000,571.209200,667.216200,555.265900,656.192000,561.254300,0.491405,0.224797,-5.210799,0.292356,0.254195,-5.393105,0.377943,-5.307219,54.736510,0.118897,0.267777,0,0,14.405390,0.037144,0.000086,0.130294,5,5,3,6,4
249,16.057420,0.037144,mother,7,10,7.000000,10.000000,513.174300,303.522900,511.537200,302.665900,1.847847,515.185600,305.423800,507.888900,299.907900,515.185600,296.456600,507.888900,290.417000,-2.253593,0.228972,1.393569,-2.385340,0.242346,1.534414,-2.289908,1.442108,305.260000,0.499966,-0.188885,0,0,13.913310,0.000000,0.000061,0.128922,3,-1,-1,5,4
249,16.057420,0.037144,older_sister,4,9,3.592699,8.999999,411.405200,396.682800,409.354900,397.694300,2.286188,401.587600,401.830000,417.122200,393.558500,401.587600,390.752300,417.122200,381.605200,-4.304667,0.282864,-1.068106,-4.024182,0.305222,-0.856898,-4.127407,-0.936675,234.721300,0.073191,0.350959,0,0,14.369050,0.037144,0.000068,0.133591,1,1,10,5,4
249,16.057420,0.037144,player,9,5,9.000000,4.592699,826.319600,375.544800,830.052500,377.159500,4.067108,838.027000,380.789100,822.078000,373.529900,838.027000,369.023300,822.078000,361.877000,3.575487,0.300432,-0.530837,3.287520,0.297552,-0.345480,3.364105,-0.396931,125.263500,0.009085,0.342141,0,1,14.318080,0.037144,0.000273,0.127977,7,8,3,4,4
250,16.104430,0.039515,father,3,2,2.534903,2.000000,662.613200,567.005100,662.228300,567.404200,0.554418,667.410000,563.907700,657.046600,570.900600,667.410000,555.126300,657.046600,560.435100,0.494902,0.224228,-5.206664,0.307787,0.267230,-5.385224,0.408293,-5.285754,54.729570,0.168598,0.255875,1,0,14.444900,0.039515,0.000273,0.130294,5,5,3,6,4
250,16.104430,0.039515,mother,7,10,7.006284,10.000000,513.440000,303.389800,512.375700,302.041100,1.718035,514.295100,305.839500,510.456400,298.242700,514.295100,296.871800,510.456400,288.789600,-2.269672,0.228983,1.382956,-2.338982,0.241379,1.576936,-2.285111,1.445508,329.279600,0.507820,-0.202166,1,0,13.919550,0.006246,0.000301,0.128922,5,11,10,5,4
250,16.104430,0.039515,older_sister,4,9,3.552938,8.999999,409.724300,397.523000,408.917800,397.735800,0.834031,401.145600,401.837600,416.690100,393.634000,401.145600,390.940000,416.690100,381.284000,-4.312649,0.278263,-1.068299,-4.031984,0.315350,-0.858825,-4.157756,-0.958129,234.743200,0.122892,0.350101,0,0,14.408560,0.039515,0.000178,0.133591,1,1,10,5,4
250,16.104430,0.039515,player,9,5,9.000000,4.552938,828.000500,376.385500,830.435700,377.551900,2.700170,838.508400,381.319100,822.362900,373.784700,838.508400,370.122900,822.362900,361.917900,3.584181,0.285891,-0.544372,3.292664,0.303012,-0.351986,3.394453,-0.418396,125.271200,0.058786,0.349096,0,0,14.357600,0.039515,0.000061,0.127977,7,8,3,4,4
251,16.145850,0.045292,father,3,2,2.580477,2.000000,664.539800,566.041800,662.994100,567.060000,1.850930,667.436800,563.857500,658.551300,570.262600,667.436800,555.014200,658.551300,559.012800,0.495388,0.225808,-5.205381,0.334953,0.287256,-5.368931,0.443080,-5.261157,54.736480,0.225565,0.225420,1,0,14.490190,0.045292,0.000193,0.130294,5,5,3,6,4
251,16.145850,0.045292,mother,7,10,7.028948,10.000000,514.398100,302.910900,514.357800,301.106900,1.804464,513.598500,305.951600,515.117200,296.262200,513.598500,296.962100,515.117200,286.904700,-2.282249,0.229543,1.380092,-2.254829,0.238938,1.627506,-2.267812,1.457734,356.811000,0.536150,-0.245506,0,0,13.942080,0.022523,0.000110,0.128922,5,11,10,5,4
251,16.145850,0.045292,older_sister,4,9,3.507364,8.999999,407.797600,398.486500,408.671200,397.764600,1.133254,401.582900,401.691500,415.759500,393.837700,401.582900,390.758800,415.759500,380.854200,-4.304752,0.279162,-1.064569,-4.048787,0.331527,-0.864028,-4.192543,-0.982730,234.732100,0.179859,0.324779,1,0,14.453860,0.045292,0.000068,0.133591,1,1,10,5,4
251,16.145850,0.045292,player,9,5,9.000000,4.507364,829.927200,377.348800,830.704600,377.913500,0.960787,838.789200,381.746000,822.619900,374.080900,838.789200,370.841800,822.619900,361.798300,3.589250,0.278432,-0.555273,3.297305,0.313628,-0.359549,3.429241,-0.442993,125.262700,0.115753,0.351374,0,0,14.402890,0.045292,0.000136,0.127977,7,8,3,4,4
252,16.187560,0.042010,father,3,2,2.622748,2.000000,666.326800,565.148400,664.530200,566.265400,2.115609,667.870500,563.613500,661.189700,568.917300,667.870500,554.750100,661.189700,556.666700,0.503219,0.226321,-5.199151,0.382593,0.312813,-5.334582,0.475346,-5.238345,54.739780,0.278404,0.176679,1,0,14.532200,0.042010,0.000061,0.124129,5,5,3,6,4
252,16.187560,0.042010,mother,7,10,7.064717,10.000000,515.910200,302.154600,516.750000,300.811900,1.583650,512.765300,305.638000,520.734800,295.985800,512.765300,296.504800,520.734800,286.870900,-2.297295,0.233211,1.388101,-2.153400,0.232745,1.634562,-2.240510,1.477048,22.347380,0.580860,-0.282663,0,0,13.977620,0.035548,0.000382,0.125117,5,11,10,5,4
252,16.187560,0.042010,older_sister,3,9,3.465093,8.999999,406.010600,399.379800,408.173800,397.942600,2.597139,402.143300,401.417500,414.204400,394.467800,402.143300,390.418300,414.204400,380.629200,-4.294634,0.280857,-1.057573,-4.076865,0.353359,-0.880116,-4.224809,-1.005542,234.739500,0.232698,0.280261,1,0,14.495860,0.042010,0.000178,0.130858,1,1,10,5,4
252,16.187560,0.042010,player,9,4,9.000000,4.465093,831.714200,378.242300,830.809600,378.044900,0.925840,838.541600,381.562900,823.077600,374.526700,838.541600,370.640600,823.077600,361.667700,3.584780,0.278895,-0.550598,3.305568,0.328349,-0.370933,3.461506,-0.465809,125.265900,0.168593,0.331705,1,0,14.444900,0.042010,0.000086,0.129342,7,8,3,4,4
253,16.284130,0.086074,father,3,2,2.703247,2.000000,669.729900,563.447000,668.677200,563.968300,1.174708,669.057400,562.933900,668.297100,565.002700,669.057400,553.974900,668.297100,552.892300,0.524647,0.228762,-5.181798,0.510918,0.309233,-5.234624,0.536790,-5.194899,54.737090,0.379026,0.041707,1,0,14.612200,0.030000,0.000000,0.124129,5,5,3,6,4
253,16.284130,0.086074,mother,7,10,7.145216,10.000000,519.313300,300.453200,518.352500,300.741600,1.003104,511.381100,303.324700,525.324000,298.158600,511.381100,293.269000,525.324000,289.323600,-2.322286,0.256766,1.447170,-2.070540,0.225597,1.579083,-2.179065,1.520490,54.739560,0.681484,-0.281713,0,1,14.057620,0.030000,0.000193,0.125117,5,11,10,5,4
253,16.284130,0.086074,older_sister,3,9,3.384594,8.999999,402.607500,401.081600,404.622100,399.867700,2.352096,401.849700,401.591600,407.394600,398.143800,401.849700,390.489600,407.394600,382.615400,-4.299936,0.283482,-1.062019,-4.199820,0.396508,-0.973980,-4.286253,-1.048996,234.732100,0.333321,0.132575,1,0,14.575860,0.030000,0.000000,0.130858,1,1,10,5,4
253,16.284130,0.086074,player,9,4,9.000000,4.384594,835.117300,379.943600,832.368700,378.967000,2.916946,837.958900,381.281500,826.778500,376.652500,837.958900,370.268100,826.778500,361.968500,3.574258,0.281221,-0.543411,3.372389,0.374948,-0.425213,3.522952,-0.509250,125.259900,0.269215,0.233068,1,0,14.524900,0.030000,0.000329,0.129342,7,8,3,4,4
254,16.344430,0.061432,father,3,2,2.771173,2.000000,672.601600,562.011100,673.574500,561.506500,1.096017,670.204500,562.322400,676.944500,560.690600,670.204500,553.350800,676.944500,550.875400,0.545358,0.229088,-5.166186,0.667054,0.250626,-5.124517,0.588639,-5.158236,54.735320,0.463934,-0.123422,1,0,14.679710,0.017506,0.000061,0.124129,5,5,3,6,4
254,16.344430,0.061432,mother,7,10,7.213142,10.000000,522.184900,299.017300,520.088600,299.805000,2.239463,514.676900,301.492100,525.500200,298.117800,514.676900,290.127600,525.500200,289.193700,-2.262780,0.290185,1.493965,-2.067357,0.227873,1.580123,-2.127217,1.557156,54.732480,0.766392,-0.209303,0,1,14.125130,0.017506,0.000301,0.125117,5,11,10,5,4
254,16.344430,0.061432,older_sister,3,9,3.316668,8.999999,399.735900,402.517100,399.961500,402.350900,0.280205,401.291400,401.927800,398.631500,402.774000,401.291400,390.672100,398.631500,389.234900,-4.310017,0.287407,-1.070604,-4.358042,0.345713,-1.092211,-4.338102,-1.085650,234.741800,0.418228,-0.051688,1,0,14.643370,0.017506,0.000246,0.130858,1,1,10,5,4
254,16.344430,0.061432,player,9,4,9.000000,4.316668,837.989000,381.379600,836.013900,380.535100,2.148072,838.354200,381.414200,833.673500,379.656000,838.354200,370.268300,833.673500,364.233600,3.581395,0.284603,-0.546799,3.496882,0.393802,-0.501905,3.574801,-0.545917,125.267100,0.354124,0.094924,1,0,14.592400,0.017506,0.000193,0.129342,7,8,3,4,4
255,16.405950,0.062288,father,3,2,2.833849,2.000000,675.251200,560.686300,677.422800,559.692800,2.388088,671.027300,561.899300,683.818100,557.486300,671.027300,552.898800,683.818100,548.148200,0.560217,0.229822,-5.155380,0.791161,0.238445,-5.042698,0.636479,-5.124407,54.735150,0.542280,-0.253621,0,0,14.742000,0.012288,0.000086,0.124129,5,5,3,6,4
255,16.405950,0.062288,mother,7,10,7.275818,10.000000,524.834500,297.692400,523.619500,298.238800,1.332202,521.073100,298.654100,526.165800,297.823400,521.073100,286.743700,526.165800,288.733100,-2.147291,0.304127,1.566429,-2.055338,0.232116,1.587641,-2.079376,1.590984,54.735910,0.844736,-0.087326,0,1,14.187420,0.012288,0.000356,0.125117,5,11,10,5,4
255,16.405950,0.062288,older_sister,3,9,3.253991,8.999999,397.086200,403.841900,394.985600,404.736000,2.282959,400.925200,402.142700,389.046000,407.329200,400.925200,390.781300,389.046000,395.621200,-4.316628,0.290106,-1.076091,-4.531114,0.298956,-1.208525,-4.385943,-1.119480,234.734500,0.496574,-0.251588,1,0,14.705660,0.012288,0.000232,0.130858,1,1,10,5,4
255,16.405950,0.062288,player,9,4,8.999999,4.253992,840.638500,382.704400,840.820000,382.851100,0.233320,838.957900,381.668300,842.682100,384.033900,838.957900,370.388700,842.682100,371.011600,3.592295,0.288017,-0.553289,3.659538,0.332516,-0.613693,3.622641,-0.579745,125.264600,0.432468,-0.089779,1,0,14.654690,0.012288,0.000136,0.129342,7,8,3,4,4
256,16.465720,0.059911,father,3,2,2.894134,2.000000,677.799700,559.412000,678.522000,558.983600,0.839751,671.447600,561.659800,685.596300,556.307500,671.447600,552.291900,685.596300,547.371500,0.567804,0.239202,-5.149264,0.823265,0.228176,-5.012597,0.682494,-5.091868,54.734480,0.617636,-0.287487,0,0,14.801910,0.009911,0.000136,0.124129,5,5,3,6,4
256,16.465720,0.059911,mother,7,10,7.336103,10.000000,527.383200,296.418200,528.026900,296.068300,0.732639,529.182900,294.650400,526.870800,297.486300,529.182900,284.367100,526.870800,288.268300,-2.000864,0.262576,1.668663,-2.042610,0.235377,1.596249,-2.033360,1.623521,54.737260,0.920094,0.075893,0,1,14.247330,0.009911,0.000246,0.125117,5,11,10,5,4
256,16.465720,0.059911,older_sister,3,9,3.193706,8.999999,394.537700,405.116400,392.012300,406.143400,2.726261,400.921700,402.144700,383.102800,410.142100,400.921700,390.557000,383.102800,398.976200,-4.316691,0.295884,-1.076141,-4.638422,0.285115,-1.280351,-4.431958,-1.152023,234.731200,0.571930,-0.380591,0,0,14.765570,0.009911,0.000068,0.130858,1,1,10,5,4
256,16.465720,0.059911,player,9,4,8.999999,4.193707,843.187100,383.978900,845.277000,385.208600,2.424762,839.291600,381.810500,851.262300,388.606600,839.291600,370.437600,851.262300,376.994300,3.598321,0.290401,-0.556921,3.814457,0.296514,-0.730454,3.668656,-0.612288,125.269000,0.507824,-0.276665,1,0,14.714600,0.009911,0.000000,0.129342,7,8,3,4,4
257,16.527170,0.061697,father,3,2,2.956215,2.000000,680.424200,558.099700,679.132600,558.533400,1.362442,672.289700,561.035300,685.975600,556.031400,672.289700,550.817400,685.975600,547.190000,0.583007,0.260907,-5.133319,0.830115,0.225761,-5.005548,0.729881,-5.058360,54.734720,0.695238,-0.275531,0,1,14.863610,0.011697,0.000136,0.124129,5,5,3,6,4
257,16.527170,0.061697,mother,7,10,7.398184,10.000000,530.007700,295.106200,532.814100,293.563600,3.202404,537.980100,290.029400,527.647900,297.097900,537.980100,280.345000,527.647900,287.737700,-1.842026,0.247285,1.786657,-2.028578,0.239007,1.606167,-1.985973,1.657025,54.738720,0.997694,0.256524,0,1,14.309030,0.011697,0.000086,0.125117,5,11,10,5,4
257,16.527170,0.061697,older_sister,3,9,3.131625,8.999999,391.913200,406.428700,392.094600,406.473100,0.186767,401.099600,402.269900,383.089500,410.676400,401.099600,389.984400,383.089500,399.830100,-4.313479,0.313703,-1.079339,-4.638661,0.276954,-1.293993,-4.479345,-1.185531,234.735700,0.649532,-0.389440,0,1,14.827270,0.011697,0.000031,0.130858,1,1,10,5,4
257,16.527170,0.061697,player,9,4,8.999999,4.131625,845.811600,385.291200,847.576800,386.339900,2.053166,839.196500,381.754500,855.957000,390.925300,839.196500,370.086800,855.957000,379.887000,3.596605,0.297929,-0.555490,3.899222,0.281856,-0.789661,3.716043,-0.645797,125.265500,0.585426,-0.382285,0,0,14.776300,0.011697,0.000031,0.129342,7,8,3,4,4
258,16.586690,0.060291,father,3,2,3.016881,2.000000,682.989000,556.817400,680.901200,557.605200,2.231395,675.627000,559.226000,686.175500,555.984400,675.627000,547.787700,686.175500,547.054400,0.643265,0.292069,-5.087119,0.833725,0.228022,-5.004349,0.776190,-5.025618,54.738450,0.771071,-0.203299,0,1,14.923900,0.010291,0.000000,0.113886,5,5,3,6,4
258,16.586690,0.060291,mother,7,10,7.458851,10.000000,532.572400,293.823700,534.216100,293.066000,1.809934,539.684900,289.479400,528.747200,296.652400,539.684900,280.495500,528.747200,287.013200,-1.811244,0.229399,1.800699,-2.008732,0.246133,1.617541,-1.939666,1.689771,54.734140,0.073528,0.266995,0,0,14.369320,0.010291,0.000164,0.131169,5,11,10,5,4
258,16.586690,0.060291,older_sister,3,9,3.070958,8.999999,389.348500,407.711100,391.756600,406.886000,2.545525,399.642700,403.381500,383.870500,410.390600,399.642700,390.040200,383.870500,399.548000,-4.339786,0.340663,-1.107723,-4.624560,0.276859,-1.286694,-4.525652,-1.218277,234.734100,0.725367,-0.335846,0,1,14.887560,0.010291,0.000043,0.125311,1,1,10,5,4
258,16.586690,0.060291,player,9,4,8.999999,4.070958,848.376300,386.573600,848.028400,386.213900,0.500382,839.491300,381.633500,856.565500,390.794400,839.491300,369.197100,856.565500,379.967900,3.601927,0.317556,-0.552399,3.910210,0.276447,-0.786318,3.762350,-0.678542,125.264800,0.661261,-0.386765,0,1,14.836590,0.010291,0.000061,0.124299,7,8,3,4,4
259,16.688970,0.102461,father,3,2,3.097380,2.000000,686.392000,555.115700,685.779800,555.390500,0.671048,684.464100,555.205500,687.095400,555.575500,684.464100,543.779300,687.095400,546.429600,0.802824,0.291761,-4.984458,0.850334,0.233535,-4.993906,0.837633,-4.982165,54.731740,0.871695,-0.033334,0,1,15.003900,0.030000,0.000273,0.113886,5,5,3,6,4
259,16.688970,0.102461,mother,8,10,7.539350,10.000000,535.975400,292.122300,535.468600,292.588900,0.688879,540.594400,289.110300,530.342800,296.067500,540.594400,280.326800,530.342800,285.540900,-1.794824,0.224281,1.810127,-1.979922,0.268789,1.632478,-1.878222,1.733216,54.736820,0.174151,0.253697,1,0,14.449320,0.030000,0.000086,0.131169,5,11,10,5,4
259,16.688970,0.102461,older_sister,3,9,2.990459,8.999999,385.945400,409.412600,387.854800,408.734000,2.026382,391.566700,407.214400,384.142800,410.253700,391.566700,392.058000,384.142800,399.202700,-4.485601,0.387009,-1.205593,-4.619643,0.282181,-1.283200,-4.587098,-1.261722,234.737400,0.825989,-0.154252,0,1,14.967560,0.030000,0.000031,0.125311,1,1,10,5,4
259,16.688970,0.102461,player,9,4,8.999999,3.990459,851.779400,388.274900,849.765600,386.782000,2.506826,843.783300,383.264300,855.748000,390.299600,843.783300,369.102800,855.748000,379.416800,3.679420,0.361605,-0.594042,3.895451,0.277884,-0.773683,3.823795,-0.721983,125.260600,0.761883,-0.280103,0,1,14.916590,0.030000,0.000164,0.124299,7,8,3,4,4
260,16.747060,0.058619,father,3,2,3.177879,2.000000,689.795000,553.414400,692.074900,552.164800,2.599833,696.073300,549.230200,688.076500,555.099400,696.073300,539.659800,688.076500,545.797400,1.012435,0.244372,-4.831881,0.868048,0.237522,-4.981750,0.899078,-4.938723,54.739460,0.972317,0.204416,0,1,15.083900,0.030000,0.000061,0.113886,5,5,3,6,4
260,16.747060,0.058619,mother,8,10,7.619848,10.000000,539.378500,290.420500,537.585400,291.542900,2.115412,541.010700,288.843900,534.160100,294.242000,541.010700,279.981200,534.160100,282.051500,-1.787306,0.226305,1.816927,-1.910998,0.311278,1.679091,-1.816777,1.776670,54.732070,0.274775,0.180577,1,0,14.529320,0.030000,0.000273,0.131169,5,11,10,5,4
260,16.747060,0.058619,older_sister,3,9,2.909961,8.999999,382.542300,411.113900,381.474000,411.771500,1.254442,378.916700,413.262100,384.031300,410.280800,378.916700,400.380100,384.031300,398.912000,-4.714003,0.328934,-1.360017,-4.621657,0.290296,-1.283892,-4.648542,-1.305164,234.739500,0.926611,0.119350,0,1,15.047560,0.030000,0.000273,0.125311,1,1,10,5,4
260,16.747060,0.058619,player,9,4,8.999999,3.909961,855.182400,389.976300,854.431700,389.431900,0.927384,853.115500,388.523300,855.747800,390.340500,853.115500,373.813200,855.747800,379.156800,3.847918,0.375611,-0.728326,3.895447,0.285569,-0.774728,3.885238,-0.765430,125.264300,0.862505,-0.065598,0,1,14.996590,0.030000,0.000164,0.124299,7,8,3,4,4
261,16.806550,0.060104,father,3,2,3.239445,2.000000,692.397800,552.112900,694.450600,551.071000,2.302056,699.840600,547.490200,689.060500,554.651800,699.840600,538.313700,689.060500,545.131200,1.080454,0.234317,-4.787454,0.885816,0.243103,-4.970319,0.946071,-4.905489,54.731900,0.049274,0.264502,0,0,15.145080,0.011185,0.000193,0.113886,5,5,3,6,4
261,16.806550,0.060104,mother,8,10,7.681414,10.000000,541.981200,289.119500,540.517800,289.892800,1.655156,541.856800,288.352800,539.178800,291.432800,541.856800,279.416700,539.178800,278.800700,-1.772031,0.228179,1.829468,-1.820382,0.322555,1.750821,-1.769784,1.809892,54.741210,0.351732,0.084882,1,0,14.590500,0.011185,0.000031,0.131169,5,11,10,5,4
261,16.806550,0.060104,older_sister,3,9,2.848394,8.999999,379.939500,412.415400,376.429800,414.435500,4.049605,368.943600,418.539900,383.915900,410.331000,368.943600,406.707100,383.915900,398.700100,-4.894073,0.302144,-1.494784,-4.623741,0.296990,-1.285174,-4.695536,-1.338397,234.732500,0.003569,0.341745,0,1,15.108740,0.011185,0.000136,0.125311,1,1,10,5,4
261,16.806550,0.060104,player,9,4,8.999999,3.848394,857.785300,391.277900,859.581200,392.021600,1.943824,863.380900,393.678100,855.781400,390.365200,863.380900,381.132400,855.781400,378.961400,4.033267,0.320347,-0.859952,3.896054,0.291188,-0.775358,3.932234,-0.798663,125.265700,0.939463,0.160874,0,1,15.057780,0.011185,0.000110,0.124299,7,8,3,4,4
262,16.862920,0.057174,father,3,2,3.296975,2.000000,694.830000,550.896800,695.550400,550.718600,0.742161,701.056000,547.150400,690.044800,554.286900,701.056000,538.350700,690.044800,544.312000,1.102401,0.224696,-4.778776,0.903586,0.254703,-4.961001,0.989985,-4.874438,54.736440,0.121187,0.267539,0,0,15.202260,0.007174,0.000136,0.113886,5,5,3,6,4
262,16.862920,0.057174,mother,8,10,7.738945,10.000000,544.413300,287.903400,544.361900,287.896000,0.051920,542.852600,287.814800,545.871300,287.977100,542.852600,278.849200,545.871300,277.188000,-1.754050,0.228932,1.843205,-1.699546,0.275493,1.839059,-1.725871,1.840943,54.735980,0.423643,-0.042110,1,0,14.647680,0.007174,0.000061,0.131169,5,11,10,5,4
262,16.862920,0.057174,older_sister,3,9,2.790864,8.999999,377.507400,413.631400,375.508700,414.607100,2.224132,367.733200,418.742200,383.284100,410.472000,367.733200,407.680100,383.284100,398.503100,-4.915928,0.282463,-1.499949,-4.635149,0.305618,-1.288773,-4.739450,-1.369449,234.735600,0.075481,0.351178,0,0,15.165920,0.007174,0.000136,0.125311,1,1,10,5,4
262,16.862920,0.057174,player,9,4,9.000000,3.790864,860.217400,392.493800,863.896200,394.086800,4.008930,871.873800,397.719000,855.918700,390.454500,871.873800,385.981500,855.918700,378.792500,4.186609,0.299711,-0.963134,3.898533,0.297783,-0.777640,3.976148,-0.829711,125.261000,0.011375,0.342309,0,1,15.114950,0.007174,0.000246,0.124299,7,8,3,4,4
263,16.922350,0.059811,father,3,2,3.357158,2.000000,697.374200,549.624600,696.398600,550.351900,1.216936,701.258100,546.964800,691.539000,553.739100,701.258100,538.163200,691.539000,542.958100,1.106048,0.224743,-4.774036,0.930565,0.275287,-4.947014,1.035923,-4.841952,54.733110,0.196415,0.243152,1,0,15.262070,0.009811,0.000220,0.113886,5,5,3,6,4
263,16.922350,0.059811,mother,8,10,7.799128,10.000000,546.957500,286.631200,548.627300,285.832900,1.850737,543.777500,287.325900,553.477000,284.339900,543.777500,278.358800,553.477000,274.842700,-1.737350,0.228971,1.855688,-1.562221,0.242508,1.931933,-1.679933,1.873429,54.732550,0.498873,-0.187010,1,0,14.707490,0.009811,0.000164,0.131169,5,11,10,5,4
263,16.922350,0.059811,older_sister,3,9,2.730680,8.999999,374.963100,414.903700,375.021400,414.660200,0.250306,367.517100,418.710800,382.525600,410.609600,367.517100,407.799400,382.525600,397.961000,-4.919829,0.278618,-1.499149,-4.648843,0.322974,-1.292288,-4.785388,-1.401935,234.733100,0.150711,0.340691,1,0,15.225730,0.009811,0.000031,0.125311,1,1,10,5,4
263,16.922350,0.059811,player,9,4,9.000000,3.730680,862.761700,393.766000,864.412800,394.659300,1.877220,872.529500,398.480600,856.296000,390.838000,872.529500,387.483500,856.296000,378.787900,4.198450,0.280806,-0.982581,3.905345,0.307691,-0.787430,4.022086,-0.862197,125.266300,0.086605,0.351990,0,0,15.174760,0.009811,0.000136,0.124299,7,8,3,4,4
264,16.978980,0.056791,father,3,2,3.414304,2.000000,699.790000,548.416900,698.005400,549.545500,2.111479,701.591300,546.760700,694.419600,552.330300,701.591300,537.898500,694.419600,540.259400,1.112066,0.226291,-4.768825,0.982576,0.308224,-4.911042,1.079541,-4.811114,54.739670,0.267847,0.187834,1,0,15.318860,0.006791,0.000086,0.125229,5,5,3,6,4
264,16.978980,0.056791,mother,8,10,7.856274,10.000000,549.373400,285.423000,551.381100,284.499000,2.210104,544.391600,287.017800,558.370500,281.980300,544.391600,277.929800,558.370500,272.772300,-1.726263,0.232057,1.863556,-1.473866,0.235121,1.992185,-1.636314,1.904279,54.730660,0.570305,-0.280342,0,0,14.764280,0.006791,0.000356,0.127149,5,11,10,5,4
264,16.978980,0.056791,older_sister,3,9,2.673535,8.999999,372.547300,416.111400,374.464300,414.783000,2.332275,368.206200,418.377800,380.722200,411.188100,368.206200,407.389100,380.722200,397.609400,-4.907387,0.280590,-1.490645,-4.681404,0.346725,-1.307060,-4.829008,-1.432773,234.740900,0.222141,0.290506,1,0,15.282520,0.006791,0.000232,0.130641,1,1,10,5,4
264,16.978980,0.056791,player,9,4,9.000000,3.673535,865.177500,394.973900,864.601700,394.916300,0.578681,872.441000,398.517500,856.762300,391.315000,872.441000,387.602600,856.762300,378.580400,4.196851,0.278705,-0.983523,3.913764,0.325171,-0.799611,4.065704,-0.893039,125.264500,0.158035,0.337322,1,0,15.231550,0.006791,0.000164,0.129211,7,8,3,4,4
265,17.078570,0.100095,father,3,2,3.494802,2.000000,703.193100,546.715400,701.960800,547.342100,1.382453,702.729000,546.106000,701.192600,548.578300,702.729000,537.154300,701.192600,536.215900,1.132608,0.228575,-4.752107,1.104866,0.315667,-4.815236,1.140986,-4.767669,54.737110,0.368469,0.059098,1,0,15.398860,0.030000,0.000000,0.125229,5,5,3,6,4
265,17.078570,0.100095,mother,8,10,7.936772,10.000000,552.776500,283.721500,552.089000,283.895000,0.709038,545.058000,286.521900,559.119800,281.268100,545.058000,276.592700,559.119800,272.430000,-1.714231,0.253535,1.876220,-1.460336,0.225677,2.010371,-1.574869,1.947724,54.737110,0.670927,-0.284758,0,1,14.844280,0.030000,0.000301,0.127149,5,11,10,5,4
265,17.078570,0.100095,older_sister,3,9,2.593037,8.999999,369.144200,417.813100,371.234700,416.524400,2.455824,368.073900,418.465700,374.395600,414.583200,368.073900,407.386500,374.395600,399.088100,-4.909776,0.282900,-1.492889,-4.795636,0.395656,-1.393750,-4.890451,-1.476225,234.732200,0.322763,0.150435,1,0,15.362520,0.030000,0.000031,0.130641,1,1,10,5,4
265,17.078570,0.100095,player,9,4,9.000000,3.593037,868.580600,396.675600,865.825700,395.693000,2.924895,871.748000,398.171700,859.903500,393.214300,871.748000,387.161200,859.903500,378.761000,4.184339,0.281145,-0.974692,3.970480,0.369056,-0.848108,4.127150,-0.936493,125.267300,0.258658,0.247697,1,0,15.311550,0.030000,0.000000,0.129211,7,8,3,4,4
266,17.134140,0.055716,father,4,2,3.571085,2.000000,706.418000,545.102700,707.388600,544.599100,1.093508,704.023400,545.412900,710.753700,543.785200,704.023400,536.441200,710.753700,533.968400,1.155978,0.229087,-4.734410,1.277498,0.250666,-4.692848,1.199214,-4.726489,54.731260,0.463823,-0.123213,1,0,15.474670,0.025811,0.000273,0.125229,5,5,3,6,4
266,17.134140,0.055716,mother,8,10,8.013056,10.000000,556.001300,282.109300,553.904800,282.896800,2.239569,548.489500,284.585000,559.320000,281.208500,548.489500,273.222300,559.320000,272.284500,-1.652272,0.290140,1.925676,-1.456722,0.227869,2.011893,-1.516642,1.988892,54.738710,0.766279,-0.209445,0,1,14.920090,0.025811,0.000136,0.127149,5,11,10,5,4
266,17.134140,0.055716,older_sister,3,9,2.516754,8.999999,365.919300,419.425600,366.148600,419.257500,0.284258,367.471800,418.837600,364.825400,419.677500,367.471800,407.582100,364.825400,406.134100,-4.920648,0.287402,-1.502385,-4.968431,0.345822,-1.523830,-4.948678,-1.517398,234.735800,0.418118,-0.051396,1,0,15.438330,0.025811,0.000068,0.130641,1,1,10,5,4
266,17.134140,0.055716,player,9,4,9.000000,3.516754,871.805500,398.287900,869.828200,397.442800,2.150320,872.173800,398.324000,867.482800,396.561600,872.173800,387.178400,867.482800,381.137800,4.192026,0.284597,-0.978583,4.107327,0.393837,-0.933580,4.185377,-0.977661,125.261200,0.354012,0.095139,1,0,15.387360,0.025811,0.000136,0.129211,7,8,3,4,4
267,17.188940,0.056057,father,4,2,3.627491,2.000000,708.802600,543.910500,710.930100,542.933300,2.341238,704.779600,545.023400,717.080600,540.843300,704.779600,536.036600,717.080600,531.480500,1.169633,0.229473,-4.724465,1.391731,0.239072,-4.617727,1.242269,-4.696047,54.738260,0.534330,-0.242970,0,0,15.530720,0.006057,0.000136,0.125229,5,5,3,6,4
267,17.188940,0.056057,mother,8,10,8.069462,10.000000,558.386000,280.916700,557.005600,281.531400,1.511115,554.115800,282.109900,559.895400,280.952900,554.115800,270.107100,559.895400,271.882500,-1.550687,0.306483,1.988877,-1.446334,0.231607,2.018420,-1.473587,2.019345,54.728590,0.836788,-0.102255,0,1,14.976140,0.006057,0.000382,0.127149,5,11,10,5,4
267,17.188940,0.056057,older_sister,2,9,2.460347,8.999999,363.534700,420.617700,361.623800,421.438500,2.079718,367.130900,419.039500,356.116700,423.837500,367.130900,407.684200,356.116700,412.055300,-4.926803,0.289951,-1.507541,-5.125671,0.300851,-1.630053,-4.991735,-1.547839,234.739100,0.488625,-0.233108,1,0,15.494390,0.006057,0.000205,0.130641,1,1,10,5,4
267,17.188940,0.056057,player,9,3,9.000000,3.460347,874.190100,399.480200,874.104400,399.490900,0.086421,872.720400,398.554000,875.488500,400.427800,872.720400,387.287600,875.488500,387.126000,4.201894,0.287682,-0.984456,4.251876,0.339653,-1.032302,4.228433,-1.008105,125.263800,0.424519,-0.068434,1,0,15.443420,0.006057,0.000164,0.129211,7,8,3,4,4
268,17.242400,0.053457,father,4,2,3.681281,2.000000,711.076500,542.773300,712.165200,542.198300,1.231208,705.168300,544.819600,719.162000,539.577000,705.168300,535.571400,719.162000,530.617800,1.176651,0.236148,-4.719261,1.429316,0.228767,-4.585393,1.283326,-4.667010,54.730370,0.601566,-0.283586,0,0,15.584180,0.003457,0.000273,0.125229,5,5,3,6,4
268,17.242400,0.053457,mother,8,10,8.123252,10.000000,560.659900,279.779900,560.849500,279.662900,0.222859,561.147500,278.677900,560.551600,280.647900,561.147500,268.012200,560.551600,271.452600,-1.423725,0.272342,2.076511,-1.434486,0.234796,2.026208,-1.432529,2.048372,54.740680,0.904024,0.037826,0,1,15.029600,0.003457,0.000164,0.127149,5,11,10,5,4
268,17.242400,0.053457,older_sister,2,9,2.406557,8.999999,361.260700,421.754800,358.497300,422.879500,2.983540,367.054900,419.078500,349.939700,426.680600,367.054900,407.576900,349.939700,415.398400,-4.928174,0.293685,-1.508535,-5.237200,0.288085,-1.702652,-5.032793,-1.576873,234.734500,0.555862,-0.364391,0,0,15.547840,0.003457,0.000164,0.130641,1,1,10,5,4
268,17.242400,0.053457,player,9,3,9.000000,3.406557,876.464100,400.617200,878.260800,401.658900,2.076797,873.066100,398.698200,883.455500,404.619600,873.066100,387.340700,883.455500,392.867300,4.208138,0.290007,-0.988136,4.395725,0.300087,-1.139336,4.269490,-1.037139,125.266200,0.491756,-0.240460,1,0,15.496880,0.003457,0.000110,0.129211,7,8,3,4,4
269,17.297640,0.055590,father,4,2,3.737218,2.000000,713.441200,541.591100,712.739000,541.770800,0.724894,705.710400,544.395300,719.767400,539.146200,705.710400,534.459400,719.767400,530.308500,1.186439,0.253706,-4.708426,1.440246,0.225668,-4.574395,1.326022,-4.636825,54.740820,0.671488,-0.284619,0,1,15.639770,0.005590,0.000193,0.125229,5,5,3,6,4
269,17.297640,0.055590,mother,8,10,8.179188,10.000000,563.024700,278.597500,565.347200,277.324500,2.648510,569.428000,274.345900,561.266200,280.302900,569.428000,264.779700,561.266200,270.997400,-1.274217,0.244269,2.187125,-1.421582,0.237609,2.035017,-1.389832,2.078564,54.734570,0.973946,0.208143,0,1,15.085190,0.005590,0.000273,0.127149,5,11,10,5,4
269,17.297640,0.055590,older_sister,2,9,2.350620,8.999999,358.895900,422.937400,358.262400,423.290400,0.725264,367.286700,419.070200,349.238100,427.510700,367.286700,407.059800,349.238100,416.606700,-4.923989,0.306679,-1.508323,-5.249867,0.278427,-1.723845,-5.075490,-1.607070,234.730300,0.625782,-0.390509,0,0,15.603430,0.005590,0.000031,0.130641,1,1,10,5,4
269,17.297640,0.055590,player,9,3,9.000000,3.350620,878.828800,401.799400,881.204300,403.241200,2.778786,873.117800,398.724200,889.290800,407.758100,873.117800,387.193700,889.290800,396.517700,4.209072,0.294426,-0.988802,4.501084,0.287017,-1.219477,4.312187,-1.067324,125.259400,0.561678,-0.371606,0,0,15.552470,0.005590,0.000273,0.129211,7,8,3,4,4
270,17.353120,0.055803,father,4,2,3.793368,2.000000,715.815100,540.404400,713.795700,541.175700,2.161637,707.747700,543.215800,719.844000,539.135500,707.747700,532.262600,719.844000,530.240000,1.223221,0.279681,-4.678308,1.441628,0.227141,-4.574120,1.368883,-4.606520,54.737370,0.741676,-0.238483,0,1,15.695570,0.005803,0.000000,0.122937,5,5,3,6,4
270,17.353120,0.055803,mother,8,10,8.235338,10.000000,565.398400,277.410500,567.535000,276.309800,2.403485,572.906300,272.729700,562.163900,279.889800,572.906300,263.503900,562.163900,270.389500,-1.211415,0.235574,2.228394,-1.405374,0.242586,2.045565,-1.346972,2.108872,54.733800,0.044134,0.263924,0,0,15.141000,0.005803,0.000301,0.131508,5,11,10,5,4
270,17.353120,0.055803,older_sister,2,9,2.294469,9.000000,356.522200,424.124100,358.249900,423.584800,1.809918,366.812000,419.675800,349.687900,427.493900,366.812000,406.796500,349.687900,416.675600,-4.932562,0.328863,-1.523786,-5.241747,0.276238,-1.723418,-5.118350,-1.637374,234.738000,0.695972,-0.367707,0,1,15.659240,0.005803,0.000068,0.124760,1,1,10,5,4
270,17.353120,0.055803,player,9,3,9.000000,3.294469,881.202600,402.986600,881.713000,403.180300,0.545816,873.072200,398.566700,890.353600,407.793900,873.072200,386.490400,890.353600,396.905300,4.208248,0.308360,-0.984778,4.520274,0.278032,-1.220389,4.355047,-1.097641,125.272900,0.631867,-0.390800,0,0,15.608270,0.005803,0.000000,0.127908,7,8,3,4,4
271,17.453250,0.100959,father,4,2,3.873867,2.000000,719.218100,538.702600,717.950600,539.271400,1.389287,715.297900,539.738000,720.603300,538.804700,715.297900,527.794500,720.603300,529.720500,1.359545,0.304971,-4.589505,1.455336,0.231962,-4.565674,1.430326,-4.563067,54.732040,0.842300,-0.091970,0,1,15.775570,0.030000,0.000273,0.122937,5,5,3,6,4
271,17.453250,0.100959,mother,8,10,8.315837,10.000000,568.801500,275.709200,568.951200,275.817300,0.184577,574.327900,272.268100,563.574300,279.366400,574.327900,263.484000,563.574300,269.163200,-1.185746,0.224297,2.240180,-1.379908,0.260533,2.058930,-1.285528,2.152314,54.739590,0.144756,0.263175,0,0,15.220990,0.030000,0.000110,0.131508,5,11,10,5,4
271,17.453250,0.100959,older_sister,2,9,2.213971,9.000000,353.119000,425.825600,355.517000,425.066300,2.515333,360.701400,422.951000,350.332600,427.181500,360.701400,408.131300,350.332600,416.229400,-5.042890,0.378414,-1.607420,-5.230106,0.279656,-1.715441,-5.179794,-1.680820,234.737200,0.796595,-0.215227,0,1,15.739240,0.030000,0.000136,0.124760,1,1,10,5,4
271,17.453250,0.100959,player,9,3,9.000000,3.213971,884.605700,404.688000,882.626600,403.302700,2.415737,875.541300,399.308300,889.711800,407.297300,875.541300,385.792600,889.711800,396.453000,4.252831,0.345114,-1.003714,4.508684,0.276902,-1.207709,4.416492,-1.141082,125.260500,0.732489,-0.326679,0,1,15.688270,0.030000,0.000164,0.127908,7,8,3,4,4
272,17.505790,0.053043,father,4,2,3.948330,2.000000,722.366100,537.128600,723.485200,536.521500,1.273182,725.474900,534.666700,721.495500,538.376400,725.474900,524.688200,721.495500,529.137300,1.543298,0.254796,-4.460012,1.471447,0.235917,-4.554738,1.487166,-4.522875,54.735610,0.935379,0.113356,0,1,15.849580,0.024002,0.000273,0.122937,5,5,3,6,4
272,17.505790,0.053043,mother,8,10,8.390300,10.000000,571.949500,274.135200,570.207200,275.236000,2.060923,574.451200,272.136200,565.963200,278.335900,574.451200,263.277900,565.963200,266.818300,-1.183521,0.226191,2.243550,-1.336776,0.294095,2.085244,-1.228690,2.192505,54.734810,0.237837,0.216530,1,0,15.295000,0.024002,0.000110,0.131508,5,11,10,5,4
272,17.505790,0.053043,older_sister,2,9,2.139508,8.999999,349.971200,427.399600,350.163000,427.431100,0.194432,350.124800,427.666500,350.201300,427.195700,350.124800,413.656400,350.201300,415.927900,-5.233857,0.357740,-1.727826,-5.232476,0.287716,-1.715804,-5.236632,-1.721011,234.734700,0.889673,0.008068,0,1,15.813240,0.024002,0.000097,0.124760,1,1,10,5,4
272,17.505790,0.053043,player,9,3,9.000000,3.139507,887.753600,406.262000,886.207400,405.210100,1.870079,882.924700,403.230000,889.490200,407.190200,882.924700,388.075400,889.490200,396.140800,4.386141,0.386964,-1.103854,4.504683,0.282138,-1.204974,4.473329,-1.181274,125.265600,0.825567,-0.155171,0,1,15.762270,0.024002,0.000110,0.127908,7,8,3,4,4
273,17.558780,0.052876,father,4,2,4.001534,2.000000,724.615400,536.004000,727.425600,534.461500,3.205730,732.687300,530.880300,722.163900,538.042600,732.687300,521.197900,722.163900,528.670900,1.673522,0.247234,-4.363329,1.483515,0.239302,-4.546215,1.527777,-4.494158,54.734950,0.001884,0.260730,0,1,15.902450,0.002876,0.000273,0.122937,5,5,3,6,4
273,17.558780,0.052876,mother,8,10,8.443504,10.000000,574.198700,273.010600,572.419300,274.052700,2.062134,575.122600,271.763100,569.716100,276.342300,575.122600,262.883100,569.716100,263.748400,-1.171398,0.226747,2.253075,-1.269015,0.321578,2.136149,-1.188079,2.221222,54.735570,0.304342,0.147211,1,0,15.347870,0.002876,0.000136,0.131508,5,11,10,5,4
273,17.558780,0.052876,older_sister,2,9,2.086302,8.999999,347.721800,428.524300,345.445200,429.861600,2.640375,340.771900,432.492200,350.118500,427.230900,340.771900,420.315900,350.118500,415.776400,-5.402730,0.310917,-1.851049,-5.233972,0.292483,-1.716702,-5.277245,-1.749728,234.736400,0.956179,0.215355,0,1,15.866110,0.002876,0.000136,0.124760,1,1,10,5,4
273,17.558780,0.052876,player,9,3,9.000000,3.086302,890.002900,407.386600,890.051300,407.285800,0.111845,890.531300,407.311600,889.571500,407.259900,890.531300,393.373800,889.571500,395.985300,4.523480,0.355893,-1.208076,4.506151,0.287892,-1.206755,4.513941,-1.209991,125.263700,0.892075,0.014912,0,1,15.815150,0.002876,0.000136,0.127908,7,8,3,4,4
274,17.609640,0.051718,father,4,2,4.053576,2.000000,726.815300,534.904100,728.573900,534.068700,1.946883,734.025100,530.483700,723.122500,537.653800,734.025100,521.454700,723.122500,528.050900,1.697676,0.230552,-4.353202,1.500823,0.245205,-4.536286,1.567499,-4.466074,54.739650,0.066935,0.266431,0,0,15.954170,0.001718,0.000136,0.122937,5,5,3,6,4
274,17.609640,0.051718,mother,8,10,8.495545,10.000000,576.398700,271.910400,575.181400,272.528300,1.365153,575.916400,271.309400,574.446500,273.747300,575.916400,262.356900,574.446500,261.405400,-1.157065,0.228593,2.264663,-1.183606,0.315142,2.202412,-1.148356,2.249314,54.731400,0.369392,0.057613,1,0,15.399590,0.001718,0.000246,0.131508,5,11,10,5,4
274,17.609640,0.051718,older_sister,2,9,2.034262,9.000000,345.521900,429.624300,342.372800,431.417700,3.623973,334.844400,435.528800,349.901100,427.306600,334.844400,423.912300,349.901100,415.605200,-5.509753,0.296620,-1.928584,-5.237896,0.298790,-1.718637,-5.316967,-1.777816,234.735300,0.021229,0.343183,0,1,15.917830,0.001718,0.000110,0.124760,1,1,10,5,4
274,17.609640,0.051718,player,9,3,9.000000,3.034261,892.202900,408.486800,894.784700,409.577000,2.802531,899.921200,411.848800,889.647900,407.305100,899.921200,399.690300,889.647900,395.847500,4.693023,0.310461,-1.323932,4.507534,0.292563,-1.207909,4.553664,-1.238082,125.267200,0.957123,0.218437,0,1,15.866870,0.001718,0.000031,0.127908,7,8,3,4,4
275,17.662150,0.052198,father,4,2,4.106098,2.000000,729.035800,533.793900,729.479600,533.754200,0.445623,734.933000,530.192200,724.026200,537.316200,734.933000,521.403100,724.026200,527.235800,1.714068,0.224424,-4.345759,1.517140,0.257399,-4.527667,1.607591,-4.437727,54.737570,0.132589,0.265815,0,0,16.006370,0.002198,0.000086,0.122937,5,5,3,6,4
275,17.662150,0.052198,mother,9,10,8.548069,10.000000,578.619100,270.800300,578.871000,270.641700,0.297596,576.830200,270.820200,580.911800,270.463200,576.830200,261.853400,580.911800,260.007300,-1.140567,0.228961,2.277152,-1.066869,0.266985,2.286268,-1.108265,2.277661,54.737620,0.435045,-0.065438,1,0,15.451790,0.002198,0.000193,0.131508,5,11,10,5,4
275,17.662150,0.052198,older_sister,2,9,1.981739,9.000000,343.301400,430.734600,341.566700,431.533300,1.909724,333.766000,435.671100,349.367400,427.395400,333.766000,424.675300,349.367400,415.343300,-5.529225,0.280771,-1.932217,-5.247532,0.307746,-1.720905,-5.357058,-1.806167,234.733400,0.086884,0.352003,0,0,15.970030,0.002198,0.000068,0.124760,1,1,10,5,4
275,17.662150,0.052198,player,9,3,8.999981,3.000000,893.650600,409.211200,897.597700,410.912300,4.298119,905.557600,414.532000,889.637900,407.292600,905.557600,402.657000,889.637900,395.676100,4.794789,0.303221,-1.392444,4.507350,0.296618,-1.207589,4.579802,-1.256579,125.286000,0.999975,0.341413,0,0,15.900930,0.000019,0.000193,0.127908,7,8,3,4,4
276,17.715460,0.052423,father,4,2,4.158848,2.000000,731.265800,532.678900,730.247800,533.429900,1.265030,735.078800,530.053300,725.416800,536.806500,735.078800,521.249100,725.416800,526.001300,1.716700,0.224810,-4.342212,1.542248,0.275902,-4.514650,1.647855,-4.409255,54.733600,0.198526,0.241998,1,0,16.058790,0.002423,0.000136,0.125094,5,5,3,6,4
276,17.715460,0.052423,mother,9,10,8.600819,10.000000,580.849200,269.685200,582.554800,268.872600,1.889291,577.620800,270.403800,587.488600,267.341400,577.620800,261.436600,587.488600,257.856300,-1.126291,0.228973,2.287785,-0.948121,0.242196,2.365981,-1.068001,2.306134,54.733630,0.500982,-0.190621,1,0,15.504210,0.002423,0.000273,0.128877,5,11,10,5,4
276,17.715460,0.052423,older_sister,2,9,1.928989,8.999999,341.071400,431.849600,341.190800,431.571200,0.302917,333.711400,435.615200,348.670200,427.527300,333.711400,424.702800,348.670200,414.854100,-5.530210,0.278640,-1.930790,-5.260121,0.323603,-1.724271,-5.397321,-1.834639,234.733800,0.152821,0.339761,1,0,16.022450,0.002423,0.000043,0.129182,1,1,10,5,4
276,17.715460,0.052423,player,9,3,8.987992,3.000000,893.143800,409.464500,895.029000,412.131300,3.265782,899.087200,418.201800,890.970900,406.060700,899.087200,406.508600,890.970900,394.384400,4.677962,0.298580,-1.486151,4.531419,0.298147,-1.176134,4.570651,-1.263049,157.162400,0.014961,0.342591,0,1,15.912850,0.001035,0.000193,0.143321,1,8,3,4,4
277,17.811750,0.096736,father,4,2,4.239347,2.000000,734.668900,530.977100,732.879500,532.039500,2.080981,735.714800,529.673300,730.044100,534.405600,735.714800,520.798000,730.044100,521.867600,1.728186,0.226626,-4.332510,1.625796,0.320150,-4.453345,1.709299,-4.365801,54.732370,0.299149,0.153367,1,0,16.138790,0.030000,0.000329,0.125094,5,5,3,6,4
277,17.811750,0.096736,mother,9,10,8.681317,10.000000,584.252300,267.983800,585.340100,267.409200,1.230238,578.342700,270.030100,592.337600,264.788300,578.342700,260.781600,592.337600,255.829200,-1.113258,0.236155,2.297327,-0.860571,0.228764,2.431174,-1.006556,2.349580,54.737210,0.601606,-0.283595,0,0,15.584210,0.030000,0.000136,0.128877,5,11,10,5,4
277,17.811750,0.096736,older_sister,2,9,1.848490,8.999999,337.668300,433.551100,339.919300,432.042000,2.710038,334.475700,435.240700,345.363000,428.843400,334.475700,424.232100,345.363000,414.511400,-5.516411,0.281097,-1.921228,-5.319835,0.365958,-1.757876,-5.458766,-1.878085,234.737400,0.253443,0.254814,1,0,16.102450,0.030000,0.000068,0.129182,1,1,10,5,4
277,17.811750,0.096736,player,9,3,8.927431,3.000000,890.583500,410.745000,889.362200,411.818800,1.626208,883.851200,417.510900,894.873300,406.126700,883.851200,406.533400,894.873300,394.045500,4.402869,0.280306,-1.468509,4.601878,0.308488,-1.177820,4.524424,-1.295744,215.983500,0.090664,0.352150,0,0,15.973040,0.028339,0.000086,0.143321,1,8,3,4,4
278,17.864420,0.053015,father,4,2,4.309532,2.000000,737.636000,529.493800,736.730000,529.932400,1.006531,736.806800,529.055000,736.653400,530.809800,736.806800,520.092700,736.653400,518.901400,1.747900,0.228847,-4.316721,1.745130,0.304074,-4.361529,1.762871,-4.327925,54.739200,0.386883,0.028130,1,0,16.208540,0.019751,0.000136,0.125094,5,5,3,6,4
278,17.864420,0.053015,mother,9,10,8.751503,10.000000,587.219400,266.500100,586.065900,266.871300,1.211754,579.159400,269.412400,592.972300,264.330200,579.159400,259.262100,592.972300,255.493200,-1.098510,0.259184,2.313098,-0.849112,0.225648,2.442871,-0.952984,2.387463,54.733790,0.689337,-0.278556,0,1,15.653960,0.019751,0.000246,0.128877,5,11,10,5,4
278,17.864420,0.053015,older_sister,2,9,1.778304,8.999999,334.701200,435.034700,336.642100,433.883000,2.256923,334.170200,435.439100,339.114000,432.326900,334.170200,424.320600,339.114000,416.809500,-5.521927,0.283904,-1.926294,-5.432663,0.396229,-1.846828,-5.512340,-1.915969,234.734300,0.341175,0.118764,1,0,16.172200,0.019751,0.000000,0.129182,1,1,10,5,4
278,17.864420,0.053015,player,9,3,8.857245,3.000000,887.616300,412.228300,888.450600,411.530400,1.087710,881.337200,415.464500,895.564100,407.596400,881.337200,404.533200,895.564100,394.628900,4.357476,0.279124,-1.416254,4.614351,0.331118,-1.215347,4.470850,-1.333621,234.739400,0.178396,0.325731,1,0,16.042790,0.019751,0.000136,0.143321,1,8,3,4,4
279,17.919630,0.055741,father,4,2,4.365620,2.000000,740.007100,528.308200,740.828900,527.872900,0.929978,737.764200,528.545200,743.893500,527.200500,737.764200,519.574800,743.893500,517.274500,1.765186,0.229054,-4.303704,1.875855,0.253456,-4.269368,1.805684,-4.297652,54.735050,0.456991,-0.110185,1,0,16.264280,0.005741,0.000136,0.125094,5,5,3,6,4
279,17.919630,0.055741,mother,9,10,8.807590,10.000000,589.590500,265.314500,587.496700,266.099200,2.236022,581.892500,267.883900,593.101100,264.314500,581.892500,256.629600,593.101100,255.398900,-1.049165,0.287371,2.352129,-0.846787,0.227655,2.443271,-0.910172,2.417737,54.735310,0.759447,-0.217862,0,1,15.709700,0.005741,0.000273,0.128877,5,11,10,5,4
279,17.919630,0.055741,older_sister,2,9,1.722216,8.999999,332.330000,436.220300,332.782400,435.939400,0.532473,333.699700,435.720900,331.865100,436.158000,333.699700,424.477100,331.865100,422.354200,-5.530421,0.287101,-1.933488,-5.563547,0.352473,-1.944651,-5.555151,-1.946243,234.734400,0.411285,-0.033492,1,0,16.227950,0.005741,0.000000,0.129182,1,1,10,5,4
279,17.919630,0.055741,player,9,3,8.801157,2.999999,885.245200,413.413900,887.517400,411.907400,2.726213,881.918900,415.176200,893.115900,408.638600,881.918900,404.169400,893.115900,394.425000,4.367981,0.281052,-1.408894,4.570148,0.362936,-1.241960,4.428039,-1.363894,234.735000,0.248507,0.261448,1,0,16.098530,0.005741,0.000086,0.143321,1,8,3,4,4
280,17.971920,0.052657,father,4,2,4.418605,2.000000,742.247100,527.188400,744.271400,526.250500,2.230972,738.497400,528.166100,750.045300,524.335000,738.497400,519.192100,750.045300,514.936000,1.778426,0.229147,-4.294024,1.986929,0.239997,-4.196197,1.846128,-4.269057,54.739300,0.523222,-0.226725,1,0,16.316940,0.002656,0.000000,0.125094,5,5,3,6,4
280,17.971920,0.052657,mother,9,10,8.860576,10.000000,591.830400,264.194500,590.256000,264.873500,1.714630,586.904300,265.654600,593.607700,264.092300,586.904300,253.620300,593.607700,255.051100,-0.958673,0.307289,2.409052,-0.837640,0.230862,2.448946,-0.869728,2.446336,54.734550,0.825676,-0.121854,0,1,15.762360,0.002656,0.000301,0.128877,5,11,10,5,4
280,17.971920,0.052657,older_sister,2,9,1.669231,9.000000,330.090100,437.340200,328.462800,438.046400,1.773962,333.349500,435.928300,323.576000,440.164500,333.349500,424.581900,323.576000,428.253800,-5.536746,0.289724,-1.938785,-5.713210,0.304132,-2.046955,-5.595595,-1.974837,234.739200,0.477516,-0.206534,1,0,16.280600,0.002656,0.000097,0.129182,1,1,10,5,4
280,17.971920,0.052657,player,9,3,8.748173,3.000000,883.005300,414.533800,885.137800,413.195300,2.517739,881.692600,415.296800,888.582900,411.093900,881.692600,404.234600,888.582900,395.659700,4.363896,0.282464,-1.411971,4.488302,0.394103,-1.304654,4.387596,-1.392490,234.737900,0.314735,0.163536,1,0,16.151180,0.002656,0.000193,0.143321,1,8,3,4,4
281,18.023250,0.051772,father,4,2,4.470699,2.000000,744.449400,526.087200,745.916300,525.368300,1.633539,738.926300,527.949600,752.906400,522.786900,738.926300,518.780600,752.906400,513.750200,1.786169,0.234126,-4.288496,2.038586,0.230747,-4.156669,1.885892,-4.240939,54.734310,0.588339,-0.282208,0,0,16.368710,0.001772,0.000061,0.125094,5,5,3,6,4
281,18.023250,0.051772,mother,9,10,8.912670,10.000000,594.032700,263.093300,593.879500,263.147800,0.162663,593.498700,262.501500,594.260300,263.794200,593.498700,251.511400,594.260300,254.617700,-0.839608,0.280625,2.489565,-0.825857,0.234316,2.456558,-0.829964,2.474453,54.735690,0.890795,0.007829,0,1,15.814130,0.001772,0.000329,0.128877,5,11,10,5,4
281,18.023250,0.051772,older_sister,2,9,1.617136,9.000000,327.887800,438.441100,325.105200,439.580100,3.006742,333.218200,435.997400,316.992200,443.162800,333.218200,424.550500,316.992200,431.784600,-5.539116,0.292289,-1.940549,-5.832086,0.290536,-2.123515,-5.635359,-2.002948,234.741700,0.542633,-0.344846,0,0,16.332370,0.001772,0.000314,0.129182,1,1,10,5,4
281,18.023250,0.051772,player,9,3,8.696077,2.999999,880.803000,415.635000,882.104700,414.898000,1.495878,881.327800,415.542700,882.881500,414.253400,881.327800,404.351800,882.881500,399.419700,4.357308,0.285753,-1.418252,4.385361,0.378768,-1.385328,4.347832,-1.420608,234.735000,0.379852,0.041914,1,0,16.202960,0.001772,0.000164,0.143321,1,8,3,4,4
282,18.073190,0.050577,father,5,2,4.521591,2.000000,746.600900,525.011400,746.420000,524.967700,0.186097,739.327300,527.644800,753.512500,522.290800,739.327300,517.938400,753.512500,513.429900,1.793410,0.247845,-4.280712,2.049533,0.226256,-4.144000,1.924738,-4.213470,54.734990,0.651955,-0.288053,0,0,16.419290,0.000577,0.000086,0.120717,5,5,3,6,4
282,18.073190,0.050577,mother,9,10,8.963562,10.000000,596.184200,262.017700,597.928800,261.059800,1.990295,600.962300,258.639600,594.895300,263.479900,600.962300,248.939600,594.895300,254.211400,-0.704848,0.247683,2.588176,-0.814391,0.236664,2.464582,-0.791118,2.501920,54.737300,0.954411,0.160797,0,0,15.864710,0.000577,0.000246,0.131829,5,11,10,5,4
282,18.073190,0.050577,older_sister,2,9,1.566244,9.000000,325.736300,439.517200,324.511700,440.078100,1.346969,333.442100,435.928900,315.581400,444.227300,333.442100,424.104800,315.581400,433.290600,-5.535073,0.301921,-1.938800,-5.857558,0.279261,-2.150695,-5.674205,-2.030425,234.727100,0.606247,-0.385643,0,0,16.382950,0.000577,0.000000,0.129319,1,1,10,5,4
282,18.073190,0.050577,player,9,3,8.645185,2.999999,878.651500,416.710800,878.002900,416.972300,0.699352,880.894500,415.790800,875.111200,418.153700,880.894500,404.492900,875.111200,405.505300,4.349483,0.288485,-1.424587,4.245063,0.322970,-1.484923,4.308985,-1.448077,234.734400,0.443468,-0.120093,0,0,16.253530,0.000577,0.000136,0.138099,1,8,3,4,4
283,18.168640,0.095278,father,5,2,4.602090,2.000000,750.004000,523.309600,747.927900,524.092600,2.218785,742.144400,525.978000,753.711400,522.207100,742.144400,514.836600,753.711400,513.299600,1.844273,0.284489,-4.238152,2.053122,0.227447,-4.141864,1.986183,-4.170016,54.732030,0.752577,-0.226114,0,1,16.499290,0.030000,0.000273,0.120717,5,5,3,6,4
283,18.168640,0.095278,mother,9,10,9.044061,10.000000,599.587300,260.316200,601.545500,259.341200,2.187526,606.956700,255.759400,596.134400,262.922900,606.956700,246.634600,596.134400,253.377600,-0.596616,0.232996,2.661722,-0.792018,0.243734,2.478804,-0.729673,2.545365,54.737090,0.055033,0.265152,0,0,15.944710,0.030000,0.000136,0.131829,5,11,10,5,4
283,18.168640,0.095278,older_sister,1,9,1.485745,9.000000,322.333200,441.218600,324.367100,440.546200,2.142206,332.705700,436.774800,316.028500,444.317500,332.705700,423.780300,316.028500,433.486200,-5.548368,0.331809,-1.960402,-5.849485,0.276571,-2.152999,-5.735651,-2.073870,234.737500,0.706871,-0.357058,0,1,16.462950,0.030000,0.000136,0.129319,1,1,10,5,4
283,18.168640,0.095278,player,9,3,8.564687,2.999999,875.248400,418.412500,872.461600,419.552800,3.011001,880.628400,415.943200,864.294700,423.162300,880.628400,404.491200,864.294700,411.794100,4.344678,0.292420,-1.428479,4.049766,0.290279,-1.612813,4.247540,-1.491530,234.733000,0.544090,-0.347220,0,0,16.333530,0.030000,0.000031,0.138099,1,8,3,4,4
284,18.220830,0.052571,father,5,2,4.670362,2.000000,752.890100,521.866500,751.532000,522.472300,1.487151,748.690200,523.028200,754.373800,521.916400,748.690200,511.035500,754.373800,512.843100,1.962462,0.306226,-4.162831,2.065082,0.231680,-4.134441,2.038295,-4.133166,54.734990,0.837915,-0.100179,0,1,16.567140,0.017849,0.000329,0.120717,5,5,3,6,4
284,18.220830,0.052571,mother,9,10,9.112332,10.000000,602.473500,258.873100,602.725900,258.927600,0.258205,608.131000,255.372100,597.320600,262.483200,608.131000,246.586000,597.320600,252.325200,-0.575411,0.224347,2.671611,-0.770599,0.259377,2.490033,-0.677561,2.582215,54.735020,0.140371,0.264205,0,0,16.012560,0.017849,0.000193,0.131829,5,11,10,5,4
284,18.220830,0.052571,older_sister,1,9,1.417473,9.000000,319.447000,442.661700,321.898200,441.891800,2.569266,327.285300,439.688800,316.511000,444.094700,327.285300,424.945500,316.511000,433.153700,-5.646238,0.376462,-2.034807,-5.840774,0.279373,-2.147311,-5.787763,-2.110720,234.734600,0.792210,-0.223791,0,1,16.530800,0.017849,0.000068,0.129319,1,1,10,5,4
284,18.220830,0.052571,player,8,3,8.496415,2.999999,872.362200,419.855200,871.851300,420.162200,0.596069,880.881300,415.940200,862.821000,424.384200,880.881300,403.890800,862.821000,413.489600,4.349246,0.307676,-1.428402,4.023158,0.278189,-1.644015,4.195429,-1.528369,234.742600,0.629429,-0.390735,0,0,16.401380,0.017849,0.000301,0.138099,1,8,3,4,4
285,18.269660,0.050088,father,5,2,4.720762,2.000000,755.020800,520.801500,755.127300,520.726400,0.130271,755.264000,519.822400,754.990700,521.630400,755.264000,509.082400,754.990700,512.439600,2.081154,0.274239,-4.080971,2.076221,0.234684,-4.127140,2.076765,-4.105971,54.743170,0.900917,0.030679,0,0,16.617230,0.000088,0.000061,0.120717,5,5,3,6,4
285,18.269660,0.050088,mother,9,10,9.162732,10.000000,604.604100,257.807700,603.490400,258.612100,1.373819,608.254200,255.261200,598.726700,261.963100,608.254200,246.450600,598.726700,251.101100,-0.573188,0.224973,2.674442,-0.745213,0.277353,2.503314,-0.639092,2.609417,54.735370,0.203373,0.239259,0,0,16.062640,0.000088,0.000220,0.131829,5,11,10,5,4
285,18.269660,0.050088,older_sister,1,9,1.367073,9.000000,317.316300,443.727100,318.492600,443.322400,1.243978,320.573800,442.543100,316.411400,444.101700,320.573800,427.689000,316.411400,432.942800,-5.767417,0.379291,-2.107691,-5.842573,0.284937,-2.147490,-5.826234,-2.137923,234.736500,0.855209,-0.084343,0,0,16.580890,0.000088,0.000097,0.129319,1,1,10,5,4
285,18.269660,0.050088,player,8,3,8.446014,2.999999,870.231400,420.920700,871.853900,420.424500,1.696614,880.478500,416.476000,863.229200,424.373000,880.478500,403.636400,863.229200,413.557500,4.341973,0.327850,-1.442082,4.030528,0.276168,-1.643728,4.156957,-1.555575,234.732300,0.692431,-0.370714,0,0,16.451470,0.000088,0.000220,0.138099,1,8,3,4,4
286,18.315500,0.049658,father,5,2,4.770729,2.000000,757.133100,519.745100,759.155400,518.635100,2.306846,762.678500,515.952100,755.632400,521.318000,762.678500,506.334700,755.632400,512.033400,2.215029,0.245578,-3.982148,2.087807,0.237078,-4.119162,2.114903,-4.078997,54.729320,0.963375,0.182985,0,1,16.666880,0.049658,0.000273,0.120717,5,5,3,6,4
286,18.315500,0.049658,mother,9,10,9.212701,10.000000,606.716600,256.751700,604.934900,257.881200,2.109510,608.566500,255.072300,601.303300,260.690200,608.566500,246.210200,601.303300,248.654600,-0.567548,0.226288,2.679266,-0.698690,0.307321,2.535817,-0.600951,2.636384,54.738820,0.265831,0.189895,1,0,16.112300,0.049658,0.000086,0.131829,5,11,10,5,4
286,18.315500,0.049658,older_sister,1,9,1.317105,9.000000,315.203900,444.783200,314.466900,445.268100,0.882224,312.539400,446.437200,316.394400,444.099100,312.539400,433.287800,316.394400,432.754200,-5.912483,0.335761,-2.207124,-5.842879,0.289685,-2.147421,-5.864374,-2.164889,234.738300,0.917669,0.091300,0,1,16.630540,0.049658,0.000205,0.129319,1,1,10,5,4
286,18.315500,0.049658,player,8,3,8.396671,2.999999,868.145500,421.963900,870.800700,421.103000,2.791309,877.773600,418.127000,863.827800,424.079000,877.773600,404.127800,863.827800,413.209300,4.293134,0.357460,-1.484239,4.041335,0.277551,-1.636221,4.119294,-1.582213,234.729700,0.754110,-0.293338,0,1,16.500510,0.049037,0.000031,0.138099,1,8,3,4,4
287,18.361190,0.045770,father,5,2,4.816785,2.000000,759.080300,518.771600,761.586500,517.414500,2.850130,766.874800,513.834500,756.298300,520.994400,766.874800,504.359600,756.298300,511.568200,2.290794,0.241938,-3.928076,2.099831,0.240693,-4.110900,2.150060,-4.054141,54.739230,0.020945,0.261472,0,1,16.712650,0.045770,0.000136,0.120717,5,5,3,6,4
287,18.361190,0.045770,mother,9,10,9.258756,10.000000,608.663600,255.778100,606.963700,256.733900,1.950180,609.151700,254.728800,604.775600,258.739000,609.151700,245.826600,604.775600,246.023800,-0.556982,0.227312,2.688037,-0.635996,0.324675,2.585639,-0.565796,2.661244,54.733070,0.323401,0.123636,1,0,16.158070,0.045770,0.000164,0.131829,5,11,10,5,4
287,18.361190,0.045770,older_sister,1,9,1.271049,9.000000,313.256900,445.756600,310.274400,447.477700,3.443467,304.261900,450.824600,316.286700,444.130700,304.261900,438.932300,316.286700,432.609400,-6.061937,0.303664,-2.319155,-5.844823,0.294191,-2.148230,-5.899529,-2.189746,234.737000,0.975239,0.275956,0,1,16.676320,0.045770,0.000246,0.129319,1,1,10,5,4
287,18.361190,0.045770,player,8,3,8.353404,3.000000,866.316400,422.878400,868.546100,422.150800,2.345420,873.172500,420.270900,863.919800,424.030800,873.172500,405.277900,863.919800,413.045500,4.210058,0.382837,-1.538983,4.042997,0.280504,-1.634990,4.086268,-1.605563,234.739400,0.808193,-0.191836,0,1,16.543510,0.043000,0.000086,0.138099,1,8,3,4,4
288,18.407430,0.046498,father,5,2,4.863573,2.000000,761.058200,517.782700,762.596900,517.094200,1.685701,768.079600,513.507000,757.114200,520.681400,768.079600,504.557700,757.114200,511.006300,2.312548,0.228513,-3.919711,2.114562,0.247047,-4.102906,2.185773,-4.028888,54.735310,0.079430,0.267424,0,0,16.759150,0.046498,0.000136,0.131212,5,5,3,6,4
288,18.407430,0.046498,mother,9,10,9.305544,10.000000,610.641500,254.789100,609.640900,255.280800,1.114956,609.912000,254.302900,609.369700,256.258800,609.912000,245.342400,609.369700,244.219300,-0.543254,0.228800,2.698913,-0.553047,0.307420,2.648970,-0.530083,2.686497,54.735040,0.381886,0.036831,1,0,16.204570,0.046498,0.000164,0.128775,5,11,10,5,4
288,18.407430,0.046498,older_sister,1,9,1.224262,9.000000,311.278900,446.745600,308.386400,448.361100,3.313084,300.801400,452.476300,315.971400,444.245900,300.801400,441.010700,315.971400,432.495100,-6.124418,0.292768,-2.361330,-5.850517,0.300049,-2.151170,-5.935242,-2.214999,234.735300,0.033722,0.344975,0,0,16.722810,0.046498,0.000246,0.143350,1,1,10,5,4
288,18.407430,0.046498,player,8,3,8.312609,3.000000,864.591600,423.740700,865.658800,423.382800,1.125618,867.506000,422.714800,863.811600,424.050800,867.506000,407.936200,863.811600,412.878200,4.107747,0.377361,-1.601386,4.041042,0.285284,-1.635500,4.055126,-1.627581,234.737900,0.859188,-0.074161,0,1,16.584050,0.040543,0.000164,0.133219,1,8,3,4,4
289,18.498760,0.088424,father,5,2,4.944071,2.000000,764.461300,516.081200,763.826200,516.619300,0.832463,768.887600,513.161200,758.764700,520.077500,768.887600,504.374600,758.764700,509.486200,2.327136,0.224360,-3.910883,2.144362,0.270440,-4.087485,2.247218,-3.985442,54.736970,0.180052,0.251194,1,0,16.839150,0.030000,0.000061,0.131212,5,5,3,6,4
289,18.498760,0.088424,mother,9,10,9.386043,10.000000,614.044700,253.087500,615.398700,252.417000,1.510913,611.231300,253.601400,619.566000,251.232700,611.231300,244.629700,619.566000,241.629000,-0.519433,0.229085,2.716825,-0.368948,0.245227,2.777307,-0.468638,2.729947,54.734720,0.482508,-0.157789,1,0,16.284570,0.030000,0.000193,0.128775,5,11,10,5,4
289,18.498760,0.088424,older_sister,1,9,1.143763,9.000000,307.875800,448.447400,307.435000,448.473200,0.441521,299.757700,452.562000,315.112300,444.384400,299.757700,441.659600,315.112300,431.917900,-6.143264,0.278384,-2.363516,-5.866027,0.318325,-2.154708,-5.996686,-2.258452,234.732500,0.134346,0.346919,0,0,16.802810,0.030000,0.000068,0.143350,1,1,10,5,4
289,18.498760,0.088424,player,8,3,8.251352,3.000000,862.002100,425.035500,860.568100,425.895400,1.672054,857.359700,427.731700,863.776500,424.059100,857.359700,415.092100,863.776500,412.665600,3.924551,0.322744,-1.729490,4.040409,0.290928,-1.635714,4.008371,-1.660644,234.734400,0.935759,0.148739,0,1,16.644930,0.021305,0.000136,0.133219,1,8,3,4,4
290,18.548070,0.049312,father,5,2,5.000000,2.000000,766.825700,514.898700,765.040600,516.027000,2.111780,769.031400,513.044100,761.049700,519.009900,769.031400,504.182700,761.049700,507.259200,2.329734,0.226269,-3.907891,2.185619,0.300048,-4.060227,2.289909,-3.955249,54.730030,0.249962,0.205625,1,0,16.894730,0.005582,0.000273,0.131212,5,5,3,6,4
290,18.548070,0.049312,mother,9,10,9.444137,10.000000,616.500600,251.859500,618.662600,250.872100,2.376773,611.938600,253.241700,625.386500,248.502600,611.938600,244.208400,625.386500,239.217500,-0.506664,0.230661,2.726009,-0.263855,0.237089,2.847019,-0.424294,2.761304,54.734680,0.555126,-0.268118,0,0,16.342310,0.007735,0.000259,0.128775,5,11,10,5,4
290,18.548070,0.049312,older_sister,1,9,1.085668,9.000000,305.419900,449.675400,306.975100,448.539800,1.925665,300.401100,452.281300,313.549100,444.798400,300.401100,441.311900,313.549100,431.501300,-6.131646,0.280096,-2.356348,-5.894253,0.339534,-2.165279,-6.041030,-2.289809,234.734800,0.206965,0.304145,1,0,16.860550,0.007735,0.000068,0.143350,1,1,10,5,4
290,18.548070,0.049312,player,8,3,8.214065,3.000000,860.425800,425.823700,857.236000,427.661900,3.681579,850.771400,431.245500,863.700500,424.078200,850.771400,419.393800,863.700500,412.530500,3.805594,0.302627,-1.819214,4.039036,0.294864,-1.636202,3.979910,-1.680770,234.733800,0.982367,0.296268,0,1,16.681980,0.004736,0.000086,0.133219,1,8,3,4,4
291,18.593630,0.048097,father,5,2,5.000000,2.009311,766.432000,514.702100,765.664100,516.301600,1.774317,766.939100,512.520400,764.389100,520.082900,766.939100,503.658700,764.389100,508.121400,2.291957,0.226278,-3.894519,2.245914,0.305432,-4.087625,2.282801,-3.950229,25.471310,0.261601,0.194137,1,0,16.903990,0.009253,0.000136,0.131212,3,5,3,6,4
291,18.593630,0.048097,mother,9,10,9.492533,10.000000,618.546600,250.836400,619.316700,250.388700,0.890730,612.249800,253.059700,626.383500,247.717700,612.249800,243.708300,626.383500,238.778000,-0.501045,0.238783,2.730657,-0.245852,0.228270,2.867061,-0.387352,2.787426,54.735140,0.615624,-0.287117,0,0,16.390400,0.048097,0.000287,0.128775,5,11,10,5,4
291,18.593630,0.048097,older_sister,1,9,1.037271,9.000000,303.373800,450.698400,305.593300,449.190300,2.683371,300.588300,452.174500,310.598300,446.206000,300.588300,441.161500,310.598300,431.560000,-6.128267,0.281211,-2.353623,-5.947530,0.373978,-2.201221,-6.077971,-2.315932,234.733800,0.267460,0.235561,1,0,16.908650,0.048097,0.000000,0.143350,1,1,10,5,4
291,18.593630,0.048097,player,8,3,8.187137,3.000000,859.287400,426.392700,856.031600,428.254400,3.750522,848.517400,432.362700,863.545700,424.146000,848.517400,420.682600,863.545700,412.465500,3.764899,0.298244,-1.847740,4.036242,0.298255,-1.637932,3.959356,-1.695300,234.743400,0.016027,0.342682,0,1,16.708740,0.026761,0.000220,0.133219,1,8,3,4,4
292,18.638080,0.044502,father,5,2,5.000000,2.034512,765.366700,514.169500,765.645800,515.826800,1.680617,764.413300,512.709700,766.878300,518.943800,764.413300,503.839200,766.878300,506.480700,2.246351,0.226504,-3.899354,2.290858,0.318236,-4.058537,2.263565,-3.936629,358.399800,0.293102,0.160364,1,0,16.929030,0.025045,0.000061,0.131212,3,5,3,6,4
292,18.638080,0.044502,mother,10,10,9.537312,10.000000,620.439700,249.889900,619.734600,250.070700,0.727961,612.707000,252.695500,626.762100,247.445900,612.707000,242.758300,626.762100,238.608200,-0.492789,0.253739,2.739956,-0.239018,0.225666,2.874000,-0.353172,2.811597,54.733650,0.671597,-0.284592,0,1,16.434910,0.044502,0.000301,0.128775,5,11,10,5,4
292,18.638080,0.044502,older_sister,1,9,1.000000,9.000000,301.798200,451.486000,303.934000,450.143700,2.522582,300.464700,452.258500,307.403300,448.028900,300.464700,441.197800,307.403300,432.601000,-6.130498,0.282430,-2.355768,-6.005218,0.393941,-2.247767,-6.106421,-2.336044,234.742700,0.314051,0.164643,1,0,16.945690,0.037041,0.000205,0.143350,1,1,10,5,4
292,18.638080,0.044502,player,8,3,8.164783,3.000000,858.342300,426.865400,855.662300,428.326800,3.052629,848.021400,432.446200,863.303200,424.207500,848.021400,421.100400,863.303200,412.414900,3.755941,0.289709,-1.849872,4.031864,0.301116,-1.639502,3.942292,-1.707370,234.725600,0.043968,0.346750,0,0,16.730960,0.022215,0.000086,0.133219,1,8,3,4,4
293,18.682700,0.044936,father,5,2,5.000000,2.075503,763.633800,513.303000,764.628100,514.476700,1.538181,762.457000,513.188700,766.799200,515.764600,762.457000,504.261100,766.799200,503.076300,2.211029,0.227961,-3.911584,2.289429,0.323989,-3.977359,2.232277,-3.914504,331.063700,0.344339,0.095496,1,0,16.969770,0.040737,0.000061,0.131212,3,5,3,6,4
293,18.682700,0.044936,mother,10,10,9.582527,10.000000,622.351200,248.934300,620.461400,249.652700,2.021777,614.128300,251.852600,626.794400,247.452800,614.128300,241.156000,626.794400,238.570500,-0.467129,0.273130,2.761480,-0.238434,0.226805,2.873824,-0.318659,2.835995,54.742530,0.728119,-0.251595,0,1,16.479840,0.044936,0.000136,0.128775,5,11,10,5,4
293,18.682700,0.044936,older_sister,1,9,1.000000,9.000000,301.798200,451.486000,303.934000,450.143700,2.522582,300.464700,452.258500,307.403300,448.028900,300.464700,441.197800,307.403300,432.601000,-6.130498,0.282430,-2.355768,-6.005218,0.393941,-2.247767,-6.106421,-2.336044,234.742700,0.314051,0.164643,1,0,16.945690,0.037041,0.000205,0.143350,1,1,10,5,4
293,18.682700,0.044936,player,8,3,8.144511,3.000000,857.485400,427.293900,855.347700,428.365200,2.391123,847.591100,432.497800,863.104200,424.232500,847.591100,421.391300,863.104200,412.304300,3.748172,0.283598,-1.851190,4.028272,0.304582,-1.640142,3.926819,-1.718310,234.739400,0.069309,0.350549,0,0,16.751110,0.020147,0.000110,0.133219,1,8,3,4,4
294,18.729930,0.046367,father,5,2,5.000000,2.122159,761.661400,512.316600,762.199600,512.612200,0.614039,761.659500,513.175800,762.739500,512.048500,761.659500,504.211800,762.739500,500.596100,2.196630,0.228891,-3.911255,2.216130,0.292432,-3.882471,2.196664,-3.889315,305.270900,0.402660,-0.000701,1,0,17.016140,0.046367,0.000273,0.128869,3,5,3,6,4
294,18.729930,0.046367,mother,10,10,9.629183,10.000000,624.323600,247.948200,622.308300,248.726300,2.160253,617.518100,250.124800,627.098600,247.327700,617.518100,238.460100,627.098600,238.375300,-0.405924,0.297850,2.805597,-0.232941,0.228597,2.877018,-0.283047,2.861176,54.736520,0.786440,-0.182476,0,1,16.526210,0.046367,0.000098,0.111754,5,11,10,5,4
294,18.729930,0.046367,older_sister,1,9,1.000000,9.036647,300.249000,450.711600,302.289700,450.158300,2.114451,300.169700,450.859200,304.409700,449.457400,300.169700,439.702400,304.409700,434.120100,-6.135825,0.284883,-2.320036,-6.059269,0.391630,-2.284244,-6.134394,-2.316268,252.907300,0.359860,0.083695,1,0,16.982110,0.036420,0.000031,0.134639,3,1,10,5,4
294,18.729930,0.046367,player,8,3,8.125581,3.000000,856.685100,427.694100,855.096400,428.396900,1.737271,847.288500,432.534300,862.904200,424.259600,847.288500,421.566900,862.904200,412.160300,3.742709,0.280045,-1.852122,4.024660,0.308947,-1.640832,3.912370,-1.728530,234.727000,0.092972,0.352202,0,0,16.769920,0.018813,0.000000,0.133493,1,8,3,4,4
295,18.823070,0.089193,father,5,2,5.000000,2.202657,758.258300,510.615300,756.573000,509.728700,1.904299,760.345200,512.554400,752.801000,506.903000,760.345200,503.587100,752.801000,497.430000,2.172899,0.228976,-3.895388,2.036683,0.241889,-3.751082,2.135219,-3.845873,305.260600,0.503283,-0.194532,1,0,17.096140,0.030000,0.000061,0.128869,3,5,3,6,4
295,18.823070,0.089193,mother,10,10,9.709682,10.000000,627.726700,246.246400,627.480800,246.346300,0.265343,626.912900,245.792700,628.048800,246.899900,626.912900,234.711700,628.048800,237.728900,-0.236295,0.282949,2.916214,-0.215784,0.234173,2.887944,-0.221602,2.904629,54.732940,0.887062,-0.000424,0,1,16.606210,0.030000,0.000246,0.111754,5,11,10,5,4
295,18.823070,0.089193,older_sister,1,9,1.000000,9.117092,296.848100,449.011000,295.562900,448.650800,1.334768,299.798600,449.863400,291.327200,447.438200,299.798600,438.539400,291.327200,435.239700,-6.142526,0.289152,-2.294610,-6.295481,0.311484,-2.232685,-6.195798,-2.272845,287.849300,0.460415,-0.164573,1,0,17.062050,0.030000,0.000136,0.134639,3,1,10,5,4
295,18.823070,0.089193,player,8,3,8.096825,3.000000,855.469400,428.301800,854.852700,428.416300,0.627288,847.125300,432.511400,862.579900,424.321200,847.125300,421.612800,862.579900,411.911000,3.739763,0.278287,-1.851536,4.018806,0.316886,-1.642405,3.890420,-1.744048,234.740400,0.128916,0.348578,0,0,16.798500,0.010126,0.000110,0.133493,1,8,3,4,4
296,18.870420,0.048032,father,5,2,5.000000,2.260239,755.824000,509.398000,754.017500,508.426600,2.051170,759.754300,512.259900,748.280700,504.593400,759.754300,503.151000,748.280700,495.422900,2.162230,0.232589,-3.887867,1.955068,0.234162,-3.692108,2.091268,-3.814791,305.267600,0.575260,-0.282171,0,0,17.153360,0.007225,0.000193,0.128869,3,5,3,6,4
296,18.870420,0.048032,mother,10,10,9.767263,10.000000,630.161000,245.029400,632.050000,243.992400,2.154957,635.336700,241.436800,628.763400,246.548100,635.336700,231.783200,628.763400,237.271500,-0.084199,0.246497,3.027442,-0.202883,0.236874,2.896925,-0.177649,2.935704,54.738560,0.959038,0.172257,0,1,16.663430,0.007225,0.000110,0.111754,5,11,10,5,4
296,18.870420,0.048032,older_sister,1,9,1.000000,9.174674,294.413800,447.793800,292.024800,446.361400,2.785481,299.104100,450.359200,284.945500,442.363600,299.104100,438.942900,284.945500,430.919100,-6.155065,0.291507,-2.307270,-6.410706,0.292227,-2.103106,-6.239751,-2.241763,305.266800,0.532391,-0.326604,0,0,17.119280,0.007225,0.000232,0.134639,3,1,10,5,4
296,18.870420,0.048032,player,8,3,8.078551,3.000000,854.696900,428.688000,854.785600,428.427200,0.275489,847.292600,432.473700,862.278500,424.380700,847.292600,421.561800,862.278500,411.719900,3.742784,0.278629,-1.850575,4.013361,0.323285,-1.643925,3.876472,-1.753909,234.742600,0.151758,0.340234,1,0,16.816660,0.002175,0.000164,0.133493,1,8,3,4,4
297,18.914360,0.047892,father,5,2,5.000000,2.308429,753.786700,508.379600,753.389000,508.284100,0.409015,759.346100,512.121800,747.432000,504.446300,759.346100,502.590900,747.432000,495.552400,2.154860,0.243365,-3.884342,1.939745,0.227101,-3.688352,2.054483,-3.788787,305.258100,0.635496,-0.288792,0,0,17.201250,0.047892,0.000000,0.128869,3,5,3,6,4
297,18.914360,0.047892,mother,10,10,9.815454,10.000000,632.198200,244.010700,634.730900,242.636600,2.881425,640.015300,239.056200,629.446500,246.217000,640.015300,229.563100,629.446500,236.795800,0.000276,0.242400,3.088228,-0.190548,0.240565,2.905381,-0.140866,2.961716,54.733440,0.019276,0.261375,0,1,16.711330,0.047892,0.000179,0.111754,5,11,10,5,4
297,18.914360,0.047892,older_sister,1,9,1.000000,9.222863,292.376600,446.775300,290.868600,445.901900,1.742712,299.265700,450.457500,282.471400,441.346300,299.265700,438.741300,282.471400,430.369800,-6.152146,0.299165,-2.309780,-6.455377,0.280279,-2.077131,-6.276534,-2.215759,305.259200,0.592629,-0.381905,0,0,17.167170,0.047892,0.000068,0.134639,3,1,10,5,4
297,18.914360,0.047892,player,8,3,8.064394,3.000000,854.098400,428.987200,854.687100,428.436000,0.806527,847.431700,432.413900,861.942400,424.458100,847.431700,421.490900,861.942400,411.589200,3.745295,0.278913,-1.849048,4.007295,0.328598,-1.645900,3.865665,-1.761550,234.738600,0.169453,0.331209,1,0,16.830720,0.014069,0.000193,0.133493,1,8,3,4,4
298,18.961710,0.047249,father,5,2,5.000000,2.355972,751.776900,507.374600,752.778600,508.087400,1.229464,758.399600,511.817200,747.157700,504.357600,758.399600,501.602800,747.157700,495.516500,2.137770,0.260821,-3.876564,1.934792,0.225752,-3.686086,2.018194,-3.763125,305.265500,0.694925,-0.275704,0,1,17.248500,0.047249,0.000031,0.128869,3,5,3,6,4
298,18.961710,0.047249,mother,10,10,9.862997,10.000000,634.208100,243.005700,635.759800,242.308800,1.701028,641.240800,238.721600,630.278700,245.896000,641.240800,229.768400,630.278700,236.225400,0.022405,0.228615,3.096771,-0.175523,0.246930,2.913578,-0.104576,2.987378,54.734490,0.078705,0.267375,0,0,16.758580,0.047249,0.000246,0.111754,5,11,10,5,4
298,18.961710,0.047249,older_sister,1,9,1.000000,9.270407,290.366600,445.770400,290.442600,445.954400,0.199121,299.037100,450.553300,281.848100,441.355500,299.037100,438.235800,281.848100,430.514100,-6.156274,0.314519,-2.312226,-6.466630,0.276829,-2.077366,-6.312824,-2.190097,305.265100,0.652058,-0.389001,0,1,17.214420,0.047249,0.000068,0.134639,3,1,10,5,4
298,18.961710,0.047249,player,8,3,8.051210,3.000000,853.541000,429.265900,854.576100,428.446700,1.320032,847.592700,432.338200,861.559500,424.555100,847.592700,421.398800,861.559500,411.503700,3.748200,0.279332,-1.847116,4.000380,0.333262,-1.648379,3.855602,-1.768664,234.738200,0.185932,0.320644,1,0,16.843830,0.013102,0.000246,0.133493,1,8,3,4,4
299,19.007450,0.045663,father,5,2,5.000000,2.401919,749.834500,506.403400,751.569900,507.526000,2.066933,756.017500,510.756000,747.122300,504.296100,756.017500,499.618300,747.122300,495.388800,2.094761,0.284396,-3.849468,1.934153,0.227440,-3.684516,1.983122,-3.738326,305.264400,0.752359,-0.226371,0,1,17.294160,0.045663,0.000061,0.128869,3,5,3,6,4
299,19.007450,0.045663,mother,10,10,9.908944,10.000000,636.150600,242.034700,636.506200,242.037900,0.355666,641.938700,238.478500,631.073700,245.597200,641.938700,229.690900,631.073700,235.481900,0.035005,0.224387,3.102977,-0.161170,0.258288,2.921206,-0.069504,3.012173,54.740540,0.136137,0.265118,0,0,16.804240,0.045663,0.000098,0.111754,5,11,10,5,4
299,19.007450,0.045663,older_sister,1,9,1.000000,9.316355,288.424300,444.799100,290.059300,445.965100,2.008160,297.799700,450.239500,282.318800,441.690600,297.799700,437.211900,282.318800,430.856300,-6.178616,0.332654,-2.304214,-6.458132,0.276650,-2.085924,-6.347896,-2.165297,305.264400,0.709490,-0.354254,0,1,17.260080,0.045663,0.000110,0.134639,3,1,10,5,4
299,19.007450,0.045663,player,8,3,8.039078,3.000000,853.028100,429.522200,854.443800,428.472100,1.762708,847.748500,432.259000,861.139200,424.685300,847.748500,421.298400,861.139200,411.459400,3.751014,0.279871,-1.845091,3.992791,0.337717,-1.651702,3.846341,-1.775210,234.747800,0.201098,0.309059,1,0,16.855880,0.012057,0.000356,0.133493,1,8,3,4,4
300,19.052230,0.045092,father,5,2,5.000000,2.447292,747.916300,505.444300,749.493800,506.401000,1.844924,752.228900,508.716100,746.758700,504.085900,752.228900,496.782100,746.758700,495.088100,2.026356,0.304727,-3.797380,1.927587,0.229753,-3.679150,1.948489,-3.713836,305.265400,0.809074,-0.148905,0,1,17.339250,0.045092,0.000110,0.117372,3,5,3,6,4
300,19.052230,0.045092,mother,10,10,9.954317,10.000000,638.068700,241.075600,637.165200,241.762800,1.135194,642.071800,238.358600,632.258500,245.166900,642.071800,229.561100,632.258500,234.427000,0.037407,0.224638,3.106040,-0.139777,0.274239,2.932193,-0.034871,3.036663,54.735020,0.192852,0.245042,1,0,16.849330,0.045092,0.000110,0.124943,5,11,10,5,4
300,19.052230,0.045092,older_sister,1,9,0.999999,9.361727,286.506100,443.840000,288.506400,445.330400,2.494538,294.316800,448.764300,282.696100,441.896500,294.316800,434.515600,282.696100,431.006700,-6.241502,0.363834,-2.266546,-6.451321,0.278064,-2.091180,-6.382529,-2.140807,305.265300,0.766207,-0.272564,0,1,17.305170,0.045092,0.000110,0.126309,3,1,10,5,4
300,19.052230,0.045092,player,8,3,8.027541,3.000000,852.540400,429.766500,854.291300,428.517500,2.150741,847.901100,432.184800,860.681700,424.850200,847.901100,421.204200,860.681700,411.416000,3.753769,0.280384,-1.843197,3.984530,0.343035,-1.655913,3.837536,-1.781448,234.686200,0.215519,0.296561,1,0,16.867350,0.011465,0.000031,0.130479,1,8,3,4,4
301,19.144530,0.088953,father,5,3,5.000000,2.527790,744.513200,503.742600,744.136400,503.577600,0.411363,742.424000,503.558200,745.848900,503.597000,742.424000,493.027200,745.848900,494.393600,1.849322,0.268903,-3.665675,1.911159,0.235002,-3.666665,1.887045,-3.670382,305.268000,0.909697,0.051059,0,1,17.419250,0.030000,0.000273,0.117372,3,5,3,6,4
301,19.144530,0.088953,mother,10,10,10.034810,10.000000,641.471800,239.374100,639.676000,240.455900,2.096428,642.652600,238.008000,636.699500,242.903700,642.652600,229.137200,636.699500,230.435700,0.047896,0.226512,3.114991,-0.059593,0.318362,2.989984,0.026574,3.080109,54.737090,0.293476,0.159937,1,0,16.929330,0.030000,0.000046,0.124943,5,11,10,5,4
301,19.144530,0.088953,older_sister,1,9,1.000000,9.442225,283.103000,442.138300,283.745500,442.620500,0.803339,284.811100,443.397400,282.680100,441.843600,284.811100,428.784400,282.680100,430.645700,-6.413134,0.373133,-2.129504,-6.451610,0.285931,-2.089829,-6.443973,-2.097354,305.268000,0.866829,-0.054323,0,1,17.385170,0.030000,0.000314,0.126309,3,1,10,5,4
301,19.144530,0.088953,player,8,3,8.000000,3.000000,851.376100,430.348500,853.643300,428.841000,2.722685,848.089100,432.089200,859.197500,425.592800,848.089100,421.081800,859.197500,411.344600,3.757164,0.281065,-1.840756,3.957733,0.363821,-1.674875,3.816513,-1.796309,234.741900,0.249945,0.259533,0,0,16.894720,0.000000,0.000061,0.130479,1,-1,-1,4,4
302,19.191280,0.048338,father,5,3,5.000000,2.585202,742.086100,502.529100,739.423200,501.319100,2.924996,733.715800,499.411300,745.130500,503.226800,733.715800,489.839800,745.130500,493.905300,1.692090,0.244404,-3.559788,1.898189,0.238021,-3.657214,1.843221,-3.639399,305.260200,0.981463,0.224532,0,1,17.476310,0.007112,0.000136,0.117372,3,5,3,6,4
302,19.191280,0.048338,mother,10,10,10.092460,10.000000,643.908800,238.155700,642.630700,238.810200,1.435912,643.503100,237.519500,641.758500,240.100900,643.503100,228.570300,641.758500,227.676200,0.063250,0.228513,3.127466,0.031751,0.317258,3.061552,0.070576,3.111222,54.736300,0.365536,0.063774,1,0,16.986620,0.007291,0.000000,0.124943,5,11,10,5,4
302,19.191280,0.048338,older_sister,1,9,1.000000,9.499873,280.666000,440.919800,278.896800,440.187700,1.914676,275.140800,438.551500,282.652800,441.823900,275.140800,425.991400,282.652800,430.421800,-6.587736,0.320714,-2.005766,-6.452102,0.291148,-2.089327,-6.487976,-2.066242,305.262400,0.938889,0.158988,0,1,17.442460,0.007291,0.000246,0.126309,3,1,10,5,4
302,19.191280,0.048338,player,8,3,8.000000,3.000000,851.376100,430.348500,853.643300,428.841000,2.722685,848.089100,432.089200,859.197500,425.592800,848.089100,421.081800,859.197500,411.344600,3.757164,0.281065,-1.840756,3.957733,0.363821,-1.674875,3.816513,-1.796309,234.741900,0.249945,0.259533,0,0,16.894720,0.000000,0.000061,0.130479,1,-1,-1,4,4
303,19.233670,0.045062,father,5,3,5.000000,2.628682,740.248000,501.610100,737.897000,500.495500,2.601897,731.344800,498.130600,744.449000,502.860300,731.344800,488.817500,744.449000,493.388300,1.649282,0.237805,-3.527085,1.885885,0.241863,-3.647856,1.810034,-3.615932,305.265000,0.035812,0.262912,0,0,17.519520,0.043211,0.000164,0.117372,3,5,3,6,4
303,19.233670,0.045062,mother,10,10,10.137810,10.000000,645.825700,237.197100,645.737000,237.208600,0.089476,644.293300,237.095000,647.180500,237.322200,644.293300,228.129500,647.180500,226.488200,0.077520,0.228930,3.138304,0.129649,0.276639,3.132505,0.105187,3.135696,54.734650,0.422215,-0.039215,1,0,17.031680,0.045062,0.000046,0.124943,5,11,10,5,4
303,19.233670,0.045062,older_sister,1,10,1.000000,9.545217,278.749100,439.961300,274.890300,438.300500,4.200977,267.168600,434.801000,282.612000,441.800100,267.168600,422.937300,282.612000,430.201500,-6.731678,0.302934,-1.910001,-6.452839,0.296162,-2.088719,-6.522586,-2.041766,305.267300,0.995567,0.330852,0,1,17.487530,0.045062,0.000314,0.126309,3,1,10,5,4
303,19.233670,0.045062,player,8,3,8.000000,3.000000,851.376100,430.348500,853.643300,428.841000,2.722685,848.089100,432.089200,859.197500,425.592800,848.089100,421.081800,859.197500,411.344600,3.757164,0.281065,-1.840756,3.957733,0.363821,-1.674875,3.816513,-1.796309,234.741900,0.249945,0.259533,0,0,16.894720,0.000000,0.000061,0.130479,1,-1,-1,4,4
304,19.278890,0.044963,father,5,3,5.000000,2.669502,738.522300,500.747300,737.252900,500.012000,1.467033,730.636800,497.543600,743.869000,502.480300,730.636800,488.631700,743.869000,492.757000,1.636499,0.227560,-3.512095,1.875411,0.248280,-3.638152,1.778874,-3.593901,305.260500,0.086838,0.267853,0,0,17.560090,0.040567,0.000031,0.117372,3,5,3,6,4
304,19.278890,0.044963,mother,10,10,10.183050,10.000000,647.738400,236.240600,649.015700,235.602300,1.427957,645.008300,236.714000,653.023200,234.490600,645.008300,227.741400,653.023200,224.853300,0.090428,0.229109,3.148035,0.235141,0.246081,3.204808,0.139721,3.160122,54.728660,0.478769,-0.150931,1,0,17.076650,0.044963,0.000246,0.124943,5,11,10,5,4
304,19.278890,0.044963,older_sister,1,10,1.000000,9.590125,276.850600,439.012200,274.219500,437.782000,2.904466,266.162900,434.036600,282.276100,441.527400,266.162900,422.771900,282.276100,429.697800,-6.749836,0.287638,-1.890483,-6.458904,0.302063,-2.081755,-6.556865,-2.017531,305.259200,0.051703,0.347978,0,0,17.532160,0.044630,0.000178,0.126309,3,1,10,5,4
304,19.278890,0.044963,player,8,3,8.000000,3.000000,851.376100,430.348500,853.643300,428.841000,2.722685,848.089100,432.089200,859.197500,425.592800,848.089100,421.081800,859.197500,411.344600,3.757164,0.281065,-1.840756,3.957733,0.363821,-1.674875,3.816513,-1.796309,234.741900,0.249945,0.259533,0,0,16.894720,0.000000,0.000061,0.130479,1,-1,-1,4,4
305,19.323270,0.044014,father,5,3,5.000000,2.706210,736.970500,499.971200,736.772800,499.690200,0.343579,730.206500,497.241900,743.339200,502.138500,730.206500,488.452800,743.339200,492.056800,1.628729,0.224423,-3.504391,1.865847,0.257432,-3.629425,1.750857,-3.574084,305.273200,0.132721,0.265790,0,0,17.596570,0.036481,0.000246,0.117372,3,5,3,6,4
305,19.323270,0.044014,mother,10,10,10.227340,10.000000,649.610700,235.304600,651.736800,234.328200,2.339601,645.592700,236.415000,657.880800,232.241400,645.592700,227.428400,657.880800,222.878000,0.100979,0.229467,3.155670,0.322848,0.239088,3.262240,0.173526,3.184021,54.741350,0.534130,-0.242687,0,0,17.120660,0.044014,0.000123,0.124943,5,11,10,5,4
305,19.323270,0.044014,older_sister,1,10,1.000000,9.632431,275.062100,438.117800,273.942000,437.420500,1.319342,265.834100,433.584400,282.050000,441.256700,265.834100,422.657900,282.050000,429.067300,-6.755773,0.279003,-1.878936,-6.462986,0.311249,-2.074842,-6.589157,-1.994693,305.269600,0.104586,0.352165,0,0,17.574200,0.042044,0.000341,0.126309,3,1,10,5,4
305,19.323270,0.044014,player,8,3,8.000000,3.000000,851.376100,430.348500,853.643300,428.841000,2.722685,848.089100,432.089200,859.197500,425.592800,848.089100,421.081800,859.197500,411.344600,3.757164,0.281065,-1.840756,3.957733,0.363821,-1.674875,3.816513,-1.796309,234.741900,0.249945,0.259533,0,0,16.894720,0.000000,0.000061,0.130479,1,7,3,2,4
306,19.368300,0.044170,father,5,3,5.000000,2.739559,735.560600,499.266500,736.357800,499.451500,0.818364,730.012500,497.196400,742.703200,501.706700,730.012500,488.412800,742.703200,491.177300,1.625224,0.224284,-3.503229,1.854363,0.268861,-3.618398,1.725400,-3.556090,305.253200,0.174410,0.253591,1,0,17.629710,0.033143,0.000000,0.124601,3,5,3,6,4
306,19.368300,0.044170,mother,10,10,10.271780,10.000000,651.489600,234.365100,652.910600,233.663300,1.584865,645.925800,236.247400,659.895500,231.079100,645.925800,227.071400,659.895500,222.055100,0.106993,0.234306,3.159948,0.359224,0.230422,3.291916,0.207452,3.208012,54.733150,0.589687,-0.282137,0,0,17.164830,0.044170,0.000179,0.123395,5,11,10,5,4
306,19.368300,0.044170,older_sister,1,10,1.000000,9.672257,273.378400,437.276200,273.838400,437.284100,0.460090,265.965800,433.657300,281.711100,440.910900,265.965800,422.744300,281.711100,428.219600,-6.753396,0.278658,-1.880798,-6.469105,0.324066,-2.066014,-6.619556,-1.973205,305.255300,0.154367,0.339059,1,0,17.613780,0.039579,0.000068,0.129187,3,1,10,5,4
306,19.368300,0.044170,player,8,3,7.992147,3.000000,851.044200,430.514200,853.271400,429.006500,2.689521,848.023400,432.108800,858.519300,425.904100,848.023400,421.098000,858.519300,411.426000,3.755977,0.281154,-1.841256,3.945487,0.369691,-1.682824,3.810519,-1.800540,234.784200,0.259762,0.246188,1,0,16.902520,0.007804,0.000329,0.131109,1,7,3,2,4
307,19.460450,0.090167,father,5,3,5.000000,2.791427,733.367900,498.170100,735.428500,498.971400,2.210867,729.906700,497.188400,740.950300,500.754400,729.906700,488.329400,740.950300,489.209300,1.623315,0.226211,-3.503027,1.822713,0.294797,-3.594081,1.685810,-3.528094,305.266100,0.239243,0.215377,1,0,17.681260,0.017945,0.000086,0.124601,3,5,3,6,4
307,19.460450,0.090167,mother,10,10,10.352280,10.000000,654.892700,232.663500,653.716400,233.044800,1.236586,646.819500,235.579800,660.613200,230.509700,646.819500,225.417800,660.613200,221.672200,0.123131,0.259483,3.176994,0.372183,0.225660,3.306457,0.268897,3.251462,54.734570,0.690310,-0.278095,0,1,17.244830,0.030000,0.000233,0.123395,5,11,10,5,4
307,19.460450,0.090167,older_sister,1,10,1.000001,9.736006,270.683400,435.928700,273.343600,436.904600,2.833560,266.732500,434.058300,279.954800,439.750800,266.732500,423.058200,279.954800,425.879300,-6.739552,0.280883,-1.891037,-6.500817,0.354201,-2.036392,-6.668216,-1.938796,305.265200,0.234051,0.278847,1,0,17.677130,0.022250,0.000097,0.129187,3,1,10,5,4
307,19.460450,0.090167,player,8,3,7.937943,3.000000,848.752600,431.660200,850.812700,430.403700,2.413081,847.824000,432.248400,853.801300,428.559000,847.824000,421.158800,853.801300,413.041600,3.752378,0.283167,-1.844822,3.860300,0.396227,-1.750614,3.769144,-1.829803,234.730100,0.327519,0.142510,1,0,16.956390,0.026201,0.000136,0.131109,1,7,3,2,4
308,19.507420,0.047477,father,5,3,5.000000,2.822786,732.042200,497.507300,734.130500,498.332600,2.245455,729.481900,496.990300,738.779000,499.675000,729.481900,488.126900,738.779000,487.423800,1.615645,0.226322,-3.497967,1.783510,0.312828,-3.566520,1.661874,-3.511168,305.265300,0.278441,0.176640,1,0,17.712420,0.003915,0.000086,0.124601,3,5,3,6,4
308,19.507420,0.047477,mother,10,10,10.410280,10.000000,657.344800,231.437600,655.247300,232.223800,2.240039,649.734400,233.960600,660.760300,230.486900,649.734400,222.652900,660.760300,221.567100,0.175760,0.288737,3.218340,0.374838,0.227760,3.307040,0.313170,3.282765,54.738110,0.762814,-0.213760,0,1,17.302470,0.007644,0.000110,0.123395,5,11,10,5,4
308,19.507420,0.047477,older_sister,1,10,1.000000,9.774972,269.036100,435.104800,271.749300,436.082900,2.884128,266.620500,433.980100,276.878100,438.185600,266.620500,422.961700,276.878100,423.223100,-6.741574,0.281349,-1.889039,-6.556367,0.382059,-1.996425,-6.697959,-1.917758,305.273000,0.282759,0.213217,1,0,17.715860,0.004910,0.000314,0.129187,3,1,10,5,4
308,19.507420,0.047477,player,8,3,7.879943,3.000000,846.300600,432.886000,847.090100,432.430600,0.911463,847.367400,432.532500,846.812800,432.328700,847.367400,421.307800,846.812800,418.128600,3.744134,0.286617,-1.852076,3.734120,0.362593,-1.846873,3.724872,-1.861102,234.740800,0.400017,-0.005173,1,0,17.014030,0.007644,0.000329,0.131109,1,7,3,2,4
309,19.551180,0.046262,father,5,3,5.000000,2.844757,731.113300,497.042800,733.086100,497.881200,2.143465,729.176600,496.861400,736.995500,498.900900,729.176600,487.979900,736.995500,486.292100,1.610134,0.226784,-3.494677,1.751308,0.321958,-3.546754,1.645102,-3.499308,305.266500,0.305904,0.145334,1,0,17.734260,0.021835,0.000086,0.124601,3,5,3,6,4
309,19.551180,0.046262,mother,10,10,10.456830,10.000000,659.312700,230.453500,657.668200,231.150100,1.785969,654.129100,232.009100,661.207300,230.291000,654.129100,219.991600,661.207300,221.262700,0.255108,0.306859,3.268171,0.382911,0.230534,3.312040,0.348702,3.307893,54.732930,0.821003,-0.129676,0,1,17.348740,0.046262,0.000179,0.123395,5,11,10,5,4
309,19.551180,0.046262,older_sister,1,10,1.000000,9.802086,267.889800,434.531700,270.367100,435.504800,2.661539,266.489800,433.940900,274.244400,437.068800,266.489800,422.874900,274.244400,421.617700,-6.743934,0.282565,-1.888039,-6.603920,0.394534,-1.967906,-6.718655,-1.903125,305.262400,0.316650,0.160433,1,0,17.742800,0.026946,0.000301,0.129187,3,1,10,5,4
309,19.551180,0.046262,player,8,3,7.833393,3.000000,844.332800,433.870200,843.215900,434.352800,1.216690,847.000800,432.745100,839.430900,435.960400,847.000800,421.424400,839.430900,423.715100,3.737514,0.289068,-1.857506,3.600836,0.312677,-1.939606,3.689341,-1.886233,234.727700,0.458206,-0.158996,1,0,17.060300,0.046262,0.000061,0.131109,1,7,3,2,4
310,19.595780,0.045075,father,5,3,5.000000,2.864174,730.292500,496.632400,732.070100,497.430600,1.948582,728.871800,496.734200,735.268400,498.127100,728.871800,487.823400,735.268400,485.401100,1.604629,0.227533,-3.491428,1.720124,0.324951,-3.526994,1.630281,-3.488829,305.261400,0.330175,0.114838,1,0,17.753560,0.019297,0.000031,0.124601,3,5,3,6,4
310,19.595780,0.045075,mother,11,10,10.502190,10.000000,661.230200,229.495000,660.757700,229.703900,0.516598,659.729600,229.377500,661.785800,230.030300,659.729600,218.082600,661.785800,220.874400,0.356227,0.288408,3.335366,0.393354,0.233792,3.318698,0.383322,3.332367,54.742170,0.877697,-0.020695,0,1,17.393810,0.045075,0.000015,0.123395,5,11,10,5,4
310,19.595780,0.045075,older_sister,1,10,1.000000,9.825840,266.885700,434.029800,268.991300,434.916900,2.284878,266.310600,433.885100,271.671900,435.948700,266.310600,422.755500,271.671900,420.455600,-6.747169,0.284189,-1.886614,-6.650369,0.395607,-1.939306,-6.736787,-1.890308,305.255900,0.346344,0.109460,1,0,17.766410,0.023608,0.000164,0.129187,3,1,10,5,4
310,19.595780,0.045075,player,8,3,7.788037,3.000000,842.415300,434.828700,839.948000,435.860300,2.674248,846.828500,432.842000,833.067500,438.878500,846.828500,421.460700,833.067500,427.314300,3.734402,0.290614,-1.859978,3.485940,0.295286,-2.014118,3.654721,-1.910708,234.741200,0.514900,-0.291863,1,0,17.105370,0.045075,0.000273,0.131109,1,7,3,2,4
311,19.639150,0.043572,father,5,3,5.000000,2.881214,729.572100,496.272200,731.094800,496.991100,1.683948,728.586300,496.608100,733.603400,497.374200,728.586300,487.672200,733.603400,484.739500,1.599474,0.228172,-3.488209,1.690061,0.322620,-3.507770,1.617273,-3.479632,305.261300,0.351475,0.085260,1,0,17.770490,0.016934,0.000061,0.124601,3,5,3,6,4
311,19.639150,0.043572,mother,11,10,10.546030,10.000000,663.083600,228.568100,664.108000,228.013800,1.164780,665.939300,226.243900,662.276700,229.783800,665.939300,216.213500,662.276700,220.548500,0.468350,0.256119,3.415382,0.402220,0.235817,3.324993,0.416788,3.356033,54.732430,0.932501,0.106183,0,1,17.437380,0.043572,0.000136,0.123395,5,11,10,5,4
311,19.639150,0.043572,older_sister,1,10,1.000000,9.846413,266.015900,433.594700,267.618500,434.295700,1.749191,266.114400,433.808000,269.122600,434.783400,266.114400,422.630200,269.122600,419.730800,-6.750712,0.285418,-1.884644,-6.696397,0.384359,-1.909551,-6.752490,-1.879199,305.276600,0.372059,0.058726,1,0,17.786850,0.020445,0.000341,0.129187,3,1,10,5,4
311,19.639150,0.043572,player,8,3,7.744194,3.000000,840.561800,435.755600,837.981700,436.803900,2.784995,846.862100,432.825200,829.101300,440.782700,846.862100,421.250500,829.101300,429.600200,3.735011,0.295555,-1.859551,3.414329,0.285537,-2.062739,3.621255,-1.934375,234.732400,0.569704,-0.379146,0,0,17.148940,0.043572,0.000164,0.131109,1,7,3,2,4
312,19.683250,0.043776,father,5,3,5.000000,2.896925,728.908000,495.940000,730.105500,496.532700,1.336233,728.299100,496.479200,731.911900,496.586200,728.299100,487.525500,731.911900,484.283800,1.594290,0.228627,-3.484916,1.659520,0.314137,-3.487650,1.605282,-3.471148,305.280900,0.371113,0.054828,1,0,17.786100,0.015614,0.000220,0.128611,3,5,3,6,4
312,19.683250,0.043776,mother,11,10,10.589740,10.000000,664.931300,227.644300,667.551500,226.205200,2.989397,672.260400,222.901500,662.842500,229.508900,672.260400,213.299700,662.842500,220.174600,0.582479,0.245175,3.500727,0.412436,0.238347,3.332011,0.450148,3.379624,54.733330,0.987131,0.236249,0,1,17.480820,0.043434,0.000164,0.132422,5,11,10,5,4
312,19.683250,0.043776,older_sister,1,10,1.000000,9.865106,265.225600,433.199700,266.228300,433.636100,1.093510,265.931900,433.730400,266.524700,433.541800,265.931900,422.513200,266.524700,419.187800,-6.754007,0.286425,-1.882664,-6.743304,0.366522,-1.877848,-6.766759,-1.869113,305.253300,0.395426,0.005960,1,0,17.805430,0.018578,0.000205,0.136117,3,1,10,5,4
312,19.683250,0.043776,player,8,3,7.700145,3.000001,838.699600,436.686600,838.032200,437.052100,0.760936,847.055600,432.834000,829.008900,441.270100,847.055600,420.834400,829.008900,430.363500,3.738503,0.306405,-1.859776,3.412660,0.278493,-2.075185,3.587632,-1.958148,234.738100,0.624764,-0.390417,0,0,17.192720,0.043776,0.000246,0.128841,1,7,3,2,4
313,19.764850,0.079767,father,5,3,5.000000,2.922679,727.819200,495.395600,728.342200,495.683900,0.597261,727.830000,496.261400,728.854400,495.106500,727.830000,487.297300,728.854400,483.673200,1.585819,0.228892,-3.479355,1.604317,0.291942,-3.449865,1.585623,-3.457247,305.264200,0.403307,-0.001922,1,0,17.811700,0.009098,0.000193,0.128611,3,5,3,6,4
313,19.764850,0.079767,mother,11,10,10.664520,9.999999,668.093000,226.063500,669.610400,225.389100,1.660535,675.095800,221.801900,664.124900,228.976300,675.095800,212.859000,664.124900,219.293700,0.633674,0.228350,3.528806,0.435589,0.247238,3.345613,0.507234,3.419987,54.737590,0.080614,0.267501,0,0,17.555140,0.026557,0.000110,0.132422,5,11,10,5,4
313,19.764850,0.079767,older_sister,1,10,1.000000,9.895095,263.957900,432.565700,263.761100,432.411100,0.250222,265.650200,433.608100,261.872000,431.214100,265.650200,422.327700,261.872000,418.207200,-6.759094,0.288037,-1.879540,-6.827311,0.332123,-1.818411,-6.789649,-1.852923,305.270800,0.432913,-0.090992,1,0,17.835240,0.010481,0.000341,0.136117,3,1,10,5,4
313,19.764850,0.079767,player,8,3,7.619882,3.000000,835.306500,438.383100,837.710400,437.559600,2.541085,845.603900,434.051100,829.817000,441.068100,845.603900,420.716400,829.817000,430.225600,3.712293,0.340493,-1.890852,3.427251,0.276857,-2.070027,3.526368,-2.001468,234.735900,0.725094,-0.336183,0,1,17.272490,0.029767,0.000273,0.128841,1,7,3,2,4
314,19.798650,0.036249,father,5,3,5.000000,2.933346,727.368200,495.170300,727.559300,495.297700,0.229664,727.636000,496.169900,727.482600,494.425400,727.636000,487.204700,727.482600,483.411600,1.582317,0.228921,-3.477020,1.579547,0.281232,-3.432476,1.577482,-3.451495,305.245100,0.416639,-0.027968,1,0,17.822300,0.010601,0.000061,0.128611,3,5,3,6,4
314,19.798650,0.036249,mother,11,10,10.694980,9.999999,669.380500,225.419600,670.157000,225.210700,0.804105,675.669100,221.640400,664.644800,228.781100,675.669100,212.836300,664.644800,218.827800,0.644026,0.224808,3.532929,0.444976,0.254150,3.350597,0.530481,3.436428,54.730910,0.118687,0.267796,0,0,17.585410,0.030269,0.000220,0.132422,5,11,10,5,4
314,19.798650,0.036249,older_sister,1,10,0.999999,9.907223,263.445100,432.309800,262.726100,431.884700,0.835267,265.546700,433.562500,259.905600,430.206800,265.546700,422.257200,259.905600,417.701700,-6.760962,0.288676,-1.878376,-6.862816,0.319312,-1.792691,-6.798907,-1.846389,305.215700,0.448072,-0.132625,1,0,17.847290,0.012053,0.000097,0.136117,3,1,10,5,4
314,19.798650,0.036249,player,8,3,7.583407,3.000000,833.764600,439.154400,836.399000,438.327800,2.761046,842.729700,435.688200,830.068200,440.967300,842.729700,421.349200,830.068200,430.070200,3.660398,0.366139,-1.932656,3.431787,0.278252,-2.067453,3.498527,-2.021163,234.723700,0.770687,-0.264481,0,1,17.308730,0.036249,0.000031,0.128841,1,7,3,2,4
315,19.832370,0.033698,father,5,3,5.000000,2.942831,726.967300,494.969500,726.847500,494.942800,0.122752,727.462300,496.089100,726.232800,493.796500,727.462300,487.123100,726.232800,483.153200,1.579180,0.228941,-3.474956,1.556980,0.271769,-3.416416,1.570243,-3.446368,305.305200,0.428495,-0.051949,1,0,17.831720,0.009426,0.000356,0.128611,3,5,3,6,4
315,19.832370,0.033698,mother,11,10,10.721230,9.999999,670.490200,224.864900,670.485800,225.055700,0.190816,675.815100,221.518200,665.156400,228.593100,675.815100,212.736700,665.156400,218.318000,0.646661,0.224231,3.536049,0.454214,0.262370,3.355395,0.550517,3.450593,54.741830,0.151497,0.261429,0,0,17.611500,0.026085,0.000086,0.132422,5,11,10,5,4
315,19.832370,0.033698,older_sister,1,10,1.000000,9.917870,262.995000,432.084500,261.896800,431.454700,1.266017,265.477000,433.538000,258.316500,429.371300,265.477000,422.212600,258.316500,417.192200,-6.762220,0.289188,-1.877750,-6.891507,0.310986,-1.771357,-6.807034,-1.840636,305.295300,0.461380,-0.166995,1,0,17.857870,0.010581,0.000136,0.136117,3,1,10,5,4
315,19.832370,0.033698,player,8,3,7.549500,3.000000,832.331100,439.870900,834.480500,439.158100,2.264552,838.863200,437.378600,830.097700,440.937500,838.863200,422.329900,830.097700,429.936000,3.590585,0.384260,-1.975819,3.432318,0.280916,-2.066692,3.472645,-2.039458,234.745000,0.813070,-0.181693,0,1,17.342430,0.033697,0.000164,0.128841,1,7,3,2,4
316,19.866280,0.033969,father,5,3,5.000000,2.952046,726.577700,494.774700,726.145800,494.590600,0.469547,727.297100,496.011300,724.994400,493.169800,727.297100,487.043700,724.994400,482.852500,1.576196,0.228982,-3.472970,1.534623,0.263447,-3.400414,1.563208,-3.441393,305.266200,0.440016,-0.075835,1,0,17.840880,0.009158,0.000356,0.128611,3,5,3,6,4
316,19.866280,0.033969,mother,11,10,10.745620,9.999999,671.521500,224.349200,670.844700,224.910700,0.879371,675.883500,221.459500,665.805900,228.361900,675.883500,212.671700,665.805900,217.749200,0.647896,0.224392,3.537549,0.465940,0.270990,3.361299,0.569137,3.463761,54.731110,0.181990,0.250328,1,0,17.635740,0.024244,0.000136,0.132422,5,11,10,5,4
316,19.866280,0.033969,older_sister,1,10,0.999999,9.928085,262.563200,431.868800,261.156300,431.065200,1.620189,265.432200,433.518200,256.880400,428.612100,265.432200,422.175500,256.880400,416.651600,-6.763030,0.289629,-1.877246,-6.917437,0.305406,-1.751971,-6.814832,-1.835128,305.237400,0.474150,-0.198393,1,0,17.868020,0.010152,0.000068,0.136117,3,1,10,5,4
316,19.866280,0.033969,player,8,3,7.515319,3.000000,830.886200,440.593400,832.046400,440.195700,1.226478,834.093300,439.432700,829.999300,440.958700,834.093300,424.589700,829.999300,429.797800,3.504462,0.379010,-2.028270,3.430544,0.284988,-2.067234,3.446556,-2.057906,234.735700,0.855795,-0.082850,0,1,17.376400,0.033969,0.000164,0.128841,1,7,3,2,4
317,19.899460,0.033333,father,5,3,5.000000,2.960805,726.207400,494.589900,725.489400,494.259800,0.790279,727.146500,495.939800,723.832200,492.579700,727.146500,486.970400,723.832200,482.534900,1.573479,0.229030,-3.471145,1.513637,0.256489,-3.385346,1.556523,-3.436675,305.214100,0.450962,-0.098366,1,0,17.849590,0.008704,0.000031,0.128611,3,5,3,6,4
317,19.899460,0.033333,mother,11,10,10.767640,9.999999,672.452300,223.883900,671.220300,224.752600,1.507517,675.896600,221.437800,666.543900,228.067600,675.896600,212.618900,666.543900,217.124900,0.648133,0.225186,3.538103,0.479266,0.279415,3.368816,0.585945,3.475643,54.741740,0.209513,0.235613,1,0,17.657620,0.021881,0.000098,0.132422,5,11,10,5,4
317,19.899460,0.033333,older_sister,1,10,0.999999,9.937673,262.157900,431.665700,260.481200,430.698000,1.935907,265.383700,433.501000,255.578600,427.895000,265.383700,422.147400,255.578600,416.087700,-6.763905,0.289907,-1.876806,-6.940941,0.301492,-1.733660,-6.822150,-1.829944,305.311700,0.486134,-0.227207,1,0,17.877550,0.009528,0.000273,0.136117,3,1,10,5,4
317,19.899460,0.033333,player,7,3,7.481779,3.000000,829.468100,441.302200,829.409700,441.452000,0.160710,828.843800,441.944600,829.975600,440.959300,828.843800,428.179900,829.975600,429.668800,3.409679,0.351474,-2.092408,3.430116,0.288297,-2.067249,3.420953,-2.076007,234.740400,0.897720,0.031212,0,1,17.409730,0.033333,0.000301,0.128841,1,7,3,2,4
318,19.932620,0.033333,father,5,3,5.000000,2.969334,725.846900,494.409600,724.895900,493.954400,1.054237,727.010200,495.877800,722.781700,492.031000,727.010200,486.906600,722.781700,482.181600,1.571018,0.229077,-3.469562,1.494668,0.251500,-3.371336,1.550013,-3.432070,305.271500,0.461624,-0.119055,1,0,17.858060,0.008476,0.000086,0.128981,3,5,3,6,4
318,19.932620,0.033333,mother,11,10,10.787880,9.999999,673.308000,223.456000,671.601900,224.541300,2.022070,675.899200,221.414500,667.304700,227.668100,675.899200,212.558700,667.304700,216.212500,0.648180,0.226127,3.538698,0.493001,0.292513,3.379015,0.601395,3.486569,54.732660,0.234814,0.218898,1,0,17.677740,0.020117,0.000110,0.126268,5,11,10,5,4
318,19.932620,0.033333,older_sister,1,10,1.000000,9.946894,261.768000,431.470900,259.855000,430.355700,2.214328,265.347300,433.480100,254.362700,427.231200,265.347300,422.117800,254.362700,415.533200,-6.764563,0.290131,-1.876273,-6.962895,0.298701,-1.716710,-6.829188,-1.824969,305.252500,0.497660,-0.254058,1,0,17.886710,0.009164,0.000178,0.139681,3,1,10,5,4
318,19.932620,0.033333,player,7,3,7.448238,3.000000,828.050200,442.011400,826.452300,442.965500,1.861027,822.964500,444.954100,829.940200,440.976800,822.964500,432.412900,829.940200,429.572500,3.303524,0.320231,-2.169253,3.429477,0.291201,-2.067697,3.395351,-2.094115,234.727100,0.939646,0.161475,0,1,17.443070,0.033333,0.000110,0.139043,1,7,3,2,4
319,20.012110,0.078034,father,5,3,5.000000,3.000000,724.550500,493.761200,722.913800,492.904000,1.847539,726.561000,495.662300,719.266600,490.145700,726.561000,486.695200,719.266600,480.654700,1.562906,0.228971,-3.464059,1.431202,0.242346,-3.323195,1.526606,-3.415514,305.272200,0.499956,-0.188869,0,0,17.888540,0.000000,0.000275,0.128981,3,-1,-1,6,4
319,20.012110,0.078034,mother,11,10,10.829750,9.999999,675.078000,222.571000,673.279400,223.670600,2.108127,676.410000,221.134500,670.148600,226.206600,676.410000,212.267700,670.148600,213.824400,0.657403,0.226408,3.545846,0.544350,0.316172,3.416335,0.633352,3.509166,54.735810,0.287148,0.167081,1,0,17.719350,0.013917,0.000123,0.126268,5,11,10,5,4
319,20.012110,0.078034,older_sister,1,10,1.000000,9.967448,260.899100,431.036500,258.596100,429.664300,2.680840,265.292400,433.452200,251.899700,425.876300,265.292400,422.056900,251.899700,414.370100,-6.765553,0.290973,-1.875561,-7.007366,0.293806,-1.682114,-6.844877,-1.813876,305.263800,0.523354,-0.309126,1,0,17.907140,0.007145,0.000178,0.139681,3,1,10,5,4
319,20.012110,0.078034,player,7,3,7.371855,3.000001,824.821100,443.626100,821.957500,445.220700,3.277688,814.364900,449.336400,829.550100,441.105000,814.364900,437.887800,829.550100,429.348800,3.148254,0.292335,-2.281154,3.422433,0.300188,-2.070970,3.337047,-2.135344,234.734400,0.035126,0.345217,0,0,17.518980,0.026464,0.000031,0.139043,1,7,3,2,4
320,20.055070,0.034360,father,5,3,5.000000,3.000000,724.550500,493.761200,722.913800,492.904000,1.847539,726.561000,495.662300,719.266600,490.145700,726.561000,486.695200,719.266600,480.654700,1.562906,0.228971,-3.464059,1.431202,0.242346,-3.323195,1.526606,-3.415514,305.272200,0.499956,-0.188869,0,0,17.888540,0.000000,0.000275,0.128981,3,2,2,5,4
320,20.055070,0.034360,mother,11,10,10.845600,9.999999,675.748000,222.235900,673.975800,223.267500,2.050530,676.610500,221.016300,671.341200,225.518500,676.610500,212.133800,671.341200,212.900200,0.661023,0.226811,3.548864,0.565883,0.322201,3.433903,0.645450,3.517723,54.727290,0.306959,0.144060,1,0,17.735100,0.015752,0.000193,0.126268,5,11,10,5,4
320,20.055070,0.034360,older_sister,1,10,1.000000,10.000000,259.523000,430.348500,257.174700,428.922800,2.747270,265.320700,433.466900,249.028600,424.378600,265.320700,421.923700,249.028600,413.155200,-6.765043,0.294748,-1.875934,-7.059206,0.286584,-1.643872,-6.869724,-1.796309,305.259900,0.564043,-0.374163,0,0,17.939490,0.000000,0.000068,0.139681,3,4,7,7,4
320,20.055070,0.034360,player,7,3,7.340711,3.000000,823.504500,444.284200,821.473300,445.281700,2.262971,813.700900,449.415500,829.245500,441.147900,813.700900,438.343800,829.245500,429.188700,3.136267,0.282711,-2.283175,3.416931,0.305370,-2.072064,3.313275,-2.152148,234.744200,0.074055,0.351044,0,0,17.549930,0.030951,0.000220,0.139043,1,7,3,2,4
321,20.091110,0.042726,father,5,3,5.000000,2.992652,724.861100,493.916600,722.664900,494.075600,2.201915,728.418600,494.325500,716.911300,493.825700,728.418600,485.357700,716.911300,484.377700,1.596446,0.228986,-3.429923,1.388676,0.241248,-3.417160,1.532214,-3.419482,262.548300,0.509140,-0.204361,1,0,17.895840,0.007302,0.000193,0.128981,7,2,2,5,4
321,20.091110,0.042726,mother,11,10,10.863870,10.000000,676.520400,221.849700,674.860800,222.770800,1.898028,676.866700,220.864900,672.854900,224.676700,676.866700,211.954500,672.854900,211.950800,0.665648,0.227521,3.552732,0.593214,0.324949,3.455399,0.659396,3.527584,54.737240,0.329798,0.115337,1,0,17.753250,0.018157,0.000179,0.126268,5,11,10,5,4
321,20.091110,0.042726,older_sister,1,10,1.007347,10.000000,259.833600,430.193100,258.693100,428.330400,2.184177,263.313800,435.052900,254.072500,421.607800,263.313800,423.457700,254.072500,410.452300,-6.801280,0.296076,-1.916432,-6.968135,0.284850,-1.573122,-6.864115,-1.792342,331.243800,0.573227,-0.381243,0,0,17.946790,0.007302,0.000136,0.139681,5,4,7,7,4
321,20.091110,0.042726,player,7,3,7.304351,3.000000,821.967400,445.052700,821.060500,445.321000,0.945770,813.269800,449.427500,828.851300,441.214400,813.269800,438.527900,828.851300,428.897100,3.128483,0.278316,-2.283480,3.409814,0.314515,-2.073762,3.285522,-2.171771,234.738200,0.119505,0.350786,0,0,17.586060,0.036134,0.000273,0.139043,1,7,3,2,4
322,20.129290,0.038675,father,5,3,5.000000,2.973330,725.678000,494.325200,723.856100,495.564300,2.203305,729.310200,492.712100,718.402100,498.416500,729.310200,483.726700,718.402100,489.050700,1.612544,0.229436,-3.388726,1.415594,0.239149,-3.534385,1.546963,-3.429915,223.874500,0.533293,-0.241502,1,0,17.915040,0.019203,0.000061,0.128981,7,2,2,5,4
322,20.129290,0.038675,mother,11,10,10.879020,10.000000,677.160700,221.529600,675.664600,222.325900,1.694846,677.099000,220.733400,674.230200,223.918400,677.099000,211.800600,674.230200,211.259700,0.669842,0.228093,3.556089,0.618045,0.323235,3.474761,0.670957,3.535759,54.736180,0.348730,0.089247,1,0,17.768310,0.015053,0.000179,0.126268,5,11,10,5,4
322,20.129290,0.038675,older_sister,1,10,1.026670,10.000000,260.650500,429.784500,260.598200,428.543000,1.242676,261.174100,436.030800,260.022300,421.055100,261.174100,424.278700,260.022300,410.102600,-6.839912,0.300082,-1.941403,-6.860707,0.279666,-1.559008,-6.849367,-1.781909,354.764500,0.597382,-0.382697,0,0,17.966000,0.019203,0.000273,0.139681,5,4,7,7,4
322,20.129290,0.038675,player,7,3,7.274217,3.000000,820.693500,445.689700,820.937600,445.339300,0.427068,813.512300,449.368600,828.363000,441.309900,813.512300,438.454200,828.363000,428.585500,3.132860,0.278693,-2.281976,3.401000,0.324910,-2.076203,3.262522,-2.188037,234.731400,0.157171,0.337740,1,0,17.616010,0.029948,0.000220,0.139043,1,7,3,2,4
323,20.164880,0.035673,father,5,3,5.000000,2.944834,726.882600,494.927500,726.442900,496.612200,1.741127,728.666600,491.307800,724.219300,501.916700,728.666600,482.225500,724.219300,492.700000,1.600925,0.231912,-3.352869,1.520625,0.235343,-3.623759,1.568714,-3.445296,188.203300,0.568914,-0.279577,0,0,17.943360,0.028320,0.000031,0.128981,7,2,2,5,4
323,20.164880,0.035673,mother,11,10,10.891960,10.000000,677.707800,221.256200,676.419900,221.916400,1.447246,677.314800,220.614200,675.525000,223.218500,677.314800,211.665500,675.525000,210.781000,0.673741,0.228500,3.559132,0.641423,0.317584,3.492635,0.680836,3.542740,54.753320,0.364906,0.064769,1,0,17.781170,0.012861,0.000015,0.126268,5,11,10,5,4
323,20.164880,0.035673,older_sister,1,10,1.055166,10.000000,261.855200,429.182200,261.932300,428.806800,0.383230,258.542700,436.078200,265.321900,421.535400,258.542700,423.989300,265.321900,410.649700,-6.887424,0.308683,-1.942614,-6.765021,0.277959,-1.571271,-6.827615,-1.766528,16.459030,0.633001,-0.390807,0,0,17.994320,0.028320,0.000273,0.139681,5,4,7,7,4
323,20.164880,0.035673,player,7,3,7.248914,3.000000,819.623800,446.224500,820.733200,445.360600,1.406066,813.801600,449.234200,827.664800,441.487100,813.801600,438.291300,827.664800,428.401900,3.138083,0.279420,-2.278544,3.388392,0.334123,-2.080725,3.243207,-2.201693,234.737800,0.188801,0.318586,1,0,17.641160,0.025146,0.000246,0.139043,1,7,3,2,4
324,20.200910,0.035703,father,5,3,5.000000,2.909161,728.390700,495.681200,728.935200,496.318100,0.837839,726.154800,491.013300,731.715500,501.622800,726.154800,481.678700,731.715500,492.680100,1.555572,0.238354,-3.345349,1.655974,0.228348,-3.616256,1.595944,-3.464541,152.501300,0.613504,-0.286659,0,0,17.978820,0.035452,0.000356,0.123446,7,2,2,5,4
324,20.200910,0.035703,mother,11,10,10.904100,10.000000,678.221100,220.999400,677.187700,221.510100,1.152657,677.527200,220.496400,676.848200,222.523900,677.527200,211.536800,676.848200,210.439600,0.677574,0.228777,3.562141,0.665315,0.308564,3.510370,0.690102,3.549298,54.712150,0.380083,0.039914,1,0,17.793230,0.012065,0.000179,0.128753,5,11,10,5,4
324,20.200910,0.035703,older_sister,1,10,1.090840,10.000000,263.363200,428.428500,262.387400,428.966300,1.114205,255.574200,434.649500,269.200600,423.283100,255.574200,422.000700,269.200600,412.470200,-6.941022,0.322982,-1.906133,-6.694989,0.276099,-1.615897,-6.800386,-1.747283,38.172360,0.677593,-0.380226,0,1,18.029770,0.035452,0.000043,0.124170,5,4,7,7,4
324,20.200910,0.035703,player,7,3,7.225791,3.000000,818.646200,446.713300,820.451200,445.438400,2.209821,814.102200,449.080100,826.800200,441.796600,814.102200,438.096800,826.800200,428.317900,3.143512,0.280453,-2.274609,3.372781,0.344171,-2.088629,3.225557,-2.214175,234.732900,0.217705,0.294574,1,0,17.664130,0.022981,0.000220,0.130532,1,7,3,2,4
325,20.285130,0.080361,father,5,3,5.000000,2.828662,731.793800,497.383000,730.396500,496.465700,1.671439,725.081900,492.860600,735.711100,500.070900,725.081900,482.423900,735.711100,491.202900,1.536202,0.266496,-3.392518,1.728116,0.226439,-3.576629,1.657387,-3.507994,125.268400,0.714129,-0.262997,0,1,18.058820,0.030000,0.000136,0.123446,7,2,2,5,4
325,20.285130,0.080361,mother,11,10,10.929070,10.000000,679.276700,220.471600,678.908000,220.625500,0.399573,677.960100,220.265900,679.855900,220.985200,677.960100,211.301100,679.855900,209.797900,0.685390,0.228912,3.568026,0.719620,0.285662,3.549659,0.709163,3.562775,54.737170,0.411299,-0.017345,1,0,17.818050,0.008896,0.000164,0.128753,5,11,10,5,4
325,20.285130,0.080361,older_sister,1,10,1.171338,10.000000,266.766300,426.726700,264.183000,427.532600,2.706094,258.173900,430.018400,270.192000,425.046900,258.173900,415.530600,270.192000,414.136300,-6.894083,0.369936,-1.787879,-6.677089,0.278595,-1.660935,-6.738942,-1.703830,54.732100,0.778215,-0.250465,0,1,18.109770,0.030000,0.000178,0.124170,5,4,7,7,4
325,20.285130,0.080361,player,7,3,7.180447,3.000000,816.729200,447.671800,818.944600,446.171400,2.675660,814.160500,449.038500,823.729000,443.304400,814.160500,438.023900,823.729000,428.510200,3.144564,0.281252,-2.273546,3.317330,0.377762,-2.127130,3.190945,-2.238650,234.735000,0.274384,0.225596,1,0,17.709200,0.015728,0.000164,0.130532,1,7,3,2,4
326,20.319700,0.038959,father,5,3,5.000000,2.789097,733.466400,498.219100,731.718200,497.083000,2.084941,727.585600,493.997700,735.850800,500.168300,727.585600,482.677800,735.850800,491.247600,1.581407,0.289049,-3.421555,1.730639,0.227784,-3.579116,1.687588,-3.529346,125.259100,0.763584,-0.212811,0,1,18.098130,0.039321,0.000301,0.123446,7,2,2,5,4
326,20.319700,0.038959,mother,11,10,10.940330,10.000000,679.752700,220.233600,679.746700,220.203400,0.030766,678.157500,220.161400,681.335800,220.245400,678.157500,211.195600,681.335800,209.509600,0.688955,0.228935,3.570695,0.746341,0.274131,3.568550,0.717758,3.568852,54.738190,0.425373,-0.045619,1,0,17.829240,0.011189,0.000164,0.128753,5,11,10,5,4
326,20.319700,0.038959,older_sister,1,10,1.210904,10.000000,268.439000,425.890600,266.564100,426.562300,1.991509,262.941800,428.046400,270.186400,425.078200,262.941800,412.884500,270.186400,414.020600,-6.807995,0.387148,-1.737525,-6.677189,0.282350,-1.661736,-6.708741,-1.682479,54.741070,0.827671,-0.150561,0,1,18.149090,0.039321,0.000000,0.124170,5,4,7,7,4
326,20.319700,0.038959,player,7,3,7.161416,3.000000,815.924800,448.074000,818.112700,446.646900,2.612155,814.101900,449.076000,822.123300,444.217800,814.101900,438.041300,822.123300,428.988400,3.143507,0.281765,-2.274505,3.288337,0.388875,-2.150454,3.176421,-2.248919,234.738700,0.298174,0.189873,1,0,17.728110,0.018913,0.000220,0.130532,1,7,3,2,4
327,20.354270,0.034632,father,5,3,5.000000,2.754249,734.939600,498.955900,733.347200,497.985700,1.864776,730.547000,495.633000,736.147300,500.338400,730.547000,483.715700,736.147300,491.345000,1.634876,0.304301,-3.463309,1.735994,0.229641,-3.583459,1.714188,-3.548159,125.270500,0.807142,-0.151935,0,1,18.132770,0.034632,0.000110,0.123446,7,2,2,5,4
327,20.354270,0.034632,mother,11,10,10.949820,10.000000,680.153700,220.033100,680.466000,219.844600,0.364760,678.321000,220.073800,682.611000,219.615400,678.321000,211.106700,682.611000,209.221100,0.691907,0.228970,3.572931,0.769366,0.265412,3.584637,0.724998,3.573971,54.737390,0.437231,-0.070005,1,0,17.838670,0.009427,0.000136,0.128753,5,11,10,5,4
327,20.354270,0.034632,older_sister,1,10,1.245751,10.000000,269.912100,425.153800,269.177800,425.368000,0.764935,268.054100,425.692400,270.301600,425.043700,268.054100,411.185400,270.301600,413.831800,-6.715690,0.370427,-1.677417,-6.675110,0.286291,-1.660854,-6.682142,-1.663665,54.727600,0.871231,-0.042695,0,1,18.183720,0.034632,0.000205,0.124170,5,4,7,7,4
327,20.354270,0.034632,player,7,3,7.146050,3.000000,815.275200,448.399000,817.394500,447.076100,2.498306,814.043000,449.125400,820.746000,445.026700,814.043000,438.057800,820.746000,429.569600,3.142444,0.282603,-2.275765,3.263470,0.394689,-2.171109,3.164691,-2.257216,234.725700,0.317383,0.159244,1,0,17.743380,0.015271,0.000110,0.130532,1,7,3,2,4
328,20.389970,0.035846,father,5,3,5.000000,2.718180,736.464500,499.718300,735.484300,499.176900,1.119724,734.408600,497.785500,736.560000,500.568400,734.408600,485.993100,736.560000,491.460400,1.704601,0.301111,-3.518272,1.743445,0.232568,-3.589332,1.741719,-3.567626,125.263400,0.852228,-0.072742,0,1,18.168610,0.035846,0.000164,0.123446,7,2,2,5,4
328,20.389970,0.035846,mother,11,10,10.959310,10.000000,680.554800,219.832400,681.187700,219.486800,0.721123,678.480900,219.988800,683.894400,218.984600,678.480900,211.019600,683.894400,208.897900,0.694795,0.229022,3.575102,0.792538,0.257560,3.600743,0.732240,3.579094,54.721130,0.449091,-0.094602,1,0,17.848100,0.009429,0.000273,0.128753,5,11,10,5,4
328,20.389970,0.035846,older_sister,1,10,1.281820,10.000000,271.437000,424.391400,272.125400,423.931100,0.828175,273.958300,422.809700,270.292500,425.052600,273.958300,409.617900,270.292500,413.711300,-6.609087,0.336844,-1.603809,-6.675273,0.289593,-1.661081,-6.654610,-1.644199,54.737880,0.916317,0.087107,0,1,18.219560,0.035846,0.000178,0.124170,5,4,7,7,4
328,20.389970,0.035846,player,7,3,7.131328,3.000000,814.652800,448.710300,816.645200,447.515300,2.323338,813.966800,449.187200,819.323700,445.843400,813.966800,438.080200,819.323700,430.315600,3.141067,0.283611,-2.277344,3.237788,0.396493,-2.191961,3.153453,-2.265166,234.725500,0.335785,0.128270,1,0,17.758010,0.014631,0.000000,0.130532,1,7,3,2,4
329,20.424480,0.034743,father,5,3,5.000000,2.683221,737.942400,500.457100,737.947700,500.438100,0.019652,738.942000,500.099300,736.953400,500.777000,738.942000,489.236500,736.953400,491.593100,1.786454,0.277374,-3.577354,1.750547,0.234504,-3.594659,1.768404,-3.586490,125.257900,0.895927,0.019331,0,1,18.203350,0.034743,0.000301,0.123446,7,2,2,5,4
329,20.424480,0.034743,mother,11,10,10.968230,10.000000,680.932300,219.643900,681.826700,219.175500,1.009643,678.617200,219.914700,685.036300,218.436300,678.617200,210.943700,685.036300,208.565300,0.697255,0.229070,3.576994,0.813154,0.252049,3.614745,0.739056,3.583909,54.765180,0.460253,-0.116446,1,0,17.856970,0.008873,0.000086,0.128753,5,11,10,5,4
329,20.424480,0.034743,older_sister,1,10,1.316780,10.000000,272.914900,423.652700,275.343900,422.232700,2.813607,280.294200,419.453700,270.393500,425.011800,280.294200,407.348000,270.393500,413.544400,-6.494689,0.309110,-1.518116,-6.673450,0.292813,-1.660039,-6.627925,-1.625335,54.743020,0.960014,0.227896,0,1,18.254310,0.034743,0.000031,0.124170,5,4,7,7,4
329,20.424480,0.034743,player,7,3,7.118062,3.000000,814.091900,448.990500,815.901400,447.938400,2.093115,813.875400,449.245600,817.927200,446.631100,813.875400,438.103300,817.927200,431.188700,3.139417,0.284512,-2.278835,3.212574,0.394313,-2.212077,3.143327,-2.272323,234.748200,0.352367,0.098273,1,0,17.771200,0.013184,0.000164,0.130532,1,7,3,2,4
330,20.459660,0.035013,father,5,3,5.000000,2.647990,739.431800,501.202100,740.781000,501.819800,1.483852,744.184500,502.651400,737.377400,500.988100,744.184500,492.751400,737.377400,491.742600,1.881109,0.252791,-3.642521,1.758204,0.236080,-3.600050,1.795297,-3.605514,125.274800,0.939966,0.124866,0,1,18.238370,0.035013,0.000031,0.131361,7,2,2,5,4
330,20.459660,0.035013,mother,11,10,11.000000,10.000000,682.275300,218.972400,683.963600,218.166800,1.870650,679.070400,219.679400,688.856800,216.654100,679.070400,210.712200,688.856800,207.163100,0.705437,0.228971,3.583002,0.882135,0.242346,3.660252,0.763303,3.601056,54.733390,0.499958,-0.188872,0,0,17.888540,0.000000,0.000137,0.128883,5,-1,-1,5,4
330,20.459660,0.035013,older_sister,1,10,1.352010,10.000000,274.404300,422.907600,277.903600,420.893300,4.037709,285.389800,416.787800,270.417500,424.998800,285.389800,404.960800,270.417500,413.365900,-6.402684,0.301996,-1.450044,-6.673018,0.297040,-1.659707,-6.601034,-1.606311,54.723110,0.004053,0.341779,0,1,18.289320,0.035013,0.000301,0.143221,5,4,7,7,4
330,20.459660,0.035013,player,7,3,7.105553,3.000000,813.563200,449.254800,815.112200,448.371500,1.783174,813.772300,449.310500,816.452100,447.432500,813.772300,438.139500,816.452100,432.273400,3.137554,0.285244,-2.280492,3.185941,0.387080,-2.232539,3.133779,-2.279071,234.749700,0.368004,0.067191,1,0,17.783630,0.012431,0.000246,0.134971,1,7,3,2,4
331,20.542320,0.079401,father,5,3,5.000000,2.568094,742.809400,502.890800,745.078100,503.978000,2.515712,751.635700,506.353900,738.520400,501.602100,751.635700,497.083900,738.520400,492.116900,2.015645,0.236703,-3.737062,1.778839,0.242198,-3.615727,1.856280,-3.648634,125.263900,0.039835,0.263404,0,0,18.317770,0.029401,0.000086,0.131361,7,2,2,5,4
331,20.542320,0.079401,mother,11,10,11.000000,10.000000,682.275300,218.972400,683.963600,218.166800,1.870650,679.070400,219.679400,688.856800,216.654100,679.070400,210.712200,688.856800,207.163100,0.705437,0.228971,3.583002,0.882135,0.242346,3.660252,0.763303,3.601056,54.733390,0.499958,-0.188872,0,0,17.888540,0.000000,0.000137,0.128883,5,-1,-1,5,4
331,20.542320,0.079401,older_sister,1,10,1.431906,10.000000,277.781800,421.218900,279.101300,420.693600,1.420224,286.918100,416.565800,271.284600,424.821500,286.918100,405.637500,271.284600,412.637300,-6.375091,0.279048,-1.444377,-6.657361,0.311116,-1.655179,-6.540050,-1.563189,54.735980,0.103924,0.352180,0,0,18.368720,0.029401,0.000246,0.143221,5,4,7,7,4
331,20.542320,0.079401,player,7,3,7.079629,3.000000,812.467300,449.802800,813.245700,449.353200,0.898959,813.544600,449.444200,812.946800,449.262200,813.544600,438.218800,812.946800,435.075300,3.133444,0.286633,-2.283905,3.122649,0.362255,-2.279260,3.113992,-2.293063,234.733400,0.400408,-0.006131,1,0,17.809390,0.009084,0.000220,0.134971,1,7,3,2,4
332,20.577940,0.039201,father,5,3,5.000000,2.528649,744.476900,503.724600,745.695300,504.440700,1.413294,752.312100,506.912000,739.078600,501.969500,752.312100,498.010600,739.078600,492.230600,2.027857,0.227292,-3.751312,1.788919,0.248677,-3.625108,1.886388,-3.669924,125.265700,0.089142,0.267956,0,0,18.356970,0.039201,0.000031,0.131361,7,2,2,5,4
332,20.577940,0.039201,mother,11,10,11.000000,10.000000,682.275300,218.972400,683.963600,218.166800,1.870650,679.070400,219.679400,688.856800,216.654100,679.070400,210.712200,688.856800,207.163100,0.705437,0.228971,3.583002,0.882135,0.242346,3.660252,0.763303,3.601056,54.733390,0.499958,-0.188872,0,0,17.888540,0.000000,0.000137,0.128883,5,-1,-1,5,4
332,20.577940,0.039201,older_sister,1,10,1.471351,10.000000,279.449400,420.385100,279.318200,420.670300,0.313957,286.793000,416.628100,271.843400,424.712600,286.793000,405.715500,271.843400,412.034600,-6.377348,0.278645,-1.445965,-6.647272,0.323726,-1.652400,-6.509941,-1.541900,54.737160,0.153231,0.339577,1,0,18.407920,0.039201,0.000232,0.143221,5,4,7,7,4
332,20.577940,0.039201,player,7,3,7.067977,3.000000,811.974600,450.049000,812.307900,449.828700,0.399506,813.443100,449.502000,811.172700,450.155300,813.443100,438.252000,811.172700,436.491300,3.131611,0.287263,-2.285384,3.090618,0.348902,-2.302063,3.105098,-2.299350,234.749000,0.414972,-0.043103,1,0,17.820970,0.011580,0.000329,0.134971,1,7,3,2,4
333,20.612960,0.035434,father,5,2,5.000000,2.492994,745.984300,504.478100,746.157900,504.746600,0.319752,752.722300,507.190100,739.593300,502.303200,752.722300,498.401500,739.593300,492.211800,2.035264,0.224411,-3.758414,1.798212,0.257678,-3.633629,1.913605,-3.689165,125.257900,0.133713,0.265601,0,0,18.392400,0.035434,0.000164,0.131361,7,2,2,5,4
333,20.612960,0.035434,mother,11,10,11.000000,10.000000,682.275300,218.972400,683.963600,218.166800,1.870650,679.070400,219.679400,688.856800,216.654100,679.070400,210.712200,688.856800,207.163100,0.705437,0.228971,3.583002,0.882135,0.242346,3.660252,0.763303,3.601056,54.733390,0.499958,-0.188872,0,0,17.888540,0.000000,0.000137,0.128883,5,-1,-1,5,4
333,20.612960,0.035434,older_sister,2,10,1.507006,10.000000,280.956800,419.631600,279.621600,420.632300,1.668530,286.382100,416.820500,272.861100,424.444100,286.382100,405.865000,272.861100,411.254700,-6.384768,0.279742,-1.450880,-6.628895,0.336782,-1.645543,-6.482725,-1.522658,54.739200,0.197800,0.311717,1,0,18.443360,0.035434,0.000136,0.143221,5,4,7,7,4
333,20.612960,0.035434,player,7,3,7.057948,3.000000,811.550700,450.261100,811.464200,450.250200,0.087178,813.356600,449.550500,809.572000,450.949900,813.356600,438.279100,809.572000,437.755700,3.130049,0.287809,-2.286620,3.061716,0.336906,-2.322354,3.097443,-2.304766,234.716700,0.427509,-0.076421,1,0,17.830940,0.009967,0.000193,0.134971,1,7,3,2,4
334,20.649410,0.036475,father,5,2,5.000000,2.456291,747.535900,505.253800,746.617200,505.014600,0.949337,752.919400,507.238600,740.315000,502.790500,752.919400,498.452300,740.315000,492.204400,2.038823,0.224353,-3.759653,1.811243,0.270311,-3.646073,1.941620,-3.708972,125.260600,0.179592,0.251396,1,0,18.428880,0.036475,0.000301,0.131361,7,2,2,5,4
334,20.649410,0.036475,mother,11,10,11.000000,10.000000,682.275300,218.972400,683.963600,218.166800,1.870650,679.070400,219.679400,688.856800,216.654100,679.070400,210.712200,688.856800,207.163100,0.705437,0.228971,3.583002,0.882135,0.242346,3.660252,0.763303,3.601056,54.733390,0.499958,-0.188872,0,0,17.888540,0.000000,0.000137,0.128883,5,-1,-1,5,4
334,20.649410,0.036475,older_sister,2,10,1.543709,10.000000,282.508400,418.855900,280.230400,420.353600,2.726251,285.975100,417.019100,274.485700,423.688100,285.975100,406.014100,274.485700,409.590600,-6.392116,0.281007,-1.455951,-6.599564,0.359972,-1.626240,-6.454710,-1.502852,54.740940,0.243679,0.267695,1,0,18.479830,0.036475,0.000000,0.143221,5,4,7,7,4
334,20.649410,0.036475,player,7,3,7.048024,3.000000,811.131100,450.470900,810.608900,450.671700,0.559472,813.276100,449.598100,807.941800,451.745100,813.276100,438.306100,807.941800,438.979200,3.128596,0.288335,-2.287837,3.032281,0.325973,-2.342660,3.089868,-2.310123,234.734600,0.439915,-0.110293,1,0,17.840800,0.009863,0.000193,0.134971,1,7,3,2,4
335,20.683780,0.034159,father,5,2,5.000000,2.421919,748.989000,505.980400,747.171400,505.321000,1.933501,752.967500,507.237200,741.375400,503.404800,752.967500,498.398900,741.375400,492.222200,2.039690,0.225681,-3.759615,1.830388,0.285542,-3.661759,1.967856,-3.727526,125.267700,0.222555,0.227389,1,0,18.463040,0.034159,0.000246,0.131361,7,2,2,5,4
335,20.683780,0.034159,mother,11,10,11.000000,10.000000,682.275300,218.972400,683.963600,218.166800,1.870650,679.070400,219.679400,688.856800,216.654100,679.070400,210.712200,688.856800,207.163100,0.705437,0.228971,3.583002,0.882135,0.242346,3.660252,0.763303,3.601056,54.733390,0.499958,-0.188872,0,0,17.888540,0.000000,0.000137,0.128883,5,-1,-1,5,4
335,20.683780,0.034159,older_sister,2,10,1.578081,10.000000,283.961500,418.129300,281.758100,419.601700,2.650021,286.144300,416.952900,277.371900,422.250400,286.144300,405.931400,277.371900,407.216500,-6.389061,0.281427,-1.454260,-6.547451,0.383881,-1.589528,-6.428474,-1.484297,54.730730,0.286644,0.207424,1,0,18.513990,0.034159,0.000068,0.143221,5,4,7,7,4
335,20.683780,0.034159,player,7,3,7.039046,3.000000,810.751600,450.660800,809.845100,451.045300,0.984677,813.210900,449.636200,806.479400,452.454500,813.210900,438.326100,806.479400,440.036800,3.127419,0.288797,-2.288808,3.005878,0.317080,-2.360773,3.083014,-2.314971,234.723800,0.451138,-0.140784,1,0,17.849730,0.008922,0.000086,0.134971,1,7,3,2,4
336,20.718170,0.034552,father,5,2,5.000000,2.387152,750.458700,506.715500,748.358800,505.904000,2.251258,753.310300,507.386800,743.407500,504.421200,753.310300,498.524700,743.407500,492.382400,2.045881,0.226288,-3.763437,1.867078,0.307403,-3.687711,1.994394,-3.746295,125.269100,0.266014,0.189709,1,0,18.497590,0.034552,0.000061,0.125691,7,2,2,5,4
336,20.718170,0.034552,mother,11,10,11.000000,10.000000,682.275300,218.972400,683.963600,218.166800,1.870650,679.070400,219.679400,688.856800,216.654100,679.070400,210.712200,688.856800,207.163100,0.705437,0.228971,3.583002,0.882135,0.242346,3.660252,0.763303,3.601056,54.733390,0.499958,-0.188872,0,0,17.888540,0.000000,0.000137,0.128883,5,-1,-1,5,4
336,20.718170,0.034552,older_sister,2,10,1.612848,10.000000,285.431200,417.394300,283.390100,418.632300,2.387238,286.283400,416.840900,280.496800,420.423600,286.283400,405.745700,280.496800,404.899000,-6.386549,0.283310,-1.451401,-6.491031,0.396412,-1.542882,-6.401937,-1.465530,54.731400,0.330103,0.138127,1,0,18.548540,0.034552,0.000205,0.133120,5,4,7,7,4
336,20.718170,0.034552,player,7,3,7.030209,3.000000,810.377900,450.847400,809.150100,451.379500,1.338184,813.167800,449.665300,805.132400,453.093600,813.167800,438.338700,805.132400,440.930400,3.126641,0.289218,-2.289553,2.981557,0.310581,-2.377092,3.076269,-2.319735,234.766500,0.462185,-0.169008,1,0,17.858510,0.008782,0.000329,0.138768,1,7,3,2,4
337,20.814430,0.082292,father,5,2,5.000000,2.306654,753.861800,508.416800,752.582500,507.790900,1.424277,754.554100,507.922900,750.611000,507.658800,754.554100,498.972800,750.611000,495.256800,2.068337,0.228536,-3.777126,1.997142,0.316676,-3.770381,2.055839,-3.789736,125.260400,0.366636,0.062027,1,0,18.577590,0.030000,0.000273,0.125691,7,2,2,5,4
337,20.814430,0.082292,mother,11,10,11.000000,10.000000,682.275300,218.972400,683.963600,218.166800,1.870650,679.070400,219.679400,688.856800,216.654100,679.070400,210.712200,688.856800,207.163100,0.705437,0.228971,3.583002,0.882135,0.242346,3.660252,0.763303,3.601056,54.733390,0.499958,-0.188872,0,0,17.888540,0.000000,0.000137,0.128883,5,7,7,8,4
337,20.814430,0.082292,older_sister,2,10,1.693346,10.000000,288.834300,415.692900,289.029700,415.650500,0.199932,286.940100,416.445200,291.119300,414.855800,286.940100,405.168500,291.119300,401.772900,-6.374693,0.287944,-1.441296,-6.299235,0.334062,-1.400711,-6.340492,-1.422087,54.739110,0.430725,-0.085043,1,0,18.628540,0.030000,0.000000,0.133120,5,4,7,7,4
337,20.814430,0.082292,player,7,3,7.000000,3.000000,809.100900,451.486000,806.926400,452.408500,2.362081,813.044100,449.734600,800.808800,455.082400,813.044100,438.369900,800.808800,443.405700,3.124407,0.290191,-2.291322,2.903490,0.298159,-2.427875,3.053210,-2.336044,234.729700,0.499947,-0.259215,0,0,17.888530,0.000000,0.000193,0.138768,1,9,5,5,4
338,20.856430,0.048876,father,5,2,5.000000,2.255167,756.038500,509.505300,756.224100,509.565000,0.195038,755.493900,508.360400,756.954300,510.769700,755.493900,499.394200,756.954300,500.198200,2.085307,0.228947,-3.788296,2.111675,0.269937,-3.849816,2.095138,-3.817530,125.269200,0.430996,-0.057050,1,0,18.628760,0.001168,0.000136,0.125691,7,2,2,5,4
338,20.856430,0.048876,mother,11,10,11.000000,9.990384,682.681800,219.175600,684.867000,218.778400,2.221042,679.000100,219.166200,690.734000,218.390500,679.000100,210.198000,690.734000,208.952800,0.704168,0.228999,3.596106,0.916031,0.240988,3.615913,0.770642,3.595868,73.881650,0.511978,-0.209034,1,0,17.898100,0.009555,0.000164,0.128883,7,7,7,8,4
338,20.856430,0.048876,older_sister,2,10,1.744832,10.000000,291.010900,414.604300,293.077200,413.723200,2.246314,287.218100,416.281000,298.936300,411.165300,287.218100,404.921000,298.936300,399.443800,-6.369673,0.290073,-1.437104,-6.158094,0.299304,-1.306478,-6.301192,-1.394290,54.727550,0.495083,-0.248168,1,0,18.679710,0.001168,0.000273,0.133120,5,4,7,7,4
338,20.856430,0.048876,player,7,3,7.009615,3.000000,809.507400,451.282900,808.997900,453.235100,2.017650,810.281400,447.705900,807.714600,458.764400,810.281400,436.328300,807.714600,447.180700,3.074525,0.290520,-2.239520,3.028180,0.295783,-2.521892,3.060550,-2.330855,185.857700,0.511965,-0.285628,1,0,17.898090,0.009555,0.000110,0.138768,5,9,5,5,4
339,20.899680,0.045309,father,5,2,5.000000,2.209576,757.965800,510.468900,759.408600,511.206800,1.620602,756.222400,508.703500,762.595000,513.710100,756.222400,499.733700,762.595000,504.146900,2.098459,0.229037,-3.797056,2.213521,0.244191,-3.924898,2.129938,-3.842135,125.262100,0.487986,-0.167755,1,0,18.674070,0.045309,0.000193,0.125691,7,2,2,5,4
339,20.899680,0.045309,mother,11,10,11.000000,9.964296,683.784700,219.727000,686.370800,219.855300,2.589364,679.304200,218.902300,693.437500,220.808300,679.304200,209.896900,693.437500,211.478500,0.709659,0.229948,3.602845,0.964844,0.238231,3.554177,0.790556,3.581787,91.632360,0.544588,-0.256467,0,0,17.924020,0.025928,0.000179,0.128883,7,7,7,8,4
339,20.899680,0.045309,older_sister,2,10,1.790423,10.000000,292.938300,413.640900,295.718600,412.507900,3.002282,287.278400,416.248800,304.158600,408.767000,287.278400,404.764700,304.158600,397.457200,-6.368584,0.293241,-1.436282,-6.063803,0.288787,-1.245237,-6.266392,-1.369689,54.742340,0.552073,-0.359155,0,0,18.725020,0.045309,0.000068,0.133120,5,4,7,7,4
339,20.899680,0.045309,player,7,3,7.035705,3.000000,810.610300,450.731300,812.421900,452.614200,2.612949,806.722300,447.106000,818.121600,458.122600,806.722300,435.652200,818.121600,446.757800,3.010263,0.292465,-2.224200,3.216085,0.290192,-2.505502,3.080463,-2.316771,140.552500,0.544577,-0.347997,0,0,17.924010,0.025928,0.000220,0.138768,5,9,5,5,4
340,20.941090,0.042185,father,5,2,5.000000,2.167128,759.760300,511.366300,761.805100,512.480500,2.328739,756.766900,508.970400,766.843200,515.990700,756.766900,499.972400,766.843200,506.648300,2.108293,0.229760,-3.803872,2.290224,0.238552,-3.983132,2.162338,-3.865050,125.269700,0.541044,-0.252046,0,0,18.716250,0.042185,0.000061,0.125691,7,2,2,5,4
340,20.941090,0.042185,mother,11,10,11.000000,9.925670,685.417500,220.543400,686.956400,220.896700,1.578911,679.855700,218.478800,694.057300,223.314600,679.855700,209.285200,694.057300,214.317000,0.719615,0.234755,3.613658,0.976033,0.229749,3.490180,0.820039,3.560940,108.157300,0.592871,-0.282128,0,0,17.962410,0.038387,0.000193,0.128883,7,7,7,8,4
340,20.941090,0.042185,older_sister,2,10,1.832871,10.000000,294.732700,412.743400,295.989100,412.171800,1.380290,287.066300,416.314300,304.911900,408.029200,287.066300,404.499700,304.911900,397.091600,-6.372414,0.301681,-1.437955,-6.050202,0.279285,-1.226399,-6.233992,-1.346774,54.730400,0.605133,-0.385226,0,0,18.767210,0.042185,0.000246,0.133120,5,4,7,7,4
340,20.941090,0.042185,player,7,3,7.074330,3.000000,812.243200,449.915000,814.136900,450.209600,1.916513,803.733400,448.832700,824.540500,451.586500,803.733400,437.114900,824.540500,440.611500,2.956297,0.299207,-2.268291,3.331980,0.280240,-2.338609,3.109946,-2.295928,98.370560,0.592859,-0.381918,0,0,17.962400,0.038387,0.000086,0.138768,5,9,5,5,4
341,20.979320,0.038372,father,5,2,5.000000,2.128517,761.392600,512.182400,762.812600,512.902800,1.592270,757.039500,509.106300,768.585700,516.699200,757.039500,499.932300,768.585700,507.671800,2.113214,0.234255,-3.807343,2.321686,0.230512,-4.001224,2.191811,-3.885890,125.263500,0.589308,-0.282154,0,0,18.754630,0.038372,0.000136,0.125691,7,2,2,5,4
341,20.979320,0.038372,mother,11,10,11.000000,9.887058,687.049900,221.359700,687.311800,221.370100,0.262109,681.166500,217.685500,693.457000,225.054800,681.166500,208.097300,693.457000,216.173200,0.743285,0.244830,3.633914,0.965197,0.226786,3.445745,0.849511,3.540097,123.195700,0.641134,-0.288719,0,0,18.000780,0.038372,0.000098,0.128883,7,7,7,8,4
341,20.979320,0.038372,older_sister,2,10,1.871482,10.000000,296.365100,411.927600,296.046900,411.934800,0.318197,287.054300,416.126600,305.039600,407.743100,287.054300,403.792000,305.039600,396.904100,-6.372632,0.314955,-1.433160,-6.047896,0.276767,-1.219092,-6.204520,-1.325942,54.746190,0.653397,-0.388740,0,1,18.805580,0.038372,0.000068,0.133120,5,4,7,7,4
341,20.979320,0.038372,player,7,3,7.112942,3.000000,813.875500,449.098700,814.005700,448.951900,0.196250,804.471600,452.566400,823.539900,445.337300,804.471600,440.383800,823.539900,434.471900,2.969625,0.311076,-2.363631,3.313915,0.277442,-2.179039,3.139419,-2.275084,60.001150,0.641123,-0.390460,0,0,18.000770,0.038372,0.000193,0.138768,5,9,5,5,4
342,21.018520,0.039425,father,5,2,5.000000,2.088847,763.069700,513.021000,763.385000,513.069200,0.318973,757.429900,509.230300,769.340000,516.908200,757.429900,499.665100,769.340000,508.021800,2.120263,0.244240,-3.810508,2.335305,0.226909,-4.006560,2.222091,-3.907301,125.264500,0.638897,-0.288772,0,0,18.794050,0.039425,0.000061,0.121872,7,2,2,5,4
342,21.018520,0.039425,mother,11,10,11.000000,9.847388,688.726900,222.198100,687.817400,221.536000,1.124940,682.143000,217.785300,693.491900,225.286700,682.143000,207.618200,693.491900,216.449000,0.760916,0.259611,3.631367,0.965826,0.225666,3.439822,0.879792,3.518688,125.260600,0.690723,-0.277894,0,1,18.040210,0.039425,0.000193,0.121413,7,7,7,8,4
342,21.018520,0.039425,older_sister,2,10,1.911152,10.000000,298.042200,411.088700,296.112700,411.715400,2.028713,287.691100,415.539800,304.534300,407.891000,287.691100,402.588400,304.534300,397.064700,-6.361133,0.330706,-1.418177,-6.057020,0.276445,-1.222870,-6.174239,-1.304522,54.725180,0.702984,-0.361065,0,1,18.845000,0.039425,0.000205,0.124978,5,4,7,7,4
342,21.018520,0.039425,player,7,3,7.152612,3.000000,815.552600,448.260300,813.981300,448.736000,1.641770,805.327300,452.701200,822.635400,444.770800,805.327300,439.882800,822.635400,433.956000,2.985076,0.327308,-2.367071,3.297584,0.276147,-2.164572,3.169700,-2.253676,54.740270,0.690710,-0.372076,0,1,18.040200,0.039425,0.000086,0.124612,5,9,5,5,4
343,21.110160,0.084601,father,5,2,5.000000,2.008348,766.472800,514.722400,764.783900,513.642300,2.004736,759.993700,510.267300,769.574200,517.017500,759.993700,499.352300,769.574200,508.124200,2.166552,0.278707,-3.836987,2.339535,0.227084,-4.009349,2.283538,-3.950747,125.262300,0.739519,-0.240751,0,1,18.874050,0.030000,0.000193,0.121872,7,2,2,5,4
343,21.110160,0.084601,mother,11,10,11.000000,9.766890,692.130000,223.899900,690.440900,222.836800,1.995800,687.130900,220.193400,693.750900,225.480100,687.130900,208.462300,693.750900,216.519000,0.850974,0.299547,3.569877,0.970502,0.228818,3.434884,0.941236,3.475236,125.267700,0.791346,-0.175535,0,1,18.120210,0.030000,0.000015,0.121413,7,7,7,8,4
343,21.110160,0.084601,older_sister,2,10,1.991651,10.000000,301.445200,409.387300,299.144600,410.128400,2.416996,294.294100,412.102400,303.995200,408.154400,294.294100,397.171000,303.995200,397.183000,-6.241912,0.381265,-1.330405,-6.066753,0.280150,-1.229596,-6.112795,-1.261077,54.736970,0.803608,-0.201219,0,1,18.925000,0.030000,0.000164,0.124978,5,4,7,7,4
343,21.110160,0.084601,player,7,3,7.233110,3.000000,818.955700,446.558600,816.494800,447.330700,2.579223,811.067700,449.551300,821.921800,445.110100,811.067700,434.823500,821.921800,434.171200,3.088723,0.376065,-2.286640,3.284698,0.279318,-2.173238,3.231146,-2.210223,54.733050,0.791334,-0.225485,0,1,18.120200,0.030000,0.000220,0.124612,5,9,5,5,4
344,21.148450,0.045212,father,5,2,5.000000,2.000000,766.825700,514.898700,765.094200,513.782500,2.060089,760.577700,510.525100,769.610700,517.039900,760.577700,499.428000,769.610700,508.135400,2.177098,0.283356,-3.843571,2.340194,0.227370,-4.009922,2.289909,-3.955249,125.243900,0.749954,-0.229196,0,1,18.882350,0.008296,0.000273,0.121872,7,2,2,5,4
344,21.148450,0.045212,mother,11,10,11.000000,9.716766,694.249000,224.959400,693.305700,224.438500,1.077500,692.308700,223.087200,694.302900,225.789900,692.308700,211.324600,694.302900,216.677900,0.944462,0.300351,3.495987,0.980468,0.232669,3.426975,0.979495,3.448182,125.265100,0.853998,-0.069243,0,1,18.170020,0.049813,0.000015,0.121413,7,7,7,8,4
344,21.148450,0.045212,older_sister,2,10,2.041774,10.000000,303.564200,408.327800,302.691300,408.602300,0.914972,301.266100,409.070000,304.116600,408.134600,301.266100,394.443800,304.116600,396.938500,-6.116028,0.373471,-1.252974,-6.064561,0.285884,-1.229089,-6.074535,-1.234024,54.736170,0.866261,-0.055813,0,1,18.974820,0.049813,0.000178,0.124978,5,4,7,7,4
344,21.148450,0.045212,player,7,3,7.283233,3.000000,821.074700,445.499100,819.864600,445.918400,1.280683,817.712200,446.732000,822.017200,445.104900,817.712200,431.854800,822.017200,433.950200,3.208692,0.379879,-2.214650,3.286421,0.284828,-2.173104,3.269404,-2.183170,54.734730,0.853987,-0.087452,0,1,18.170010,0.049813,0.000246,0.124612,5,9,5,5,4
345,21.189560,0.038385,father,5,2,4.994070,2.000000,766.575000,515.024200,765.609100,513.497100,1.806901,763.428500,509.382400,767.789600,517.611900,763.428500,498.161700,767.789600,508.698800,2.228569,0.286513,-3.814391,2.307312,0.227591,-4.024529,2.285382,-3.958453,148.586700,0.757368,-0.220379,0,1,18.888240,0.005894,0.000193,0.121872,1,2,2,5,4
345,21.189560,0.038385,mother,11,10,11.000000,9.678143,695.881800,225.775700,696.053800,225.839700,0.183470,697.375400,225.664500,694.732200,226.014900,697.375400,214.957400,694.732200,216.822100,1.035944,0.273400,3.430177,0.988220,0.234733,3.421230,1.008977,3.427338,125.259700,0.902279,0.033803,0,1,18.208400,0.038385,0.000110,0.121413,7,7,7,8,4
345,21.189560,0.038385,older_sister,2,10,2.080398,10.000000,305.197000,407.511500,305.822300,407.083100,0.758000,307.531400,406.023700,304.113400,408.142400,307.531400,392.776000,304.113400,396.805900,-6.002906,0.338273,-1.175190,-6.064620,0.289471,-1.229289,-6.045053,-1.213179,54.738540,0.914541,0.081623,0,1,19.013200,0.038385,0.000068,0.124978,5,4,7,7,4
345,21.189560,0.038385,player,7,3,7.321857,3.000000,822.707500,444.682800,822.913100,444.462100,0.301608,823.782400,443.820200,822.043800,445.104000,823.782400,430.194500,822.043800,433.800800,3.318293,0.347924,-2.140301,3.286902,0.288619,-2.173081,3.298886,-2.162326,54.739630,0.902268,0.044555,0,1,18.208400,0.038385,0.000136,0.124612,5,9,5,5,4
346,21.230260,0.041391,father,5,2,4.974385,2.000000,765.742900,515.440400,765.765500,513.798400,1.642185,766.348800,510.036900,765.182400,517.559900,766.348800,498.434100,765.182400,508.614700,2.281297,0.296270,-3.831105,2.260238,0.228412,-4.023201,2.270357,-3.969080,173.757400,0.781975,-0.188668,0,1,18.907800,0.019563,0.000000,0.121872,1,2,2,5,4
346,21.230260,0.041391,mother,11,10,11.000000,9.636494,697.642500,226.656000,699.498800,227.498700,2.038639,703.732900,228.712400,695.264900,226.285000,703.732900,219.011600,695.264900,217.016600,1.150732,0.247703,3.352350,0.997839,0.236662,3.414333,1.040768,3.404858,125.265800,0.954340,0.160622,0,1,18.249800,0.041391,0.000098,0.121413,7,7,7,8,4
346,21.230260,0.041391,older_sister,2,10,2.122047,10.000000,306.957700,406.631300,309.640800,405.073600,3.102501,315.063000,402.040900,304.218700,408.106200,315.063000,390.043400,304.218700,396.616000,-5.866918,0.306351,-1.073492,-6.062717,0.293397,-1.228365,-6.013263,-1.190704,54.740370,0.966602,0.249285,0,1,19.054590,0.041391,0.000068,0.124978,5,4,7,7,4
346,21.230260,0.041391,player,7,3,7.363506,3.000000,824.468300,443.802400,826.671500,442.505200,2.556735,831.212100,439.945800,822.131000,445.064700,831.212100,427.733700,822.131000,433.616300,3.452440,0.311829,-2.041370,3.288477,0.292328,-2.172078,3.330676,-2.139846,54.734730,0.954329,0.209339,0,1,18.249790,0.041391,0.000136,0.124612,5,9,5,5,4
347,21.270560,0.040316,father,5,2,4.941952,2.000000,764.371700,516.126000,765.095800,514.888200,1.433961,767.192900,512.755500,762.998700,517.021000,767.192900,500.731100,762.998700,507.988500,2.296537,0.307035,-3.900522,2.220809,0.230639,-4.009439,2.245600,-3.986586,198.274300,0.822514,-0.127169,0,1,18.940030,0.032231,0.000061,0.121872,1,2,2,5,4
347,21.270560,0.040316,mother,11,10,11.000000,9.595926,699.357500,227.513400,702.293600,228.849000,3.225544,708.823700,231.165300,695.763400,226.532700,708.823700,221.517000,695.763400,217.152000,1.242650,0.246366,3.289716,1.006840,0.239532,3.408007,1.071733,3.382966,125.259400,0.005049,0.260838,0,1,18.290110,0.040316,0.000164,0.121413,7,7,7,8,4
347,21.270560,0.040316,older_sister,2,10,2.162614,10.000000,308.672700,405.773700,311.901900,403.928400,3.719252,319.418400,399.818600,304.385400,408.038100,319.418400,388.154400,304.385400,396.352400,-5.788279,0.297841,-1.016747,-6.059708,0.298387,-1.226625,-5.982298,-1.168807,54.733910,0.017311,0.342795,0,1,19.094910,0.040316,0.000031,0.124978,5,4,7,7,4
347,21.270560,0.040316,player,7,3,7.404073,3.000000,826.183200,442.944900,829.663000,440.943400,4.014316,837.152200,436.838500,822.173600,445.048300,837.152200,425.023400,822.173600,433.411500,3.559693,0.301692,-1.962027,3.289247,0.297140,-2.171660,3.361640,-2.117949,54.733870,0.005037,0.341851,0,1,18.290100,0.040316,0.000220,0.124612,5,9,5,5,4
348,21.310710,0.039703,father,5,2,4.902099,2.000000,762.686900,516.968100,763.189900,516.616100,0.613969,764.506200,516.617500,761.873800,516.614800,764.506200,505.205000,761.873800,507.467800,2.248027,0.291411,-3.999137,2.200498,0.233563,-3.999068,2.215180,-4.008090,222.418400,0.872330,-0.032009,0,1,18.979640,0.039607,0.000273,0.128946,1,2,2,5,4
348,21.310710,0.039703,mother,11,10,11.000000,9.555976,701.046400,228.358000,703.000200,229.338800,2.186120,709.579400,231.752400,696.421000,226.925200,709.579400,222.627200,696.421000,217.380100,1.256295,0.233007,3.274726,1.018712,0.243730,3.397985,1.102227,3.361400,125.268100,0.054987,0.265147,0,0,18.329810,0.039703,0.000110,0.131300,7,7,7,8,4
348,21.310710,0.039703,older_sister,2,10,2.202564,10.000000,310.361600,404.928900,312.544400,403.825100,2.446039,320.291900,399.691900,304.796900,407.958300,320.291900,388.569100,304.796900,396.042700,-5.772507,0.284014,-1.013510,-6.052278,0.304258,-1.224588,-5.951804,-1.147234,54.723330,0.067249,0.350300,0,0,19.134610,0.039703,0.000301,0.137526,5,4,7,7,4
348,21.310710,0.039703,player,7,3,7.444023,3.000000,827.872100,442.100500,830.320200,440.806900,2.768884,838.015900,436.682900,822.624500,444.930800,838.015900,425.450500,822.624500,433.084400,3.575287,0.286813,-1.958055,3.297387,0.302492,-2.168661,3.392135,-2.096388,54.737730,0.054976,0.348498,0,0,18.329810,0.039703,0.000136,0.140043,5,9,5,5,4
349,21.406260,0.086796,father,5,2,4.821601,2.000000,759.283800,518.669900,756.987400,519.928900,2.618938,752.957100,522.881000,761.017800,516.976800,752.957100,513.312500,761.017800,507.673400,2.039502,0.244327,-4.159072,2.185042,0.237556,-4.008310,2.153736,-4.051543,234.732000,0.972952,0.205878,0,1,19.059640,0.030000,0.000136,0.128946,1,2,2,5,4
349,21.406260,0.086796,mother,11,9,11.000000,9.475477,704.449500,230.059500,704.095500,230.075300,0.354353,710.567300,232.430100,697.623800,227.720300,710.567300,223.649600,697.623800,217.400100,1.274132,0.224205,3.257419,1.040428,0.263521,3.377682,1.163672,3.317952,125.264500,0.155611,0.260252,1,0,18.409810,0.030000,0.000061,0.131300,7,7,7,8,4
349,21.406260,0.086796,older_sister,2,10,2.283062,10.000000,313.764700,403.227600,313.219800,403.753100,0.756950,320.498900,399.767900,305.940700,407.738100,320.498900,388.846300,305.940700,394.887400,-5.768770,0.278879,-1.015453,-6.031625,0.328136,-1.218966,-5.890360,-1.103793,54.739140,0.167872,0.332118,1,0,19.214610,0.030000,0.000097,0.137526,5,4,7,7,4
349,21.406260,0.086796,player,8,3,7.524521,3.000000,831.275100,440.398700,831.076000,440.723100,0.380684,838.521400,436.688400,823.630600,444.757900,838.521400,425.774700,823.630600,432.052100,3.584413,0.278673,-1.958194,3.315552,0.324436,-2.164245,3.453579,-2.052936,54.732560,0.155598,0.338488,1,0,18.409810,0.030000,0.000329,0.140043,5,9,5,5,4
350,21.457280,0.052018,father,5,2,4.762421,2.000000,756.781900,519.920800,754.690600,520.989400,2.348507,749.308400,524.569400,760.072600,517.409300,749.308400,515.371000,760.072600,507.898300,1.973624,0.234877,-4.202184,2.167979,0.242859,-4.019356,2.108562,-4.083483,234.737700,0.046927,0.264244,0,0,19.118450,0.008814,0.000136,0.128946,1,2,2,5,4
350,21.457280,0.052018,mother,11,9,11.000000,9.416298,706.951400,231.310400,705.010100,230.579100,2.074479,710.698300,232.443600,699.321800,228.714500,710.698300,223.594100,699.321800,217.373800,1.276498,0.225966,3.257076,1.071087,0.289580,3.352296,1.208844,3.286011,125.264000,0.229586,0.222693,1,0,18.468630,0.008814,0.000086,0.131300,7,7,7,8,4
350,21.457280,0.052018,older_sister,2,10,2.342242,10.000000,316.266500,401.976700,313.993800,403.468900,2.718814,319.790900,400.109700,308.196700,406.828200,319.790900,389.105400,308.196700,392.774300,-5.781554,0.280987,-1.024178,-5.990894,0.358859,-1.195732,-5.845188,-1.071852,54.736360,0.241846,0.269972,1,0,19.273420,0.008814,0.000068,0.137526,5,4,7,7,4
350,21.457280,0.052018,player,8,3,7.583701,3.000000,833.777000,439.148000,831.678800,440.556900,2.527346,837.779500,437.045000,825.578100,444.068800,837.779500,426.048500,825.578100,430.307700,3.571018,0.280790,-1.967300,3.350717,0.351383,-2.146650,3.498751,-2.020998,54.739240,0.229572,0.283422,1,0,18.468620,0.008814,0.000136,0.140043,5,9,5,5,4
351,21.498200,0.049947,father,5,2,4.712162,2.000000,754.657300,520.983200,753.693500,521.303400,1.015600,748.172400,524.880900,759.214500,517.726000,748.172400,516.055700,759.214500,507.843600,1.953113,0.225345,-4.210137,2.152485,0.252340,-4.027442,2.070201,-4.110613,234.731200,0.109751,0.268268,0,0,19.168400,0.049947,0.000061,0.128946,1,2,2,5,4
351,21.498200,0.049947,mother,11,9,11.000000,9.366039,709.076000,232.372800,707.030500,231.536800,2.209755,711.315400,232.717600,702.745500,230.356000,711.315400,223.847500,702.745500,217.902100,1.287640,0.226492,3.250079,1.132905,0.318003,3.310380,1.247207,3.258885,125.263900,0.292408,0.161156,1,0,18.518580,0.049947,0.000098,0.131300,7,7,7,8,4
351,21.498200,0.049947,older_sister,2,10,2.392500,10.000000,318.391200,400.914200,316.218900,402.309000,2.581555,320.012100,400.007900,312.425700,404.610100,320.012100,388.963500,312.425700,389.286700,-5.777559,0.282011,-1.021580,-5.914536,0.391274,-1.139095,-5.806825,-1.044723,54.733080,0.304670,0.179689,1,0,19.323370,0.049947,0.000205,0.137526,5,4,7,7,4
351,21.498200,0.049947,player,8,3,7.633960,3.000000,835.901700,438.085500,833.705400,439.537700,2.633034,837.904900,436.996600,829.505900,442.078900,837.904900,425.969100,829.505900,426.944200,3.573283,0.281580,-1.966063,3.421633,0.386457,-2.095838,3.537114,-1.993869,54.732810,0.292397,0.198748,1,0,18.518570,0.049947,0.000246,0.140043,5,9,5,5,4
352,21.556590,0.050570,father,5,2,4.661277,2.000000,752.506100,522.058700,752.995600,521.601900,0.669569,747.861300,525.083000,758.129800,518.120700,747.861300,516.299900,758.129800,507.602800,1.947497,0.224272,-4.215299,2.132899,0.268567,-4.037520,2.031360,-4.138076,234.737700,0.173357,0.254020,0,0,19.218970,0.000570,0.000136,0.128946,1,2,2,5,4
352,21.556590,0.050570,mother,11,9,11.000000,9.315154,711.227200,233.448200,709.771200,232.753400,1.613240,712.122900,233.064500,707.419600,232.442300,712.122900,224.123800,707.419600,219.858200,1.302220,0.228294,3.241223,1.217297,0.321328,3.257109,1.286046,3.231422,125.263700,0.356014,0.078511,0,0,18.569150,0.000570,0.000164,0.131300,7,7,7,8,4
352,21.556590,0.050570,older_sister,2,10,2.443385,10.000000,320.542400,399.838800,318.998800,400.719100,1.776959,320.326100,399.786400,317.671700,401.651700,320.326100,388.615000,317.671700,386.499400,-5.771890,0.285256,-1.015925,-5.819817,0.386906,-1.063554,-5.767984,-1.017260,54.737530,0.368275,0.066631,0,0,19.373940,0.000570,0.000097,0.137526,5,4,7,7,4
352,21.556590,0.050570,player,8,3,7.684844,3.000000,838.052900,437.009900,836.296400,438.026300,2.029373,838.168800,436.802500,834.423900,439.250100,838.168800,425.652900,834.423900,423.852000,3.578047,0.284698,-1.961107,3.510432,0.393183,-2.023607,3.575954,-1.966403,54.733150,0.356003,0.091293,0,0,18.569140,0.000570,0.000329,0.140043,5,9,5,5,4
353,21.613970,0.057292,father,5,2,4.603628,2.000000,750.069000,523.277300,751.853000,522.154200,2.108064,747.761400,525.182400,755.944500,519.125900,747.761400,516.321400,755.944500,507.461300,1.945691,0.226260,-4.217836,2.093443,0.297849,-4.063189,1.987358,-4.169192,234.734200,0.245419,0.209926,1,0,19.276260,0.007292,0.000061,0.128946,1,2,2,5,4
353,21.613970,0.057292,mother,11,9,11.000000,9.257504,713.664300,234.667000,713.773200,234.688200,0.110933,713.176500,233.552000,714.370000,235.824500,713.176500,224.586000,714.370000,225.169100,1.321242,0.228940,3.228774,1.342791,0.272079,3.170747,1.330050,3.200302,125.268400,0.428076,-0.051099,1,0,18.626440,0.007292,0.000031,0.131300,7,7,7,8,4
353,21.613970,0.057292,older_sister,3,10,2.501035,10.000000,322.979600,398.620100,323.516900,398.412100,0.576219,320.822900,399.498500,326.210900,397.325700,320.822900,388.205800,326.210900,384.573900,-5.762919,0.288353,-1.008573,-5.665636,0.325609,-0.953091,-5.723980,-0.986144,54.734870,0.440338,-0.111464,1,0,19.431230,0.007292,0.000136,0.137526,5,4,7,7,4
353,21.613970,0.057292,player,8,3,7.742494,3.000000,840.490000,435.791400,840.595000,435.793200,0.105056,838.668500,436.508800,842.521500,435.077500,838.668500,425.236500,842.521500,421.902700,3.587071,0.287832,-1.953609,3.656638,0.336411,-1.917062,3.619957,-1.935290,54.737710,0.428064,-0.077902,1,0,18.626430,0.007292,0.000246,0.140043,5,9,5,5,4
354,21.672220,0.058799,father,5,2,4.544462,2.000000,747.567700,524.528000,749.289400,523.552200,1.979019,746.989100,525.618200,751.589700,521.486200,746.989100,516.721200,751.589700,508.786200,1.931748,0.227178,-4.228963,2.014814,0.324288,-4.123457,1.942194,-4.201125,234.737900,0.319376,0.128735,1,0,19.335060,0.008799,0.000086,0.127264,1,2,2,5,4
354,21.672220,0.058799,mother,11,9,11.000000,9.198339,716.165600,235.917400,717.832900,236.793000,1.883192,714.107300,233.992700,721.558500,239.593200,714.107300,225.025400,721.558500,230.113800,1.338048,0.228975,3.217520,1.472585,0.242052,3.074514,1.375213,3.168373,125.259900,0.502033,-0.192411,1,0,18.685240,0.008799,0.000179,0.128871,7,7,7,8,4
354,21.672220,0.058799,older_sister,3,10,2.560200,10.000000,325.480800,397.369600,327.937500,396.341700,2.663054,321.087200,399.346900,334.787800,393.336500,321.087200,387.966400,334.787800,381.768200,-5.758149,0.290594,-1.004701,-5.510775,0.295388,-0.851229,-5.678819,-0.954211,54.736240,0.514296,-0.290587,1,0,19.490030,0.008799,0.000136,0.139945,5,4,7,7,4
354,21.672220,0.058799,player,8,3,7.801660,3.000001,842.991200,434.540700,845.209400,433.601600,2.408784,838.983200,436.324200,851.435700,430.879000,838.983200,424.957300,851.435700,419.221000,3.592752,0.290247,-1.948894,3.817589,0.297680,-1.809856,3.665118,-1.903354,54.733490,0.502022,-0.263852,1,0,18.685230,0.008799,0.000329,0.139764,5,9,5,5,4
355,21.773950,0.102144,father,4,2,4.463964,2.000000,744.164600,526.229400,744.311200,526.188700,0.152213,745.653000,526.352600,742.969400,526.024800,745.653000,517.387200,742.969400,515.120000,1.907623,0.228926,-4.247716,1.859170,0.278447,-4.239347,1.880749,-4.244570,234.737100,0.419998,-0.034731,1,0,19.415060,0.030000,0.000220,0.127264,1,2,2,5,4
355,21.773950,0.102144,mother,11,9,11.000000,9.117841,719.568700,237.619000,720.676200,238.139500,1.223689,714.842200,234.346400,726.510300,241.932600,714.842200,225.090800,726.510300,232.975800,1.351317,0.236337,3.208489,1.561991,0.228707,3.014779,1.436657,3.124923,125.265300,0.602657,-0.283854,0,0,18.765240,0.030000,0.000136,0.128871,7,7,7,8,4
355,21.773950,0.102144,older_sister,3,10,2.640699,10.000000,328.883800,395.668100,329.863000,395.191300,1.089147,320.872500,399.383200,338.853700,390.999300,320.872500,387.481700,338.853700,380.070200,-5.762025,0.303898,-1.005628,-5.437364,0.279069,-0.791551,-5.617375,-0.910766,54.736940,0.614918,-0.388682,0,0,19.570030,0.030000,0.000068,0.139945,5,4,7,7,4
355,21.773950,0.102144,player,8,3,7.882158,3.000001,846.394300,432.839400,847.723400,432.243100,1.456663,838.816200,436.370600,856.630600,428.115700,838.816200,424.576500,856.630600,417.175300,3.589737,0.301154,-1.950079,3.911384,0.279356,-1.739295,3.726565,-1.859912,54.740110,0.602644,-0.384321,0,0,18.765230,0.030000,0.000110,0.139764,5,9,5,5,4
356,21.828620,0.055620,father,4,2,4.385716,2.000000,740.856600,527.883500,738.896100,528.796900,2.162842,744.476200,526.969900,733.316100,530.623800,744.476200,517.999600,733.316100,521.205600,1.886375,0.229050,-4.263480,1.684874,0.240488,-4.356780,1.821022,-4.286807,234.733700,0.517807,-0.218390,1,0,19.492830,0.027764,0.000086,0.127264,1,2,2,5,4
356,21.828620,0.055620,mother,11,9,11.000000,9.039593,722.876600,239.273100,721.751600,238.495300,1.367699,716.209400,234.797000,727.293800,242.193600,716.209400,224.524700,727.293800,233.345400,1.376004,0.262296,3.196983,1.576138,0.225933,3.008115,1.496384,3.082687,125.266200,0.700466,-0.272453,0,1,18.843000,0.027763,0.000015,0.128871,7,7,7,8,4
356,21.828620,0.055620,older_sister,3,10,2.718947,10.000000,332.191800,394.014000,330.017200,394.747800,2.295022,321.813500,398.438000,338.220900,391.057600,321.813500,385.362900,338.220900,380.219900,-5.745034,0.333866,-0.981493,-5.448789,0.276732,-0.793038,-5.557649,-0.868530,54.733530,0.712727,-0.350687,0,1,19.647800,0.027764,0.000178,0.139945,5,4,7,7,4
356,21.828620,0.055620,player,8,3,7.960406,3.000001,849.702300,431.185300,847.844000,431.780500,1.951293,839.369400,435.636400,856.318600,427.924700,839.369400,422.711100,856.318600,417.101600,3.599725,0.330039,-1.931331,3.905752,0.276363,-1.734419,3.786291,-1.817675,54.733360,0.700453,-0.363557,0,1,18.842990,0.027764,0.000220,0.139764,5,9,5,5,4
357,21.885290,0.056780,father,4,2,4.328582,2.000000,738.441300,529.091200,737.004700,529.798800,1.601389,743.991200,527.215700,730.018100,532.381800,743.991200,518.042100,730.018100,523.353600,1.877620,0.234243,-4.269755,1.625326,0.230532,-4.401670,1.777413,-4.317645,234.734500,0.589224,-0.282157,0,0,19.549610,0.006780,0.000086,0.127264,1,2,2,5,4
357,21.885290,0.056780,mother,11,9,11.000000,8.982459,725.292000,240.480900,723.546500,239.353200,2.078073,719.650800,236.389800,727.442300,242.316500,719.650800,224.938900,727.442300,233.385400,1.438139,0.292393,3.156311,1.578819,0.228049,3.004977,1.539994,3.051850,125.264800,0.771883,-0.202238,0,1,18.899780,0.006780,0.000031,0.128871,7,7,7,8,4
357,21.885290,0.056780,older_sister,3,10,2.776081,10.000000,334.607100,392.806300,332.074600,393.595900,2.652725,326.325900,395.960900,337.823200,391.230900,326.325900,381.361900,337.823200,380.308400,-5.663559,0.372777,-0.918241,-5.455968,0.278898,-0.797463,-5.514038,-0.837691,54.734440,0.784143,-0.239228,0,1,19.704580,0.006780,0.000232,0.139945,5,4,7,7,4
357,21.885290,0.056780,player,8,3,8.017540,3.000001,852.117600,429.977600,849.489700,430.800800,2.753850,843.207900,433.415500,855.771500,428.186100,843.207900,419.052800,855.771500,417.287000,3.669031,0.366744,-1.874623,3.895874,0.278303,-1.741094,3.829901,-1.786837,54.734570,0.771870,-0.262309,0,1,18.899770,0.006780,0.000220,0.139764,5,9,5,5,4
358,21.940810,0.055825,father,4,2,4.272409,2.000000,736.066600,530.278600,736.450700,530.234700,0.386586,743.526900,527.572900,729.374500,532.896700,743.526900,517.779800,729.374500,524.046900,1.869235,0.250060,-4.278875,1.613707,0.225972,-4.414816,1.734536,-4.347964,234.734700,0.659439,-0.287122,0,1,19.605430,0.005825,0.000061,0.127264,1,2,2,5,4
358,21.940810,0.055825,mother,11,9,11.000000,8.926286,727.666700,241.668200,726.482100,241.010500,1.354991,724.967200,239.393000,727.996900,242.627900,724.967200,227.446900,727.996900,233.544200,1.534130,0.305038,3.079628,1.588834,0.231949,2.997025,1.582871,3.021531,125.264700,0.842096,-0.092356,0,1,18.955600,0.005825,0.000046,0.128871,7,7,7,8,4
358,21.940810,0.055825,older_sister,3,10,2.832254,10.000000,336.981800,391.618900,335.782100,392.033800,1.269439,333.651200,392.836900,337.912900,391.230700,333.651200,377.966800,337.912900,380.074700,-5.531297,0.379700,-0.838472,-5.454350,0.284861,-0.797457,-5.471161,-0.807372,54.735420,0.854359,-0.086507,0,1,19.760400,0.005825,0.000232,0.139945,5,4,7,7,4
358,21.940810,0.055825,player,8,3,8.073713,3.000001,854.492300,428.790200,852.958300,429.349700,1.632828,850.126600,430.488300,855.790000,428.211100,850.126600,415.409700,855.790000,417.099200,3.793953,0.385021,-1.799877,3.896209,0.283735,-1.741731,3.872778,-1.756518,54.735260,0.842085,-0.117062,0,1,18.955600,0.005825,0.000246,0.139764,5,9,5,5,4
359,21.996030,0.055222,father,4,2,4.216844,2.000000,733.717600,531.452800,735.616600,530.730300,2.031777,741.934800,528.538900,729.298500,532.921800,741.934800,517.826700,729.298500,524.038800,1.840488,0.273531,-4.303544,1.612334,0.226823,-4.415459,1.692123,-4.377947,234.742200,0.728897,-0.250906,0,1,19.660650,0.005222,0.000273,0.127264,1,2,2,5,4
359,21.996030,0.055222,mother,11,9,11.000000,8.870720,730.015700,242.842600,730.445400,243.033400,0.470149,732.257200,243.102100,728.633500,242.964800,732.257200,232.616000,728.633500,233.758700,1.665756,0.267757,2.984918,1.600328,0.235070,2.988425,1.625284,2.991543,125.262100,0.911554,0.055447,0,1,19.010830,0.005222,0.000098,0.128871,7,7,7,8,4
359,21.996030,0.055222,older_sister,3,10,2.887820,10.000000,339.330900,390.444200,340.293400,389.842500,1.135127,342.653000,388.453600,337.933800,391.231500,342.653000,375.491300,337.933800,379.870200,-5.368764,0.330982,-0.726546,-5.453973,0.290104,-0.797479,-5.428748,-0.777377,54.732190,0.923815,0.110526,0,1,19.815620,0.005222,0.000369,0.139945,5,4,7,7,4
359,21.996030,0.055222,player,8,3,8.129279,3.000001,856.841500,427.615800,857.361700,427.240100,0.641723,858.862700,426.284600,855.860700,428.195500,858.862700,412.942200,855.860700,416.867000,3.951687,0.340691,-1.692539,3.897484,0.289265,-1.741333,3.915194,-1.726531,54.740360,0.911543,0.072427,0,1,19.010820,0.005222,0.000086,0.139764,5,9,5,5,4
360,22.049570,0.054785,father,4,2,4.161717,2.000000,731.387100,532.618100,733.311200,531.857400,2.069062,737.717200,530.628900,728.905300,533.085900,737.717200,518.813700,728.905300,524.112400,1.764338,0.301695,-4.356909,1.605233,0.229134,-4.419647,1.650045,-4.407702,234.734700,0.797804,-0.166130,0,1,19.715440,0.004785,0.000273,0.113856,1,2,2,5,4
360,22.049570,0.054785,mother,11,9,11.000000,8.815593,732.346200,244.007900,734.984800,245.207400,2.898457,740.643300,247.092000,729.326300,243.322800,740.643300,237.523700,729.326300,234.003400,1.817171,0.244320,2.883038,1.612836,0.237965,2.979283,1.667362,2.961788,125.265500,0.980461,0.222405,0,1,19.065610,0.004785,0.000031,0.132202,7,7,7,8,4
360,22.049570,0.054785,older_sister,3,10,2.942947,10.000000,341.661400,389.279000,345.103100,387.293900,3.973065,352.183400,383.393600,338.022700,391.194300,352.183400,371.537000,338.022700,379.607000,-5.196688,0.302749,-0.597342,-5.452368,0.295875,-0.796531,-5.386668,-0.747623,54.735470,0.992724,0.323763,0,1,19.870410,0.004785,0.000382,0.142630,5,4,7,7,4
360,22.049570,0.054785,player,8,3,8.184406,3.000001,859.171900,426.450500,862.308700,424.642700,3.620485,868.653800,421.121200,855.963700,428.164200,868.653800,409.263300,855.963700,416.623600,4.128471,0.302785,-1.560696,3.899345,0.294682,-1.740534,3.957270,-1.696777,54.733680,0.980450,0.290911,0,1,19.065600,0.004785,0.000164,0.141704,5,9,5,5,4
361,22.149600,0.099222,father,4,2,4.081219,2.000000,727.984100,534.319800,727.943000,534.362000,0.058873,727.935200,535.201800,727.950800,533.522200,727.935200,524.400900,727.950800,524.334800,1.587718,0.275794,-4.473675,1.588001,0.234594,-4.430789,1.588601,-4.451155,234.731700,0.898426,0.024993,0,1,19.795440,0.030000,0.000061,0.113856,1,2,2,5,4
361,22.149600,0.099222,mother,11,9,11.000000,8.735095,735.749300,245.709500,737.144200,246.492400,1.599659,743.756000,248.954200,730.532300,244.030700,743.756000,240.013800,730.532300,234.345100,1.873373,0.228287,2.835488,1.634611,0.247316,2.961207,1.728806,2.918339,125.265400,0.081085,0.267531,0,0,19.145610,0.030000,0.000015,0.132202,7,7,7,8,4
361,22.149600,0.099222,older_sister,3,10,3.023446,10.000000,345.064500,387.577700,346.644400,386.881000,1.726660,354.453900,382.745100,338.835000,391.017000,354.453900,371.779300,338.835000,378.914900,-5.155693,0.280005,-0.580782,-5.437702,0.309021,-0.792003,-5.325223,-0.704181,54.739570,0.093346,0.352207,0,0,19.950410,0.030000,0.000136,0.142630,5,4,7,7,4
361,22.149600,0.099222,player,8,3,8.264905,3.000001,862.575000,424.748800,864.445600,423.859600,2.071121,872.234900,419.722500,856.656400,427.996700,872.234900,408.695300,856.656400,415.988100,4.193130,0.281573,-1.524980,3.911850,0.306633,-1.736258,4.018715,-1.653323,54.732260,0.081072,0.351646,0,0,19.145600,0.030000,0.000329,0.141704,5,9,5,5,4
362,22.203300,0.055417,father,4,2,4.006115,2.000000,724.808900,535.907200,722.091400,537.400600,3.100820,717.152600,540.820500,727.030300,533.980800,717.152600,531.179900,727.030300,524.634200,1.393033,0.246165,-4.617145,1.571379,0.238661,-4.442500,1.531271,-4.491687,234.740100,0.992306,0.246447,0,1,19.870080,0.024639,0.000273,0.113856,1,2,2,5,4
362,22.203300,0.055417,mother,11,9,11.000000,8.659991,738.924300,247.297000,738.114100,247.106000,0.832375,744.454700,249.358700,731.773700,244.853400,744.454700,240.574800,731.773700,234.318000,1.885986,0.224290,2.825160,1.657025,0.269015,2.940198,1.786134,2.877805,125.262900,0.174963,0.253365,1,0,19.220250,0.024639,0.000015,0.132202,7,7,7,8,4
362,22.203300,0.055417,older_sister,3,10,3.098550,10.000000,348.239600,385.989900,347.171000,386.829400,1.358924,354.130600,382.945300,340.211400,390.713600,354.130600,372.004300,340.211400,377.647000,-5.161530,0.279371,-0.585897,-5.412849,0.333646,-0.784254,-5.267896,-0.663639,54.731780,0.187225,0.319724,1,0,20.025050,0.024639,0.000369,0.142630,5,4,7,7,4
362,22.203300,0.055417,player,8,3,8.340009,3.000001,865.750100,423.161500,865.009700,423.802900,0.979584,872.179500,419.851300,857.839900,427.754500,872.179500,408.923300,857.839900,414.824600,4.192130,0.279038,-1.528268,3.933220,0.330158,-1.730074,4.076043,-1.612792,54.739240,0.174952,0.327910,1,0,19.220240,0.024639,0.000136,0.141704,5,9,5,5,4
363,22.256760,0.053691,father,4,2,3.952089,2.000000,722.525100,537.049100,720.646900,537.968000,2.090987,715.219100,541.551500,726.074500,534.384600,715.219100,532.467300,726.074500,524.817200,1.358121,0.231958,-4.635811,1.554124,0.244299,-4.452810,1.490036,-4.520846,234.734200,0.059839,0.265692,0,0,19.923770,0.003691,0.000273,0.113856,1,2,2,5,4
363,22.256760,0.053691,mother,11,9,11.000000,8.605965,741.208300,248.438900,739.127200,247.627800,2.233565,744.586700,249.377800,733.667500,245.877700,744.586700,240.517500,733.667500,234.269200,1.888372,0.226244,2.824671,1.691219,0.296414,2.914045,1.827371,2.848644,125.265400,0.242497,0.212574,1,0,19.273940,0.003691,0.000000,0.132202,7,7,7,8,4
363,22.256760,0.053691,older_sister,3,10,3.152576,10.000000,350.523500,384.847900,348.279000,386.357100,2.704777,353.680800,383.177400,342.877200,389.536900,353.680800,372.168400,342.877200,375.173900,-5.169654,0.281108,-0.591822,-5.364717,0.366752,-0.754209,-5.226658,-0.634478,54.734670,0.254759,0.253023,1,0,20.078740,0.003691,0.000369,0.142630,5,4,7,7,4
363,22.256760,0.053691,player,8,3,8.394035,3.000001,868.034000,422.019500,865.759000,423.513900,2.721934,871.537800,420.163000,859.980100,426.864700,871.537800,409.158500,859.980100,412.795600,4.180543,0.280994,-1.536229,3.971862,0.359246,-1.707352,4.117280,-1.583633,54.735630,0.242485,0.269186,1,0,19.273930,0.003691,0.000136,0.141704,5,9,5,5,4
364,22.308300,0.051611,father,4,2,3.900157,2.000000,720.329600,538.146900,719.692900,538.281500,0.650799,714.200400,541.847800,725.185300,534.715300,714.200400,533.052800,725.185300,524.708500,1.339730,0.224574,-4.643376,1.538068,0.255518,-4.461253,1.450395,-4.548876,234.735700,0.124754,0.267092,0,0,19.975380,0.001611,0.000273,0.113856,1,2,2,5,4
364,22.308300,0.051611,mother,11,9,11.000000,8.554032,743.403800,249.536700,741.440800,248.699200,2.134201,745.307400,249.699900,737.574200,247.698400,745.307400,240.816900,737.574200,235.076200,1.901384,0.226823,2.816446,1.761757,0.322301,2.867552,1.867013,2.820615,125.263400,0.307411,0.143512,1,0,19.325550,0.001611,0.000046,0.132202,7,7,7,8,4
364,22.308300,0.051611,older_sister,3,10,3.204509,10.000000,352.719100,383.750200,350.611100,385.058600,2.481014,353.882200,383.055400,347.340000,387.061800,353.882200,371.983000,347.340000,371.586900,-5.166016,0.282729,-0.588708,-5.284139,0.395140,-0.691008,-5.187017,-0.606449,54.736370,0.319674,0.155509,1,0,20.130350,0.001611,0.000341,0.142630,5,4,7,7,4
364,22.308300,0.051611,player,8,3,8.445968,3.000001,870.229500,420.921800,868.066000,422.301800,2.566113,871.766200,420.054900,864.365900,424.548600,871.766200,409.006200,864.365900,409.190900,4.184667,0.282123,-1.533469,4.051050,0.392149,-1.648212,4.156921,-1.555602,54.735440,0.307400,0.175345,1,0,19.325540,0.001611,0.000136,0.141704,5,9,5,5,4
365,22.361560,0.053852,father,4,2,3.845969,2.000000,718.038800,539.292400,718.934900,538.609400,1.126707,714.023800,542.015400,723.845900,535.203200,714.023800,533.218400,723.845900,524.467600,1.336541,0.224627,-4.647658,1.513885,0.274129,-4.473713,1.409034,-4.578128,234.731500,0.192488,0.245230,1,0,20.029230,0.003852,0.000086,0.113856,1,2,2,5,4
365,22.361560,0.053852,mother,11,8,11.000000,8.499846,745.694600,250.682100,744.573000,250.121700,1.253803,746.227700,250.101900,742.918300,250.141400,746.227700,241.145400,742.918300,237.935200,1.918000,0.228701,2.806181,1.858247,0.311676,2.805174,1.908374,2.791368,125.264300,0.375147,0.048206,1,0,19.379400,0.003852,0.000031,0.132202,7,7,7,8,4
365,22.361560,0.053852,older_sister,3,10,3.258697,10.000000,355.009800,382.605100,353.886200,383.241100,1.291171,354.282300,382.794500,353.490100,383.687700,354.282300,371.590700,353.490100,369.076000,-5.158791,0.286084,-0.582046,-5.173096,0.373101,-0.604852,-5.145656,-0.577208,54.742040,0.387407,0.024846,1,0,20.184200,0.003852,0.000097,0.142630,5,4,7,7,4
365,22.361560,0.053852,player,9,3,8.500155,3.000001,872.520300,419.776300,871.115600,420.573300,1.615003,872.121300,419.809200,870.109900,421.337400,872.121300,408.626300,870.109900,406.370100,4.191080,0.285549,-1.527193,4.154761,0.382181,-1.566217,4.198283,-1.526355,54.735770,0.375134,0.052184,1,0,19.379390,0.003852,0.000164,0.141704,5,9,5,5,4
366,22.412010,0.051056,father,4,2,3.794595,2.000000,715.866900,540.378200,717.643500,539.248400,2.105381,713.806000,542.160200,721.481100,536.336700,713.806000,533.298800,721.481100,524.461900,1.332608,0.226270,-4.651355,1.471187,0.303216,-4.502654,1.369820,-4.605853,234.738900,0.256706,0.198999,1,0,20.080290,0.001056,0.000193,0.126402,1,2,2,5,4
366,22.412010,0.051056,mother,11,8,11.000000,8.448471,747.866300,251.767900,748.280400,251.942900,0.449544,747.159700,250.538000,749.401200,253.347900,747.159700,241.570500,749.401200,243.012700,1.934827,0.228979,2.795047,1.975299,0.263903,2.723297,1.947587,2.763642,125.262700,0.439364,-0.074469,1,0,19.430460,0.001056,0.000110,0.128932,7,7,7,8,4
366,22.412010,0.051056,older_sister,3,10,3.310071,10.000000,357.181700,381.518800,358.103400,381.127000,1.001533,354.708100,382.550100,361.498700,379.704000,354.708100,371.239300,361.498700,367.299400,-5.151103,0.288816,-0.575805,-5.028495,0.316743,-0.503131,-5.106442,-0.549472,54.727580,0.451626,-0.142066,1,0,20.235260,0.001056,0.000382,0.138398,5,4,7,7,4
366,22.412010,0.051056,player,9,3,8.551530,3.000001,874.692100,418.690400,875.194200,418.499400,0.537182,872.562600,419.555700,877.825800,417.443000,872.562600,408.264600,877.825800,404.658000,4.199047,0.288311,-1.520722,4.294077,0.326458,-1.466775,4.237497,-1.498626,54.735180,0.439352,-0.108738,1,0,19.430450,0.001056,0.000193,0.137941,5,9,5,5,4
367,22.507330,0.095398,father,4,2,3.714097,2.000000,712.463900,542.080000,713.858700,541.352000,1.573373,712.704100,542.792500,715.013400,539.911400,712.704100,533.850600,715.013400,527.344800,1.312712,0.228325,-4.667500,1.354407,0.320883,-4.593935,1.308375,-4.649306,234.732700,0.357328,0.076519,1,0,20.160290,0.030000,0.000061,0.126402,1,2,2,5,4
367,22.507330,0.095398,mother,11,8,11.000000,8.367973,751.269500,253.469400,753.310800,254.580900,2.324256,748.302700,251.087200,758.318800,258.074600,748.302700,242.091100,758.318800,248.728800,1.955465,0.229709,2.781023,2.136313,0.238640,2.602605,2.009033,2.720196,125.262300,0.539986,-0.250670,0,0,19.510460,0.030000,0.000220,0.128932,7,7,7,8,4
367,22.507330,0.095398,older_sister,3,10,3.390569,10.000000,360.584800,379.817500,363.364400,378.684800,3.001580,354.918900,382.428800,371.809900,374.940800,354.918900,370.943900,371.809900,363.632400,-5.147298,0.293261,-0.572707,-4.842321,0.288754,-0.381505,-5.044997,-0.506030,54.739770,0.552248,-0.359405,0,0,20.315260,0.030000,0.000136,0.138398,5,4,7,7,4
367,22.507330,0.095398,player,9,3,8.632029,3.000001,878.095200,416.989100,880.865000,415.853500,2.993530,872.855900,419.387700,888.874200,412.319300,872.855900,407.949600,888.874200,400.923400,4.204342,0.292064,-1.516431,4.493562,0.290988,-1.335943,4.298942,-1.455184,54.739490,0.539974,-0.340352,0,0,19.510450,0.030000,0.000031,0.137941,5,9,5,5,4
368,22.556840,0.050348,father,4,2,3.647941,2.000000,709.667100,543.478300,709.277300,543.705000,0.450843,711.555800,543.410900,706.999000,543.999100,711.555800,534.443300,706.999000,533.681900,1.291979,0.228982,-4.683290,1.209703,0.263442,-4.698309,1.257877,-4.685011,234.736800,0.440023,-0.075851,1,0,20.226030,0.015746,0.000061,0.126402,1,2,2,5,4
368,22.556840,0.050348,mother,11,8,11.000000,8.301817,754.066200,254.868000,754.767000,255.139800,0.751634,748.825200,251.309600,760.708700,258.970000,748.825200,241.898800,760.708700,250.046100,1.964899,0.240301,2.775343,2.179463,0.227868,2.579739,2.059529,2.684483,125.269900,0.622681,-0.288126,0,0,19.576210,0.015746,0.000015,0.128932,7,7,7,8,4
368,22.556840,0.050348,older_sister,3,10,3.456725,10.000000,363.381600,378.419100,363.704500,378.183500,0.399693,354.673800,382.406700,372.735000,373.960200,354.673800,370.296000,372.735000,363.079400,-5.151722,0.309241,-0.572144,-4.825616,0.277834,-0.356466,-4.994500,-0.470321,54.733710,0.634943,-0.390786,0,0,20.381000,0.015746,0.000205,0.138398,5,4,7,7,4
368,22.556840,0.050348,player,9,3,8.698185,3.000001,880.892000,415.590300,881.628400,415.199400,0.833710,872.610500,419.415100,890.646300,410.983700,872.610500,407.437100,890.646300,400.071800,4.199911,0.305851,-1.517131,4.525558,0.278629,-1.301840,4.349439,-1.419467,54.727630,0.622669,-0.390187,0,0,19.576200,0.015746,0.000301,0.137941,5,9,5,5,4
369,22.608290,0.051578,father,4,2,3.596041,2.000000,707.473000,544.575300,705.702600,545.413800,1.958944,710.791400,543.812100,700.613900,547.015400,710.791400,534.844700,700.613900,537.550000,1.278178,0.228977,-4.693536,1.094416,0.241694,-4.775329,1.218262,-4.713023,234.736300,0.504898,-0.197264,1,0,20.277610,0.001578,0.000086,0.126402,1,2,2,5,4
369,22.608290,0.051578,mother,11,8,11.000000,8.249917,756.260300,255.964800,755.419700,255.341800,1.046382,749.709500,251.577100,761.129900,259.106400,749.709500,241.448200,761.129900,250.270100,1.980867,0.258636,2.768513,2.187068,0.225630,2.576257,2.099144,2.656475,125.259800,0.687555,-0.279358,0,1,19.627780,0.001578,0.000136,0.128932,7,7,7,8,4
369,22.608290,0.051578,older_sister,4,10,3.508625,10.000000,365.575600,377.322100,363.735500,377.909300,1.931553,355.247800,381.772700,372.223200,374.045900,355.247800,368.853900,372.223200,363.223500,-5.141358,0.329875,-0.555955,-4.834858,0.276344,-0.358657,-4.954884,-0.442310,54.736690,0.699818,-0.364167,0,1,20.432580,0.001578,0.000164,0.138398,5,4,7,7,4
369,22.608290,0.051578,player,9,3,8.750085,3.000000,883.086100,414.493600,881.610700,414.932100,1.539189,872.907700,418.926900,890.313800,410.937300,872.907700,406.149500,890.313800,400.123600,4.205277,0.326263,-1.504665,4.519555,0.276123,-1.300656,4.389054,-1.391463,54.744220,0.687544,-0.374393,0,1,19.627780,0.001578,0.000031,0.137941,5,9,5,5,4
370,22.653350,0.049653,father,4,2,3.546079,2.000000,705.360800,545.631300,703.305100,546.574300,2.261635,710.259300,544.079000,696.351000,549.069600,710.259300,535.002900,696.351000,539.843800,1.268571,0.231752,-4.700350,1.017447,0.235577,-4.827783,1.180125,-4.739988,234.736800,0.567352,-0.278616,0,0,20.327260,0.049653,0.000193,0.126402,1,2,2,5,4
370,22.653350,0.049653,mother,11,8,11.000000,8.199955,758.372500,257.021200,756.641600,255.904200,2.060008,752.128800,252.646000,761.154500,259.162500,752.128800,241.548000,761.154500,250.257900,2.024548,0.283380,2.741220,2.187511,0.227372,2.574825,2.137281,2.629502,125.270700,0.750010,-0.229131,0,1,19.677440,0.049653,0.000110,0.128932,7,7,7,8,4
370,22.653350,0.049653,older_sister,4,10,3.558588,10.000000,367.687800,376.265900,365.026200,377.110100,2.792306,358.356400,379.917700,371.695900,374.302400,358.356400,365.748400,371.695900,363.419100,-5.085231,0.361805,-0.508588,-4.844379,0.277900,-0.365205,-4.916747,-0.415343,54.735970,0.762272,-0.279438,0,1,20.482230,0.049653,0.000205,0.138398,5,4,7,7,4
370,22.653350,0.049653,player,9,3,8.800047,3.000000,885.198300,413.437300,882.555200,414.307200,2.782550,875.435300,417.369800,889.675200,411.244600,875.435300,403.460300,889.675200,400.381700,4.250916,0.355171,-1.464904,4.508023,0.277378,-1.308502,4.427191,-1.364489,54.728550,0.749998,-0.300224,0,1,19.677430,0.049653,0.000220,0.137941,5,9,5,5,4
371,22.698050,0.045178,father,4,2,3.500620,2.000000,703.439000,546.592300,702.881400,546.952900,0.664053,709.971400,544.266000,695.791300,549.639800,709.971400,534.841900,695.791300,540.719400,1.263374,0.240638,-4.705124,1.007343,0.227775,-4.842340,1.145427,-4.764525,234.734500,0.624176,-0.288270,0,0,20.372440,0.045178,0.000136,0.126402,1,2,2,5,4
371,22.698050,0.045178,mother,11,8,11.000000,8.154496,760.294300,257.981900,758.699200,257.009700,1.867966,755.888000,254.651400,761.510300,259.368100,755.888000,242.737000,761.510300,250.375400,2.092423,0.304229,2.690012,2.193937,0.229623,2.569576,2.171980,2.604970,125.260600,0.806833,-0.152417,0,1,19.722620,0.045178,0.000031,0.128932,7,7,7,8,4
371,22.698050,0.045178,older_sister,4,10,3.604047,10.000000,369.609600,375.305100,367.567100,376.003800,2.158740,363.493200,377.663100,371.641000,374.344300,363.493200,362.553000,371.641000,363.320500,-4.992485,0.385829,-0.451021,-4.845372,0.281487,-0.366275,-4.882049,-0.390807,54.735270,0.819096,-0.169044,0,1,20.527410,0.045178,0.000178,0.138398,5,4,7,7,4
371,22.698050,0.045178,player,9,3,8.845506,3.000000,887.120100,412.476300,884.868700,413.208200,2.367364,880.174900,415.116600,889.562300,411.299700,880.174900,400.140900,889.562300,400.318600,4.336492,0.382397,-1.407372,4.505987,0.280395,-1.309910,4.461890,-1.339954,54.735210,0.806822,-0.194662,0,1,19.722610,0.045178,0.000273,0.137941,5,9,5,5,4
372,22.745140,0.047124,father,3,2,3.453202,2.000000,701.434400,547.594600,702.444500,547.285200,1.056450,709.401600,544.711600,695.487400,549.858900,709.401600,534.632300,695.487400,541.023700,1.253085,0.257370,-4.716503,1.001857,0.225602,-4.847935,1.109232,-4.790118,234.736400,0.683447,-0.281010,0,1,20.419570,0.047124,0.000136,0.121074,1,2,2,5,4
372,22.745140,0.047124,mother,11,8,11.000000,8.107079,762.298900,258.984200,761.607700,258.602700,0.789490,761.156700,257.531600,762.058800,259.673800,761.156700,245.988500,762.058800,250.537700,2.187552,0.294744,2.616471,2.203838,0.233287,2.561768,2.208174,2.579377,125.264300,0.866104,-0.044880,0,1,19.769740,0.047124,0.000061,0.128681,7,7,7,8,4
372,22.745140,0.047124,older_sister,4,10,3.651464,10.000000,371.614200,374.302900,371.084000,374.426500,0.544436,370.401200,374.539500,371.766700,374.313400,370.401200,360.214800,371.766700,363.079200,-4.867755,0.365773,-0.371260,-4.843101,0.286859,-0.365486,-4.845854,-0.365219,54.740890,0.878367,-0.023465,0,1,20.574540,0.047124,0.000000,0.134763,5,4,7,7,4
372,22.745140,0.047124,player,9,3,8.892923,3.000000,889.124700,411.474200,888.247200,411.750600,0.920013,886.811800,412.223100,889.682600,411.278200,886.811800,397.593000,889.682600,400.082700,4.456324,0.373569,-1.333486,4.508158,0.285870,-1.309360,4.498085,-1.314365,54.740600,0.866093,-0.056253,0,1,19.769730,0.047124,0.000110,0.133792,5,9,5,5,4
373,22.837640,0.088348,father,3,2,3.372704,2.000000,698.031300,549.295900,700.061000,548.515300,2.174645,704.928300,547.082000,695.193700,549.948700,704.928300,535.449700,695.193700,541.000100,1.172317,0.297024,-4.777029,0.996553,0.228496,-4.850228,1.047788,-4.833560,234.739400,0.784069,-0.185775,0,1,20.499570,0.030000,0.000356,0.121074,1,2,2,5,4
373,22.837640,0.088348,mother,11,8,11.000000,8.026581,765.702000,260.685700,767.961800,261.712600,2.482212,772.902300,263.255800,763.021300,260.169500,772.902300,253.660600,763.021300,250.878500,2.399624,0.245009,2.470304,2.221218,0.237240,2.549113,2.269619,2.535931,125.262900,0.966726,0.191169,0,1,19.849740,0.030000,0.000110,0.128681,7,7,7,8,4
373,22.837640,0.088348,older_sister,4,10,3.731963,10.000000,375.017300,372.601200,378.112300,370.817000,3.572440,384.365100,367.343400,371.859600,374.290600,384.365100,355.478700,371.859600,362.755400,-4.615631,0.302961,-0.187513,-4.841424,0.294544,-0.364903,-4.784410,-0.321765,54.732130,0.978989,0.286777,0,1,20.654540,0.030000,0.000178,0.134763,5,4,7,7,4
373,22.837640,0.088348,player,9,3,8.973422,3.000000,892.527800,409.772700,895.215000,408.212700,3.107217,900.644800,405.175500,889.785200,411.249800,900.644800,393.179700,889.785200,399.759100,4.706088,0.306308,-1.153532,4.510010,0.293407,-1.308634,4.559529,-1.270919,54.737190,0.966715,0.249645,0,1,19.849730,0.030000,0.000031,0.133792,5,9,5,5,4
374,22.888820,0.050689,father,3,2,3.313298,2.000000,695.520000,550.551800,696.432400,550.139600,1.001272,698.370000,550.020800,694.494900,550.258200,698.370000,538.331400,694.494900,541.137100,1.053902,0.298484,-4.852071,0.983935,0.232904,-4.858134,1.002443,-4.865630,234.729300,0.858326,-0.060624,0,1,20.558600,0.009037,0.000136,0.121074,1,2,2,5,4
374,22.888820,0.050689,mother,11,8,11.000000,7.967175,768.213400,261.941200,770.458300,263.020400,2.490861,777.017900,265.399200,763.898900,260.641500,777.017900,256.141300,763.898900,251.152400,2.473934,0.236396,2.415575,2.237063,0.242299,2.537058,2.314963,2.503873,125.260500,0.040985,0.263546,0,0,19.908780,0.009037,0.000301,0.128681,7,7,7,8,4
374,22.888820,0.050689,older_sister,4,10,3.791368,10.000000,377.528700,371.345600,380.013400,370.025400,2.813688,387.700800,365.902400,372.326100,374.148300,387.700800,354.653000,372.326100,362.310900,-4.555402,0.287246,-0.150715,-4.833001,0.302264,-0.361271,-4.739065,-0.289703,54.736310,0.053246,0.348223,0,0,20.713570,0.009037,0.000136,0.134763,5,4,7,7,4
374,22.888820,0.050689,player,9,3,9.000000,3.000329,893.637500,409.203800,897.178600,407.112900,4.112436,904.588700,402.947600,889.768600,411.278200,904.588700,391.076600,889.768600,399.660200,4.777297,0.303118,-1.096642,4.509711,0.296657,-1.309359,4.579565,-1.256392,54.055250,0.000349,0.341499,0,0,19.876470,0.000327,0.000164,0.133792,5,9,5,5,4
375,22.935460,0.049785,father,3,2,3.263203,2.000000,693.402200,551.610700,692.733200,551.973900,0.761165,691.531000,553.415500,693.935500,550.532200,691.531000,543.151700,693.935500,541.313000,0.930420,0.262081,-4.938751,0.973836,0.235407,-4.865129,0.964206,-4.892668,234.736000,0.920946,0.077955,0,1,20.608390,0.049785,0.000136,0.121074,1,2,2,5,4
375,22.935460,0.049785,mother,11,8,11.000000,7.917080,770.331100,263.000100,771.222200,263.591200,1.069334,777.837000,266.075700,764.607500,261.106700,777.837000,257.231800,764.607500,251.268400,2.488725,0.225826,2.398300,2.249856,0.251216,2.525181,2.353201,2.476834,125.265200,0.103603,0.268290,0,0,19.958560,0.049785,0.000273,0.128681,7,7,7,8,4
375,22.935460,0.049785,older_sister,4,10,3.841463,10.000000,379.646500,370.286800,380.655400,369.958600,1.060957,388.460500,365.847000,372.850300,374.070300,388.460500,354.943000,372.850300,361.786700,-4.541685,0.278428,-0.149303,-4.823536,0.313654,-0.359277,-4.700828,-0.262668,54.738840,0.115866,0.351359,0,0,20.763360,0.049785,0.000043,0.134763,5,4,7,7,4
375,22.935460,0.049785,player,9,3,9.000000,3.013927,893.062600,408.916400,894.501800,406.163400,3.106544,897.986900,399.913100,891.016600,412.413700,897.986900,388.249200,891.016600,400.727800,4.658097,0.297830,-1.019157,4.532245,0.298391,-1.338353,4.569186,-1.249054,23.964250,0.017347,0.342798,0,1,19.889980,0.013514,0.000164,0.133792,3,9,5,5,4
376,22.992440,0.052519,father,3,2,3.210357,2.000000,691.168200,552.727800,688.550500,554.165300,2.986437,683.847200,557.465900,693.253700,550.864700,683.847200,547.865100,693.253700,541.530600,0.791685,0.245154,-5.042178,0.961524,0.238340,-4.873618,0.923869,-4.921191,234.735100,0.987003,0.235991,0,1,20.660910,0.002519,0.000086,0.121074,1,2,2,5,4
376,22.992440,0.052519,mother,11,8,11.000000,7.864234,772.565200,264.117400,771.879900,263.982500,0.698529,778.260600,266.266400,765.499200,261.698500,778.260600,257.484700,765.499200,251.221200,2.496372,0.224236,2.393430,2.265958,0.267531,2.510069,2.393539,2.448304,125.270200,0.169663,0.255470,1,0,20.011080,0.002519,0.000031,0.128681,7,7,7,8,4
376,22.992440,0.052519,older_sister,4,10,3.894309,10.000000,381.880500,369.169800,380.951500,369.925000,1.197238,388.004800,366.009700,373.898000,373.840200,388.004800,355.074800,373.898000,360.834000,-4.549913,0.279216,-0.153456,-4.804618,0.332107,-0.353404,-4.660491,-0.234145,54.734970,0.181923,0.323406,1,0,20.815880,0.002519,0.000031,0.134763,5,4,7,7,4
376,22.992440,0.052519,player,9,3,9.000000,3.049896,891.542000,408.156300,891.118500,406.174500,2.026518,889.505100,399.420600,892.731900,412.928400,889.505100,388.256100,892.731900,401.041900,4.504955,0.285079,-1.006583,4.563214,0.303514,-1.351497,4.541730,-1.229644,352.221100,0.062309,0.349625,0,0,19.925730,0.002218,0.000000,0.133792,3,9,5,5,4
377,23.044510,0.052127,father,3,2,3.157905,2.000000,688.950700,553.836200,686.951800,554.839800,2.236699,681.549200,558.420800,692.354400,551.259000,681.549200,549.274200,692.354400,541.724400,0.750195,0.233551,-5.066558,0.945289,0.243458,-4.883686,0.883833,-4.949496,234.740400,0.052570,0.264872,0,0,20.713040,0.002127,0.000273,0.121074,1,2,2,5,4
377,23.044510,0.052127,mother,11,8,11.000000,7.811782,774.782700,265.226100,772.761900,264.447500,2.165571,778.356200,266.266700,767.167700,262.628300,778.356200,257.410500,767.167700,251.163800,2.498097,0.226138,2.393424,2.296083,0.292737,2.486328,2.433575,2.419995,125.264000,0.235228,0.218582,1,0,20.063210,0.002127,0.000061,0.128681,7,7,7,8,4
377,23.044510,0.052127,older_sister,4,10,3.946761,10.000000,384.097900,368.060800,381.823000,369.566200,2.727947,387.452400,366.283000,376.193600,372.849500,387.452400,355.276500,376.193600,358.660300,-4.559887,0.281043,-0.160433,-4.763171,0.362310,-0.328105,-4.620454,-0.205829,54.730080,0.247490,0.262788,1,0,20.868010,0.002127,0.000273,0.134763,5,4,7,7,4
377,23.044510,0.052127,player,9,3,9.000000,3.101597,889.356300,407.063300,889.101500,406.593800,0.534180,882.777600,401.419600,895.425500,411.768100,882.777600,390.521900,895.425500,399.378000,4.383484,0.278266,-1.057626,4.611847,0.316374,-1.321869,4.502266,-1.201736,320.714800,0.126934,0.349119,0,0,19.977110,0.002127,0.000110,0.133792,3,9,5,5,4
378,23.102620,0.058683,father,3,2,3.098856,2.000000,686.454400,555.084600,685.857000,555.199500,0.608367,680.371900,558.765200,691.342000,551.633900,680.371900,549.971900,691.342000,541.612200,0.728938,0.224532,-5.075353,0.927009,0.255898,-4.893259,0.838760,-4.981371,234.731900,0.126381,0.266858,0,0,20.771720,0.008683,0.000136,0.125244,1,2,2,5,4
378,23.102620,0.058683,mother,11,8,11.000000,7.752733,777.278900,266.474200,775.326900,265.638000,2.123620,779.147000,266.618100,771.507000,264.657800,779.147000,257.733500,771.507000,252.022100,2.512376,0.226865,2.384449,2.374431,0.322644,2.434506,2.478647,2.388123,125.265500,0.309038,0.141532,1,0,20.121890,0.008683,0.000061,0.126968,7,7,7,8,4
378,23.102620,0.058683,older_sister,4,10,4.000000,10.000000,386.348600,366.935500,384.213000,368.278100,2.522576,387.682500,366.162800,380.743400,370.393300,387.682500,355.102100,380.743400,354.965700,-4.555733,0.282429,-0.157365,-4.681021,0.393937,-0.265390,-4.579816,-0.177096,54.738320,0.314037,0.164664,1,0,20.920920,0.002909,0.000183,0.132263,5,4,7,7,4
378,23.102620,0.058683,player,9,3,9.000000,3.160646,886.860000,405.815100,888.722400,406.404800,1.953476,881.434900,403.200500,896.010000,409.609000,881.434900,392.240500,896.010000,396.387100,4.359241,0.279857,-1.103101,4.622402,0.337615,-1.266739,4.457195,-1.169863,305.266800,0.200747,0.309345,1,0,20.035800,0.008683,0.000164,0.130113,3,9,5,5,4
379,23.207700,0.100202,father,3,2,3.018358,2.000000,683.051300,556.785900,684.625300,555.755800,1.881136,680.203600,558.947000,689.047000,552.564600,680.203600,550.101400,689.047000,541.282300,0.725898,0.225867,-5.079994,0.885571,0.288087,-4.917026,0.777315,-5.024813,234.739500,0.227003,0.224460,1,0,20.851720,0.030000,0.000409,0.125244,1,2,2,5,4
379,23.207700,0.100202,mother,11,8,11.000000,7.672235,780.682000,268.175700,780.312600,267.961300,0.427174,780.548600,267.245800,780.076500,268.676800,780.548600,258.281100,780.076500,257.437200,2.537683,0.228908,2.368422,2.529159,0.286995,2.331884,2.540092,2.344677,125.262900,0.409662,-0.014135,1,0,20.201890,0.030000,0.000110,0.126968,7,7,7,8,4
379,23.207700,0.100202,older_sister,4,10,4.000000,9.929564,389.326300,368.424600,388.380700,368.426200,0.945619,388.116800,368.216700,388.644600,368.635800,388.116800,356.988600,388.644600,354.505700,-4.547891,0.286703,-0.209810,-4.538362,0.360803,-0.220511,-4.526052,-0.215117,94.000550,0.402082,-0.010253,1,0,20.990920,0.030000,0.000000,0.132263,7,4,7,7,4
379,23.207700,0.100202,player,9,3,9.000001,3.241144,883.457000,404.113700,886.066200,405.097100,2.788429,881.609600,403.283100,890.523000,406.911200,881.609600,392.243800,890.523000,391.633600,4.362395,0.281881,-1.105208,4.523332,0.390104,-1.197850,4.395751,-1.126418,305.262800,0.301369,0.184892,1,0,20.115800,0.030000,0.000110,0.130113,3,9,5,5,4
380,23.261860,0.055080,father,3,2,2.942607,2.000000,679.848900,558.387500,681.558300,557.422900,1.962706,679.322600,559.454000,683.793900,555.391700,679.322600,550.554100,683.793900,542.682200,0.709993,0.227255,-5.092943,0.790724,0.324530,-4.989214,0.719495,-5.065707,234.730100,0.321693,0.125809,1,0,20.927000,0.025282,0.000000,0.125244,1,2,2,5,4
380,23.261860,0.055080,mother,11,8,11.000000,7.596483,783.884400,269.777100,785.584700,270.673100,1.921949,781.773400,267.825400,789.396100,273.520700,781.773400,258.858100,789.396100,264.052800,2.559797,0.228976,2.353621,2.697430,0.241758,2.208196,2.597913,2.303788,125.266400,0.504351,-0.196340,1,0,20.277180,0.025282,0.000031,0.126968,7,7,7,8,4
380,23.261860,0.055080,older_sister,4,10,4.000000,9.853813,392.528700,370.025600,394.659800,370.890100,2.299724,388.554400,368.478800,400.765100,373.301400,388.554400,357.117200,400.765100,361.595200,-4.539989,0.290110,-0.216503,-4.319519,0.298909,-0.339645,-4.468231,-0.256000,115.614300,0.496773,-0.252039,1,0,21.066200,0.025282,0.000136,0.132263,7,4,7,7,4
380,23.261860,0.055080,player,9,3,9.000000,3.316895,880.254600,402.512300,881.239100,402.940500,1.073640,880.977400,403.051800,881.500900,402.829300,880.977400,391.833500,881.500900,388.496300,4.350980,0.286451,-1.099303,4.360434,0.365985,-1.093622,4.337930,-1.085528,305.267100,0.396059,0.004438,1,0,20.191080,0.025282,0.000246,0.130113,3,9,5,5,4
381,23.318170,0.056679,father,3,2,2.885575,2.000000,677.437900,559.592800,678.221200,559.221100,0.867042,678.389200,559.973100,678.053300,558.469200,678.389200,551.009700,678.053300,546.732000,0.693137,0.228874,-5.106195,0.687073,0.299702,-5.067794,0.675962,-5.096484,234.739800,0.392983,0.017217,1,0,20.983680,0.006679,0.000220,0.125244,1,2,2,5,4
381,23.318170,0.056679,mother,11,8,11.000000,7.539451,786.295500,270.982500,788.093400,271.948200,2.040848,782.353600,268.115200,793.833100,275.781200,782.353600,259.004800,793.833100,266.614200,2.570273,0.232630,2.346222,2.777543,0.234074,2.150475,2.641446,2.273007,125.263200,0.575642,-0.282249,0,0,20.333850,0.006679,0.000031,0.126968,7,7,7,8,4
381,23.318170,0.056679,older_sister,4,10,4.000000,9.796782,394.939700,371.231400,397.227500,372.620900,2.676758,388.994200,368.038100,405.460800,377.203800,388.994200,356.472700,405.460800,366.009400,-4.532049,0.295315,-0.205248,-4.234735,0.285842,-0.439290,-4.424699,-0.286788,125.269700,0.568062,-0.377882,0,0,21.122880,0.006679,0.000068,0.132263,7,4,7,7,4
381,23.318170,0.056679,player,9,3,9.000001,3.373928,877.843500,401.306900,876.597000,400.594700,1.435628,880.505900,402.851700,872.688000,398.337600,880.505900,391.517800,872.688000,386.268300,4.342467,0.289405,-1.094195,4.201312,0.308182,-0.978930,4.294396,-1.054747,305.262200,0.467348,-0.181801,1,0,20.247760,0.006679,0.000164,0.130113,3,9,5,5,4
382,23.371920,0.054182,father,3,2,2.831055,2.000000,675.133100,560.745300,674.220000,561.222800,1.030422,677.467500,560.464100,670.972400,561.981500,677.467500,551.492900,670.972400,552.124500,0.676497,0.229074,-5.118734,0.559224,0.251694,-5.157480,0.634347,-5.125914,234.732400,0.461132,-0.118120,1,0,21.037860,0.004182,0.000086,0.125244,1,2,2,5,4
382,23.371920,0.054182,mother,11,7,11.000000,7.484932,788.600200,272.134900,788.797600,272.115100,0.198382,782.847800,268.276300,794.747600,275.954000,782.847800,258.660100,794.747600,267.078000,2.579196,0.245545,2.342109,2.794053,0.226643,2.146064,2.683060,2.243581,125.265400,0.643791,-0.288617,0,0,20.388040,0.004182,0.000000,0.126968,7,7,7,8,4
382,23.371920,0.054182,older_sister,4,10,4.000000,9.742262,397.244500,372.383700,397.629600,372.496900,0.401409,388.989300,367.884500,406.269900,377.109400,388.989300,355.759200,406.269900,366.231800,-4.532137,0.309612,-0.201327,-4.220127,0.277753,-0.436879,-4.383085,-0.316211,125.262200,0.636211,-0.390751,0,0,21.177060,0.004182,0.000031,0.132263,7,4,7,7,4
382,23.371920,0.054182,player,9,3,9.000001,3.428447,875.538600,400.154300,873.126300,398.705000,2.814193,880.332300,402.771900,865.920300,394.638200,880.332300,391.347300,865.920300,383.213600,4.339334,0.291720,-1.092155,4.079115,0.291722,-0.884469,4.252781,-1.025317,305.268100,0.535498,-0.332378,0,0,20.301940,0.004182,0.000301,0.130113,3,9,5,5,4
383,23.426070,0.054151,father,3,2,2.776567,2.000000,672.829600,561.897000,670.745400,562.857800,2.295033,676.726400,560.846400,664.764300,564.869100,676.726400,551.866100,664.764300,555.491400,0.663116,0.229305,-5.128494,0.447133,0.239456,-5.231214,0.592757,-5.155322,234.736800,0.529244,-0.235655,1,0,21.092010,0.004151,0.000136,0.125244,1,2,2,5,4
383,23.426070,0.054151,mother,11,7,11.000000,7.430444,790.903800,273.286600,789.544700,272.389300,1.628602,784.189900,268.767900,794.899400,276.010800,784.189900,258.363500,794.899400,267.145600,2.603429,0.265672,2.329556,2.796795,0.226368,2.144613,2.724652,2.214173,125.262400,0.711901,-0.264659,0,1,20.442190,0.004151,0.000136,0.126968,7,7,7,8,4
383,23.426070,0.054151,older_sister,4,10,4.000000,9.687774,399.548100,373.535200,398.035700,372.438700,1.868048,390.162800,368.111600,405.908600,376.765600,390.162800,355.145900,405.908600,365.937500,-4.510950,0.331072,-0.207128,-4.226650,0.276489,-0.428101,-4.341493,-0.345615,125.259100,0.704323,-0.359707,0,1,21.231210,0.004151,0.000246,0.132263,7,4,7,7,4
383,23.426070,0.054151,player,9,3,9.000001,3.482936,873.235200,399.002700,872.019500,398.331300,1.388731,880.502200,402.895100,863.536900,393.767600,880.502200,391.093100,863.536900,382.828500,4.342400,0.301356,-1.095301,4.036081,0.279324,-0.862238,4.211191,-0.995913,305.260100,0.603609,-0.384666,0,0,20.356090,0.004151,0.000136,0.130113,3,9,5,5,4
384,23.479140,0.053521,father,3,2,2.722713,2.000000,670.552900,563.035300,669.339000,563.658900,1.364650,676.319300,561.056300,662.358600,566.261400,676.319300,551.840400,662.358600,557.285400,0.655765,0.235322,-5.133855,0.403698,0.229197,-5.266765,0.551648,-5.184390,234.735500,0.596561,-0.282547,0,0,21.145530,0.003521,0.000136,0.122689,1,2,2,5,4
384,23.479140,0.053521,mother,11,7,11.000000,7.376589,793.180500,274.425000,791.448900,273.315900,2.056347,787.769000,270.469100,795.128800,276.162700,787.769000,258.906400,795.128800,267.221600,2.668052,0.295247,2.286118,2.800937,0.228306,2.140734,2.765758,2.185106,125.265000,0.779219,-0.192438,0,1,20.495710,0.003521,0.000031,0.111913,7,7,7,8,4
384,23.479140,0.053521,older_sister,4,10,3.999999,9.633919,401.824700,374.673600,399.849900,373.195300,2.466798,394.260500,369.874000,405.439400,376.516600,394.260500,355.515800,405.439400,365.617800,-4.436964,0.366628,-0.252128,-4.235122,0.278294,-0.421743,-4.300386,-0.374683,125.265100,0.771641,-0.262730,0,1,21.284730,0.003521,0.000178,0.126517,7,4,7,7,4
384,23.479140,0.053521,player,9,4,9.000001,3.536790,870.958500,397.864300,871.581500,398.403100,0.823653,880.029800,402.952500,863.133200,393.853800,880.029800,390.389800,863.133200,383.038100,4.333870,0.320782,-1.096768,4.028794,0.276171,-0.864438,4.170084,-0.966846,305.264800,0.670925,-0.383229,0,1,20.409610,0.003521,0.000193,0.124057,3,9,5,5,4
385,23.575830,0.097181,father,3,2,2.642215,2.000000,667.149700,564.736700,668.486600,564.281900,1.412166,675.306700,561.794600,661.666600,566.769200,675.306700,551.556300,661.666600,557.925500,0.637482,0.261429,-5.152707,0.391202,0.225818,-5.279730,0.490204,-5.227831,234.739500,0.697184,-0.274426,0,1,21.225530,0.030000,0.000329,0.122689,1,2,2,5,4
385,23.575830,0.097181,mother,11,7,11.000000,7.296091,796.583600,276.126500,796.197000,275.907100,0.444525,796.392300,275.165100,796.001500,276.649000,796.392300,263.917800,796.001500,267.489600,2.823750,0.287193,2.166207,2.816694,0.233880,2.128317,2.827203,2.141660,125.262900,0.879841,-0.016114,0,1,20.575710,0.030000,0.000136,0.111913,7,7,7,8,4
385,23.575830,0.097181,older_sister,4,10,3.999999,9.553421,405.227800,376.375300,404.724200,375.972300,0.645032,403.978600,375.363100,405.469800,376.581400,403.978600,360.881800,405.469800,365.366100,-4.261498,0.369772,-0.392290,-4.234572,0.286375,-0.423397,-4.238942,-0.418136,125.268100,0.872263,-0.039945,0,1,21.364730,0.030000,0.000031,0.126517,7,4,7,7,4
385,23.575830,0.097181,player,9,4,9.000001,3.617289,867.555400,396.162900,869.530800,397.641400,2.467384,875.124200,400.964500,863.937300,394.318300,875.124200,386.608200,863.937300,383.419700,4.245298,0.366581,-1.046006,4.043314,0.278290,-0.876299,4.108639,-0.923400,305.262800,0.771549,-0.262899,0,1,20.489610,0.030000,0.000110,0.124057,3,9,5,5,4
386,23.627560,0.052754,father,3,2,2.571844,2.000000,664.174800,566.224500,666.197900,565.444800,2.168130,671.030000,564.026700,661.365800,566.862900,671.030000,552.379600,661.365800,557.912500,0.560263,0.297402,-5.209703,0.385771,0.228542,-5.282123,0.436490,-5.265822,234.729200,0.785147,-0.184279,0,1,21.295470,0.019935,0.000000,0.122689,1,2,2,5,4
386,23.627560,0.052754,mother,11,7,11.000000,7.225720,799.558500,277.613900,801.851500,278.656000,2.518753,806.851900,280.227400,796.851100,277.084700,806.851900,270.638200,796.851100,267.791600,3.012605,0.244854,2.036946,2.832032,0.237293,2.117193,2.880917,2.103681,125.262800,0.967804,0.193769,0,1,20.645640,0.019935,0.000220,0.111913,7,7,7,8,4
386,23.627560,0.052754,older_sister,4,9,3.999998,9.483050,408.202800,377.862700,410.914700,379.012400,2.945594,416.286900,381.393000,405.542600,376.631700,416.286900,369.291200,405.542600,365.163700,-4.039265,0.309014,-0.546260,-4.233259,0.292831,-0.424683,-4.185228,-0.456114,125.261900,0.960226,0.228588,0,1,21.434670,0.019935,0.000068,0.126517,7,4,7,7,4
386,23.627560,0.052754,player,9,4,9.000001,3.687660,864.580400,394.675500,865.405300,395.263000,1.012748,866.893300,396.262000,863.917400,394.264000,866.893300,381.489900,863.917400,383.090400,4.096685,0.377196,-0.925929,4.042953,0.285312,-0.874913,4.054924,-0.885421,305.262100,0.859512,-0.073326,0,1,20.559550,0.019935,0.000031,0.124057,3,9,5,5,4
387,23.680540,0.053606,father,3,2,2.517904,2.000000,661.894500,567.364500,662.935400,566.895000,1.141873,665.133900,566.649400,660.737000,567.140600,665.133900,554.862800,660.737000,558.031900,0.453806,0.300964,-5.276671,0.374418,0.232587,-5.289216,0.395318,-5.294931,234.738600,0.852572,-0.072064,0,1,21.349080,0.003606,0.000136,0.122689,1,2,2,5,4
387,23.680540,0.053606,mother,11,7,11.000000,7.171780,801.838900,278.754000,804.201800,279.872700,2.614336,810.753100,282.235900,797.650500,277.509400,810.753100,272.916500,797.650500,268.039200,3.083042,0.237967,1.985658,2.846468,0.241817,2.106348,2.922090,2.074566,125.265400,0.035229,0.262842,0,0,20.699250,0.003606,0.000246,0.111913,7,7,7,8,4
387,23.680540,0.053606,older_sister,4,9,3.999998,9.429110,410.483100,379.002900,413.760900,380.446400,3.581635,421.763200,384.111300,405.758600,376.781500,421.763200,372.571900,405.758600,365.054200,-3.940387,0.294650,-0.615668,-4.229359,0.299450,-0.428507,-4.144056,-0.485229,125.265700,0.027651,0.344003,0,1,21.488270,0.003606,0.000068,0.126517,7,4,7,7,4
387,23.680540,0.053606,player,9,4,9.000001,3.741600,862.300100,393.535400,861.054200,393.036400,1.342109,858.190600,391.817100,863.917900,394.255600,858.190600,378.944200,863.917900,382.885900,3.939552,0.328702,-0.812433,4.042962,0.290319,-0.874699,4.013752,-0.856307,305.265100,0.926937,0.120383,0,1,20.613150,0.003606,0.000000,0.124057,3,9,5,5,4
388,23.733790,0.052986,father,2,2,2.464595,2.000000,659.640800,568.491300,659.023100,568.827600,0.703295,657.915200,570.221000,660.131200,567.434100,657.915200,559.917400,660.131200,558.217300,0.323469,0.263098,-5.367871,0.363479,0.235346,-5.296709,0.354626,-5.323702,234.738300,0.919207,0.073752,0,1,21.402050,0.002979,0.000220,0.122689,1,2,2,5,4
388,23.733790,0.052986,mother,11,7,11.000000,7.118464,804.092700,279.881100,805.023700,280.487200,1.110905,811.639400,282.970200,798.408000,278.004300,811.639400,274.120300,798.408000,268.178000,3.099044,0.225977,1.966910,2.860144,0.250908,2.093710,2.962785,2.045789,125.265500,0.101875,0.268269,0,0,20.752240,0.002986,0.000136,0.111913,7,7,7,8,4
388,23.733790,0.052986,older_sister,4,9,3.999998,9.375794,412.737000,380.129900,414.164600,380.940600,1.641737,422.282300,384.768600,406.046800,377.112500,422.282300,373.806900,406.046800,365.002900,-3.931013,0.279903,-0.632454,-4.224154,0.309211,-0.436958,-4.103360,-0.514007,125.266100,0.094296,0.352218,0,0,21.541260,0.002986,0.000000,0.126517,7,4,7,7,4
388,23.733790,0.052986,player,9,4,9.000001,3.794916,860.046100,392.408300,856.232200,390.766900,4.152178,848.622400,387.322500,863.841900,394.211300,848.622400,375.463900,863.841900,382.620600,3.766794,0.302803,-0.697667,4.041589,0.295962,-0.873566,3.973056,-0.827529,305.265900,0.993582,0.325925,0,1,20.666140,0.002986,0.000061,0.124057,3,9,5,5,4
389,23.785660,0.052057,father,2,2,2.412400,2.000000,657.434300,569.594400,654.868500,571.002400,2.926744,650.282000,574.243000,659.455100,567.761800,650.282000,564.657700,659.455100,558.433500,0.185647,0.244756,-5.470569,0.351273,0.238191,-5.305076,0.314786,-5.351870,234.738600,0.984451,0.230778,0,1,21.453930,0.002033,0.000356,0.122689,1,2,2,5,4
389,23.785660,0.052057,mother,11,7,11.000000,7.066083,806.307300,280.988400,805.676100,280.878100,0.640679,812.073900,283.174500,799.278500,278.581600,812.073900,274.393500,799.278500,268.130000,3.106888,0.224219,1.961691,2.875861,0.266875,2.078969,3.002769,2.017513,125.266900,0.167351,0.256341,1,0,20.804290,0.002057,0.000086,0.111913,7,7,7,8,4
389,23.785660,0.052057,older_sister,4,9,3.999998,9.323413,414.951500,381.237200,414.321100,381.156300,0.635545,422.144200,384.744700,406.498100,377.567900,422.144200,373.828900,406.498100,364.812700,-3.933508,0.278730,-0.631843,-4.216006,0.325697,-0.448586,-4.063375,-0.542282,125.265600,0.159773,0.336461,1,0,21.593320,0.002057,0.000031,0.126517,7,4,7,7,4
389,23.785660,0.052057,player,9,4,9.000001,3.847297,857.831700,391.301000,855.404000,390.137300,2.692253,847.330100,386.369800,863.477800,393.904800,847.330100,375.176000,863.477800,382.036400,3.743460,0.285826,-0.673338,4.035016,0.303050,-0.865740,3.933073,-0.799255,305.266500,0.059059,0.349138,0,0,20.718190,0.002057,0.000164,0.124057,3,9,5,5,4
390,23.837970,0.053033,father,2,2,2.361382,2.000000,655.277500,570.673000,653.207500,571.726900,2.322821,647.821400,575.307600,658.593700,568.146200,647.821400,566.121300,658.593700,558.630000,0.141219,0.234566,-5.497754,0.335719,0.242992,-5.314892,0.275843,-5.379412,234.730700,0.048224,0.264387,0,0,21.504630,0.002863,0.000193,0.131420,1,2,2,5,4
390,23.837970,0.053033,mother,11,7,11.000000,7.000000,809.100900,282.385400,807.001600,281.571100,2.251680,812.308900,283.238000,801.694200,279.904300,812.308900,274.376600,801.694200,268.153700,3.111134,0.226269,1.960072,2.919478,0.300045,2.045196,3.053210,1.981843,125.266600,0.249956,0.205631,1,0,20.869970,0.015675,0.000061,0.126398,7,7,7,8,4
390,23.837970,0.053033,older_sister,4,9,3.999998,9.270049,417.207400,382.365000,414.695500,381.473900,2.665273,421.481700,384.402300,407.909300,378.545500,421.481700,373.408700,407.909300,364.861400,-3.945469,0.280713,-0.623098,-4.190526,0.349417,-0.473551,-4.022644,-0.571078,125.259700,0.226479,0.286431,1,0,21.646350,0.003033,0.000136,0.130741,7,4,7,7,4
390,23.837970,0.053033,player,9,4,9.000001,3.900661,855.575700,390.172900,855.115400,389.750100,0.625019,847.066100,385.948500,863.164800,393.551700,847.066100,375.051100,863.164800,381.173300,3.738693,0.278259,-0.662581,4.029364,0.316075,-0.856724,3.892339,-0.770450,305.265900,0.125765,0.349420,0,0,20.771230,0.003033,0.000220,0.129258,3,9,5,5,4
391,23.940730,0.095648,father,2,2,2.292553,2.000000,652.367800,572.128000,651.965500,572.147600,0.402821,646.522200,575.708700,657.408800,568.586400,646.522200,566.920400,657.408800,558.489600,0.117762,0.224405,-5.507997,0.314325,0.257814,-5.326130,0.223307,-5.416564,234.733400,0.134256,0.265496,0,0,21.573030,0.024247,0.000000,0.131420,1,2,2,5,4
391,23.940730,0.095648,mother,11,7,10.974240,7.000001,808.012000,282.929700,807.911100,281.242900,1.689843,808.751100,284.664300,807.071000,277.821500,808.751100,275.799800,807.071000,265.511800,3.046894,0.226350,1.923651,3.016561,0.314323,2.098377,3.033549,1.967942,183.437300,0.282156,0.172593,1,0,20.895570,0.015600,0.000031,0.126398,1,7,7,8,4
391,23.940730,0.095648,older_sister,4,9,3.999998,9.189550,420.610500,384.066700,418.243900,383.111000,2.552327,421.715900,384.496200,414.771800,381.725800,421.715900,373.407500,414.771800,366.209900,-3.941242,0.283144,-0.625499,-4.066620,0.396189,-0.554757,-3.961199,-0.614532,125.267700,0.327101,0.143213,1,0,21.726350,0.030000,0.000043,0.130741,7,4,7,7,4
391,23.940730,0.095648,player,9,4,9.000001,3.981160,852.172600,388.471500,854.682400,389.361500,2.662913,847.894400,386.432000,861.470400,392.291100,847.894400,375.438500,861.470400,378.609200,3.753649,0.280712,-0.674927,3.998770,0.349360,-0.824535,3.830894,-0.727005,305.262800,0.226387,0.286517,1,0,20.851230,0.030000,0.000136,0.129258,3,9,5,5,4
392,23.997780,0.057639,father,2,2,2.239452,2.000000,650.122900,573.250400,651.182900,572.476000,1.312665,646.380600,575.841600,655.985100,569.110500,646.380600,567.034600,655.985100,558.281100,0.115205,0.224879,-5.511387,0.288620,0.276522,-5.339514,0.182775,-5.445223,234.736900,0.200634,0.240822,1,0,21.625800,0.015658,0.000061,0.131420,1,2,2,5,4
392,23.997780,0.057639,mother,11,7,10.908650,7.000002,805.239000,284.316100,806.222000,283.418400,1.331316,805.858600,284.864300,806.585600,281.972500,805.858600,275.916300,806.585600,269.520100,2.994670,0.228483,1.918544,3.007795,0.317965,1.992386,2.983481,1.932541,218.492000,0.364147,0.065965,1,0,20.960750,0.023288,0.000136,0.126398,1,7,7,8,4
392,23.997780,0.057639,older_sister,4,9,3.999998,9.115806,423.728100,385.625400,423.466600,385.547900,0.272755,422.396100,384.770700,424.537000,386.325300,422.396100,373.513200,424.537000,372.826400,-3.928959,0.287454,-0.632506,-3.890303,0.344684,-0.672201,-3.904909,-0.654330,125.261500,0.419281,-0.054480,1,0,21.799640,0.023288,0.000110,0.130741,7,4,7,7,4
392,23.997780,0.057639,player,9,4,9.000001,4.054904,849.055100,386.912600,851.513300,387.883300,2.642988,847.709700,386.351500,855.317000,389.415100,847.709700,375.281400,855.317000,373.948500,3.750312,0.282668,-0.672871,3.887668,0.394930,-0.751100,3.774605,-0.687198,305.266900,0.318567,0.157316,1,0,20.924520,0.023288,0.000273,0.129258,3,9,5,5,4
