frame,seconds,dt,member,cellX,cellY,gridX,gridY,rootX,rootY,footMidX,footMidY,footMidErrorPx,leftGroundX,leftGroundY,rightGroundX,rightGroundY,leftActualX,leftActualY,rightActualX,rightActualY,leftWorldX,leftWorldY,leftWorldZ,rightWorldX,rightWorldY,rightWorldZ,rootWorldX,rootWorldZ,yaw,phase,footLead,leftContact,rightContact,gaitDistance,displacement,pathErrorPx,lowestMeshY,direction,destinationX,destinationY,pathCount,hostCount
0,0.004734,0.333333,father,1,9,1.025760,9.000001,302.887200,450.941700,304.862500,449.429700,2.487509,309.189500,445.232100,300.535600,453.627300,309.189500,435.879500,300.535600,444.166500,-5.972968,0.238813,-2.176354,-6.129219,0.241575,-2.390719,-6.086759,-2.322143,44.390670,0.032199,0.262488,0,1,0.025600,0.015600,0.000068,0.131835,5,4,5,8,4
0,0.004734,0.333333,mother,9,6,8.974240,6.000000,765.736700,346.342400,763.059100,347.149800,2.796687,756.680700,349.726500,769.437400,344.573100,756.680700,340.373900,769.437400,335.112400,2.106735,0.238813,0.262327,2.337064,0.241575,0.393914,2.270246,0.348737,248.563000,0.032199,0.262488,0,1,0.025600,0.015600,0.000193,0.131834,1,8,11,7,4
0,0.004734,0.333333,older_sister,10,4,9.974240,4.000000,892.562400,367.479900,889.169000,368.575300,3.565782,880.419400,371.287700,897.918600,365.863000,880.419400,359.803600,897.918600,354.118100,4.340906,0.293240,-0.288226,4.656864,0.299899,-0.149709,4.560154,-0.190998,248.588200,0.032199,0.344719,0,0,0.025600,0.015600,0.000273,0.143359,1,4,9,12,4
0,0.004734,0.333333,player,2,2,2.025760,2.000000,641.089000,577.767300,643.549400,575.784700,3.159831,649.958100,570.774800,637.140600,580.794600,649.958100,559.290700,637.140600,569.049700,0.179799,0.293239,-5.382012,-0.051627,0.299899,-5.637860,0.019663,-5.560561,44.391720,0.032199,0.344719,0,0,0.025600,0.015600,0.000061,0.143359,5,8,4,9,4
1,0.222586,0.237225,father,1,9,1.098108,9.000001,305.945700,449.412400,306.632700,449.252000,0.705479,312.133500,445.684700,301.131900,452.819300,312.133500,436.887100,301.131900,442.831600,-5.919812,0.224641,-2.187908,-6.118452,0.255030,-2.370087,-6.031536,-2.283095,54.736750,0.122634,0.267369,0,0,0.097500,0.030000,0.000043,0.131835,5,4,5,8,4
1,0.222586,0.237225,mother,9,6,8.901893,6.000000,762.678200,347.871600,761.991200,348.032100,0.705443,756.490400,351.599400,767.492000,344.464800,756.490400,342.801800,767.492000,334.477100,2.103299,0.224641,0.214503,2.301938,0.255030,0.396682,2.215022,0.309690,234.736800,0.122634,0.267369,0,0,0.097500,0.030000,0.000246,0.131834,1,8,11,7,4
1,0.222586,0.237225,older_sister,10,4,9.901893,4.000000,889.503800,369.009100,888.689600,369.226200,0.842656,880.916400,373.328900,896.462900,365.123500,880.916400,362.431300,896.462900,352.776000,4.349879,0.278265,-0.340348,4.630580,0.315286,-0.130827,4.504930,-0.230045,234.736900,0.122634,0.350158,0,0,0.097500,0.030000,0.000356,0.143359,1,4,9,12,4
1,0.222586,0.237225,player,2,2,2.098108,2.000000,644.147500,576.238100,644.961700,576.021100,0.842641,652.734900,571.918300,637.188500,580.123800,652.734900,561.020600,637.188500,567.776400,0.229935,0.278265,-5.411209,-0.050763,0.315285,-5.620733,0.074885,-5.521513,54.736230,0.122634,0.350157,0,0,0.097500,0.030000,0.000061,0.143359,5,8,4,9,4
2,0.350203,0.128607,father,1,9,1.178606,9.000001,309.348800,447.710700,307.849500,448.709000,1.801202,312.325700,445.488500,303.373300,451.929400,312.325700,436.649000,303.373300,440.731300,-5.916341,0.225711,-2.182901,-6.077982,0.285937,-2.347364,-5.970092,-2.239642,54.732100,0.223257,0.226934,1,0,0.177500,0.030000,0.000246,0.131835,5,4,5,8,4
2,0.350203,0.128607,mother,9,6,8.821394,6.000000,759.275000,349.573400,760.774300,348.575100,1.801185,756.298200,351.795500,765.250500,345.354700,756.298200,342.956100,765.250500,334.156600,2.099827,0.225711,0.209495,2.261468,0.285938,0.373958,2.153577,0.266236,234.732100,0.223257,0.226935,1,0,0.177500,0.030000,0.000110,0.131834,1,8,11,7,4
2,0.350203,0.128607,older_sister,10,4,9.821395,4.000000,886.100800,370.710900,888.045800,369.369300,2.362851,881.811600,372.952800,894.280000,365.785800,881.811600,361.962800,894.280000,352.180500,4.366044,0.280623,-0.330742,4.591166,0.347404,-0.147738,4.443486,-0.273497,234.732800,0.223257,0.289470,1,0,0.177500,0.030000,0.000136,0.143359,1,4,9,12,4
2,0.350203,0.128607,player,2,2,2.178606,2.000000,647.550600,574.536400,645.605500,575.878000,2.362884,651.839600,572.294400,639.371500,579.461500,651.839600,561.304400,639.371500,565.856100,0.213771,0.280623,-5.420815,-0.011349,0.347404,-5.603821,0.136330,-5.478060,54.732060,0.223257,0.289469,1,0,0.177500,0.030000,0.000193,0.143359,5,8,4,9,4
3,0.476311,0.126655,father,1,9,1.259104,9.000001,312.751800,446.009200,311.054700,446.962500,1.946556,313.229400,444.964800,308.879900,448.960200,313.229400,436.062000,308.879900,436.243600,-5.900024,0.227327,-2.169527,-5.978558,0.324710,-2.271547,-5.908647,-2.196196,54.736670,0.323880,0.123023,1,0,0.257500,0.030000,0.000164,0.131835,5,4,5,8,4
3,0.476311,0.126655,mother,9,6,8.740895,6.000000,755.871900,351.274800,757.569200,350.321600,1.946636,755.394400,352.319300,759.744000,348.323900,755.394400,343.416400,759.744000,335.607300,2.083510,0.227328,0.196122,2.162044,0.324711,0.298141,2.092133,0.222791,234.737200,0.323880,0.123023,1,0,0.257500,0.030000,0.000164,0.131834,1,8,11,7,4
3,0.476311,0.126655,older_sister,10,4,9.740896,4.000000,882.697700,372.412400,884.781600,371.131100,2.446275,881.660700,373.049700,887.902600,369.212600,881.660700,361.968000,887.902600,353.711300,4.363318,0.282963,-0.333217,4.476019,0.395816,-0.235239,4.382041,-0.316943,234.737200,0.323880,0.148588,1,0,0.257500,0.030000,0.000220,0.143359,1,4,9,12,4
3,0.476311,0.126655,player,2,2,2.259104,2.000000,650.953700,572.835000,648.869600,574.116100,2.446331,651.990700,572.197700,645.748500,576.034600,651.990700,561.116000,645.748500,560.533300,0.216499,0.282963,-5.418344,0.103793,0.395816,-5.516318,0.197775,-5.434618,54.739470,0.323880,0.148588,1,0,0.257500,0.030000,0.000000,0.143359,5,8,4,9,4
4,0.571462,0.097054,father,1,9,1.339602,9.000001,316.154900,444.307500,316.126100,444.288700,0.034408,314.577100,444.227100,317.675100,444.350300,314.577100,435.261500,317.675100,433.588000,-5.875691,0.228933,-2.150691,-5.819755,0.274811,-2.153838,-5.847202,-2.152743,54.732670,0.424503,-0.043854,1,0,0.337500,0.030000,0.000341,0.131835,5,4,5,8,4
4,0.571462,0.097054,mother,9,6,8.660397,6.000000,752.468900,352.976600,752.497700,352.995400,0.034383,754.046700,353.056900,750.948700,352.933700,754.046700,344.091300,750.948700,342.171300,2.059177,0.228933,0.177285,2.003241,0.274812,0.180431,2.030688,0.179337,234.732000,0.424503,-0.043853,1,0,0.337500,0.030000,0.000031,0.131834,1,8,11,7,4
4,0.571462,0.097054,older_sister,10,4,9.660398,4.000000,879.294600,374.114100,879.309400,374.053100,0.062782,881.019000,373.443100,877.599900,374.663100,881.019000,362.176700,877.599900,361.360700,4.351731,0.287681,-0.343262,4.289997,0.339668,-0.374416,4.320597,-0.360397,234.732100,0.424503,-0.068391,1,0,0.337500,0.030000,0.000061,0.143359,1,4,9,12,4
4,0.571462,0.097054,player,2,2,2.339603,2.000000,654.356800,571.133400,654.342000,571.194400,0.062738,652.632400,571.804400,656.051600,570.584500,652.632400,560.538000,656.051600,557.282100,0.228084,0.287681,-5.408301,0.289820,0.339668,-5.377151,0.259219,-5.391169,54.735020,0.424503,-0.068392,1,0,0.337500,0.030000,0.000086,0.143359,5,8,4,9,4
5,0.671663,0.096698,father,1,9,1.420101,9.000001,319.558000,442.606200,321.602000,441.660900,2.251989,315.762000,443.606900,327.442000,439.714900,315.762000,434.631000,327.442000,430.323200,-5.854297,0.229193,-2.134853,-5.643408,0.239811,-2.035474,-5.785758,-2.109302,54.739490,0.525126,-0.229569,1,0,0.417500,0.030000,0.000136,0.131835,5,4,5,8,4
5,0.671663,0.096698,mother,9,6,8.579899,6.000000,749.065800,354.677900,747.021800,355.623200,2.252029,752.861800,353.677200,741.181800,357.569200,752.861800,344.701400,741.181800,348.177600,2.037782,0.229193,0.161446,1.826894,0.239811,0.062068,1.969243,0.135895,234.739600,0.525126,-0.229569,1,0,0.417500,0.030000,0.000193,0.131834,1,8,11,7,4
5,0.671663,0.096698,older_sister,10,4,9.579899,4.000000,875.891500,375.815600,873.271200,376.901400,2.836389,880.635100,373.663200,865.907200,380.139600,880.635100,362.264100,865.907200,368.646500,4.344801,0.291069,-0.348883,4.078880,0.293472,-0.514255,4.259152,-0.403842,234.737200,0.525126,-0.312603,1,0,0.417500,0.030000,0.000136,0.143359,1,4,9,12,4
5,0.671663,0.096698,player,2,2,2.420101,2.000000,657.759900,569.431800,660.380100,568.345900,2.836356,653.016300,571.584400,667.743900,565.107400,653.016300,560.185200,667.743900,553.614300,0.235017,0.291069,-5.402682,0.500931,0.293472,-5.237298,0.320664,-5.347720,54.734720,0.525126,-0.312602,1,0,0.417500,0.030000,0.000136,0.143359,5,8,4,9,4
6,0.777926,0.103676,father,2,9,1.500599,9.000001,322.961100,440.904700,323.478100,440.561300,0.620678,316.385000,443.249600,330.571300,437.873000,316.385000,433.811400,330.571300,428.956500,-5.843048,0.240999,-2.125730,-5.586908,0.227679,-1.988442,-5.724313,-2.065856,54.737110,0.625749,-0.288402,0,0,0.497500,0.030000,0.000043,0.123853,5,4,5,8,4
6,0.777926,0.103676,mother,8,6,8.499400,6.000000,745.662700,356.379400,745.145800,356.722800,0.620653,752.238800,354.034500,738.052600,359.411100,752.238800,344.596300,738.052600,350.494500,2.026533,0.240999,0.152323,1.770394,0.227679,0.015036,1.907799,0.092450,234.737100,0.625749,-0.288401,0,0,0.497500,0.030000,0.000246,0.123853,1,8,11,7,4
6,0.777926,0.103676,older_sister,9,4,9.499401,4.000000,872.488400,377.517300,871.853800,377.870700,0.726417,880.878200,373.650700,862.829300,382.090700,880.878200,361.640700,862.829300,371.186600,4.349190,0.306670,-0.348565,4.023307,0.278429,-0.564075,4.197707,-0.447296,234.732100,0.625749,-0.390507,0,0,0.497500,0.030000,0.000061,0.128809,1,4,9,12,4
6,0.777926,0.103676,player,3,2,2.500599,2.000000,661.163000,567.730400,661.797600,567.377000,0.726402,652.772700,571.596400,670.822600,563.157600,652.772700,559.586400,670.822600,552.253500,0.230617,0.306670,-5.402992,0.556519,0.278429,-5.187510,0.382109,-5.304274,54.737090,0.625749,-0.390506,0,0,0.497500,0.030000,0.000000,0.128809,5,8,4,9,4
7,0.924504,0.147300,father,2,9,1.581098,9.000001,326.364200,439.203000,324.495900,439.912100,1.998381,318.130300,442.131500,330.861500,437.692800,318.130300,431.470200,330.861500,428.812100,-5.811535,0.272230,-2.097181,-5.581668,0.226762,-1.983841,-5.662868,-2.022403,54.732010,0.726371,-0.253120,0,1,0.577500,0.030000,0.000232,0.123853,5,4,5,8,4
7,0.924504,0.147300,mother,8,6,8.418901,6.000000,742.259600,358.081100,744.127900,357.371900,1.998341,750.493500,355.152600,737.762400,359.591300,750.493500,344.491200,737.762400,350.710600,1.995021,0.272230,0.123775,1.765154,0.226763,0.010435,1.846354,0.048996,234.732100,0.726371,-0.253120,0,1,0.577500,0.030000,0.000110,0.123853,1,8,11,7,4
7,0.924504,0.147300,older_sister,9,4,9.418902,4.000000,869.085300,379.218600,871.508800,378.388300,2.561758,879.368300,374.899800,863.649300,381.876800,879.368300,361.534000,863.649300,371.034100,4.321929,0.341288,-0.380458,4.038112,0.276863,-0.558613,4.136262,-0.490737,234.739500,0.726371,-0.334594,0,1,0.577500,0.030000,0.000164,0.128809,1,4,9,12,4
7,0.924504,0.147300,player,3,2,2.581098,2.000000,664.566000,566.028700,662.142600,566.859200,2.561759,654.283800,570.348400,670.001600,563.370000,654.283800,556.982600,670.001600,552.527300,0.257901,0.341287,-5.371123,0.541695,0.276862,-5.192933,0.443554,-5.260821,54.732360,0.726371,-0.334594,0,1,0.577500,0.030000,0.000136,0.128809,5,8,4,9,4
8,1.028547,0.105236,father,2,9,1.661596,9.000001,329.767300,437.501500,328.213600,438.174700,1.693308,324.915500,438.933200,331.511700,437.416100,324.915500,426.896900,331.511700,428.371300,-5.689025,0.307342,-2.015515,-5.569928,0.230954,-1.976777,-5.601424,-1.978957,54.737110,0.826994,-0.119609,0,1,0.657500,0.030000,0.000136,0.123853,5,4,5,8,4
8,1.028547,0.105236,mother,8,6,8.338403,6.000000,738.856500,359.782600,740.410200,359.109400,1.693224,743.708300,358.350900,737.112100,359.867900,743.708300,346.314500,737.112100,350.823100,1.872510,0.307342,0.042109,1.753413,0.230955,0.003371,1.784909,0.005551,234.737100,0.826994,-0.119609,0,1,0.657500,0.030000,0.000164,0.123853,1,8,11,7,4
8,1.028547,0.105236,older_sister,9,4,9.338404,4.000000,865.682300,380.920000,867.570900,380.245500,2.005531,871.229300,378.746900,863.912700,381.744000,871.229300,363.586900,863.912700,370.689100,4.174974,0.387100,-0.478691,4.042867,0.282282,-0.555222,4.074818,-0.534183,234.737200,0.826994,-0.152050,0,1,0.657500,0.030000,0.000246,0.128809,1,4,9,12,4
8,1.028547,0.105236,player,3,2,2.661596,2.000000,667.969100,564.327300,666.080300,565.001900,2.005636,662.421900,566.500400,669.738700,563.503400,662.421900,551.340500,669.738700,552.448400,0.404839,0.387100,-5.272866,0.536949,0.282282,-5.196341,0.504998,-5.217379,54.739460,0.826994,-0.152050,0,1,0.657500,0.030000,0.000000,0.128809,5,8,4,9,4
9,1.131703,0.105116,father,2,9,1.742095,9.000001,333.170400,435.799800,334.040600,435.329700,0.989039,335.605500,433.700600,332.475700,436.958800,335.605500,423.578400,332.475700,427.730200,-5.496012,0.258464,-1.881902,-5.552521,0.235645,-1.965098,-5.539979,-1.935504,54.732590,0.927617,0.094174,0,1,0.737500,0.030000,0.000314,0.123853,5,4,5,8,4
9,1.131703,0.105116,mother,8,6,8.257905,6.000000,735.453400,361.484300,734.583100,361.954400,0.989161,733.018200,363.583500,736.148100,360.325300,733.018200,353.461300,736.148100,351.096800,1.679497,0.258464,-0.091503,1.736006,0.235645,-0.008308,1.723464,-0.037901,234.733000,0.927617,0.094174,0,1,0.737500,0.030000,0.000000,0.123853,1,8,11,7,4
9,1.131703,0.105116,older_sister,9,4,9.257905,4.000000,862.279100,382.621800,861.172500,383.300100,1.297890,858.544400,384.827900,863.800700,381.772300,858.544400,371.973800,863.800700,370.400700,3.945941,0.328224,-0.633968,4.040845,0.290366,-0.555943,4.013373,-0.577636,234.732100,0.927617,0.122537,0,1,0.737500,0.030000,0.000061,0.128809,1,4,9,12,4
9,1.131703,0.105116,player,3,2,2.742095,2.000000,671.372200,562.625700,672.478900,561.947500,1.297978,675.107100,560.419700,669.850600,563.475300,675.107100,547.565600,669.850600,552.103700,0.633877,0.328223,-5.117600,0.538970,0.290366,-5.195622,0.566443,-5.173930,54.734720,0.927617,0.122538,0,1,0.737500,0.030000,0.000061,0.128809,5,8,4,9,4
10,1.232134,0.101168,father,2,9,1.822593,9.000001,336.573500,434.098300,338.963500,432.818200,2.711224,344.271700,429.238300,333.655200,436.398200,344.271700,419.842200,333.655200,426.949500,-5.339538,0.239924,-1.767959,-5.531226,0.241267,-1.950783,-5.478534,-1.892059,54.737190,0.028240,0.262065,0,1,0.817500,0.030000,0.000205,0.123853,5,4,5,8,4
10,1.232134,0.101168,mother,8,6,8.177406,6.000000,732.050300,363.185800,729.660300,364.465900,2.711182,724.352100,368.045800,734.968600,360.885900,724.352100,358.649700,734.968600,351.437200,1.523024,0.239923,-0.205447,1.714711,0.241266,-0.022622,1.662020,-0.081347,234.737100,0.028240,0.262065,0,1,0.817500,0.030000,0.000086,0.123853,1,8,11,7,4
10,1.232134,0.101168,older_sister,9,4,9.177406,4.000000,858.876000,384.323300,855.870900,386.018900,3.450494,848.314100,390.132300,863.427700,381.905500,848.314100,378.600100,863.427700,370.175800,3.761227,0.294468,-0.769412,4.034110,0.299509,-0.559344,3.951928,-0.621082,234.737100,0.028240,0.344090,0,1,0.817500,0.030000,0.000136,0.128809,1,4,9,12,4
10,1.232134,0.101168,player,3,2,2.822593,2.000000,674.775300,560.924100,677.780400,559.228500,3.450441,685.336900,555.114900,670.223900,563.342100,685.336900,543.582700,670.223900,551.612500,0.818584,0.294467,-4.982143,0.545708,0.299509,-5.192222,0.627888,-5.130481,54.735020,0.028240,0.344090,0,1,0.817500,0.030000,0.000086,0.128809,5,8,4,9,4
11,1.328208,0.097006,father,2,9,1.903092,9.000001,339.976600,432.397000,340.513100,432.312200,0.543161,345.986800,428.748300,335.039400,435.876200,345.986800,419.957000,335.039400,425.831300,-5.308572,0.224480,-1.755448,-5.506234,0.256490,-1.937455,-5.417089,-1.848616,54.739110,0.128863,0.266470,0,0,0.897500,0.030000,0.000000,0.123853,5,4,5,8,4
11,1.328208,0.097006,mother,8,6,8.096908,6.000000,728.647200,364.887100,728.110700,364.971900,0.543161,722.637100,368.535900,733.584500,361.407900,722.637100,359.744500,733.584500,351.363000,1.492058,0.224481,-0.217959,1.689718,0.256491,-0.035951,1.600575,-0.124790,234.738700,0.128863,0.266470,0,0,0.897500,0.030000,0.000301,0.123853,1,8,11,7,4
11,1.328208,0.097006,older_sister,9,4,9.096909,4.000000,855.473000,386.025000,854.854500,386.140400,0.629135,847.127400,390.236200,862.581500,382.044500,847.127400,379.337700,862.581500,369.634900,3.739801,0.278286,-0.772065,4.018833,0.316871,-0.562895,3.890484,-0.664534,234.733000,0.128863,0.348594,0,0,0.897500,0.030000,0.000031,0.128809,1,4,9,12,4
11,1.328208,0.097006,player,3,2,2.903092,2.000000,678.178400,559.222700,678.796900,559.107300,0.629135,686.524300,555.011800,671.069500,563.202800,686.524300,544.113300,671.069500,550.793200,0.840021,0.278286,-4.979513,0.560977,0.316872,-5.188665,0.689332,-5.087034,54.736500,0.128863,0.348593,0,0,0.897500,0.030000,0.000000,0.128809,5,8,4,9,4
12,1.424108,0.097898,father,2,9,1.983590,9.000001,343.379700,430.695300,341.759300,431.745000,1.930707,346.142700,428.573400,337.375800,434.916600,346.142700,419.724000,337.375800,423.578100,-5.305756,0.225962,-1.750981,-5.464047,0.289523,-1.912954,-5.355645,-1.805163,54.732520,0.229486,0.222761,1,0,0.977500,0.030000,0.000205,0.126119,5,4,5,8,4
12,1.424108,0.097898,mother,8,6,8.016410,6.000000,725.244100,366.588800,726.864600,365.539100,1.930733,722.481100,368.710700,731.248000,362.367400,722.481100,359.861400,731.248000,351.028900,1.489241,0.225962,-0.222424,1.647534,0.289522,-0.060453,1.539130,-0.168242,234.732900,0.229486,0.222762,1,0,0.977500,0.030000,0.000110,0.126118,1,8,11,7,4
12,1.424108,0.097898,older_sister,9,4,9.016410,4.000000,852.069800,387.726300,854.166100,386.318200,2.525350,848.063600,389.831100,860.268700,382.805300,848.063600,378.834700,860.268700,369.046300,3.756703,0.280788,-0.761721,3.977074,0.351327,-0.582320,3.829039,-0.707976,234.739600,0.229486,0.283508,1,0,0.977500,0.030000,0.000193,0.130801,1,4,9,12,4
12,1.424108,0.097898,player,3,2,2.983590,2.000000,681.581500,557.520900,679.485500,558.929200,2.525165,685.587500,555.415800,673.383500,562.442600,685.587500,544.419300,673.383500,548.683600,0.823107,0.280788,-4.989828,0.602757,0.351328,-5.169254,0.750777,-5.043581,54.732640,0.229486,0.283507,1,0,0.977500,0.030000,0.000193,0.130802,5,8,4,9,4
13,1.569444,0.141613,father,2,9,2.064089,9.000001,346.782800,428.993800,345.125400,429.913100,1.895280,347.122200,428.012100,343.128500,431.814100,347.122200,419.101300,343.128500,419.088100,-5.288071,0.227530,-1.736650,-5.360179,0.324950,-1.833732,-5.294200,-1.761718,54.737190,0.330109,0.114926,1,0,1.057500,0.030000,0.000110,0.126119,5,4,5,8,4
13,1.569444,0.141613,mother,8,6,8.000000,6.021735,723.631600,366.476000,726.024900,366.461900,2.393353,721.007400,366.917800,731.042400,366.005900,721.007400,358.054700,731.042400,353.775400,1.462633,0.226316,-0.176644,1.643821,0.312297,-0.153357,1.510015,-0.165362,275.648900,0.277166,0.178016,1,0,1.015408,0.021600,0.000273,0.126118,2,8,11,7,4
13,1.569444,0.141613,older_sister,9,4,8.935911,4.000000,848.666700,389.427800,850.708000,388.189900,2.387247,847.814600,389.981000,853.601400,386.398900,847.814600,378.885700,853.601400,370.874300,3.752209,0.283311,-0.765548,3.856691,0.396412,-0.674082,3.767594,-0.751423,234.736200,0.330109,0.138117,1,0,1.057500,0.030000,0.000273,0.130801,1,4,9,12,4
13,1.569444,0.141613,player,3,2,3.064089,2.000000,684.984600,555.819500,682.943400,557.057300,2.387263,685.836700,555.266300,680.050000,558.848300,685.836700,544.171100,680.050000,543.323700,0.827607,0.283310,-4.986011,0.723124,0.396412,-5.077476,0.812222,-5.000136,54.737090,0.330109,0.138117,1,0,1.057500,0.030000,0.000136,0.130802,5,8,4,9,4
14,1.660424,0.097129,father,2,9,2.144587,9.000001,350.185900,427.292100,350.320300,427.191700,0.167768,348.483100,427.271100,352.157500,427.112300,348.483100,418.304900,352.157500,416.533200,-5.263499,0.228946,-1.717729,-5.197155,0.270131,-1.713675,-5.232755,-1.718265,54.732520,0.430732,-0.056508,1,0,1.137500,0.030000,0.000273,0.126119,5,4,5,8,4
14,1.660424,0.097129,mother,8,6,8.000000,6.100623,720.296600,364.808600,721.406100,365.363900,1.240687,719.775400,365.395200,723.036900,365.332600,719.775400,356.438100,723.036900,353.141800,1.440389,0.228712,-0.137764,1.499277,0.311284,-0.136166,1.449800,-0.122787,305.262400,0.375776,0.047160,1,0,1.093808,0.030000,0.000193,0.126118,3,8,11,7,4
14,1.660424,0.097129,older_sister,9,4,8.855413,4.000000,845.263700,391.129500,845.068100,391.172100,0.200197,847.158000,390.377000,842.978200,391.967100,847.158000,379.100300,842.978200,378.884600,3.740352,0.287944,-0.775661,3.664884,0.334056,-0.816263,3.706150,-0.794875,234.733000,0.430732,-0.085061,1,0,1.137500,0.030000,0.000086,0.130801,1,4,9,12,4
14,1.660424,0.097129,player,3,2,3.144587,2.000000,688.387700,554.117700,688.583300,554.075100,0.200143,686.493400,554.870200,690.673200,553.280000,686.493400,543.593600,690.673200,540.197400,0.839464,0.287944,-4.975897,0.914931,0.334056,-4.935293,0.873666,-4.956682,54.732060,0.430732,-0.085061,1,0,1.137500,0.030000,0.000273,0.130802,5,8,4,9,4
15,1.749756,0.089647,father,2,9,2.225086,9.000001,353.588900,425.590600,355.692200,424.622600,2.315355,349.640000,426.667000,361.744400,422.578200,349.640000,417.684200,361.744400,413.206800,-5.242610,0.229371,-1.702304,-5.024059,0.239294,-1.597898,-5.171310,-1.674819,54.736750,0.531355,-0.238726,1,0,1.217500,0.030000,0.000205,0.126119,5,4,5,8,4
15,1.749756,0.089647,mother,8,6,8.000000,6.181121,716.893400,363.107300,715.660500,362.493800,1.377128,718.382600,364.743000,712.938500,360.244600,718.382600,355.770200,712.938500,350.583000,1.415241,0.229116,-0.121111,1.316946,0.246705,-0.006248,1.388354,-0.079344,305.260700,0.476399,-0.146572,1,0,1.173808,0.030000,0.000086,0.126118,3,8,11,7,4
15,1.749756,0.089647,older_sister,9,4,8.774915,3.999999,841.860700,392.831000,839.165600,393.942500,2.915222,846.810200,390.576300,831.521100,397.308600,846.810200,379.162800,831.521100,385.857600,3.734071,0.291439,-0.780750,3.458021,0.292396,-0.952655,3.644706,-0.838320,234.736500,0.531355,-0.324644,0,0,1.217500,0.030000,0.000136,0.130801,1,4,9,12,4
15,1.749756,0.089647,player,3,2,3.225085,2.000000,691.790800,552.416400,694.485800,551.305000,2.915256,686.841100,554.670900,702.130600,547.939100,686.841100,543.257300,702.130600,536.488000,0.845743,0.291439,-4.970807,1.121803,0.292396,-4.798916,0.935111,-4.913241,54.739750,0.531355,-0.324644,0,0,1.217500,0.030000,0.000061,0.130802,5,8,4,9,4
16,1.846020,0.096836,father,2,9,2.305584,9.000001,356.992000,423.889300,357.345600,423.615700,0.447036,350.244300,426.307000,364.446700,420.924300,350.244300,416.810600,364.446700,412.022500,-5.231699,0.242486,-1.693112,-4.975267,0.227305,-1.555669,-5.109866,-1.631377,54.739350,0.631978,-0.288731,0,0,1.297500,0.030000,0.000031,0.126119,5,4,5,8,4
16,1.846020,0.096836,mother,8,6,8.000000,6.261620,713.490400,361.405600,711.725700,360.461000,2.001553,717.473100,364.293700,705.978300,356.628300,717.473100,355.177300,705.978300,347.474200,1.398820,0.232782,-0.109639,1.191274,0.233744,0.086094,1.326909,-0.035892,305.267000,0.577022,-0.282469,0,0,1.253808,0.030000,0.000110,0.126118,3,8,11,7,4
16,1.846020,0.096836,older_sister,9,4,8.694417,3.999999,838.457600,394.532700,838.033200,394.807000,0.505271,847.063700,390.583000,829.002700,399.030900,847.063700,378.505600,829.002700,388.142700,3.738651,0.308391,-0.780921,3.412550,0.278024,-0.996633,3.583261,-0.881774,234.732100,0.631978,-0.390801,0,0,1.297500,0.030000,0.000110,0.130801,1,4,9,12,4
16,1.846020,0.096836,player,3,2,3.305584,2.000000,695.193800,550.715000,695.618200,550.440700,0.505271,686.587200,554.664100,704.649200,546.217300,686.587200,542.586700,704.649200,535.329100,0.841158,0.308391,-4.970634,1.167278,0.278024,-4.754951,0.996556,-4.869795,54.737110,0.631978,-0.390801,0,0,1.297500,0.030000,0.000000,0.130802,5,8,4,9,4
17,1.938231,0.092862,father,2,9,2.386083,9.000001,360.395100,422.187600,358.455400,422.927800,2.076133,352.211200,425.078800,364.699700,420.776700,352.211200,414.292500,364.699700,411.890200,-5.196187,0.275421,-1.661750,-4.970699,0.226912,-1.551898,-5.048421,-1.587924,54.732590,0.732601,-0.247531,0,1,1.377500,0.030000,0.000136,0.126119,5,4,5,8,4
17,1.938231,0.092862,mother,8,6,8.000000,6.342118,710.087300,359.704100,710.704300,360.196800,0.789591,716.504000,363.993600,704.904500,356.400100,716.504000,353.984000,704.904500,347.564700,1.381322,0.255588,-0.101975,1.171888,0.225606,0.091921,1.265465,0.007553,305.262900,0.677645,-0.282946,0,1,1.333808,0.030000,0.000061,0.126118,3,8,11,7,4
17,1.938231,0.092862,older_sister,9,4,8.613918,3.999999,835.054400,396.234200,837.562600,395.376200,2.650853,845.247600,391.986700,829.877700,398.765800,845.247600,378.468300,829.877700,387.921500,3.705858,0.345183,-0.816761,3.428347,0.276902,-0.989864,3.521817,-0.925219,234.737200,0.732601,-0.326528,0,1,1.377500,0.030000,0.000031,0.130801,1,4,9,12,4
17,1.938231,0.092862,player,3,2,3.386082,2.000000,698.596900,549.013200,696.088900,549.871300,2.650767,688.404400,553.261400,703.773400,546.481300,688.404400,539.743000,703.773400,535.636900,0.873968,0.345183,-4.934815,1.151464,0.276902,-4.761689,1.058001,-4.826342,54.732340,0.732601,-0.326529,0,1,1.377500,0.030000,0.000193,0.130802,5,8,4,9,4
18,2.033548,0.089656,father,2,9,2.466581,9.000001,363.798200,420.486100,362.350500,421.125700,1.582711,359.310000,421.772500,365.390900,420.478900,359.310000,409.746400,365.390900,411.417600,-5.068013,0.307079,-1.577326,-4.958219,0.231376,-1.544294,-4.986977,-1.544479,54.737110,0.833224,-0.108718,0,1,1.457500,0.030000,0.000068,0.126388,5,4,5,8,4
18,2.033548,0.089656,mother,8,6,8.000000,6.422617,706.684300,358.002400,708.418000,359.114400,2.059745,712.126000,361.976800,704.710100,356.252000,712.126000,350.428200,704.710100,347.312300,1.302275,0.294887,-0.050478,1.168376,0.228271,0.095702,1.204021,0.051007,305.268500,0.778268,-0.193729,0,1,1.413808,0.030000,0.000246,0.112043,3,8,11,7,4
18,2.033548,0.089656,older_sister,9,4,8.533421,3.999999,831.651400,397.935500,833.404800,397.294900,1.866808,836.726800,395.934800,830.082900,398.655100,836.726800,380.775900,830.082900,387.576100,3.552012,0.387072,-0.917575,3.432051,0.282896,-0.987037,3.460372,-0.968661,234.739400,0.833224,-0.138053,0,1,1.457500,0.030000,0.000273,0.130903,1,4,9,12,4
18,2.033548,0.089656,player,3,2,3.466581,2.000000,702.000100,547.311800,700.246600,547.952300,1.866761,696.924700,549.312600,703.568600,546.592100,696.924700,534.153700,703.568600,535.513100,1.027807,0.387072,-4.833986,1.147766,0.282896,-4.764521,1.119445,-4.782897,54.737360,0.833224,-0.138053,0,1,1.457500,0.030000,0.000086,0.130903,5,8,4,9,4
19,2.183719,0.148278,father,3,9,2.547080,9.000001,367.201300,418.784300,368.269700,418.205600,1.215095,370.174900,416.396000,366.364600,420.015100,370.174900,406.390200,366.364600,410.778000,-4.871841,0.255494,-1.440041,-4.940640,0.235863,-1.532452,-4.925532,-1.501025,54.732140,0.933846,0.109530,0,1,1.537500,0.030000,0.000273,0.126388,5,4,5,8,4
19,2.183719,0.148278,mother,8,7,8.000000,6.503115,703.281100,356.300900,703.689700,356.531800,0.469314,703.540200,357.297000,703.839400,355.766700,703.540200,346.028600,703.839400,346.608800,1.147253,0.287732,0.069019,1.152655,0.233841,0.108094,1.142575,0.094453,305.262300,0.878891,-0.018148,0,1,1.493808,0.030000,0.000164,0.112043,3,8,11,7,4
19,2.183719,0.148278,older_sister,8,4,8.452922,3.999999,828.248300,399.637200,826.893900,400.452200,1.580716,823.822800,402.214600,829.964900,398.689800,823.822800,389.525500,829.964900,387.301400,3.319022,0.324008,-1.077926,3.429921,0.290797,-0.987923,3.398927,-1.012115,234.732100,0.933846,0.142513,0,1,1.537500,0.030000,0.000031,0.130903,1,4,9,12,4
19,2.183719,0.148278,player,4,2,3.547079,2.000000,705.403100,545.610000,706.757600,544.795000,1.580700,709.828600,543.032700,703.686600,546.557400,709.828600,530.343600,703.686600,535.169000,1.260795,0.324008,-4.673632,1.149897,0.290796,-4.763635,1.180890,-4.739443,54.732070,0.933846,0.142512,0,1,1.537500,0.030000,0.000329,0.130903,5,8,4,9,4
20,2.282556,0.100164,father,3,9,2.627578,9.000001,370.604400,417.082900,372.895600,415.871900,2.591573,378.227400,412.292100,367.563800,419.451600,378.227400,402.964400,367.563800,409.983800,-4.726449,0.238178,-1.335250,-4.918986,0.241755,-1.518064,-4.864087,-1.457579,54.737190,0.034469,0.262752,0,0,1.617500,0.030000,0.000205,0.126388,5,4,5,8,4
20,2.282556,0.100164,mother,8,7,8.000000,6.583614,699.878100,354.599600,697.262600,353.410600,2.873041,691.650300,351.548700,702.874900,355.272600,691.650300,341.982900,702.874900,345.955300,0.932573,0.244257,0.215798,1.135241,0.237913,0.120710,1.081132,0.137894,305.261100,0.979514,0.220379,0,1,1.573808,0.030000,0.000061,0.112043,3,8,11,7,4
20,2.282556,0.100164,older_sister,8,4,8.372423,3.999999,824.845300,401.338700,821.968100,402.943000,3.294263,814.378900,407.058300,829.557300,398.827700,814.378900,395.601700,829.557300,387.074000,3.148507,0.292538,-1.201609,3.422562,0.300123,-0.991444,3.337484,-1.055560,234.736600,0.034469,0.345103,0,0,1.617500,0.030000,0.000110,0.130903,1,4,9,12,4
20,2.282556,0.100164,player,4,2,3.627578,2.000000,708.806200,543.908700,711.683500,542.304500,3.294242,719.273100,538.189500,704.094100,546.419600,719.273100,526.732800,704.094100,534.665900,1.431319,0.292537,-4.549963,1.157254,0.300123,-4.760114,1.242335,-4.696002,54.739440,0.034469,0.345103,0,0,1.617500,0.030000,0.000086,0.130903,5,8,4,9,4
21,2.407485,0.125982,father,3,9,2.708077,9.000001,374.007500,415.381200,374.389000,415.371700,0.381587,379.827200,411.811000,368.950800,418.932300,379.827200,403.023000,368.950800,408.827400,-4.697564,0.224397,-1.322965,-4.893944,0.258025,-1.504804,-4.802642,-1.414127,54.732590,0.135092,0.265330,0,0,1.697500,0.030000,0.000341,0.126388,5,4,5,8,4
21,2.407485,0.125982,mother,8,7,8.000000,6.664112,696.475000,352.897900,695.059600,352.107200,1.621279,688.448600,349.646500,701.670500,354.567900,688.448600,340.701100,701.670500,344.888300,0.874767,0.228416,0.264369,1.113495,0.247161,0.138705,1.019687,0.181348,305.267900,0.080137,0.267470,0,0,1.653808,0.030000,0.000136,0.112043,3,8,11,7,4
21,2.407485,0.125982,older_sister,8,4,8.291924,3.999999,821.442100,403.040400,821.025400,403.054100,0.416971,813.355200,407.141700,828.695600,398.966500,813.355200,396.238800,828.695600,386.492000,3.130026,0.278400,-1.203737,3.407003,0.318528,-0.994987,3.276038,-1.099014,234.732800,0.135092,0.346673,0,0,1.697500,0.030000,0.000086,0.130903,1,4,9,12,4
21,2.407485,0.125982,player,4,2,3.708076,2.000000,712.209400,542.207300,712.626000,542.193700,0.416909,720.296600,538.106400,704.955400,546.280900,720.296600,527.203500,704.955400,533.806400,1.449799,0.278400,-4.547844,1.172807,0.318527,-4.756573,1.303779,-4.652556,54.737110,0.135092,0.346672,0,0,1.697500,0.030000,0.000061,0.130903,5,8,4,9,4
22,2.530522,0.124505,father,3,9,2.788575,9.000001,377.410600,413.679800,375.692400,414.770100,2.034837,379.974700,411.651500,371.410200,417.888600,379.974700,402.794800,371.410200,406.414100,-4.694901,0.226149,-1.318892,-4.849538,0.292996,-1.478153,-4.741198,-1.370685,54.739490,0.235715,0.218207,1,0,1.777500,0.030000,0.000136,0.126388,5,4,5,8,4
22,2.530522,0.124505,mother,8,7,8.000000,6.744611,693.071900,351.196400,694.017600,351.447800,0.978585,687.725800,349.230900,700.309600,353.664600,687.725800,340.443900,700.309600,343.065600,0.861715,0.224372,0.274981,1.088924,0.270641,0.161768,0.958243,0.224793,305.262800,0.180760,0.250880,1,0,1.733808,0.030000,0.000086,0.112043,3,8,11,7,4
22,2.530522,0.124505,older_sister,8,4,8.211426,3.999999,818.039100,404.741900,820.253900,403.281500,2.652956,814.295100,406.719600,826.212600,399.843400,814.295100,395.718400,826.212600,385.932000,3.146995,0.280910,-1.192960,3.362172,0.355219,-1.017379,3.214595,-1.142459,234.736600,0.235715,0.277063,1,0,1.777500,0.030000,0.000000,0.130903,1,4,9,12,4
22,2.530522,0.124505,player,4,2,3.788575,2.000000,715.612400,540.505500,713.397800,541.966000,2.652888,719.356200,538.527600,707.439300,545.404400,719.356200,527.526400,707.439300,531.493000,1.432820,0.280910,-4.558598,1.217655,0.355219,-4.734193,1.365224,-4.609103,54.732670,0.235715,0.277063,1,0,1.777500,0.030000,0.000193,0.130903,5,8,4,9,4
23,2.624801,0.095500,father,3,9,2.869074,9.000001,380.813700,411.978400,379.203700,412.859700,1.835383,381.016700,411.058900,377.390700,414.660600,381.016700,402.140800,377.390700,401.941800,-4.676087,0.227718,-1.303761,-4.741556,0.324767,-1.395727,-4.679753,-1.327239,54.736750,0.336338,0.106552,1,0,1.857500,0.030000,0.000068,0.126388,5,4,5,8,4
23,2.624801,0.095500,mother,8,7,8.000000,6.825109,689.668800,349.494700,691.750600,350.323000,2.240520,687.177000,349.014200,696.324400,351.631700,687.177000,340.150000,696.324400,339.333900,0.851806,0.226342,0.280514,1.016968,0.314019,0.213678,0.896798,0.268247,305.267900,0.281383,0.173439,1,0,1.813808,0.030000,0.000246,0.112043,3,8,11,7,4
23,2.624801,0.095500,older_sister,8,4,8.130928,3.999999,814.635900,406.443200,816.623800,405.252900,2.316980,813.965800,406.912500,819.281600,403.593200,813.965800,395.804400,819.281600,388.065900,3.141049,0.283641,-1.197886,3.237030,0.396482,-1.113128,3.153149,-1.185901,234.740100,0.336338,0.127301,1,0,1.857500,0.030000,0.000246,0.130903,1,4,9,12,4
23,2.624801,0.095500,player,4,2,3.869073,2.000000,719.015500,538.804100,717.027800,539.994400,2.316854,719.685600,538.334700,714.370100,541.654200,719.685600,527.226500,714.370100,526.127000,1.438767,0.283641,-4.553672,1.342792,0.396481,-4.638435,1.426669,-4.565657,54.736760,0.336338,0.127302,1,0,1.857500,0.030000,0.000086,0.130903,5,8,4,9,4
24,2.720723,0.096824,father,3,9,2.949572,9.000001,384.216800,410.276600,384.521500,410.091900,0.356420,382.389500,410.314900,386.653700,409.868800,382.389500,401.347800,386.653700,399.466900,-4.651301,0.228969,-1.284763,-4.574308,0.265605,-1.273372,-4.618308,-1.283787,54.733040,0.436961,-0.069440,1,0,1.937500,0.030000,0.000232,0.128927,5,4,5,8,4
24,2.720723,0.096824,mother,8,7,8.000000,6.905608,686.265700,347.793200,687.252500,348.295300,1.107157,685.862900,348.442800,688.642100,348.147800,685.862900,339.482300,688.642100,336.111400,0.828080,0.228801,0.295105,0.878260,0.307343,0.302637,0.835353,0.311692,305.262800,0.382006,0.036624,1,0,1.893808,0.030000,0.000164,0.128776,3,8,11,7,4
24,2.720723,0.096824,older_sister,8,4,8.050429,3.999999,811.232900,408.145000,810.816800,408.294600,0.442210,813.297000,407.310900,808.336700,409.278100,813.297000,396.023800,808.336700,396.411400,3.128973,0.288210,-1.208059,3.039412,0.328544,-1.258289,3.091705,-1.229355,234.731400,0.436961,-0.102127,1,0,1.937500,0.030000,0.000000,0.137850,1,4,9,12,4
24,2.720723,0.096824,player,4,2,3.949572,2.000000,722.418600,537.102300,722.834700,536.952700,0.442210,720.354500,537.936300,725.314900,535.969100,720.354500,526.649200,725.314900,523.102400,1.450845,0.288209,-4.543499,1.540407,0.328543,-4.493269,1.488114,-4.522204,54.732370,0.436961,-0.102127,1,0,1.937500,0.030000,0.000273,0.137849,5,8,4,9,4
25,2.860786,0.141296,father,3,9,3.030071,9.000001,387.619900,408.575200,389.769500,407.589700,2.364806,383.515400,409.728700,396.023600,405.450600,383.515400,400.736800,396.023600,396.097400,-4.630971,0.229601,-1.269794,-4.405130,0.238828,-1.160556,-4.556864,-1.240340,54.736100,0.537584,-0.247468,0,0,2.017500,0.030000,0.000136,0.128927,5,4,5,8,4
25,2.860786,0.141296,mother,8,7,8.000000,6.986106,682.862600,346.091400,681.515300,345.410900,1.509454,684.488000,347.797100,678.542400,343.024700,684.488000,338.825500,678.542400,333.421900,0.803257,0.229085,0.311592,0.695905,0.245202,0.433453,0.773909,0.355145,305.267000,0.482629,-0.158011,1,0,1.973808,0.030000,0.000356,0.128776,3,8,11,7,4
25,2.860786,0.141296,older_sister,8,4,7.969931,3.999999,807.829700,409.846400,805.076200,410.977100,2.976679,812.988000,407.488000,797.164300,414.466200,812.988000,396.057400,797.164300,403.054800,3.123394,0.291876,-1.212580,2.837689,0.291384,-1.390764,3.030259,-1.272800,234.737800,0.537584,-0.336152,0,0,2.017500,0.030000,0.000164,0.137850,1,4,9,12,4
25,2.860786,0.141296,player,4,2,4.030070,2.000000,725.821700,535.401000,728.575300,534.270300,2.976757,720.663400,537.759300,736.487300,530.781400,720.663400,526.328600,736.487300,519.370000,1.456422,0.291875,-4.538980,1.742131,0.291383,-4.360804,1.549558,-4.478762,54.739440,0.537584,-0.336152,0,0,2.017500,0.030000,0.000086,0.137849,5,8,4,9,4
26,2.947324,0.088226,father,3,9,3.110569,9.000000,391.023000,406.873400,391.210800,406.671400,0.275814,384.107300,409.362300,398.314300,403.980500,384.107300,399.804100,398.314300,395.092600,-4.620285,0.244061,-1.260438,-4.363770,0.226948,-1.123018,-4.495418,-1.196887,54.733380,0.638207,-0.288782,0,0,2.097500,0.030000,0.000341,0.128927,5,4,5,8,4
26,2.947324,0.088226,mother,8,7,8.000000,7.066605,679.459500,344.390100,677.864500,343.555500,1.800187,683.630900,347.373000,672.098300,339.738100,683.630900,338.228800,672.098300,330.648700,0.787779,0.233490,0.322422,0.579551,0.232093,0.517375,0.712464,0.398588,305.261300,0.583252,-0.282572,0,0,2.053808,0.030000,0.000136,0.128776,3,8,11,7,4
26,2.947324,0.088226,older_sister,8,4,7.889432,3.999999,804.426800,411.548200,804.215900,411.740900,0.285670,813.244300,407.519500,795.187700,415.962400,813.244300,395.371200,795.187700,405.089700,3.128021,0.310200,-1.213384,2.801999,0.277626,-1.428967,2.968816,-1.316253,234.732000,0.638207,-0.390662,0,0,2.097500,0.030000,0.000110,0.137850,1,4,9,12,4
26,2.947324,0.088226,player,4,2,4.110569,2.000000,729.224800,533.699600,729.435500,533.506800,0.285645,720.406700,537.727700,738.464400,529.285900,720.406700,525.579300,738.464400,518.413300,1.451788,0.310200,-4.538171,1.777830,0.277626,-4.322618,1.611003,-4.435317,54.737410,0.638207,-0.390662,0,0,2.097500,0.030000,0.000061,0.137849,5,8,4,9,4
27,3.038055,0.091860,father,3,9,3.191068,9.000000,394.426100,405.172100,392.428400,405.935900,2.138677,386.315900,408.012600,398.541000,403.859200,386.315900,397.109800,398.541000,394.966600,-4.580408,0.278395,-1.225974,-4.359677,0.227067,-1.119919,-4.433973,-1.153446,54.739570,0.738830,-0.241460,0,1,2.177500,0.030000,0.000136,0.128927,5,4,5,8,4
27,3.038055,0.091860,mother,8,7,8.000000,7.147103,676.056500,342.688700,676.815200,343.264600,0.952567,682.562000,347.043200,671.068500,339.486000,682.562000,336.958700,671.068500,330.650700,0.768481,0.257502,0.330844,0.560958,0.225604,0.523812,0.651019,0.442033,305.262900,0.683874,-0.280851,0,1,2.133808,0.030000,0.000061,0.128776,3,8,11,7,4
27,3.038055,0.091860,older_sister,8,4,7.808934,3.999999,801.023600,413.249600,803.598000,412.374500,2.719126,811.094200,409.091600,796.101800,415.657400,811.094200,395.430000,796.101800,404.809200,3.089200,0.348840,-1.253525,2.818505,0.277004,-1.421181,2.907370,-1.359699,234.737600,0.738830,-0.317819,0,1,2.177500,0.030000,0.000031,0.137850,1,4,9,12,4
27,3.038055,0.091860,player,4,2,4.191067,2.000000,732.627900,531.997800,730.053600,532.873000,2.719002,722.557900,536.156600,737.549300,529.589600,722.557900,522.494900,737.549300,518.741300,1.490628,0.348840,-4.498055,1.761306,0.277004,-4.330372,1.672448,-4.391863,54.732030,0.738830,-0.317819,0,1,2.177500,0.030000,0.000136,0.137849,5,8,4,9,4
28,3.128366,0.091303,father,3,9,3.271566,9.000000,397.829200,403.470700,396.502100,404.064000,1.453738,393.726200,404.589000,399.278000,403.539100,393.726200,392.611800,399.278000,394.461900,-4.446610,0.305831,-1.138554,-4.346370,0.231780,-1.111746,-4.372529,-1.110000,54.737190,0.839453,-0.097324,0,1,2.257500,0.030000,0.000000,0.128927,5,4,5,8,4
28,3.128366,0.091303,mother,8,7,8.000000,7.227602,672.653300,340.987000,674.369300,342.078300,2.033604,677.889900,344.838300,670.848600,339.318500,677.889900,333.200000,670.848600,330.369100,0.684123,0.297176,0.387145,0.556989,0.228515,0.528090,0.589574,0.485485,305.267000,0.784497,-0.185181,0,1,2.213808,0.030000,0.000193,0.128776,3,8,11,7,4
28,3.128366,0.091303,older_sister,8,4,7.728436,3.999999,797.620500,414.950900,799.222700,414.364100,1.706238,802.201500,413.157300,796.244000,415.570900,802.201500,398.046200,796.244000,404.468700,2.928638,0.385854,-1.357343,2.821073,0.283487,-1.418971,2.845927,-1.403140,234.738900,0.839453,-0.123408,0,1,2.257500,0.030000,0.000246,0.137850,1,4,9,12,4
28,3.128366,0.091303,player,4,2,4.271565,2.000000,736.030900,530.296300,734.428800,530.883200,1.706269,731.450100,532.090000,737.407500,529.676300,731.450100,516.978900,737.407500,518.574200,1.651183,0.385854,-4.394217,1.758746,0.283487,-4.332586,1.733892,-4.348418,54.737110,0.839453,-0.123408,0,1,2.257500,0.030000,0.000086,0.137849,5,8,4,9,4
29,3.218129,0.090835,father,3,9,3.352065,9.000000,401.232200,401.769000,402.509000,401.073100,1.454054,404.757700,399.077600,400.260300,403.068600,404.757700,389.179400,400.260300,393.822900,-4.247431,0.252745,-0.997825,-4.328634,0.236084,-1.099732,-4.311085,-1.066547,54.731730,0.940075,0.125141,0,1,2.337500,0.030000,0.000205,0.128927,5,4,5,8,4
29,3.218129,0.090835,mother,8,7,8.000000,7.308100,669.250200,339.285500,669.512100,339.440100,0.304092,669.059200,340.051800,669.964900,338.828500,669.059200,328.924400,669.964900,329.660600,0.524680,0.284129,0.509365,0.541034,0.234097,0.540601,0.528130,0.528931,305.262800,0.885120,-0.004680,0,1,2.293808,0.030000,0.000136,0.128776,3,8,11,7,4
29,3.218129,0.090835,older_sister,8,4,7.647937,3.999999,794.217400,416.652600,792.601100,417.617000,1.882172,789.081900,419.622200,796.120300,415.611800,789.081900,407.091800,796.120300,404.206300,2.691756,0.319958,-1.522420,2.818838,0.291232,-1.420015,2.784480,-1.446593,234.733200,0.940075,0.162886,0,1,2.337500,0.030000,0.000110,0.137850,1,4,9,12,4
29,3.218129,0.090835,player,4,2,4.352064,2.000000,739.434100,528.594600,741.050400,527.630200,1.882136,744.569500,525.625000,737.531200,529.635500,744.569500,513.094500,737.531200,518.230000,1.888060,0.319958,-4.229137,1.760980,0.291232,-4.331543,1.795337,-4.304965,54.732610,0.940075,0.162885,0,1,2.337500,0.030000,0.000220,0.137849,5,8,4,9,4
30,3.321211,0.101136,father,3,9,3.432563,9.000000,404.635400,400.067500,406.827400,398.927400,2.470771,412.185000,395.347700,401.469800,402.507000,412.185000,386.086800,401.469800,393.018900,-4.113326,0.236472,-0.902585,-4.306795,0.242274,-1.085394,-4.249639,-1.023101,54.737740,0.040698,0.263510,0,0,2.417500,0.030000,0.000136,0.131593,5,4,5,8,4
30,3.321211,0.101136,mother,8,7,8.000000,7.388598,665.847200,337.583700,663.085600,336.329800,3.032961,657.175500,334.322700,668.995700,338.336900,657.175500,324.729900,668.995700,329.005600,0.310113,0.244948,0.655653,0.523533,0.238267,0.553155,0.466685,0.572385,305.267900,0.985743,0.233431,0,1,2.373808,0.030000,0.000329,0.132373,3,8,11,7,4
30,3.321211,0.101136,older_sister,8,4,7.567439,3.999999,790.814300,418.354100,788.065800,419.864700,3.136321,780.441600,423.981900,795.690000,415.747600,780.441600,412.599100,795.690000,403.969100,2.535751,0.290654,-1.633742,2.811069,0.300757,-1.423482,2.723037,-1.490039,234.736500,0.040698,0.346190,0,0,2.417500,0.030000,0.000136,0.143313,1,4,9,12,4
30,3.321211,0.101136,player,4,2,4.432563,2.000000,742.837200,526.893300,745.585800,525.382800,3.136384,753.210300,521.265800,737.961300,529.499600,753.210300,509.883000,737.961300,517.721100,2.044075,0.290655,-4.117829,1.768746,0.300758,-4.328075,1.856782,-4.261523,54.739490,0.040698,0.346190,0,0,2.417500,0.030000,0.000000,0.143313,5,8,4,9,4
31,3.455785,0.136845,father,4,9,3.513062,9.000000,408.038400,398.365800,408.268100,398.431800,0.239040,413.666900,394.877200,402.869400,401.986400,413.666900,386.091600,402.869400,391.818800,-4.086570,0.224336,-0.890570,-4.281525,0.259624,-1.072100,-4.188195,-0.979648,54.731520,0.141321,0.263989,0,0,2.497500,0.030000,0.000341,0.131593,5,4,5,8,4
31,3.455785,0.136845,mother,8,7,8.000000,7.469097,662.444100,335.882400,661.164300,335.143100,1.478001,654.548600,332.675300,667.780200,337.611000,654.548600,323.761100,667.780200,327.890800,0.262682,0.227618,0.697720,0.501586,0.248199,0.571690,0.405240,0.615826,305.260500,0.086365,0.267830,0,0,2.453808,0.030000,0.000136,0.132373,3,8,11,7,4
31,3.455785,0.136845,older_sister,7,4,7.486940,3.999999,787.411200,420.055800,787.191300,419.967500,0.236993,779.584500,424.043500,794.798100,415.891400,779.584500,413.136000,794.798100,403.349500,2.520275,0.278518,-1.635315,2.794967,0.320251,-1.427156,2.661591,-1.533492,234.732700,0.141321,0.344466,0,0,2.497500,0.030000,0.000000,0.143313,1,4,9,12,4
31,3.455785,0.136845,player,5,2,4.513061,2.000000,746.240200,525.191700,746.460100,525.280100,0.236971,754.067100,521.204200,738.853100,529.356000,754.067100,510.296700,738.853100,516.814000,2.059546,0.278517,-4.116255,1.784848,0.320251,-4.324406,1.918226,-4.218073,54.734390,0.141321,0.344466,0,0,2.497500,0.030000,0.000136,0.143313,5,8,4,9,4
32,3.543129,0.089221,father,4,9,3.593560,9.000000,411.441500,396.664400,409.668600,397.779900,2.094576,413.833600,394.718400,405.503800,400.841400,413.833600,385.858200,405.503800,389.243700,-4.083561,0.226239,-0.886515,-4.233958,0.296140,-1.042862,-4.126750,-0.936206,54.739570,0.241944,0.213063,1,0,2.577500,0.030000,0.000136,0.131593,5,4,5,8,4
32,3.543129,0.089221,mother,8,8,8.000000,7.549595,659.041000,334.181000,660.129200,334.496000,1.132821,653.894700,332.319700,666.363500,336.672300,653.894700,323.528000,666.363500,326.002400,0.250878,0.224491,0.706800,0.476008,0.272449,0.595657,0.343796,0.659272,305.262800,0.186988,0.247987,1,0,2.533808,0.030000,0.000086,0.132373,3,8,11,7,4
32,3.543129,0.089221,older_sister,7,4,7.406442,3.999999,784.008200,421.757300,786.281400,420.264700,2.719398,780.487000,423.622700,792.075700,416.906800,780.487000,412.618500,792.075700,402.850500,2.536571,0.280988,-1.624570,2.745812,0.358918,-1.453082,2.600148,-1.576938,234.736600,0.241944,0.269853,1,0,2.577500,0.030000,0.000031,0.143313,1,4,9,12,4
32,3.543129,0.089221,player,5,2,4.593560,2.000000,749.643300,523.490100,747.370200,524.982700,2.719329,753.164400,521.624600,741.576000,528.340800,753.164400,510.620300,741.576000,514.284500,2.043247,0.280988,-4.126989,1.834011,0.358918,-4.298483,1.979671,-4.174624,54.734740,0.241944,0.269853,1,0,2.577500,0.030000,0.000193,0.143313,5,8,4,9,4
33,3.628860,0.087108,father,4,9,3.674059,9.000000,414.844600,394.963000,413.288000,395.803300,1.768967,414.913500,394.105700,411.662600,397.501000,414.913500,385.180100,411.662600,384.803600,-4.064063,0.227908,-0.870870,-4.122758,0.324222,-0.957568,-4.065305,-0.892760,54.737370,0.342567,0.097979,1,0,2.657500,0.030000,0.000031,0.131593,5,4,5,8,4
33,3.628860,0.087108,mother,8,8,8.000000,7.630094,655.637900,332.479200,657.701900,333.312200,2.225759,653.289200,332.075600,662.114500,334.548800,653.289200,323.208600,662.114500,322.160200,0.239944,0.226415,0.713032,0.399290,0.316337,0.649880,0.282351,0.702725,305.267900,0.287611,0.166564,1,0,2.613808,0.030000,0.000220,0.132373,3,8,11,7,4
33,3.628860,0.087108,older_sister,7,4,7.325943,3.999999,780.605100,423.458600,782.531800,422.318500,2.238719,780.113600,423.844300,784.950000,420.792800,780.113600,412.722800,784.950000,405.280400,2.529830,0.283980,-1.630227,2.617152,0.396101,-1.552310,2.538703,-1.620379,234.739600,0.342567,0.116282,1,0,2.657500,0.030000,0.000273,0.143313,1,4,9,12,4
33,3.628860,0.087108,player,5,2,4.674058,2.000000,753.046400,521.788600,751.119800,522.928700,2.238682,753.537800,521.403000,748.701700,524.454500,753.537800,510.281500,748.701700,508.942100,2.049988,0.283981,-4.121330,1.962670,0.396101,-4.199250,2.041116,-4.131178,54.737060,0.342567,0.116282,1,0,2.657500,0.030000,0.000061,0.143313,5,8,4,9,4
34,3.713413,0.085147,father,4,9,3.754557,9.000000,418.247700,393.261200,418.724400,392.991700,0.547594,416.295100,393.359300,421.153700,392.624200,416.295100,384.391100,421.153700,382.391700,-4.039116,0.228996,-0.851811,-3.951391,0.261281,-0.833041,-4.003860,-0.849307,54.732140,0.443189,-0.082462,1,0,2.737500,0.030000,0.000205,0.131593,5,4,5,8,4
34,3.713413,0.085147,mother,8,8,8.000000,7.710592,652.234800,330.777800,653.093300,331.222700,0.966944,651.952500,331.490500,654.234100,330.954800,651.952500,322.527900,654.234100,319.083400,0.215809,0.228855,0.727971,0.257006,0.303129,0.741652,0.220906,0.746171,305.262800,0.388234,0.025739,1,0,2.693808,0.030000,0.000164,0.132373,3,8,11,7,4
34,3.713413,0.085147,older_sister,7,4,7.245445,3.999999,777.202000,425.160400,776.563200,425.417200,0.688538,779.437200,424.244100,773.689100,426.590300,779.437200,412.946600,773.689100,413.932800,2.517616,0.288474,-1.640436,2.413832,0.323201,-1.700345,2.477258,-1.663833,234.732100,0.443189,-0.119327,1,0,2.737500,0.030000,0.000031,0.143313,1,4,9,12,4
34,3.713413,0.085147,player,5,2,4.754557,2.000000,756.449500,520.086900,757.088300,519.830000,0.688516,754.214400,521.003100,759.962400,518.657000,754.214400,509.705700,759.962400,505.999500,2.062203,0.288473,-4.111122,2.165987,0.323200,-4.051213,2.102561,-4.087725,54.732370,0.443189,-0.119327,1,0,2.737500,0.030000,0.000193,0.143313,5,8,4,9,4
35,3.793003,0.082684,father,4,9,3.835056,9.000000,421.650800,391.559800,423.826600,390.564900,2.392405,417.387500,392.792300,430.265600,388.337600,417.387500,383.788600,430.265600,379.004900,-4.019392,0.229903,-0.837332,-3.786871,0.238304,-0.723586,-3.942416,-0.805861,54.737050,0.543812,-0.255525,0,0,2.817500,0.030000,0.000136,0.131593,5,4,5,8,4
35,3.793003,0.082684,mother,8,8,8.000000,7.791090,648.831700,329.076000,647.373800,328.328800,1.638291,650.594100,330.851300,644.153400,325.806200,650.594100,321.881900,644.153400,316.248800,0.191283,0.229029,0.744294,0.074993,0.244044,0.873115,0.159461,0.789624,305.267900,0.488857,-0.169327,1,0,2.773808,0.030000,0.000356,0.132373,3,8,11,7,4
35,3.793003,0.082684,older_sister,7,4,7.164947,3.999999,773.798900,426.861800,771.012600,428.001800,3.010445,779.169600,424.397600,762.855800,431.606000,779.169600,412.946600,762.855800,420.235900,2.512784,0.292395,-1.644356,2.218229,0.290329,-1.828419,2.415813,-1.707278,234.737100,0.543812,-0.346772,0,0,2.817500,0.030000,0.000164,0.143313,1,4,9,12,4
35,3.793003,0.082684,player,5,2,4.835055,2.000000,759.852600,518.385600,762.638900,517.245700,3.010467,754.481800,520.849600,770.796000,513.641700,754.481800,509.398600,770.796000,502.271600,2.067033,0.292395,-4.107202,2.361595,0.290329,-3.923152,2.164005,-4.044283,54.739490,0.543812,-0.346772,0,0,2.817500,0.030000,0.000000,0.143313,5,8,4,9,4
36,3.870899,0.079370,father,4,9,3.915554,9.000000,425.053900,389.858000,425.076100,389.727100,0.132762,417.975100,392.413900,432.177100,387.040300,417.975100,382.790900,432.177100,378.165700,-4.008783,0.245719,-0.827672,-3.752357,0.226609,-0.690460,-3.880971,-0.762408,54.732140,0.644435,-0.288588,0,0,2.897500,0.030000,0.000341,0.121238,5,4,5,8,4
36,3.870899,0.079370,mother,8,8,8.000000,7.871589,645.428600,327.374700,644.013400,326.657600,1.586561,649.787000,330.453300,638.239800,322.861800,649.787000,321.278300,638.239800,313.836000,0.176710,0.234278,0.754457,-0.031782,0.230471,0.948300,0.098017,0.833066,305.260500,0.589479,-0.282145,0,0,2.853807,0.030000,0.000110,0.123428,3,8,11,7,4
36,3.870899,0.079370,older_sister,7,4,7.084449,4.000000,770.395800,428.563600,770.399000,428.675300,0.111802,779.417100,424.461600,761.380900,432.889000,779.417100,412.239200,761.380900,422.031600,2.517253,0.312093,-1.645991,2.191599,0.277238,-1.861180,2.354369,-1.750731,234.732600,0.644435,-0.390134,0,0,2.897500,0.030000,0.000031,0.125702,1,4,9,12,4
36,3.870899,0.079370,player,5,2,4.915554,2.000000,763.255700,516.684000,763.252600,516.572200,0.111799,754.234300,520.785700,772.270800,512.358700,754.234300,508.563200,772.270800,501.501300,2.062562,0.312093,-4.105569,2.388224,0.277238,-3.890391,2.225450,-4.000834,54.734740,0.644435,-0.390134,0,0,2.897500,0.030000,0.000086,0.125702,5,8,4,9,4
37,3.990848,0.121992,father,4,9,3.965866,9.000000,427.180800,388.794800,425.620100,389.358000,1.659231,418.936600,391.761700,432.303600,386.954400,418.936600,381.415200,432.303600,378.095800,-3.991422,0.264191,-0.811016,-3.750074,0.226199,-0.688266,-3.842568,-0.735259,54.742030,0.707324,-0.267935,0,1,2.947500,0.050000,0.000136,0.121238,5,4,5,8,4
37,3.990848,0.121992,mother,8,8,8.000000,7.952087,642.025500,325.673200,642.921600,326.327900,1.109762,648.603100,330.081700,637.240100,322.574100,648.603100,319.922100,637.240100,313.736800,0.155334,0.259420,0.763946,-0.049832,0.225657,0.955647,0.036572,0.876512,305.262800,0.690102,-0.278195,0,1,2.933807,0.030000,0.000031,0.123428,3,8,11,7,4
37,3.990848,0.121992,older_sister,7,4,7.034137,4.000000,768.268900,429.626800,770.314600,428.949300,2.154914,778.643400,425.184500,761.985600,432.714100,778.643400,412.184500,761.985600,421.882300,2.503284,0.331948,-1.664450,2.202519,0.276585,-1.856713,2.315966,-1.777881,234.741100,0.707324,-0.356579,0,1,2.947500,0.050000,0.000164,0.125702,1,4,9,12,4
37,3.990848,0.121992,player,5,2,4.965865,2.000000,765.382600,515.620600,763.337000,516.298200,2.154885,755.008500,520.063300,771.665600,512.533000,755.008500,507.063300,771.665600,501.701100,2.076542,0.331948,-4.087123,2.377295,0.276585,-3.894841,2.263853,-3.973681,54.737530,0.707324,-0.356579,0,1,2.947500,0.050000,0.000000,0.125702,5,8,4,9,4
38,4.065405,0.070882,father,4,9,4.000000,8.978266,429.542700,388.532600,427.199700,388.612300,2.344342,421.674200,388.446200,432.725200,388.778400,421.674200,376.914200,432.725200,379.840100,-3.941993,0.294463,-0.726358,-3.742461,0.228231,-0.734839,-3.799923,-0.728565,80.266060,0.777160,-0.195226,0,1,3.003022,0.021600,0.000178,0.121238,6,4,5,8,4
38,4.065405,0.070882,mother,8,8,8.000000,8.032586,638.622400,323.971500,640.314300,325.037500,1.999688,643.643600,327.691700,636.985000,322.383300,643.643600,315.968900,636.985000,313.423300,0.065787,0.299334,0.824973,-0.054436,0.228788,0.960519,-0.024873,0.919965,305.267900,0.790725,-0.176422,0,1,3.013807,0.030000,0.000220,0.123428,3,8,11,7,4
38,4.065405,0.070882,older_sister,7,4,6.969813,4.000000,765.549600,430.986300,768.048600,430.205700,2.618086,773.638500,427.913400,762.458600,432.498100,773.638500,413.250200,762.458600,421.567600,2.412918,0.374417,-1.734130,2.211058,0.279102,-1.851197,2.266867,-1.812594,234.739300,0.787729,-0.232408,0,1,3.011425,0.030000,0.000329,0.125702,1,4,9,12,4
38,4.065405,0.070882,player,5,2,5.030187,2.000000,768.101800,514.260900,765.602900,515.041600,2.618015,760.012900,517.334300,771.192600,512.748900,760.012900,502.671200,771.192600,501.818500,2.166901,0.374415,-4.017440,2.368756,0.279102,-3.900355,2.312949,-3.938963,54.734630,0.787726,-0.232413,0,1,3.011423,0.030000,0.000061,0.125702,5,8,4,9,4
39,4.156056,0.077528,father,4,9,4.000000,8.899378,432.877700,390.200300,432.307500,390.043500,0.591424,431.958500,389.239600,432.656600,390.847300,431.958500,377.902200,432.656600,381.694600,-3.756305,0.289494,-0.746617,-3.743701,0.233710,-0.787670,-3.739707,-0.771148,108.176100,0.875770,-0.024782,0,1,3.081422,0.030000,0.000031,0.121238,7,4,5,8,4
39,4.156056,0.077528,mother,8,8,8.000000,8.113084,635.219400,322.270100,635.329400,322.347100,0.134343,634.566800,322.802500,636.092000,321.891800,634.566800,311.826100,636.092000,312.714600,-0.098099,0.280276,0.949815,-0.070562,0.234335,0.973069,-0.086317,0.963411,305.262800,0.891348,0.009060,0,1,3.093807,0.030000,0.000136,0.123428,3,8,11,7,4
39,4.156056,0.077528,older_sister,7,4,6.889315,4.000000,762.146500,432.688000,762.378500,432.700800,0.232408,762.425800,432.894700,762.331200,432.506900,762.425800,418.845400,762.331200,421.243000,2.210466,0.358741,-1.861326,2.208759,0.287619,-1.851423,2.205422,-1.856047,234.732500,0.888352,0.004324,0,1,3.091425,0.030000,0.000136,0.125702,1,4,9,12,4
39,4.156056,0.077528,player,5,2,5.110685,2.000000,771.504900,512.559200,771.272700,512.546400,0.232528,771.225200,512.352600,771.320200,512.740200,771.225200,498.303200,771.320200,501.476300,2.369344,0.358744,-3.890235,2.371059,0.287619,-3.900133,2.374394,-3.895510,54.732520,0.888349,0.004315,0,1,3.091423,0.030000,0.000220,0.125702,5,8,4,9,4
40,4.231430,0.087767,father,4,9,4.000000,8.818879,436.280800,391.901700,438.817400,393.055300,2.786603,444.274300,394.842800,433.360400,391.267700,444.274300,385.279900,433.360400,381.957200,-3.533936,0.244184,-0.889692,-3.730993,0.237740,-0.798405,-3.678264,-0.814594,125.263500,0.976393,0.213602,0,1,3.161422,0.030000,0.000068,0.121238,7,4,5,8,4
40,4.231430,0.087767,mother,8,8,8.000000,8.193583,631.816300,320.568300,628.925500,319.257400,3.174075,622.734100,317.112200,635.116900,321.402700,622.734100,307.474400,635.116900,312.056900,-0.311746,0.246097,1.095114,-0.088166,0.238640,0.985558,-0.147761,1.006863,305.267400,0.991971,0.245802,0,1,3.173807,0.030000,0.000382,0.123428,3,8,11,7,4
40,4.231430,0.087767,older_sister,7,4,6.808816,4.000000,758.743300,434.389500,755.386000,436.325100,3.875365,748.522100,440.114400,762.249800,432.535700,748.522100,428.265100,762.249800,420.963000,1.959427,0.302566,-2.045676,2.207289,0.295503,-1.852159,2.143977,-1.899493,234.737100,0.988975,0.314105,0,1,3.171425,0.030000,0.000246,0.125702,1,4,9,12,4
40,4.231430,0.087767,player,5,2,5.191184,2.000000,774.908000,510.857700,778.265300,508.922200,3.875319,785.129000,505.133000,771.401600,512.711400,785.129000,493.283600,771.401600,501.138700,2.620385,0.302567,-3.705886,2.372529,0.295504,-3.899398,2.435839,-3.852065,54.737260,0.988972,0.314098,0,1,3.171423,0.030000,0.000164,0.125702,5,8,4,9,4
41,4.313636,0.082894,father,4,9,3.999999,8.738381,439.683800,393.603000,441.166900,394.418600,1.692569,447.775500,396.874300,434.558400,391.963000,447.775500,387.911500,434.558400,382.302900,-3.470721,0.228860,-0.941565,-3.709363,0.246664,-0.816158,-3.616820,-0.858035,125.260600,0.077016,0.267257,0,0,3.241422,0.030000,0.000301,0.121238,7,4,5,8,4
41,4.313636,0.082894,mother,8,8,8.000000,8.274081,628.413100,318.867000,627.271400,318.180500,1.332302,620.653400,315.706300,633.889300,320.654600,620.653400,306.820000,633.889300,310.892100,-0.349313,0.226908,1.131011,-0.110332,0.249280,1.004660,-0.209207,1.050305,305.260200,0.092594,0.268078,0,0,3.253807,0.030000,0.000110,0.123428,3,8,11,7,4
41,4.313636,0.082894,older_sister,7,4,6.728318,4.000000,755.340300,436.091200,753.670100,436.847400,1.833356,745.865500,440.985100,761.474700,432.709600,745.865500,430.002500,761.474700,420.636600,1.911461,0.280434,-2.067908,2.193294,0.308278,-1.856599,2.082533,-1.942946,234.732100,0.089598,0.352116,0,0,3.251425,0.030000,0.000061,0.125702,1,4,9,12,4
41,4.313636,0.082894,player,5,2,5.271682,2.000000,778.311100,509.156000,779.981300,508.399800,1.833424,787.785900,504.262100,772.176600,512.537600,787.785900,493.279500,772.176600,500.464500,2.668356,0.280434,-3.683648,2.386523,0.308277,-3.894958,2.497283,-3.808611,54.732070,0.089595,0.352116,0,0,3.251423,0.030000,0.000329,0.125702,5,8,4,9,4
42,4.389950,0.077548,father,4,9,3.999999,8.657883,443.086900,395.304800,442.214000,395.085800,0.899968,448.532300,397.322600,435.895600,392.849100,448.532300,388.537400,435.895600,382.284400,-3.457055,0.224325,-0.953012,-3.685218,0.269762,-0.838783,-3.555375,-0.901489,125.267900,0.177639,0.252242,1,0,3.321422,0.030000,0.000110,0.124643,7,4,5,8,4
42,4.389950,0.077548,mother,8,8,8.000000,8.354580,625.010100,317.165600,626.235400,317.542500,1.282004,620.064800,315.408800,632.406100,319.676200,620.064800,306.610900,632.406100,308.931900,-0.359941,0.224648,1.138610,-0.137113,0.274348,1.029643,-0.270652,1.093750,305.262800,0.193216,0.244852,1,0,3.333807,0.030000,0.000031,0.124952,3,8,11,7,4
42,4.389950,0.077548,older_sister,7,4,6.647820,4.000000,751.937200,437.792700,753.082800,436.907100,1.447982,746.177300,440.771400,759.988300,433.042800,746.177300,429.826700,759.988300,419.940300,1.917090,0.279466,-2.062451,2.166454,0.334563,-1.865105,2.021088,-1.986392,234.737100,0.190220,0.317542,1,0,3.331425,0.030000,0.000136,0.129832,1,4,9,12,4
42,4.389950,0.077548,player,5,2,5.352180,2.000000,781.714200,507.454700,780.568600,508.340200,1.447944,787.474400,504.476100,773.662800,512.204300,787.474400,493.531400,773.662800,499.101900,2.662731,0.279466,-3.689114,2.413357,0.334562,-3.886450,2.558728,-3.765170,54.739540,0.190218,0.317545,1,0,3.331423,0.030000,0.000110,0.129832,5,8,4,9,4
43,4.508728,0.119707,father,4,9,3.999999,8.577385,446.490000,397.006300,444.401400,396.181100,2.245705,449.054500,397.525400,439.748200,394.836800,449.054500,388.662000,439.748200,382.588500,-3.447627,0.226321,-0.958190,-3.615657,0.312755,-0.889539,-3.493931,-0.944934,125.263100,0.278262,0.176833,1,0,3.401422,0.030000,0.000136,0.124643,7,4,5,8,4
43,4.508728,0.119707,mother,8,8,8.000000,8.435078,621.607000,315.463800,623.646200,316.300700,2.204222,619.400100,315.136300,627.892200,317.465000,619.400100,306.265200,627.892200,304.992400,-0.371942,0.226518,1.145567,-0.218613,0.318482,1.086105,-0.332096,1.137204,305.267900,0.293839,0.159521,1,0,3.413807,0.030000,0.000193,0.124952,3,8,11,7,4
43,4.508728,0.119707,older_sister,7,4,6.567321,4.000000,748.534100,439.494400,750.732400,438.036300,2.637999,746.482400,440.606900,754.982400,435.465600,746.482400,429.581200,754.982400,420.357600,1.922598,0.281534,-2.058251,2.076072,0.385774,-1.926972,1.959643,-2.029845,234.732600,0.290844,0.201106,1,0,3.411425,0.030000,0.000000,0.129832,1,4,9,12,4
43,4.508728,0.119707,player,5,2,5.432679,2.000000,785.117200,505.753200,782.918800,507.211300,2.638050,787.169200,504.640800,778.668300,509.781800,787.169200,493.615100,778.668300,494.673800,2.657222,0.281535,-3.693320,2.503734,0.385773,-3.824590,2.620173,-3.721724,54.737110,0.290840,0.201111,1,0,3.411423,0.030000,0.000031,0.129832,5,8,4,9,4
44,4.585570,0.078619,father,4,8,3.999999,8.496886,449.893000,398.708000,448.844200,398.178700,1.174790,450.355700,398.090000,447.332800,398.267400,450.355700,389.131200,447.332800,386.153400,-3.424134,0.228759,-0.972608,-3.478714,0.309322,-0.977136,-3.432487,-0.988387,125.267300,0.378884,0.041948,1,0,3.481422,0.030000,0.000031,0.124643,7,4,5,8,4
44,4.585570,0.078619,mother,8,9,8.000000,8.515576,618.203900,313.762400,618.928100,314.145600,0.819391,618.042800,314.538300,619.813400,313.752900,618.042800,305.574800,619.813400,302.058500,-0.396449,0.228879,1.160836,-0.364480,0.298608,1.180892,-0.393542,1.180649,305.262500,0.394462,0.014524,1,0,3.493807,0.030000,0.000136,0.124952,3,8,11,7,4
44,4.585570,0.078619,older_sister,6,4,6.486823,4.000000,745.131000,441.195700,746.152000,440.616300,1.173974,745.967500,440.953500,746.336400,440.279000,745.967500,429.742800,746.336400,425.795500,1.913303,0.286258,-2.067102,1.919961,0.369828,-2.049878,1.898198,-2.073287,234.739000,0.391466,0.015380,1,0,3.491425,0.030000,0.000193,0.129832,1,4,9,12,4
44,4.585570,0.078619,player,6,2,5.513178,2.000000,788.520400,504.051500,787.499500,504.631100,1.173982,787.683800,504.293700,787.314900,504.968400,787.683800,493.083100,787.314900,490.484800,2.666515,0.286257,-3.684456,2.659853,0.369830,-3.701685,2.681617,-3.678271,54.732070,0.391463,0.015387,1,0,3.491423,0.030000,0.000193,0.129832,5,8,4,9,4
45,4.663737,0.079275,father,4,8,3.999999,8.416388,453.296100,400.409500,454.586500,401.056300,1.443400,451.739000,398.738800,457.434000,403.373800,451.739000,389.766400,457.434000,393.743600,-3.399157,0.229105,-0.989174,-3.296331,0.245901,-1.107525,-3.371042,-1.031833,125.263600,0.479507,-0.152287,1,0,3.561422,0.030000,0.000043,0.124643,7,4,5,8,4
45,4.663737,0.079275,mother,8,9,8.000000,8.596075,614.800800,312.060600,613.239000,311.249600,1.759800,616.701600,313.906000,609.776400,308.593200,616.701600,304.938400,609.776400,299.073800,-0.420666,0.228982,1.176982,-0.545705,0.243072,1.312641,-0.454986,1.224103,305.268200,0.495085,-0.180420,1,0,3.573807,0.030000,0.000301,0.124952,3,8,11,7,4
45,4.663737,0.079275,older_sister,6,4,6.406324,4.000000,741.727900,442.897200,739.732100,443.750900,2.170708,745.429400,441.266500,734.034900,446.235300,745.429400,429.908800,734.034900,434.486200,1.903588,0.290013,-2.075094,1.697851,0.300008,-2.201969,1.836754,-2.116733,234.737100,0.492089,-0.241235,1,0,3.571425,0.030000,0.000273,0.129832,1,4,9,12,4
45,4.663737,0.079275,player,6,2,5.593676,2.000000,791.923500,502.350000,793.919100,501.496300,2.170596,788.222000,503.980700,799.616300,499.012000,788.222000,492.623000,799.616300,487.262800,2.676230,0.290013,-3.676462,2.881961,0.300008,-3.549592,2.743062,-3.634825,54.737260,0.492086,-0.241228,1,0,3.571423,0.030000,0.000136,0.129832,5,8,4,9,4
46,4.734282,0.075552,father,4,8,3.999999,8.335890,456.699200,402.111200,458.382300,403.003200,1.904878,452.622900,399.175900,464.141800,406.830600,452.622900,390.046000,464.141800,397.707900,-3.383198,0.233128,-1.000336,-3.175217,0.232940,-1.195792,-3.309597,-1.075286,125.267100,0.580130,-0.282664,0,0,3.641422,0.030000,0.000164,0.124643,7,4,5,8,4
46,4.734282,0.075552,mother,8,9,8.000000,8.676574,611.397700,310.359300,610.142400,309.745700,1.397271,615.935200,313.531200,604.349600,305.960100,615.935200,304.320600,604.349600,296.980000,-0.434504,0.235188,1.186551,-0.643688,0.229303,1.379875,-0.516430,1.267544,305.260500,0.595707,-0.282411,0,0,3.653807,0.030000,0.000110,0.124952,3,8,11,7,4
46,4.734282,0.075552,older_sister,6,4,6.325826,4.000000,738.324800,444.599000,736.660800,445.311900,1.810304,745.534100,441.232300,727.787600,449.391500,745.534100,429.515500,727.787600,438.415600,1.905477,0.299180,-2.074220,1.585054,0.280265,-2.282561,1.775309,-2.160186,234.732700,0.592712,-0.381909,0,0,3.651425,0.030000,0.000086,0.129832,1,4,9,12,4
46,4.734282,0.075552,player,6,2,5.674175,2.000000,795.326500,500.648300,796.990600,499.935300,1.810384,788.117400,504.014900,805.863800,495.855700,788.117400,492.298200,805.863800,484.879700,2.674342,0.299180,-3.677337,2.994763,0.280265,-3.468995,2.804507,-3.591372,54.732410,0.592709,-0.381909,0,0,3.651423,0.030000,0.000301,0.129832,5,8,4,9,4
47,4.798762,0.066940,father,4,8,3.999999,8.255391,460.102300,403.812500,459.414100,403.277900,0.871475,453.639200,399.489700,465.188900,407.066100,453.639200,389.442800,465.188900,398.231100,-3.364848,0.256541,-1.008347,-3.156312,0.225597,-1.201807,-3.248153,-1.118727,125.260500,0.680753,-0.281961,0,1,3.721422,0.030000,0.000068,0.124643,7,4,5,8,4
47,4.798762,0.066940,mother,8,9,8.000000,8.757071,607.994600,308.657800,609.027700,309.387400,1.264698,614.629800,313.109400,603.425600,305.665300,614.629800,302.879900,603.425600,296.822700,-0.458073,0.261202,1.197323,-0.660371,0.225793,1.387402,-0.577875,1.310990,305.262800,0.696330,-0.274917,0,1,3.733807,0.030000,0.000031,0.124952,3,8,11,7,4
47,4.798762,0.066940,older_sister,6,4,6.245327,4.000000,734.921800,446.300400,736.571100,445.793400,1.725515,745.180600,441.855000,727.961700,449.731800,745.180600,429.004900,727.961700,438.915800,1.899094,0.328120,-2.090119,1.588196,0.276182,-2.291251,1.713864,-2.203631,234.737100,0.693335,-0.369971,0,1,3.731425,0.030000,0.000164,0.129832,1,4,9,12,4
47,4.798762,0.066940,player,6,2,5.754673,2.000000,798.729600,498.947000,797.080300,499.453900,1.725448,788.470500,503.392200,805.690100,495.515700,788.470500,490.542100,805.690100,484.699600,2.680718,0.328120,-3.661435,2.991626,0.276182,-3.460314,2.865952,-3.547930,54.739490,0.693332,-0.369974,0,1,3.731422,0.030000,0.000136,0.129832,5,8,4,9,4
48,4.864614,0.066852,father,4,8,3.999999,8.174892,463.505400,405.513900,461.779700,404.411800,2.047672,458.164200,401.600300,465.395100,407.223200,458.164200,390.006200,465.395100,398.278900,-3.283145,0.296050,-1.062242,-3.152589,0.228388,-1.205818,-3.186708,-1.162173,125.262800,0.781375,-0.189491,0,1,3.801422,0.030000,0.000164,0.111714,7,4,5,8,4
48,4.864614,0.066852,mother,8,9,8.000000,8.837570,604.591600,306.956100,606.252000,307.990200,1.956069,609.385400,310.533700,603.118400,305.446700,609.385400,298.729100,603.118400,296.474900,-0.552762,0.301423,1.263093,-0.665917,0.229091,1.392985,-0.639319,1.354444,305.268200,0.796953,-0.167387,0,1,3.813807,0.030000,0.000220,0.113619,3,8,11,7,4
48,4.864614,0.066852,older_sister,6,4,6.164829,4.000000,731.518600,448.002200,733.949300,447.236300,2.548476,739.256000,445.068100,728.642600,449.404500,739.256000,430.293900,728.642600,438.459200,1.792122,0.377250,-2.172163,1.600491,0.279483,-2.282893,1.652420,-2.247085,234.732100,0.793957,-0.220395,0,1,3.811425,0.030000,0.000000,0.127622,1,4,9,12,4
48,4.864614,0.066852,player,6,2,5.835172,2.000000,802.132700,497.245500,799.702000,498.011300,2.548439,794.394800,500.179200,805.009100,495.843300,794.394800,485.405100,805.009100,484.898000,2.787685,0.377249,-3.579396,2.979331,0.279483,-3.468681,2.927396,-3.504485,54.737260,0.793954,-0.220401,0,1,3.811422,0.030000,0.000031,0.127622,5,8,4,9,4
49,4.972406,0.108448,father,4,8,3.999999,8.094394,466.908500,407.215700,466.572500,407.022700,0.387496,466.872600,406.333800,466.272300,407.711600,466.872600,395.134500,466.272300,398.548700,-3.125911,0.285968,-1.183107,-3.136749,0.233970,-1.218289,-3.125263,-1.205626,125.267900,0.881999,-0.011465,0,1,3.881422,0.030000,0.000031,0.111714,7,4,5,8,4
49,4.972406,0.108448,mother,8,9,8.000000,8.918069,601.188400,305.254700,601.140600,305.252300,0.047847,600.062000,305.548900,602.219300,304.955800,600.062000,294.727000,602.219300,295.769600,-0.721104,0.276330,1.390376,-0.682152,0.234564,1.405520,-0.700764,1.397889,305.262500,0.897576,0.023062,0,1,3.893806,0.030000,0.000110,0.113619,3,8,11,7,4
49,4.972406,0.108448,older_sister,6,4,6.084330,4.000000,728.115500,449.703600,728.156100,449.806200,0.110280,727.797500,450.197400,728.514700,449.414900,727.797500,436.336200,728.514700,438.133100,1.585233,0.353940,-2.303140,1.598182,0.288073,-2.283158,1.590975,-2.290530,234.737200,0.894580,0.022109,0,1,3.891425,0.030000,0.000086,0.127622,1,4,9,12,4
49,4.972406,0.108448,player,6,2,5.915670,2.000000,805.535800,495.543800,805.495100,495.441300,0.110297,805.853400,495.050000,805.136800,495.832500,805.853400,481.188700,805.136800,484.550800,2.994576,0.353942,-3.448425,2.981636,0.288072,-3.468404,2.988841,-3.461031,54.732070,0.894577,0.022101,0,1,3.891422,0.030000,0.000164,0.127622,5,8,4,9,4
50,5.034791,0.062992,father,4,8,3.999999,8.013896,470.311600,408.917200,473.002000,410.139500,2.955036,478.765000,412.074400,467.239000,408.204500,478.765000,402.498200,467.239000,398.880400,-2.911188,0.244524,-1.329691,-3.119295,0.238087,-1.230876,-3.063818,-1.249072,125.262800,0.982621,0.226971,0,1,3.961421,0.030000,0.000031,0.111714,7,4,5,8,4
50,5.034791,0.062992,mother,8,9,8.000000,8.998568,597.785300,303.552900,594.785100,302.192400,3.294316,588.330100,299.916000,601.240100,304.468700,588.330100,290.227600,601.240100,295.107200,-0.932929,0.247387,1.534207,-0.699831,0.239040,1.417958,-0.762209,1.441343,305.267900,0.998199,0.257438,0,1,3.973806,0.030000,0.000329,0.113619,3,8,11,7,4
50,5.034791,0.062992,older_sister,6,4,6.003832,4.000000,724.712500,451.404900,721.219100,453.419600,4.032682,713.999300,457.390600,728.439000,449.448700,713.999300,445.527800,728.439000,437.851500,1.336097,0.302910,-2.486812,1.596816,0.296126,-2.284020,1.529530,-2.333972,234.739500,0.995203,0.329956,0,1,3.971425,0.030000,0.000301,0.127622,1,4,9,12,4
50,5.034791,0.062992,player,6,2,5.996169,2.000000,808.938900,493.842300,812.432100,491.827600,4.032592,819.651600,487.856500,805.212500,495.798600,819.651600,475.993700,805.212500,484.201500,3.243708,0.302909,-3.264742,2.983005,0.296125,-3.467538,3.050286,-3.417586,54.737260,0.995200,0.329948,0,1,3.971422,0.030000,0.000136,0.127622,5,8,4,9,4
51,5.097617,0.063104,father,4,8,3.999999,7.933397,473.714700,410.618500,475.062700,411.383600,1.550074,481.676500,413.847800,468.448900,408.919500,481.676500,404.918500,468.448900,399.220000,-2.858619,0.228004,-1.374973,-3.097450,0.247672,-1.249132,-3.002374,-1.292513,125.260600,0.083244,0.267662,0,0,4.041421,0.030000,0.000246,0.111714,7,4,5,8,4
51,5.097617,0.063104,mother,8,9,8.000000,9.079065,594.382300,301.851600,593.381200,301.218900,1.184202,586.764000,298.739400,599.998400,303.698500,586.764000,289.878300,599.998400,293.893200,-0.961204,0.226262,1.564253,-0.722251,0.250373,1.437624,-0.823654,1.484784,305.260500,0.098822,0.268216,0,0,4.053806,0.030000,0.000110,0.113619,3,8,11,7,4
51,5.097617,0.063104,older_sister,6,4,5.923333,4.000000,721.309300,453.106700,719.790300,453.763700,1.655052,711.979700,457.899200,727.600800,449.628300,711.979700,446.943700,727.600800,437.506900,1.299633,0.279742,-2.499799,1.581682,0.309515,-2.288608,1.468086,-2.377425,234.732500,0.095826,0.352224,0,0,4.051425,0.030000,0.000110,0.127622,1,4,9,12,4
51,5.097617,0.063104,player,6,2,6.076667,2.000000,812.342000,492.140600,813.861100,491.483500,1.655188,821.671800,487.348000,806.050500,495.618900,821.671800,476.392500,806.050500,483.497400,3.280184,0.279743,-3.251758,2.998136,0.309514,-3.462950,3.111730,-3.374133,54.732410,0.095823,0.352224,0,0,4.051422,0.030000,0.000329,0.127622,5,8,4,9,4
52,5.163950,0.067002,father,4,8,3.999999,7.852899,477.117800,412.320200,476.100400,412.036900,1.056050,482.364100,414.234100,469.836700,409.839600,482.364100,405.444900,469.836700,399.205600,-2.846203,0.224427,-1.384838,-3.072392,0.271531,-1.272625,-2.940929,-1.335967,125.267900,0.183867,0.249467,1,0,4.121421,0.030000,0.000097,0.111714,7,4,5,8,4
52,5.163950,0.067002,mother,8,9,8.000000,9.159564,590.979100,300.150100,592.339500,300.587300,1.428861,586.237500,298.498900,598.441500,302.675600,586.237500,289.693500,598.441500,291.860000,-0.970711,0.224840,1.570392,-0.750362,0.276170,1.463744,-0.885099,1.528230,305.262500,0.199444,0.241489,1,0,4.133806,0.030000,0.000000,0.113619,3,8,11,7,4
52,5.163950,0.067002,older_sister,6,4,5.842835,4.000000,717.906300,454.808100,719.208000,453.827800,1.629581,712.421100,457.649400,725.994900,450.006200,712.421100,446.696000,725.994900,436.831800,1.307604,0.279690,-2.493421,1.552685,0.336402,-2.298257,1.406641,-2.420870,234.737200,0.196448,0.312785,1,0,4.131424,0.030000,0.000220,0.127622,1,4,9,12,4
52,5.163950,0.067002,player,6,2,6.157166,2.000000,815.745100,490.439300,814.443400,491.419500,1.629544,821.230500,487.598100,807.656300,495.240900,821.230500,476.644600,807.656300,482.066400,3.272218,0.279690,-3.258143,3.027126,0.336402,-3.453298,3.173175,-3.330691,54.739490,0.196446,0.312788,1,0,4.131422,0.030000,0.000086,0.127622,5,8,4,9,4
53,5.229876,0.066932,father,4,8,3.999999,7.772400,480.520900,414.021700,478.447000,413.190900,2.234068,482.941000,414.463400,473.953000,411.918300,482.941000,405.598000,473.953000,399.573800,-2.835786,0.226373,-1.390693,-2.998070,0.315210,-1.325705,-2.879484,-1.379413,125.262800,0.284490,0.170026,1,0,4.201421,0.030000,0.000164,0.111714,7,4,5,8,4
53,5.229876,0.066932,mother,8,9,8.000000,9.240062,587.576000,298.448400,589.583800,299.287600,2.176057,585.509600,298.196600,593.658000,300.378500,585.509600,289.320500,593.658000,287.829900,-0.983853,0.226647,1.578111,-0.836731,0.320420,1.522399,-0.946543,1.571682,305.267300,0.300067,0.152288,1,0,4.213806,0.030000,0.000136,0.113619,3,8,11,7,4
53,5.229876,0.066932,older_sister,6,4,5.762336,4.000000,714.503200,456.509900,716.692600,455.077500,2.616354,712.646000,457.528500,720.739200,452.626600,712.646000,446.495300,720.739200,437.414500,1.311665,0.281727,-2.490334,1.457792,0.388431,-2.365165,1.345196,-2.464324,234.732100,0.297072,0.191579,1,0,4.211424,0.030000,0.000031,0.127622,1,4,9,12,4
53,5.229876,0.066932,player,6,2,6.237664,2.000000,819.148200,488.737700,816.958600,490.170000,2.616423,821.005500,487.719000,812.911700,492.620800,821.005500,476.685800,812.911700,477.408900,3.268154,0.281727,-3.261231,3.122018,0.388430,-3.386397,3.234620,-3.287241,54.734440,0.297068,0.191585,1,0,4.211422,0.030000,0.000136,0.127622,5,8,4,9,4
54,5.291380,0.061712,father,4,8,3.999999,7.691902,483.924000,415.723400,483.000500,415.249200,1.038117,484.266900,415.042300,481.734000,415.456100,484.266900,406.080600,481.734000,403.500200,-2.811848,0.228832,-1.405474,-2.857580,0.305288,-1.416041,-2.818040,-1.422866,125.267400,0.385112,0.031238,1,0,4.281421,0.030000,0.000031,0.128806,7,4,5,8,4
54,5.291380,0.061712,mother,8,9,8.000000,9.320560,584.173000,296.746900,584.756900,297.064200,0.664546,584.133100,297.586200,585.380700,296.542300,584.133100,288.622300,585.380700,285.031300,-1.008708,0.228888,1.593699,-0.986183,0.293926,1.620354,-1.007988,1.615128,305.262900,0.400690,0.003004,1,0,4.293806,0.030000,0.000110,0.128866,3,8,11,7,4
54,5.291380,0.061712,older_sister,6,4,5.681838,4.000000,711.100100,458.211300,711.954400,457.721600,0.984731,712.104200,457.888000,711.804500,457.555200,712.104200,446.667100,711.804500,443.276700,1.301883,0.286520,-2.499513,1.296471,0.364591,-2.491014,1.283751,-2.507769,234.737200,0.397694,0.000487,1,0,4.291424,0.030000,0.000110,0.136214,1,4,9,12,4
54,5.291380,0.061712,player,6,2,6.318162,2.000000,822.551300,487.036100,821.696900,487.525900,0.984814,821.547200,487.359400,821.846600,487.692400,821.547200,476.138500,821.846600,473.413900,3.277935,0.286520,-3.252048,3.283342,0.364593,-3.260551,3.296065,-3.243792,54.734890,0.397691,0.000494,1,0,4.291422,0.030000,0.000164,0.136214,5,8,4,9,4
55,5.402069,0.111387,father,4,8,3.999999,7.611403,487.327000,417.424900,488.730200,418.138800,1.574390,485.633200,415.684600,491.827300,420.593000,485.633200,406.714100,491.827300,411.014100,-2.787178,0.229057,-1.421875,-2.675340,0.244592,-1.547208,-2.756595,-1.466312,125.263400,0.485735,-0.163676,1,0,4.361421,0.030000,0.000068,0.128806,7,4,5,8,4
55,5.402069,0.111387,mother,8,9,8.000000,9.401059,580.769900,295.045200,579.113200,294.175900,1.870867,582.811400,296.961900,575.415000,291.390000,582.811400,287.994600,575.415000,281.906700,-1.032571,0.228974,1.609641,-1.166118,0.242150,1.751914,-1.069433,1.658581,305.267900,0.501313,-0.191184,1,0,4.373806,0.030000,0.000301,0.128866,3,8,11,7,4
55,5.402069,0.111387,older_sister,6,4,5.601339,4.000000,707.697000,459.912600,705.557400,460.821400,2.324623,711.590000,458.186800,699.524800,463.455900,711.590000,446.823800,699.524800,451.763900,1.292597,0.290147,-2.507144,1.074755,0.298546,-2.641686,1.222307,-2.551211,234.739500,0.498317,-0.255547,1,0,4.371424,0.030000,0.000301,0.136214,1,4,9,12,4
55,5.402069,0.111387,player,6,2,6.398661,2.000000,825.954300,485.334600,828.093800,484.425800,2.324466,822.061500,487.060500,834.126000,481.791200,822.061500,475.697500,834.126000,470.099300,3.287222,0.290147,-3.244416,3.505053,0.298547,-3.109868,3.357509,-3.200347,54.737010,0.498314,-0.255540,1,0,4.371422,0.030000,0.000136,0.136214,5,8,4,9,4
56,5.462034,0.060523,father,4,8,3.999999,7.530905,490.730100,419.126600,492.234700,419.902400,1.692767,486.465400,416.095600,498.003900,423.709200,486.465400,406.936500,498.003900,414.652600,-2.772152,0.233871,-1.432369,-2.563818,0.231255,-1.626777,-2.695150,-1.509765,125.267500,0.586358,-0.282348,0,0,4.441421,0.030000,0.000110,0.128806,7,4,5,8,4
56,5.462034,0.060523,mother,8,9,8.000000,9.481558,577.366800,293.343900,576.244800,292.814500,1.240696,582.074500,296.606000,570.415000,289.022900,582.074500,287.355200,570.415000,280.064600,-1.045879,0.236212,1.618728,-1.256395,0.228746,1.812357,-1.130877,1.702023,305.260800,0.601935,-0.283675,0,0,4.453806,0.030000,0.000086,0.128866,3,8,11,7,4
56,5.462034,0.060523,older_sister,6,4,5.520841,4.000000,704.293900,461.614400,702.851000,462.250100,1.576751,711.736800,458.141900,693.965100,466.358200,711.736800,446.377700,693.965100,455.410400,1.295248,0.300394,-2.505998,0.974369,0.279544,-2.715794,1.160862,-2.594665,234.732000,0.598940,-0.383121,0,0,4.451424,0.030000,0.000136,0.136214,1,4,9,12,4
56,5.462034,0.060523,player,6,2,6.479159,2.000000,829.357400,483.632900,830.800500,482.997200,1.576919,821.914700,487.105300,839.686400,478.889100,821.914700,475.341000,839.686400,467.941400,3.284570,0.300393,-3.245559,3.605449,0.279543,-3.035764,3.418954,-3.156893,54.732220,0.598937,-0.383121,0,0,4.451422,0.030000,0.000273,0.136214,5,8,4,9,4
57,5.523523,0.061988,father,4,7,3.999999,7.450407,494.133200,420.827900,493.305300,420.212100,1.031887,487.589100,416.445000,499.021500,423.979100,487.589100,406.323100,499.021500,415.143000,-2.751863,0.258459,-1.441293,-2.545445,0.225624,-1.633669,-2.633706,-1.553206,125.260400,0.686981,-0.279606,0,1,4.521421,0.030000,0.000097,0.128806,7,4,5,8,4
57,5.523523,0.061988,mother,8,10,8.000000,9.562056,573.963700,291.642400,575.134700,292.443900,1.419036,580.645100,296.129100,569.624200,288.758800,580.645100,285.835000,569.624200,279.907500,-1.071685,0.262852,1.630906,-1.270674,0.226012,1.819102,-1.192322,1.745468,305.262500,0.702559,-0.271128,0,1,4.533806,0.030000,0.000031,0.128866,3,8,11,7,4
57,5.523523,0.061988,older_sister,5,4,5.440342,4.000000,700.890800,463.315800,702.723500,462.731800,1.923524,711.216400,458.865300,694.230700,466.598200,711.216400,445.949000,694.230700,455.776100,1.285852,0.329809,-2.524468,0.979166,0.276336,-2.721923,1.099417,-2.638110,234.737200,0.699563,-0.364409,0,1,4.531424,0.030000,0.000220,0.136214,1,4,9,12,4
57,5.523523,0.061988,player,7,2,6.559658,2.000000,832.760600,481.931400,830.927900,482.515400,1.923505,822.435000,486.382000,839.420800,478.649000,822.435000,473.465800,839.420800,467.826900,3.293965,0.329808,-3.227091,3.600652,0.276336,-3.029632,3.480399,-3.113448,54.737110,0.699560,-0.364412,0,1,4.531422,0.030000,0.000164,0.136214,5,8,4,9,4
58,5.581429,0.058143,father,4,7,3.999999,7.369908,497.536300,422.529400,495.831400,421.449900,2.017935,492.405400,418.742300,499.257300,424.157500,492.405400,407.061900,499.257300,415.203000,-2.664902,0.298253,-1.499952,-2.541187,0.228648,-1.638226,-2.572261,-1.596652,125.262800,0.787603,-0.180844,0,1,4.601421,0.030000,0.000205,0.128806,7,4,5,8,4
58,5.581429,0.058143,mother,8,10,8.000000,9.642554,570.560600,289.940700,572.181900,290.937200,1.903100,575.114000,293.365400,569.249900,288.509100,575.114000,281.487500,569.249900,279.524400,-1.171553,0.303295,1.701474,-1.277433,0.229419,1.825477,-1.253767,1.788922,305.267900,0.803181,-0.158046,0,1,4.613806,0.030000,0.000136,0.128866,3,8,11,7,4
58,5.581429,0.058143,older_sister,5,4,5.359844,4.000000,697.487700,465.017600,699.837500,464.267200,2.466712,704.852200,462.223700,694.822900,466.310600,704.852200,447.344600,694.822900,455.348900,1.170942,0.379928,-2.610223,0.989856,0.279902,-2.714580,1.037973,-2.681563,234.732500,0.800185,-0.208106,0,1,4.611424,0.030000,0.000031,0.136214,1,4,9,12,4
58,5.581429,0.058143,player,7,2,6.640156,2.000000,836.163600,480.230100,833.813700,480.980300,2.466763,828.798500,483.023400,838.828900,478.937300,828.798500,468.144400,838.828900,467.975500,3.408862,0.379927,-3.141331,3.589966,0.279901,-3.036994,3.541843,-3.070006,54.739630,0.800182,-0.208112,0,1,4.611422,0.030000,0.000031,0.136214,5,8,4,9,4
59,5.643003,0.062616,father,4,7,3.999999,7.289410,500.939400,424.231100,500.752600,424.115000,0.219939,501.359300,423.581000,500.146000,424.649000,501.359300,412.528100,500.146000,415.476300,-2.503235,0.282230,-1.623505,-2.525141,0.234217,-1.650774,-2.510816,-1.640105,125.267900,0.888227,0.002140,0,1,4.681421,0.030000,0.000000,0.128806,7,4,5,8,4
59,5.643003,0.062616,mother,8,10,8.000000,9.723053,567.157500,288.239200,566.944300,288.154800,0.229355,565.543200,288.290300,568.345400,288.019300,565.543200,277.619400,568.345400,278.824300,-1.344360,0.272475,1.831063,-1.293763,0.234788,1.837983,-1.315212,1.832367,305.262900,0.903804,0.037317,0,1,4.693806,0.030000,0.000086,0.128866,3,8,11,7,4
59,5.643003,0.062616,older_sister,5,4,5.279346,4.000000,694.084600,466.719100,693.926900,466.916500,0.252729,693.155400,467.510200,694.698400,466.322800,693.155400,453.840200,694.698400,455.023700,0.959750,0.349057,-2.745211,0.987608,0.288515,-2.714892,0.976528,-2.725009,234.737100,0.900808,0.040251,0,1,4.691424,0.030000,0.000110,0.136214,1,4,9,12,4
59,5.643003,0.062616,player,7,2,6.720654,2.000000,839.566700,478.528400,839.724400,478.330900,0.252729,840.495600,477.737300,838.953200,478.924500,840.495600,464.067100,838.953200,467.625400,3.620060,0.349060,-3.006353,3.592211,0.288516,-3.036669,3.603288,-3.026553,54.732520,0.900805,0.040242,0,1,4.691422,0.030000,0.000164,0.136214,5,8,4,9,4
60,5.699762,0.057416,father,4,7,3.999999,7.208911,504.342500,425.932600,507.171000,427.215700,3.105905,513.223800,429.292200,501.118200,425.139300,513.223800,419.678400,501.118200,415.800900,-2.289016,0.245483,-1.769337,-2.507588,0.238450,-1.663294,-2.449372,-1.683551,125.263000,0.988849,0.239689,0,1,4.761421,0.030000,0.000097,0.132484,7,4,5,8,4
60,5.699762,0.057416,mother,8,10,8.000000,9.803552,563.754400,286.537500,560.807400,285.196900,3.237617,554.277900,282.880400,567.336800,287.513400,554.277900,273.225300,567.336800,278.134400,-1.547761,0.246538,1.969202,-1.311974,0.239487,1.850902,-1.376657,1.875821,305.267600,0.004426,0.260817,0,1,4.773806,0.030000,0.000246,0.132714,3,8,11,7,4
60,5.699762,0.057416,older_sister,5,4,5.198847,4.000000,690.681500,468.420300,687.127600,470.467300,4.101316,679.645300,474.570300,694.609900,466.364400,679.645300,462.712000,694.609900,454.742100,0.715817,0.302794,-2.925485,0.986011,0.296769,-2.715955,0.915083,-2.768450,234.739600,0.001431,0.341583,0,1,4.771424,0.030000,0.000329,0.143182,1,4,9,12,4
60,5.699762,0.057416,player,7,2,6.801153,2.000001,842.969800,476.826900,846.523700,474.779800,4.101339,854.005700,470.676600,839.041700,478.882900,854.005700,458.818300,839.041700,467.260600,3.863993,0.302795,-2.826063,3.593809,0.296770,-3.035605,3.664733,-2.983108,54.737010,0.001428,0.341583,0,1,4.771421,0.030000,0.000061,0.143183,5,8,4,9,4
61,5.801615,0.102179,father,4,7,3.999999,7.128413,507.745600,427.634300,508.956800,428.347700,1.405599,515.573500,430.819400,502.339900,425.875900,515.573500,421.919500,502.339900,416.134800,-2.246589,0.227254,-1.808332,-2.485528,0.248734,-1.682104,-2.387927,-1.727004,125.267400,0.089472,0.267969,0,0,4.841421,0.030000,0.000068,0.132484,7,4,5,8,4
61,5.801615,0.102179,mother,8,10,8.000000,9.884049,560.351300,284.836000,559.493700,284.257700,1.034406,552.879600,281.772100,566.107700,286.743300,552.879600,272.932900,566.107700,276.894900,-1.573007,0.225704,1.997501,-1.334167,0.251474,1.870565,-1.438101,1.919266,305.263100,0.105050,0.268300,0,0,4.853806,0.030000,0.000164,0.132714,3,8,11,7,4
61,5.801615,0.102179,older_sister,5,4,5.118349,4.000000,687.278400,470.122100,685.912500,470.678000,1.474709,678.097200,474.808300,693.727800,466.547800,678.097200,463.874500,693.727800,454.378200,0.687867,0.279187,-2.931563,0.970085,0.310744,-2.720637,0.853639,-2.811904,234.732100,0.102054,0.352209,0,0,4.851424,0.030000,0.000136,0.143182,1,4,9,12,4
61,5.801615,0.102179,player,7,2,6.881651,2.000001,846.372800,475.125200,847.738800,474.569100,1.474800,855.554100,470.438900,839.923600,478.699400,855.554100,459.505100,839.923600,466.529800,3.891948,0.279187,-2.819992,3.609731,0.310744,-3.030921,3.726176,-2.939654,54.731600,0.102051,0.352209,0,0,4.851421,0.030000,0.000301,0.143183,5,8,4,9,4
62,5.860187,0.058528,father,4,7,3.999999,7.047914,511.148700,429.335600,509.991500,428.989600,1.207806,516.195000,431.144700,503.788100,426.834400,516.195000,422.350200,503.788100,416.127500,-2.235368,0.224563,-1.816641,-2.459382,0.273394,-1.706577,-2.326482,-1.770445,125.260400,0.190095,0.246454,1,0,4.921421,0.030000,0.000136,0.132484,7,4,5,8,4
62,5.860187,0.058528,mother,8,10,8.000000,9.964548,556.948200,283.134700,558.439800,283.630600,1.571856,552.411900,281.589400,564.467700,285.671700,552.411900,272.775800,564.467700,274.781100,-1.581453,0.225052,2.002165,-1.363777,0.278085,1.897928,-1.499546,1.962708,305.260500,0.205672,0.237916,1,0,4.933805,0.030000,0.000061,0.132714,3,8,11,7,4
62,5.860187,0.058528,older_sister,5,4,5.037850,4.000000,683.875400,471.823500,685.328900,470.749900,1.807073,678.666500,474.525500,691.991300,466.974200,678.666500,463.562600,691.991300,453.730200,0.698145,0.279932,-2.924343,0.938731,0.338179,-2.731525,0.792194,-2.855349,234.737200,0.202676,0.307760,1,0,4.931424,0.030000,0.000246,0.143182,1,4,9,12,4
62,5.860187,0.058528,player,7,2,6.962150,2.000001,849.776000,473.423700,848.322500,474.497300,1.806988,854.985000,470.721600,841.660100,478.272900,854.985000,459.758700,841.660100,465.028900,3.881674,0.279932,-2.827213,3.641085,0.338178,-3.020030,3.787622,-2.896209,54.737740,0.202673,0.307762,1,0,4.931421,0.030000,0.000164,0.143183,5,8,4,9,4
63,5.916488,0.057905,father,4,7,3.999999,6.967416,514.551800,431.037100,512.499300,430.202200,2.215778,516.829700,431.402600,508.168800,429.001900,516.829700,422.533700,508.168800,416.570500,-2.223909,0.226463,-1.823224,-2.380286,0.317426,-1.761923,-2.265037,-1.813892,125.263300,0.290718,0.163074,1,0,5.001420,0.030000,0.000220,0.132484,7,4,5,8,4
63,5.916488,0.057905,mother,8,10,8.000000,10.045050,553.545200,281.433000,555.515300,282.271200,2.141046,551.617100,281.256200,559.413600,283.286100,551.617100,272.374300,559.413600,270.673800,-1.595803,0.226794,2.010674,-1.455032,0.322049,1.958842,-1.560990,2.006162,305.267900,0.306295,0.144862,1,0,5.013805,0.030000,0.000110,0.132714,3,8,11,7,4
63,5.916488,0.057905,older_sister,5,4,4.957352,4.000000,680.472300,473.525300,682.648400,472.123300,2.588608,678.809000,474.451700,686.487900,469.795000,678.809000,463.409500,686.487900,454.490100,0.700717,0.281956,-2.922457,0.839365,0.390802,-2.803552,0.730749,-2.898802,234.732500,0.303299,0.181856,1,0,5.011424,0.030000,0.000031,0.143182,1,4,9,12,4
63,5.916488,0.057905,player,7,2,7.042648,2.000000,853.179000,471.722400,851.002700,473.124100,2.588698,854.842600,470.796100,847.162700,475.452200,854.842600,459.753900,847.162700,460.147400,3.879102,0.281956,-2.829114,3.740438,0.390801,-2.948007,3.849066,-2.852767,54.738850,0.303296,0.181861,1,0,5.011421,0.030000,0.000000,0.143183,5,8,4,9,4
64,5.974422,0.058254,father,4,7,3.999999,6.886917,517.954800,432.738900,517.162500,432.324100,0.894281,518.176800,431.994600,516.148300,432.653700,518.176800,423.031400,516.148300,420.869400,-2.199586,0.228869,-1.838341,-2.236210,0.300903,-1.855170,-2.203593,-1.857345,125.267800,0.391340,0.020186,1,0,5.081420,0.030000,0.000000,0.132484,7,4,5,8,4
64,5.974422,0.058254,mother,8,10,8.000000,10.125550,550.142100,279.731500,550.579200,279.978600,0.502057,550.222700,280.633800,550.935600,279.323400,550.222700,271.669400,550.935600,267.998200,-1.620980,0.228902,2.026567,-1.608107,0.289181,2.060029,-1.622434,2.049607,305.263200,0.406918,-0.008808,1,0,5.093805,0.030000,0.000031,0.132714,3,8,11,7,4
64,5.974422,0.058254,older_sister,5,4,4.876853,4.000000,677.069200,475.226700,677.746500,474.830100,0.784967,678.241300,474.822500,677.251700,474.837600,678.241300,463.591400,677.251700,460.770200,0.690467,0.286781,-2.931927,0.672600,0.359202,-2.932312,0.669304,-2.942248,234.737100,0.403922,-0.014810,1,0,5.091424,0.030000,0.000136,0.143182,1,4,9,12,4
64,5.974422,0.058254,player,7,2,7.123146,2.000000,856.582200,470.020700,855.904800,470.417400,0.784930,855.410200,470.424800,856.399500,470.409900,855.410200,459.193700,856.399500,456.342400,3.889351,0.286781,-2.819634,3.907212,0.359204,-2.819253,3.910511,-2.809313,54.732750,0.403919,-0.014803,1,0,5.091421,0.030000,0.000136,0.143183,5,8,4,9,4
65,6.028318,0.054180,father,4,7,3.999999,6.806419,521.358000,434.440300,522.868800,435.219700,1.700020,519.526500,432.630200,526.211100,437.809300,519.526500,423.661900,526.211100,428.271300,-2.175216,0.229002,-1.854572,-2.054523,0.243545,-1.986814,-2.142148,-1.900790,125.262600,0.491963,-0.174895,1,0,5.161420,0.030000,0.000136,0.132484,7,4,5,8,4
65,6.028318,0.054180,mother,8,10,8.000000,10.206040,546.739000,278.029800,544.994400,277.106400,1.973862,548.923400,280.018200,541.065400,274.194600,548.923400,271.050600,541.065400,264.740400,-1.644439,0.228983,2.042286,-1.786319,0.241408,2.190989,-1.683880,2.093060,305.266800,0.507541,-0.201699,1,0,5.173805,0.030000,0.000220,0.132714,3,8,11,7,4
65,6.028318,0.054180,older_sister,5,4,4.796355,4.000000,673.666100,476.928000,671.395600,477.886800,2.464628,677.753000,475.105400,665.038100,480.668100,677.753000,463.735900,665.038100,469.031000,0.681652,0.290315,-2.939150,0.452078,0.297146,-3.081190,0.607860,-2.985690,234.739200,0.504545,-0.269454,1,0,5.171423,0.030000,0.000356,0.143182,1,4,9,12,4
65,6.028318,0.054180,player,7,2,7.203645,2.000000,859.985200,468.319200,862.255600,467.360400,2.464471,855.898400,470.141900,868.612700,464.578900,855.898400,458.772400,868.612700,452.941800,3.898166,0.290314,-2.812410,4.127728,0.297146,-2.670362,3.971955,-2.765868,54.736500,0.504542,-0.269448,1,0,5.171421,0.030000,0.000110,0.143183,5,8,4,9,4
66,6.079998,0.050985,father,4,7,3.999999,6.725920,524.761000,436.142000,526.092200,436.804600,1.486884,520.312500,433.016000,531.871800,440.593100,520.312500,423.824000,531.871800,431.593400,-2.161025,0.234713,-1.864422,-1.952315,0.229803,-2.057899,-2.080703,-1.944243,125.267400,0.592586,-0.282117,0,0,5.241420,0.030000,0.000061,0.122998,7,4,5,8,4
66,6.079998,0.050985,mother,8,10,8.000000,10.286540,543.335900,276.328300,542.335900,275.874700,1.098073,548.207700,279.679200,536.464000,272.070100,548.207700,270.384900,536.464000,263.121400,-1.657361,0.237325,2.050942,-1.869400,0.228501,2.245236,-1.745324,2.136505,305.262800,0.608163,-0.285305,0,0,5.253805,0.030000,0.000136,0.123056,3,8,11,7,4
66,6.079998,0.050985,older_sister,5,4,4.715857,4.000000,670.263000,478.629800,669.007600,479.201100,1.379317,677.930900,475.058600,660.084400,483.343600,677.930900,463.243600,660.084400,472.406100,0.684863,0.301688,-2.937954,0.362634,0.279284,-3.149508,0.546415,-3.029143,234.732500,0.605168,-0.385239,0,0,5.251423,0.030000,0.000164,0.129360,1,4,9,12,4
66,6.079998,0.050985,player,7,2,7.284143,2.000000,863.388400,466.617400,864.643900,466.046100,1.379373,855.720500,470.188500,873.567200,461.903700,855.720500,458.373600,873.567200,450.966100,3.894954,0.301688,-2.813601,4.217185,0.279284,-2.602051,4.033401,-2.722415,54.733150,0.605165,-0.385238,0,0,5.251421,0.030000,0.000246,0.129361,5,8,4,9,4
67,6.183516,0.104134,father,4,7,3.999999,6.645422,528.164100,437.843500,527.200400,437.151400,1.186533,521.556800,433.412700,532.843900,440.890000,521.556800,423.217000,532.843900,432.050500,-2.138557,0.260342,-1.874552,-1.934763,0.225711,-2.065480,-2.019258,-1.987689,125.263300,0.693209,-0.276630,0,1,5.321420,0.030000,0.000000,0.122998,7,4,5,8,4
67,6.183516,0.104134,mother,8,10,8.000000,10.367040,539.932800,274.627000,541.233400,275.494400,1.563311,546.642200,279.138100,535.824500,271.850700,546.642200,268.774200,535.824500,262.989900,-1.685627,0.264637,2.064759,-1.880946,0.226256,2.250839,-1.806769,2.179948,305.261400,0.708787,-0.266909,0,1,5.333805,0.030000,0.000086,0.123056,3,8,11,7,4
67,6.183516,0.104134,older_sister,5,4,4.635358,4.000000,666.859900,480.331200,668.865600,479.671300,2.111518,677.228000,475.885300,660.503200,483.457300,677.228000,462.903300,660.503200,472.627400,0.672172,0.331488,-2.959064,0.370196,0.276537,-3.152411,0.484970,-3.072589,234.737100,0.705791,-0.358192,0,1,5.331423,0.030000,0.000273,0.129360,1,4,9,12,4
67,6.183516,0.104134,player,7,2,7.364642,2.000000,866.791400,464.916000,864.785800,465.575900,2.111325,856.423300,469.362000,873.148300,461.789800,856.423300,456.380000,873.148300,450.959800,3.907644,0.331488,-2.792495,4.209621,0.276537,-2.599144,4.094844,-2.678969,54.736640,0.705788,-0.358195,0,1,5.331421,0.030000,0.000164,0.129361,5,8,4,9,4
68,6.240302,0.057783,father,4,7,3.999999,6.564923,531.567300,439.544800,529.890000,438.494100,1.979219,526.657200,435.894900,533.122700,441.093400,526.657200,424.130600,533.122700,432.127600,-2.046468,0.300394,-1.937932,-1.929728,0.228936,-2.070673,-1.957813,-2.031131,125.260200,0.793831,-0.171953,0,1,5.401420,0.030000,0.000246,0.122998,7,4,5,8,4
68,6.240302,0.057783,mother,8,10,8.000000,10.447540,536.529700,272.925300,538.104400,273.879600,1.841325,540.828100,276.188300,535.380700,271.571000,540.828100,264.251600,535.380700,262.572400,-1.790604,0.304796,2.140081,-1.888959,0.229774,2.257981,-1.868214,2.223400,305.266800,0.809409,-0.148378,0,1,5.413805,0.030000,0.000061,0.123056,3,8,11,7,4
68,6.240302,0.057783,older_sister,5,4,4.554860,4.000000,663.456800,482.033000,665.714600,481.299900,2.373855,670.428200,479.382800,661.000900,483.216900,670.428200,464.412400,661.000900,472.237100,0.549398,0.382261,-3.048372,0.379184,0.280364,-3.146272,0.423526,-3.116042,234.732200,0.806413,-0.195500,0,1,5.411423,0.030000,0.000086,0.129360,1,4,9,12,4
68,6.240302,0.057783,player,7,2,7.445140,2.000000,870.194600,463.214200,867.936800,463.947400,2.373855,863.223000,465.864400,872.650600,462.030300,863.223000,450.894000,872.650600,451.050500,4.030415,0.382259,-2.703186,4.200635,0.280363,-2.605285,4.156291,-2.635516,54.732700,0.806410,-0.195506,0,1,5.411421,0.030000,0.000329,0.129361,5,8,4,9,4
69,6.291298,0.051230,father,4,6,3.999999,6.484425,534.970300,441.246500,534.938200,441.208800,0.049595,535.857700,440.832400,534.018700,441.585100,535.857700,429.933100,534.018700,432.403400,-1.880347,0.278308,-2.064009,-1.913552,0.234450,-2.083230,-1.896369,-2.074584,125.267800,0.894455,0.016012,0,1,5.481420,0.030000,0.000086,0.122998,7,4,5,8,4
69,6.291298,0.051230,mother,8,11,8.000000,10.528040,533.126600,271.223800,532.740200,271.054300,0.421921,531.009900,271.026100,534.470600,271.082400,531.009900,260.503100,534.470600,261.878500,-1.967876,0.268697,2.271895,-1.905393,0.235016,2.270457,-1.929659,2.266846,305.263100,0.910032,0.051849,0,1,5.493805,0.030000,0.000000,0.123056,3,8,11,7,4
69,6.291298,0.051230,older_sister,4,4,4.474361,4.000000,660.053700,483.734400,659.688500,484.033500,0.472079,658.496900,484.835200,660.880000,483.231800,658.496900,471.352800,660.880000,471.915600,0.333973,0.344266,-3.187595,0.377000,0.288953,-3.146654,0.362081,-3.159488,234.737100,0.907036,0.058769,0,1,5.491423,0.030000,0.000164,0.129360,1,4,9,12,4
69,6.291298,0.051230,player,8,2,7.525639,2.000000,873.597500,461.512900,873.962700,461.213900,0.471993,875.154100,460.412400,872.771500,462.015500,875.154100,446.929800,872.771500,450.699300,4.245838,0.344268,-2.563972,4.202817,0.288952,-2.604906,4.217734,-2.592074,54.739010,0.907033,0.058759,0,1,5.491421,0.030000,0.000164,0.129361,5,8,4,9,4
70,6.345408,0.054797,father,4,6,3.999999,6.403927,538.373400,442.948000,541.321500,444.284400,3.236863,547.647000,446.495600,534.996100,442.073200,547.647000,436.832500,534.996100,432.719700,-1.667484,0.246741,-2.208615,-1.895903,0.238836,-2.095690,-1.834924,-2.118029,125.262900,0.995077,0.251701,0,1,5.561420,0.030000,0.000136,0.122998,7,4,5,8,4
70,6.345408,0.054797,mother,8,11,8.000000,10.607530,529.766100,269.543400,526.908900,268.240000,3.140460,520.377900,265.919700,533.440000,270.560200,520.377900,256.318600,533.440000,261.167200,-2.159843,0.245160,2.402282,-1.924001,0.239845,2.283791,-1.990334,2.309753,305.266800,0.009397,0.260974,0,1,5.572804,0.029058,0.000136,0.123056,3,8,11,7,4
70,6.345408,0.054797,older_sister,4,4,4.474361,4.000000,660.053700,483.734400,659.688500,484.033500,0.472079,658.496900,484.835200,660.880000,483.231800,658.496900,471.352800,660.880000,471.915600,0.333973,0.344266,-3.187595,0.377000,0.288953,-3.146654,0.362081,-3.159488,234.737100,0.907036,0.058769,0,0,5.491423,0.000000,0.000164,0.129360,1,4,9,12,4
70,6.345408,0.054797,player,8,2,7.606137,2.000000,877.000700,459.811500,880.427200,457.843200,3.951520,887.922100,453.737600,872.932200,461.948800,887.922100,441.954300,872.932200,450.301600,4.476372,0.300879,-2.393536,4.205720,0.297406,-2.603205,4.279180,-2.548629,54.737740,0.007656,0.342038,0,1,5.571421,0.030000,0.000086,0.129361,5,8,4,9,4
71,6.401225,0.057292,father,4,6,3.999999,6.323429,541.776500,444.649700,542.848300,445.309500,1.258618,549.465700,447.786900,536.231000,442.832200,549.465700,438.913500,536.231000,433.048300,-1.634647,0.226576,-2.241588,-1.873608,0.249826,-2.115072,-1.773480,-2.161483,125.267800,0.095700,0.268153,0,0,5.641420,0.030000,0.000061,0.122998,7,4,5,8,4
71,6.401225,0.057292,mother,8,11,8.000000,10.680470,526.682600,268.001700,525.721600,267.384100,1.142318,519.105300,264.902600,532.338000,269.865700,519.105300,256.048000,532.338000,260.048400,-2.182822,0.226097,2.428255,-1.943898,0.250680,2.301524,-2.046010,2.349122,305.264100,0.100571,0.268249,0,0,5.645293,0.025909,0.000110,0.123056,3,8,11,7,4
71,6.401225,0.057292,older_sister,4,4,4.474361,4.000000,660.053700,483.734400,659.688500,484.033500,0.472079,658.496900,484.835200,660.880000,483.231800,658.496900,471.352800,660.880000,471.915600,0.333973,0.344266,-3.187595,0.377000,0.288953,-3.146654,0.362081,-3.159488,234.737100,0.907036,0.058769,0,0,5.491423,0.000000,0.000164,0.129360,1,4,9,12,4
71,6.401225,0.057292,player,8,2,7.686635,2.000000,880.403800,458.109700,881.613300,457.656200,1.291696,889.429900,453.533400,873.796700,461.779000,889.429900,442.615900,873.796700,449.560200,4.503596,0.278772,-2.388323,4.221329,0.312002,-2.598868,4.340624,-2.505176,54.732310,0.108279,0.352029,0,0,5.651421,0.030000,0.000273,0.129361,5,8,4,9,4
72,6.451168,0.050357,father,4,6,4.000000,6.242931,545.179600,446.351000,543.886500,445.944000,1.355594,550.023700,448.055200,537.749400,443.832700,550.023700,439.253800,537.749400,433.052800,-1.624573,0.224740,-2.248439,-1.846191,0.275260,-2.140620,-1.712036,-2.204925,125.260900,0.196323,0.243202,1,0,5.721420,0.030000,0.000164,0.125033,7,4,5,8,4
72,6.451168,0.050357,mother,8,11,8.000000,10.742670,524.053200,266.687000,524.942000,266.913000,0.917140,518.629200,264.680800,531.254900,269.145300,518.629200,255.895200,531.254900,258.573200,-2.191418,0.224334,2.433918,-1.963452,0.269953,2.319920,-2.093485,2.382691,305.263700,0.178318,0.251951,1,0,5.707105,0.021750,0.000086,0.124652,3,8,11,7,4
72,6.451168,0.050357,older_sister,4,4,4.474361,4.000000,660.053700,483.734400,659.688500,484.033500,0.472079,658.496900,484.835200,660.880000,483.231800,658.496900,471.352800,660.880000,471.915600,0.333973,0.344266,-3.187595,0.377000,0.288953,-3.146654,0.362081,-3.159488,234.737100,0.907036,0.058769,0,0,5.491423,0.000000,0.000164,0.136808,1,4,9,12,4
72,6.451168,0.050357,player,8,2,7.767134,2.000000,883.806900,456.408300,882.206400,457.570700,1.978102,888.740200,453.846000,875.672500,461.295400,888.740200,442.873900,875.672500,447.971600,4.491144,0.280167,-2.396303,4.255197,0.340216,-2.586520,4.402069,-2.461730,54.737260,0.208901,0.302471,1,0,5.731421,0.030000,0.000164,0.130324,5,8,4,9,4
73,6.546497,0.095591,father,4,6,4.000000,6.162432,548.582700,448.052500,546.558300,447.214400,2.191055,550.719300,448.342000,542.397300,446.086600,550.719300,439.468600,542.397300,433.574900,-1.612013,0.226579,-2.255764,-1.762272,0.319480,-2.198173,-1.650590,-2.248370,125.262600,0.296946,0.155937,1,0,5.801420,0.030000,0.000273,0.125033,7,4,5,8,4
73,6.546497,0.095591,mother,8,11,7.999999,10.793770,521.892900,265.606800,523.972400,266.417400,2.231887,518.507000,264.663800,529.437900,268.170900,518.507000,255.803600,529.437900,256.568500,-2.193623,0.226241,2.434351,-1.996261,0.296262,2.344801,-2.132489,2.410275,305.268800,0.242191,0.212845,1,0,5.757887,0.017754,0.000220,0.124652,3,8,11,7,4
73,6.546497,0.095591,older_sister,4,4,4.474361,4.000000,660.053700,483.734400,659.688500,484.033500,0.472079,658.496900,484.835200,660.880000,483.231800,658.496900,471.352800,660.880000,471.915600,0.333973,0.344266,-3.187595,0.377000,0.288953,-3.146654,0.362081,-3.159488,234.737100,0.907036,0.058769,0,0,5.491423,0.000000,0.000164,0.136808,1,4,9,12,4
73,6.546497,0.095591,player,8,2,7.847632,2.000000,887.210000,454.706500,885.054900,456.075000,2.552917,888.681400,453.870100,881.428300,458.279900,888.681400,442.817700,881.428300,442.898000,4.490081,0.282215,-2.396918,4.359122,0.392767,-2.509520,4.463514,-2.418277,54.732070,0.309524,0.171939,1,0,5.811420,0.030000,0.000356,0.130324,5,8,4,9,4
74,6.596197,0.050349,father,4,6,4.000000,6.081934,551.985800,449.754200,551.330800,449.403400,0.743040,552.086400,448.946700,550.575100,449.859900,552.086400,439.983000,550.575100,438.256700,-1.587328,0.228883,-2.271204,-1.614615,0.296283,-2.294522,-1.589146,-2.291823,125.267400,0.397568,0.008815,1,0,5.881420,0.030000,0.000086,0.125033,7,4,5,8,4
74,6.596197,0.050349,mother,8,11,7.999999,10.835520,520.127900,264.724600,522.165000,265.561300,2.202212,517.933200,264.404000,526.396700,266.718700,517.933200,255.532500,526.396700,254.239100,-2.203984,0.226529,2.440985,-2.051170,0.318660,2.381882,-2.164356,2.432800,305.253800,0.294379,0.158902,1,0,5.799379,0.014515,0.000086,0.124652,3,8,11,7,4
74,6.596197,0.050349,older_sister,4,4,4.474361,4.000000,660.053700,483.734400,659.688500,484.033500,0.472079,658.496900,484.835200,660.880000,483.231800,658.496900,471.352800,660.880000,471.915600,0.333973,0.344266,-3.187595,0.377000,0.288953,-3.146654,0.362081,-3.159488,234.737100,0.907036,0.058769,0,0,5.491423,0.000000,0.000164,0.136808,1,4,9,12,4
74,6.596197,0.050349,player,8,2,7.928131,2.000000,890.613100,453.005200,890.124600,453.304500,0.572845,889.273800,453.489900,890.975600,453.119100,889.273800,442.248200,890.975600,439.272800,4.500777,0.287050,-2.387211,4.531504,0.353556,-2.377742,4.524959,-2.374835,54.739490,0.410147,-0.030556,1,0,5.891420,0.030000,0.000136,0.130324,5,8,4,9,4
75,6.648763,0.053580,father,4,6,4.000000,6.031622,554.112700,450.817500,555.039900,451.259500,1.027212,552.974200,449.362500,557.105700,453.156600,552.974200,440.391500,557.105700,443.288800,-1.571299,0.229071,-2.281821,-1.496703,0.251965,-2.378699,-1.550744,-2.318973,125.260000,0.460458,-0.116837,1,0,5.931420,0.050000,0.000246,0.125033,7,4,5,8,4
75,6.648763,0.053580,mother,8,11,8.000000,10.870100,518.665800,263.993300,520.363200,264.768700,1.866145,517.398300,264.178400,523.328200,265.359000,517.398300,255.258800,523.328200,252.643400,-2.213641,0.227757,2.446746,-2.106575,0.324687,2.416599,-2.190755,2.451473,305.273600,0.337609,0.104819,1,0,5.833749,0.012088,0.000164,0.124652,3,8,11,7,4
75,6.648763,0.053580,older_sister,4,4,4.474361,4.000000,660.053700,483.734400,659.688500,484.033500,0.472079,658.496900,484.835200,660.880000,483.231800,658.496900,471.352800,660.880000,471.915600,0.333973,0.344266,-3.187595,0.377000,0.288953,-3.146654,0.362081,-3.159488,234.737100,0.907036,0.058769,0,0,5.491423,0.000000,0.000164,0.136808,1,4,9,12,4
75,6.648763,0.053580,player,8,2,8.000000,2.000000,893.651400,451.486000,895.826700,450.563400,2.362916,889.706800,453.237800,901.946700,447.889000,889.706800,441.873100,901.946700,436.212600,4.508595,0.290192,-2.380774,4.729593,0.298150,-2.244195,4.579816,-2.336044,54.734740,0.499984,-0.259299,1,0,5.962845,0.021424,0.000193,0.130324,5,8,4,9,4
76,6.699989,0.047091,father,4,6,4.000000,5.969813,556.725700,452.124200,558.756800,453.229400,2.312290,553.816400,449.770600,563.697200,456.688200,553.816400,440.778500,563.697200,447.335400,-1.556093,0.229607,-2.292241,-1.377689,0.238819,-2.468878,-1.503564,-2.352340,125.269300,0.537719,-0.247651,0,0,5.992846,0.030000,0.000061,0.125033,7,4,5,8,4
76,6.699989,0.047091,mother,8,11,8.000000,10.899410,517.426700,263.373600,518.565400,263.941400,1.272447,516.876600,263.944600,520.254200,263.938100,516.876600,254.988600,520.254200,251.710100,-2.223061,0.228686,2.452715,-2.162077,0.312236,2.452881,-2.213129,2.467297,305.268500,0.374247,0.049695,1,0,5.862878,0.010328,0.000273,0.124652,3,8,11,7,4
76,6.699989,0.047091,older_sister,4,4,4.474361,4.000000,660.053700,483.734400,659.688500,484.033500,0.472079,658.496900,484.835200,660.880000,483.231800,658.496900,471.352800,660.880000,471.915600,0.333973,0.344266,-3.187595,0.377000,0.288953,-3.146654,0.362081,-3.159488,234.737100,0.907036,0.058769,0,0,5.491423,0.000000,0.000164,0.136808,1,4,9,12,4
76,6.699989,0.047091,player,8,2,8.000001,2.025760,892.562400,450.941700,894.180000,449.047000,2.491239,889.732100,454.619300,898.627900,443.474800,889.732100,443.203600,898.627900,432.029000,4.509051,0.291494,-2.416050,4.669670,0.292261,-2.131480,4.560154,-2.322143,26.094910,0.532183,-0.326213,0,0,5.988445,0.015600,0.000086,0.130324,3,8,4,9,4
77,6.754879,0.055804,father,4,6,4.000000,5.889315,560.128800,453.825700,560.457500,453.881700,0.333471,554.502000,450.042900,566.413000,457.720500,554.502000,440.483400,566.413000,448.832800,-1.543714,0.244096,-2.299194,-1.328653,0.226940,-2.495235,-1.442119,-2.395785,125.262700,0.638342,-0.288780,0,0,6.072846,0.030000,0.000136,0.125033,7,4,5,8,4
77,6.754879,0.055804,mother,8,11,8.000000,10.924920,516.348400,262.834600,516.804400,263.090800,0.523089,516.413800,263.728900,517.195100,262.452600,516.413800,254.764600,517.195100,251.103500,-2.231416,0.228900,2.458223,-2.217311,0.289793,2.490814,-2.232599,2.481061,305.259100,0.406131,-0.007296,1,0,5.888227,0.009073,0.000136,0.124652,3,8,11,7,4
77,6.754879,0.055804,older_sister,4,4,4.474361,4.000000,660.053700,483.734400,659.688500,484.033500,0.472079,658.496900,484.835200,660.880000,483.231800,658.496900,471.352800,660.880000,471.915600,0.333973,0.344266,-3.187595,0.377000,0.288953,-3.146654,0.362081,-3.159488,234.737100,0.907036,0.058769,0,0,5.491423,0.000000,0.000164,0.136808,1,4,9,12,4
77,6.754879,0.055804,player,8,2,8.000001,2.098108,889.503800,449.412400,889.352400,448.768900,0.661101,890.490100,456.370500,888.214700,441.167300,890.490100,444.393100,888.214700,430.255200,4.522737,0.305838,-2.460766,4.481655,0.278633,-2.072561,4.504930,-2.283095,352.155800,0.622618,-0.390180,0,0,6.060345,0.030000,0.000031,0.130324,3,8,4,9,4
78,6.806904,0.052252,father,4,6,4.000000,5.808816,563.531900,455.527000,561.846600,454.449400,2.000386,557.042700,451.068500,566.650500,457.830300,557.042700,440.163300,566.650500,448.937600,-1.497840,0.278456,-2.325381,-1.324367,0.227070,-2.498039,-1.380674,-2.439227,125.260600,0.738965,-0.241321,0,1,6.152846,0.030000,0.000329,0.122871,7,4,5,8,4
78,6.806904,0.052252,mother,8,11,8.000000,10.947740,515.383700,262.352200,515.098900,262.242500,0.305113,515.999100,263.534300,514.198800,260.950800,515.999100,254.567600,514.198800,250.483900,-2.238905,0.228960,2.463193,-2.271411,0.267266,2.529162,-2.250017,2.493378,305.266400,0.434657,-0.064629,1,0,5.910907,0.008201,0.000164,0.128921,3,8,11,7,4
78,6.806904,0.052252,older_sister,4,4,4.474361,4.000000,660.053700,483.734400,659.688500,484.033500,0.472079,658.496900,484.835200,660.880000,483.231800,658.496900,471.352800,660.880000,471.915600,0.333973,0.344266,-3.187595,0.377000,0.288953,-3.146654,0.362081,-3.159488,234.737100,0.907036,0.058769,0,0,5.491423,0.000000,0.000164,0.136808,1,4,9,12,4
78,6.806904,0.052252,player,8,2,8.000001,2.178606,886.100800,447.710700,887.427300,449.322800,2.087759,893.018200,454.653900,881.836400,443.991900,893.018200,441.363600,881.836400,433.149700,4.568383,0.339360,-2.416932,4.366491,0.276849,-2.144684,4.443486,-2.239642,320.376600,0.723240,-0.338455,0,1,6.140345,0.030000,0.000220,0.125314,3,8,4,9,4
79,6.903841,0.096941,father,4,6,4.000000,5.728318,566.934900,457.228800,565.703900,456.543200,1.409035,564.084400,454.870500,567.323500,458.215900,564.084400,442.894800,567.323500,449.138500,-1.370699,0.305793,-2.422465,-1.312215,0.231787,-2.507887,-1.319230,-2.482680,125.267800,0.839588,-0.097073,0,1,6.232846,0.030000,0.000136,0.122871,7,4,5,8,4
79,6.903841,0.096941,mother,8,11,8.000000,10.968740,514.495800,261.908300,513.559400,261.461300,1.037685,515.644000,263.368400,511.474700,259.554200,515.644000,254.397200,511.474700,249.693600,-2.245316,0.229074,2.467431,-2.320595,0.251784,2.564823,-2.266047,2.504712,305.260400,0.460907,-0.117692,1,0,5.931777,0.007628,0.000110,0.128921,3,8,11,7,4
79,6.903841,0.096941,older_sister,4,4,4.474361,4.000000,660.053700,483.734400,659.688500,484.033500,0.472079,658.496900,484.835200,660.880000,483.231800,658.496900,471.352800,660.880000,471.915600,0.333973,0.344266,-3.187595,0.377000,0.288953,-3.146654,0.362081,-3.159488,234.737100,0.907036,0.058769,0,0,5.491423,0.000000,0.000164,0.136808,1,4,9,12,4
79,6.903841,0.096941,player,8,2,8.000001,2.259104,882.697700,446.009200,884.262800,447.081800,1.897340,887.622400,449.110300,880.903200,445.053400,887.622400,433.964400,880.903200,434.010900,4.470960,0.386740,-2.275380,4.349641,0.281964,-2.171790,4.382041,-2.196196,305.263300,0.823864,-0.158864,0,1,6.220345,0.030000,0.000136,0.125314,3,8,4,9,4
80,6.959876,0.051281,father,4,6,4.000000,5.647820,570.338100,458.930200,571.696400,459.551600,1.493683,575.114400,460.389300,568.278300,458.713900,575.114400,450.493300,568.278300,449.468000,-1.171545,0.252688,-2.563383,-1.294975,0.236088,-2.520603,-1.257785,-2.526125,125.262500,0.940211,0.125481,0,1,6.312846,0.030000,0.000246,0.122871,7,4,5,8,4
80,6.959876,0.051281,mother,8,11,8.000000,11.000000,513.174300,261.247400,511.537200,260.390000,1.848072,515.185400,263.148800,507.889000,257.631100,515.185400,254.181700,507.889000,248.140300,-2.253596,0.228971,2.473036,-2.385337,0.242342,2.613928,-2.289908,2.521589,305.271900,0.499983,-0.188915,0,0,5.962844,0.000000,0.000246,0.128921,3,10,9,5,4
80,6.959876,0.051281,older_sister,4,4,4.477983,4.000000,660.206800,483.658000,660.296000,484.180700,0.530257,660.411100,485.607700,660.180900,482.753600,660.411100,472.265900,660.180900,471.425100,0.368534,0.340673,-3.207319,0.364377,0.289267,-3.134442,0.364846,-3.157535,183.462900,0.911564,0.072493,0,1,5.495023,0.003600,0.000086,0.136808,5,4,9,12,4
80,6.959876,0.051281,player,8,2,8.000001,2.339603,879.294600,444.307500,878.145400,443.853900,1.235390,875.458900,442.720200,880.832000,444.987700,875.458900,429.777600,880.832000,433.624600,4.251340,0.330481,-2.112212,4.348356,0.290150,-2.170112,4.320597,-2.152743,305.267300,0.924486,0.112641,0,1,6.300344,0.030000,0.000301,0.125314,3,8,4,9,4
81,7.015551,0.058835,father,4,6,4.000000,5.567321,573.741100,460.632000,575.989100,461.712400,2.494127,582.548000,464.091400,569.430300,459.333400,582.548000,454.831900,569.430300,449.844800,-1.037328,0.236436,-2.657913,-1.274176,0.242285,-2.536421,-1.196340,-2.569579,125.267900,0.040833,0.263527,0,0,6.392846,0.030000,0.000031,0.122871,7,4,5,8,4
81,7.015551,0.058835,mother,8,11,8.013932,11.000000,513.763300,260.953300,513.076100,259.370200,1.725788,513.981800,263.658300,512.170500,255.082100,513.981800,254.688200,512.170500,245.662500,-2.275329,0.229046,2.460027,-2.308033,0.240523,2.679015,-2.279274,2.529099,341.061700,0.517399,-0.217747,1,0,5.976691,0.003846,0.000086,0.128921,5,10,9,5,4
81,7.015551,0.058835,older_sister,5,4,4.521452,4.000000,662.044600,482.738900,665.007600,483.972500,3.209567,670.846300,486.506600,659.168800,481.438400,670.846300,474.498500,659.168800,469.950600,0.556947,0.306620,-3.230272,0.346103,0.293334,-3.100859,0.398026,-3.134066,124.635500,0.965900,0.247032,0,1,5.538223,0.021200,0.000301,0.136808,5,4,9,12,4
81,7.015551,0.058835,player,8,2,8.000001,2.420101,875.891500,442.606200,872.548100,441.140100,3.650681,864.550200,437.482900,880.546000,444.797400,864.550200,425.913000,880.546000,433.080100,4.054378,0.295432,-1.978482,4.343191,0.299192,-2.165252,4.259152,-2.109302,305.260500,0.025109,0.343648,0,1,6.380344,0.030000,0.000110,0.125314,3,8,4,9,4
82,7.069569,0.054364,father,4,5,4.000000,5.486823,577.144200,462.333400,577.129500,462.507000,0.174181,583.667800,464.920900,570.591100,460.093000,583.667800,456.135300,570.591100,449.924000,-1.017109,0.224335,-2.679095,-1.253217,0.259660,-2.555818,-1.134896,-2.613024,125.262700,0.141457,0.263957,0,0,6.472846,0.030000,0.000136,0.122871,7,4,5,8,4
82,7.069569,0.054364,mother,8,11,8.051576,11.000000,515.354700,260.157300,516.061900,258.466500,1.832742,513.088300,263.521700,519.035500,253.411300,513.088300,254.456800,519.035500,244.169600,-2.291461,0.231468,2.463515,-2.184082,0.235981,2.721678,-2.250540,2.549424,14.131800,0.564453,-0.276568,0,0,6.014101,0.003876,0.000193,0.128921,5,10,9,5,4
82,7.069569,0.054364,older_sister,5,4,4.579412,4.000000,664.494800,481.513900,667.775600,480.554200,3.418294,676.668100,478.030300,658.883100,483.078100,676.668100,466.620000,658.883100,471.309200,0.662063,0.291355,-3.013835,0.340944,0.300513,-3.142728,0.442267,-3.102786,70.278460,0.038349,0.345779,0,0,5.595823,0.021600,0.000220,0.136808,5,4,9,12,4
82,7.069569,0.054364,player,8,3,8.000001,2.500600,872.488400,440.904700,872.027000,440.481400,0.626203,863.977200,436.679900,880.076800,444.282800,863.977200,425.782500,880.076800,431.904800,4.044033,0.278259,-1.957978,4.334720,0.316065,-2.152113,4.197707,-2.065856,305.262900,0.125732,0.349430,0,0,6.460344,0.030000,0.000031,0.125314,3,8,4,9,4
83,7.123141,0.053317,father,4,5,4.000000,5.406896,580.523100,464.022800,578.448000,463.214300,2.227063,583.929700,464.976000,572.966300,461.452600,583.929700,456.116000,572.966300,449.866200,-1.012380,0.226234,-2.680500,-1.210330,0.295853,-2.590535,-1.073888,-2.656161,125.262900,0.241365,0.213569,1,0,6.552278,0.029432,0.000246,0.122871,7,4,5,8,4
83,7.123141,0.053317,mother,8,11,8.104666,11.000000,517.599000,259.035200,517.921700,258.712600,0.456292,511.434900,262.090200,524.408600,255.335100,511.434900,252.604900,524.408600,246.430400,-2.321315,0.242202,2.500068,-2.087068,0.227374,2.672557,-2.210018,2.578076,46.565080,0.630814,-0.288691,0,0,6.066861,0.003317,0.000136,0.128921,5,10,9,5,4
83,7.123141,0.053317,older_sister,5,4,4.637371,4.000000,666.944900,480.288800,668.089500,479.877000,1.216372,675.904600,475.758100,660.274200,483.995900,675.904600,464.845700,660.274200,471.756300,0.648278,0.278640,-2.955815,0.366062,0.312532,-3.166164,0.486506,-3.071505,54.736850,0.110797,0.351874,0,0,5.653423,0.021600,0.000164,0.136808,5,4,9,12,4
83,7.123141,0.053317,player,8,3,8.000001,2.581098,869.085300,439.203000,871.594200,440.092700,2.662015,864.805900,437.162400,878.382600,443.023000,864.805900,426.169000,878.382600,429.341900,4.058995,0.280710,-1.970298,4.304130,0.349339,-2.119946,4.136262,-2.022403,305.267800,0.226355,0.286549,1,0,6.540344,0.030000,0.000220,0.125314,3,8,4,9,4
84,7.176650,0.054720,father,4,5,4.000000,5.332299,583.676800,465.599600,581.945900,464.814500,1.900612,585.006000,465.447800,578.885800,464.181300,585.006000,456.531800,578.885800,451.459100,-0.992948,0.227666,-2.692550,-1.103450,0.324854,-2.660208,-1.016947,-2.696425,125.265300,0.334610,0.108897,1,0,6.626412,0.026608,0.000220,0.127723,7,4,5,8,4
84,7.176650,0.054720,mother,8,11,8.159726,11.000000,519.926800,257.871100,518.533400,258.352900,1.474265,511.744700,260.822100,525.322200,255.883800,511.744700,250.558400,525.322200,247.036800,-2.315720,0.262078,2.532449,-2.070571,0.225902,2.658545,-2.167989,2.607800,54.730600,0.699640,-0.272962,0,1,6.121581,0.004720,0.000329,0.121756,5,10,9,5,4
84,7.176650,0.054720,older_sister,5,4,4.695329,4.000000,669.395200,479.063700,668.430900,479.840100,1.238063,675.461400,475.932400,661.400500,483.747900,675.461400,464.996000,661.400500,470.726900,0.640275,0.279253,-2.960266,0.386399,0.332484,-3.159832,0.530747,-3.040221,54.734600,0.183246,0.322509,1,0,5.711023,0.021600,0.000193,0.129654,5,4,9,12,4
84,7.176650,0.054720,player,8,3,8.000001,2.661597,865.682300,437.501500,868.050500,438.457400,2.553845,864.573400,437.070200,871.527500,439.844500,864.573400,425.981800,871.527500,424.329200,4.054798,0.283137,-1.967944,4.180357,0.396176,-2.038785,4.074818,-1.978957,305.262900,0.326978,0.143420,1,0,6.620344,0.030000,0.000136,0.132952,3,8,4,9,4
85,7.278583,0.101909,father,4,5,4.000000,5.267987,586.395500,466.959100,586.161900,466.810800,0.276691,586.159700,465.975800,586.164100,467.645800,586.159700,457.010700,586.164100,456.578400,-0.972116,0.228918,-2.706030,-0.972037,0.282598,-2.748672,-0.967859,-2.731139,125.266400,0.414999,-0.024685,1,0,6.690326,0.022537,0.000110,0.127723,7,4,5,8,4
85,7.278583,0.101909,mother,8,11,8.240225,11.000000,523.329800,256.169800,521.430000,256.925200,2.044523,517.110500,258.115800,525.749400,255.734600,517.110500,246.270800,525.749400,246.756100,-2.218837,0.302454,2.601552,-2.062859,0.229262,2.662353,-2.106544,2.651242,54.739490,0.800263,-0.162462,0,1,6.201581,0.030000,0.000110,0.121756,5,10,9,5,4
85,7.278583,0.101909,older_sister,5,4,4.753288,4.000000,671.845400,477.838600,669.605100,479.347800,2.701216,674.977400,476.181800,664.232800,482.513700,674.977400,465.172500,664.232800,468.128700,0.631536,0.281118,-2.966636,0.437538,0.367313,-3.128318,0.574986,-3.008941,54.736840,0.255695,0.251745,1,0,5.768623,0.021600,0.000164,0.129654,5,4,9,12,4
85,7.278583,0.101909,player,8,3,8.000001,2.742095,862.279100,435.799800,862.262000,435.737000,0.065105,863.830500,436.768500,860.693400,434.705500,863.830500,425.496900,860.693400,421.514400,4.041384,0.287813,-1.960240,3.984741,0.336825,-1.907562,4.013373,-1.935504,305.267400,0.427600,-0.076663,1,0,6.700344,0.030000,0.000301,0.132952,3,8,4,9,4
86,7.330369,0.051535,father,4,5,4.000000,5.214930,588.638500,468.080700,589.962100,468.747200,1.481879,587.041800,466.389700,592.882400,471.104700,587.041800,457.417800,592.882400,461.491000,-0.956190,0.229094,-2.716600,-0.850734,0.245482,-2.836995,-0.927360,-2.759780,125.267800,0.481321,-0.155617,1,0,6.743055,0.018445,0.000000,0.127723,7,4,5,8,4
86,7.330369,0.051535,mother,8,11,8.314127,11.000000,526.454000,254.607600,526.347000,254.639200,0.111568,526.059500,253.946500,526.634600,255.331800,526.059500,243.002200,526.634600,246.152700,-2.057259,0.279458,2.708011,-2.046875,0.234384,2.672639,-2.050135,2.691132,54.733570,0.892641,0.011945,0,1,6.275026,0.023445,0.000246,0.121756,5,10,9,5,4
86,7.330369,0.051535,older_sister,5,4,4.811247,4.000000,674.295700,476.613600,672.239700,477.865500,2.407119,675.205800,476.033900,669.273700,479.697100,675.205800,464.942900,669.273700,464.177700,0.635661,0.283202,-2.962859,0.528554,0.396280,-3.056397,0.619227,-2.977660,54.737680,0.328143,0.141456,1,0,5.826223,0.021600,0.000086,0.129654,5,4,9,12,4
86,7.330369,0.051535,player,8,3,8.000001,2.822594,858.876000,434.098300,856.524000,432.692200,2.740249,863.428800,436.594300,849.619300,428.790200,863.428800,425.188200,849.619300,417.318500,4.034132,0.291247,-1.955791,3.784792,0.292922,-1.756517,3.951928,-1.892059,305.262900,0.528223,-0.318635,1,0,6.780344,0.030000,0.000220,0.132952,3,8,4,9,4
87,7.380974,0.051752,father,4,5,4.000000,5.171615,590.469700,468.996200,592.488900,470.093200,2.297913,587.616300,466.671300,597.361400,473.515200,587.616300,457.682800,597.361400,464.155800,-0.945816,0.229516,-2.723790,-0.769863,0.238988,-2.898545,-0.894296,-2.783156,125.261300,0.535465,-0.244558,0,0,6.786102,0.015051,0.000086,0.127723,7,4,5,8,4
87,7.380974,0.051752,mother,8,11,8.366201,11.000000,528.655500,253.506900,530.503800,252.492000,2.108638,533.718800,249.974400,527.288900,255.009500,533.718800,240.308600,527.288900,245.735200,-1.918966,0.246812,2.809437,-2.035062,0.236815,2.680869,-2.010387,2.719239,54.735320,0.957734,0.169021,0,1,6.326778,0.001752,0.000193,0.121756,5,10,9,5,4
87,7.380974,0.051752,older_sister,5,4,4.869206,4.000000,676.745900,475.388500,675.972700,475.835400,0.893077,675.663600,475.749500,676.281800,475.921200,675.663600,464.523800,676.281800,461.740500,0.643926,0.286641,-2.955598,0.655088,0.362096,-2.959981,0.663468,-2.946380,54.737920,0.400592,-0.006583,1,0,5.883823,0.021600,0.000031,0.129654,5,4,9,12,4
87,7.380974,0.051752,player,8,3,8.000001,2.903092,855.473000,432.397000,854.876700,432.148100,0.646142,863.516700,436.759500,846.236700,427.536700,863.516700,424.716300,846.236700,416.640600,4.035717,0.307514,-1.960009,3.723718,0.278227,-1.724511,3.890484,-1.848616,305.260900,0.628846,-0.390710,0,0,6.860344,0.030000,0.000000,0.132952,3,8,4,9,4
88,7.433111,0.052573,father,4,5,4.000000,5.135858,591.981300,469.752200,593.663600,470.643700,1.903908,587.904200,466.816300,599.422900,474.471200,587.904200,457.686200,599.422900,465.348800,-0.940618,0.233132,-2.727493,-0.732643,0.232933,-2.922955,-0.867004,-2.802459,125.269800,0.580161,-0.282665,0,0,6.821637,0.012483,0.000031,0.127723,7,4,5,8,4
88,7.433111,0.052573,mother,8,11,8.419102,11.000000,530.891800,252.388700,533.351500,251.061800,2.794785,538.646500,247.481700,528.056500,254.641800,538.646500,238.038100,528.056500,245.206600,-1.829993,0.241136,2.873086,-2.021201,0.240922,2.690259,-1.970008,2.747788,54.737770,0.023859,0.261675,0,1,6.379351,0.002573,0.000150,0.121756,5,10,9,5,4
88,7.433111,0.052573,older_sister,5,4,4.927166,4.000000,679.196100,474.163100,680.708300,473.505600,1.648963,676.073900,475.508600,685.342700,471.502500,676.073900,464.167300,685.342700,459.525000,0.651334,0.289595,-2.949445,0.818688,0.305839,-2.847152,0.707707,-2.915087,54.726540,0.473040,-0.195702,1,0,5.941423,0.021600,0.000329,0.129654,5,4,9,12,4
88,7.433111,0.052573,player,8,3,8.000001,2.983591,852.069800,430.695300,854.019500,432.058700,2.379158,861.197800,436.095000,846.841400,428.022500,861.197800,422.653000,846.841400,417.179200,3.993848,0.343231,-1.943041,3.734636,0.276878,-1.736916,3.829039,-1.805163,305.267500,0.729468,-0.330654,0,1,6.940344,0.030000,0.000193,0.132952,3,8,4,9,4
89,7.485352,0.052474,father,4,5,4.000000,5.105693,593.256600,470.389800,594.063700,470.725500,0.874111,588.136400,466.901100,599.990900,474.549900,588.136400,457.531400,599.990900,465.614400,-0.936427,0.239250,-2.729657,-0.722387,0.228162,-2.924966,-0.843978,-2.818739,125.262300,0.617867,-0.287523,0,0,6.851615,0.010612,0.000031,0.127723,7,4,5,8,4
89,7.485352,0.052474,mother,8,11,8.471903,11.000000,533.124000,251.272600,534.471500,250.707500,1.461175,539.973000,247.120000,528.970000,254.295000,539.973000,238.221800,528.970000,244.551200,-1.806044,0.227210,2.882322,-2.004707,0.248801,2.699113,-1.929705,2.776288,54.734660,0.089860,0.267984,0,0,6.431825,0.002474,0.000164,0.121756,5,10,9,5,4
89,7.485352,0.052474,older_sister,5,4,4.985124,4.000000,681.646400,472.938000,684.435700,471.797800,3.013430,676.217700,475.431100,692.653700,468.164400,676.217700,463.973900,692.653700,456.806200,0.653931,0.292552,-2.947465,0.950693,0.290027,-2.761917,0.751948,-2.883807,54.737710,0.545489,-0.349433,0,0,5.999023,0.021600,0.000246,0.129654,5,4,9,12,4
89,7.485352,0.052474,player,8,3,8.000001,3.064089,848.666700,428.993800,850.154700,429.989200,1.790234,853.227800,431.839900,847.081600,428.138600,853.227800,416.675200,847.081600,417.071500,3.849946,0.387223,-1.834391,3.738973,0.282592,-1.739880,3.767594,-1.761718,305.262900,0.830092,-0.145175,0,1,7.020344,0.030000,0.000110,0.132952,3,8,4,9,4
90,7.540694,0.049028,father,4,5,4.000000,5.079575,594.360700,470.941500,594.394000,470.826900,0.119370,588.455300,466.991300,600.332800,474.662500,588.455300,457.301200,600.332800,465.799300,-0.930669,0.247429,-2.731960,-0.716213,0.226318,-2.927840,-0.824042,-2.832827,125.247700,0.650515,-0.288184,0,0,6.877572,0.009274,0.000301,0.120788,7,4,5,8,4
90,7.540694,0.049028,mother,9,11,8.521236,11.000000,535.209700,250.229800,535.204600,250.421000,0.191214,540.533300,246.883300,529.875900,253.958700,540.533300,238.101800,529.875900,243.683200,-1.795927,0.224231,2.888367,-1.988352,0.262379,2.707701,-1.892048,2.802914,54.737390,0.151527,0.261421,0,0,6.480853,0.049028,0.000150,0.124596,5,10,9,5,4
90,7.540694,0.049028,older_sister,5,4,5.003622,4.000000,682.428300,472.547100,685.032400,471.489500,2.810631,676.168300,475.456600,693.896400,467.522300,676.168300,463.888100,693.896400,456.331900,0.653040,0.295395,-2.948118,0.973130,0.285741,-2.745521,0.766068,-2.873824,54.739130,0.568613,-0.378323,0,0,6.017408,0.003600,0.000220,0.137389,5,4,9,9,4
90,7.540694,0.049028,player,8,3,8.000001,3.144588,845.263700,427.292100,843.862700,426.721700,1.512645,840.723100,425.370900,847.002300,428.072600,840.723100,412.599500,847.002300,416.692600,3.624167,0.326108,-1.669208,3.737540,0.290581,-1.738194,3.706150,-1.718265,305.267500,0.930714,0.132398,0,1,7.100344,0.030000,0.000273,0.138398,3,8,4,9,4
91,7.639955,0.103805,father,4,5,4.000000,5.056328,595.343500,471.433200,594.682400,470.914200,0.840414,588.899500,467.121400,600.465300,474.707100,588.899500,457.088700,600.465300,465.872100,-0.922648,0.256179,-2.735283,-0.713820,0.225598,-2.928980,-0.806298,-2.845381,125.279000,0.679573,-0.282349,0,1,6.900674,0.008338,0.000061,0.120788,7,4,5,8,4
91,7.639955,0.103805,mother,9,11,8.601734,11.000000,538.612700,248.528400,536.829800,249.657600,2.110397,540.771600,246.697500,532.888100,252.617700,540.771600,237.836200,532.888100,240.826200,-1.791624,0.226270,2.893110,-1.933966,0.301089,2.741941,-1.830603,2.846360,54.737110,0.252150,0.203498,1,0,6.560853,0.030000,0.000046,0.124596,5,10,9,5,4
91,7.639955,0.103805,older_sister,5,4,5.048701,4.000000,684.334100,471.594100,684.995000,471.230900,0.754080,675.971800,475.449900,694.018000,467.011900,675.971800,463.448200,694.018000,456.105900,0.649492,0.306458,-2.947947,0.975325,0.278480,-2.732488,0.800477,-2.849490,54.731850,0.624961,-0.390436,0,0,6.062208,0.022800,0.000329,0.137389,5,4,9,9,4
91,7.639955,0.103805,player,8,3,8.000001,3.225086,841.860600,425.590600,838.679100,424.179800,3.480221,830.668900,420.503300,846.689300,427.856400,830.668900,409.008800,846.689300,416.114800,3.442634,0.293506,-1.544918,3.731890,0.299814,-1.732673,3.644705,-1.674819,305.263200,0.031337,0.344577,0,0,7.180344,0.030000,0.000220,0.138398,3,8,4,9,4
92,7.691078,0.051945,father,4,5,4.000000,5.035048,596.243200,471.882700,594.995000,471.042300,1.504721,589.541000,467.381700,600.449000,474.702900,589.541000,457.048500,600.449000,465.846000,-0.911065,0.263853,-2.741930,-0.714116,0.226154,-2.928872,-0.790054,-2.856860,125.246300,0.706174,-0.268727,0,1,6.921824,0.007714,0.000329,0.120788,7,4,5,8,4
92,7.691078,0.051945,mother,9,11,8.677957,11.000000,541.835000,246.917300,540.325300,247.723300,1.711379,541.800700,246.108300,538.850000,249.338300,541.800700,237.177100,538.850000,236.669700,-1.773043,0.228055,2.908156,-1.826320,0.323486,2.825679,-1.772423,2.887498,54.736610,0.347426,0.091118,1,0,6.636602,0.025750,0.000000,0.124596,5,10,9,5,4
92,7.691078,0.051945,older_sister,5,4,5.128294,4.000000,687.698900,469.911900,685.305100,470.731700,2.530274,677.394300,474.249700,693.215900,467.213700,677.394300,460.930500,693.215900,456.371200,0.675175,0.340098,-2.917299,0.960842,0.276854,-2.737639,0.861230,-2.806536,54.739060,0.724452,-0.336974,0,1,6.141308,0.030000,0.000110,0.137389,5,4,9,9,4
92,7.691078,0.051945,player,8,3,8.000001,3.305584,838.457500,423.889300,838.198300,423.565400,0.414841,830.175500,419.796400,846.221100,427.334500,830.175500,408.895900,846.221100,414.893000,3.433726,0.278337,-1.526866,3.723436,0.317686,-1.719349,3.583260,-1.631377,305.260400,0.131960,0.347678,0,0,7.260344,0.030000,0.000000,0.138398,3,8,4,9,4
93,7.742728,0.051309,father,4,5,4.000000,5.000000,597.724700,472.623700,595.994000,471.506800,2.059872,591.480500,468.248100,600.507400,474.765400,591.480500,457.150600,600.507400,465.860900,-0.876046,0.283369,-2.764054,-0.713061,0.227371,-2.930469,-0.763304,-2.875781,125.272400,0.749983,-0.229162,0,0,6.956654,0.000000,0.000136,0.120788,7,-1,-1,8,4
93,7.742728,0.051309,mother,9,11,8.729586,11.000000,544.017600,245.825700,543.665400,245.971300,0.381146,542.687900,245.626500,544.642900,246.316100,542.687900,236.661700,544.642900,235.150100,-1.757025,0.228913,2.920457,-1.721725,0.285117,2.902850,-1.733015,2.915371,54.728000,0.411962,-0.018653,1,0,6.687911,0.001309,0.000287,0.124596,5,10,9,5,4
93,7.742728,0.051309,older_sister,5,4,5.208793,4.000000,691.102000,468.210400,689.174200,468.892200,2.044807,685.413700,470.430900,692.934600,467.353600,685.413700,455.278600,692.934600,456.306300,0.819969,0.386905,-2.819788,0.955764,0.282087,-2.741213,0.922675,-2.763091,54.737090,0.825075,-0.156242,0,1,6.221308,0.030000,0.000031,0.137389,5,4,9,9,4
93,7.742728,0.051309,player,8,3,8.000001,3.386083,835.054400,422.187600,837.689800,423.149500,2.805449,831.043600,420.286200,844.335900,426.012800,831.043600,409.287100,844.335900,412.177200,3.449398,0.280855,-1.539374,3.689398,0.353286,-1.685600,3.521816,-1.587924,305.267500,0.232582,0.280382,1,0,7.340343,0.030000,0.000136,0.138398,3,8,4,9,4
94,7.789392,0.049143,father,4,5,4.000000,5.000000,597.724700,472.623700,595.994000,471.506800,2.059872,591.480500,468.248100,600.507400,474.765400,591.480500,457.150600,600.507400,465.860900,-0.876046,0.283369,-2.764054,-0.713061,0.227371,-2.930469,-0.763304,-2.875781,125.272400,0.749983,-0.229162,0,0,6.956654,0.000000,0.000136,0.120788,7,-1,-1,8,4
94,7.789392,0.049143,mother,9,11,8.779035,11.000000,546.108200,244.780500,547.283800,244.186400,1.317257,543.489500,245.199300,551.078000,243.173600,543.489500,236.226400,551.078000,233.482600,-1.742550,0.229117,2.931368,-1.605536,0.247453,2.983092,-1.695269,2.942059,54.738030,0.473774,-0.141736,1,0,6.737054,0.049143,0.000220,0.124596,5,10,9,5,4
94,7.789392,0.049143,older_sister,5,4,5.289291,4.000000,694.505100,466.508700,695.538500,465.869500,1.215077,698.031000,464.412100,693.046000,467.326900,698.031000,451.504300,693.046000,455.960600,1.047783,0.329591,-2.666102,0.957774,0.290233,-2.740532,0.984120,-2.719638,54.732640,0.925698,0.116464,0,1,6.301308,0.030000,0.000246,0.137389,5,4,9,9,4
94,7.789392,0.049143,player,8,3,8.000001,3.466581,831.651300,420.486100,833.942900,421.425000,2.476451,830.715500,420.149200,837.170300,422.700900,830.715500,409.047500,837.170300,407.172500,3.443474,0.283475,-1.535875,3.560019,0.396507,-1.601031,3.460371,-1.544479,305.262900,0.333205,0.132776,1,0,7.420343,0.030000,0.000086,0.138398,3,8,4,9,4
95,7.842833,0.052426,father,4,5,4.000000,5.000000,597.724700,472.623700,595.994000,471.506800,2.059872,591.480500,468.248100,600.507400,474.765400,591.480500,457.150600,600.507400,465.860900,-0.876046,0.283369,-2.764054,-0.713061,0.227371,-2.930469,-0.763304,-2.875781,125.272400,0.749983,-0.229162,0,0,6.956654,0.000000,0.000136,0.120788,7,-1,-1,8,4
95,7.842833,0.052426,mother,9,11,8.831787,11.000000,548.338300,243.665500,550.499500,242.675700,2.377103,544.179900,244.845800,556.819000,240.505600,544.179900,235.850300,556.819000,231.158900,-1.730084,0.229697,2.940392,-1.501879,0.238663,3.051218,-1.655004,2.970531,54.735470,0.539714,-0.250313,0,0,6.789480,0.002426,0.000246,0.124596,5,10,9,5,4
95,7.842833,0.052426,older_sister,5,4,5.369790,4.000000,697.908200,464.807200,700.952800,463.084300,3.498273,708.500700,458.971500,693.404800,467.197000,708.500700,447.416000,693.404800,455.475000,1.236818,0.295060,-2.527179,0.964253,0.299316,-2.737215,1.045564,-2.676192,54.737090,0.026320,0.343812,0,1,6.381308,0.030000,0.000136,0.137389,5,4,9,9,4
95,7.842833,0.052426,player,8,4,8.000001,3.547080,828.248200,418.784300,828.019700,418.613400,0.285370,829.964900,419.839300,826.074500,417.387500,829.964900,408.557400,826.074500,404.412400,3.429922,0.288076,-1.527962,3.359679,0.331310,-1.465357,3.398926,-1.501025,305.267900,0.433828,-0.093499,1,0,7.500343,0.030000,0.000273,0.138398,3,8,4,9,4
96,7.882226,0.041518,father,4,5,4.000000,5.000000,597.724700,472.623700,595.994000,471.506800,2.059872,591.480500,468.248100,600.507400,474.765400,591.480500,457.150600,600.507400,465.860900,-0.876046,0.283369,-2.764054,-0.713061,0.227371,-2.930469,-0.763304,-2.875781,125.272400,0.749983,-0.229162,0,0,6.956654,0.000000,0.000136,0.123154,7,-1,-1,8,4
96,7.882226,0.041518,mother,9,11,8.873563,11.000000,550.104400,242.782700,551.452000,242.108600,1.506801,544.472600,244.696900,558.431300,239.520300,544.472600,235.508500,558.431300,230.515600,-1.724800,0.234619,2.944197,-1.472769,0.229930,3.076376,-1.623116,2.993073,54.743080,0.591935,-0.282101,0,0,6.830998,0.041518,0.000031,0.123075,5,10,9,5,4
96,7.882226,0.041518,older_sister,5,4,5.450288,4.000000,701.311300,463.105500,701.991200,462.958800,0.695583,709.733600,458.860600,694.248700,467.056900,709.733600,447.963000,694.248700,454.666700,1.259080,0.278266,-2.524349,0.979491,0.316376,-2.733637,1.107009,-2.632739,54.732220,0.126944,0.349117,0,0,6.461308,0.030000,0.000301,0.129229,5,4,9,9,4
96,7.882226,0.041518,player,8,4,8.000001,3.625618,824.928000,417.124300,822.542100,415.694300,2.781603,829.605500,419.683000,815.478600,411.705600,829.605500,408.267800,815.478600,400.258600,3.423433,0.291482,-1.523972,3.168365,0.292291,-1.320273,3.338977,-1.458636,305.263400,0.532001,-0.325867,0,0,7.578395,0.028471,0.000193,0.140321,3,8,4,9,4
97,7.964476,0.081160,father,4,5,4.000000,5.000000,597.724700,472.623700,595.994000,471.506800,2.059872,591.480500,468.248100,600.507400,474.765400,591.480500,457.150600,600.507400,465.860900,-0.876046,0.283369,-2.764054,-0.713061,0.227371,-2.930469,-0.763304,-2.875781,125.272400,0.749983,-0.229162,0,0,6.956654,0.000000,0.000136,0.123154,7,-1,-1,8,4
97,7.964476,0.081160,mother,9,11,8.954062,11.000000,553.507400,241.081000,552.278600,241.485900,1.293870,545.405500,244.006500,559.151700,238.965200,545.405500,233.818100,559.151700,230.126300,-1.707956,0.260155,2.961823,-1.459761,0.225697,3.090550,-1.561671,3.036526,54.732970,0.692558,-0.276969,0,1,6.910998,0.030000,0.000136,0.123075,5,10,9,5,4
97,7.964476,0.081160,older_sister,6,4,5.530787,4.000000,704.714400,461.404200,702.662400,462.793000,2.477760,708.806600,459.258000,696.518300,466.328000,708.806600,448.263300,696.518300,452.616900,1.242341,0.280742,-2.534495,1.020470,0.350107,-2.715025,1.168454,-2.589297,54.739440,0.227566,0.285385,1,0,6.541307,0.030000,0.000110,0.129229,5,4,9,9,4
97,7.964476,0.081160,player,8,4,8.000000,3.696234,821.942700,415.631600,821.112700,415.228300,0.922738,829.729600,419.833700,812.495800,410.622900,829.729600,407.880000,812.495800,399.704900,3.425673,0.305229,-1.527819,3.114509,0.278785,-1.292628,3.285076,-1.420520,305.266200,0.620271,-0.389852,0,0,7.648574,0.024967,0.000273,0.140321,3,8,4,9,4
98,7.999600,0.037118,father,4,5,4.000000,5.000000,597.724700,472.623700,595.994000,471.506800,2.059872,591.480500,468.248100,600.507400,474.765400,591.480500,457.150600,600.507400,465.860900,-0.876046,0.283369,-2.764054,-0.713061,0.227371,-2.930469,-0.763304,-2.875781,125.272400,0.749983,-0.229162,0,0,6.956654,0.000000,0.000136,0.123154,7,-1,-1,8,4
98,7.999600,0.037118,mother,9,11,8.992578,11.000000,555.135700,240.266900,553.123500,241.035900,2.154143,547.053100,243.088800,559.193900,238.983000,547.053100,232.152900,559.193900,230.088500,-1.678208,0.279243,2.985256,-1.458998,0.227115,3.090097,-1.532272,3.057312,54.737660,0.740704,-0.239515,0,1,6.949276,0.038278,0.000046,0.123075,5,10,9,5,4
98,7.999600,0.037118,older_sister,6,4,5.611285,4.000000,708.117400,459.702700,706.062000,460.954300,2.406564,709.026200,459.123700,703.097600,462.785000,709.026200,448.032600,703.097600,447.265400,1.246308,0.283204,-2.531065,1.139262,0.396284,-2.624557,1.229898,-2.545851,54.737110,0.328189,0.141379,1,0,6.621307,0.030000,0.000031,0.129229,5,4,9,9,4
98,7.999600,0.037118,player,8,4,8.000000,3.755723,819.427800,414.374200,820.687600,415.325200,1.578462,828.782700,419.741000,812.592700,410.909400,828.782700,406.876300,812.592700,400.092400,3.408576,0.328493,-1.525452,3.116256,0.276207,-1.299943,3.239668,-1.388415,305.261500,0.694632,-0.368876,0,1,7.707695,0.020755,0.000164,0.140321,3,8,4,9,4
99,8.035330,0.035539,father,4,5,4.000000,5.000000,597.724700,472.623700,595.994000,471.506800,2.059872,591.480500,468.248100,600.507400,474.765400,591.480500,457.150600,600.507400,465.860900,-0.876046,0.283369,-2.764054,-0.713061,0.227371,-2.930469,-0.763304,-2.875781,125.272400,0.749983,-0.229162,0,0,6.956654,0.000000,0.000136,0.123154,7,-1,-1,8,4
99,8.035330,0.035539,mother,9,11,9.028339,11.000000,556.647600,239.511000,554.625900,240.290300,2.166666,549.802000,241.704200,559.449900,238.876300,549.802000,230.053500,559.449900,229.925600,-1.628575,0.297492,3.020612,-1.454377,0.228553,3.092820,-1.504974,3.076615,54.735080,0.785404,-0.183920,0,1,6.984816,0.035539,0.000098,0.123075,5,10,9,5,4
99,8.035330,0.035539,older_sister,6,4,5.691783,4.000000,711.520500,458.001000,711.650700,457.990400,0.130616,709.678700,458.728300,713.622600,457.252500,709.678700,447.454700,713.622600,444.103500,1.258088,0.287864,-2.520971,1.329297,0.335752,-2.483287,1.291343,-2.502399,54.732610,0.428812,-0.079898,1,0,6.701307,0.030000,0.000220,0.129229,5,4,9,9,4
99,8.035330,0.035539,player,8,4,8.000000,3.804414,817.369400,413.345100,819.398800,414.831100,2.515350,825.635100,418.464200,813.162500,411.198100,825.635100,404.435300,813.162500,400.326100,3.351745,0.358219,-1.492850,3.126545,0.277611,-1.307315,3.202503,-1.362136,305.263500,0.755495,-0.290994,0,1,7.756084,0.016910,0.000136,0.140321,3,8,4,9,4
100,8.084004,0.037771,father,4,5,4.000000,5.000000,597.724700,472.623700,595.994000,471.506800,2.059872,591.480500,468.248100,600.507400,474.765400,591.480500,457.150600,600.507400,465.860900,-0.876046,0.283369,-2.764054,-0.713061,0.227371,-2.930469,-0.763304,-2.875781,125.272400,0.749983,-0.229162,0,0,6.956654,0.000000,0.000153,0.123154,7,1,2,7,4
100,8.084004,0.037771,mother,9,11,9.066345,11.000000,558.254300,238.707400,556.801100,239.349100,1.588565,553.747700,240.002100,559.854400,238.696100,553.747700,227.974500,559.854400,229.635600,-1.557332,0.307116,3.064075,-1.447073,0.231356,3.097421,-1.475964,3.097134,54.728390,0.832912,-0.109274,0,1,7.022587,0.037771,0.000301,0.123075,5,10,9,5,4
100,8.084004,0.037771,older_sister,6,4,5.772282,4.000000,714.923600,456.299500,717.596900,455.195400,2.892331,710.037900,458.522500,725.155900,451.868300,710.037900,447.113600,725.155900,440.404700,1.264573,0.291319,-2.515714,1.537537,0.292716,-2.345804,1.352788,-2.458952,54.736670,0.529434,-0.320972,0,0,6.781307,0.030000,0.000110,0.129229,5,4,9,9,4
100,8.084004,0.037771,player,8,4,8.000000,3.844275,815.684200,412.502500,817.424200,413.773500,2.154779,821.598800,416.305200,813.249500,411.241800,821.598800,401.349500,813.249500,400.265300,3.278866,0.381885,-1.437721,3.128116,0.280279,-1.308430,3.172076,-1.340621,305.263900,0.805322,-0.197733,0,1,7.795699,0.013871,0.000136,0.140321,3,8,4,9,4
101,8.125728,0.047031,father,4,5,4.000000,4.991097,598.101100,472.812000,596.355500,471.676200,2.082609,592.155000,468.556600,600.556000,474.795900,592.155000,457.275700,600.556000,465.878200,-0.863869,0.288050,-2.771930,-0.712184,0.227707,-2.931246,-0.756508,-2.880588,125.271200,0.761112,-0.215837,0,1,6.965502,0.008848,0.000086,0.123154,7,1,2,7,4
101,8.125728,0.047031,mother,9,11,9.113670,11.000000,560.254900,237.707000,560.133500,237.745800,0.127436,559.817000,237.067500,560.450100,238.424000,559.817000,226.108900,560.450100,229.245700,-1.447749,0.279821,3.139007,-1.436318,0.234362,3.104370,-1.439841,3.122677,54.734640,0.892068,0.010666,0,1,7.069618,0.047031,0.000315,0.123075,5,10,9,5,4
101,8.125728,0.047031,older_sister,6,4,5.852780,4.000000,718.326700,454.597800,718.816400,454.298700,0.573791,709.786900,458.522200,727.845900,450.075300,709.786900,446.465800,727.845900,439.182200,1.260040,0.307851,-2.515706,1.586107,0.278149,-2.300020,1.414232,-2.415499,54.732520,0.630057,-0.390758,0,0,6.861307,0.030000,0.000301,0.129229,5,4,9,9,4
101,8.125728,0.047031,player,8,4,8.000000,3.877455,814.281500,411.801100,815.425300,412.571000,1.378791,817.630200,413.944100,813.220300,411.197800,817.630200,398.937400,813.220300,400.068700,3.207213,0.383187,-1.377433,3.127589,0.284175,-1.307308,3.146749,-1.322711,305.266600,0.846798,-0.105499,0,1,7.828674,0.011618,0.000193,0.140321,3,8,4,9,4
102,8.166706,0.041395,father,4,5,4.000000,4.968528,599.055200,473.288800,597.356900,472.216900,2.008300,593.983300,469.539000,600.730600,474.894600,593.983300,457.835200,600.730600,465.937100,-0.830858,0.298850,-2.797016,-0.709031,0.228725,-2.933768,-0.739280,-2.892764,125.252600,0.789323,-0.178417,0,1,6.987931,0.022429,0.000273,0.112018,7,1,2,7,4
102,8.166706,0.041395,mother,9,11,9.155323,11.000000,562.015900,236.826800,563.429600,236.053900,1.611185,565.902800,233.936800,560.956300,238.170900,565.902800,224.102900,560.956300,228.919300,-1.337866,0.251103,3.218948,-1.427178,0.236236,3.110832,-1.408047,3.145153,54.743820,0.944135,0.135338,0,1,7.111013,0.041395,0.000123,0.131520,5,10,9,5,4
102,8.166706,0.041395,older_sister,6,4,5.933279,4.000000,721.729800,452.896500,719.245800,453.746900,2.625507,711.505500,457.167500,726.986100,450.326300,711.505500,443.695900,726.986100,439.482700,1.291072,0.343990,-2.481117,1.570582,0.276886,-2.306431,1.475677,-2.372058,54.739590,0.730681,-0.329075,0,1,6.941307,0.030000,0.000086,0.125305,5,4,9,9,4
102,8.166706,0.041395,player,8,4,8.000000,3.905747,813.085400,411.203300,813.321800,411.457800,0.347292,813.466800,411.754200,813.176900,411.161300,813.466800,397.529500,813.176900,399.915700,3.132039,0.363218,-1.321513,3.126804,0.287153,-1.306377,3.125154,-1.307449,305.251700,0.882162,-0.013012,0,1,7.856791,0.009990,0.000061,0.135051,3,8,4,9,4
103,8.261453,0.086978,father,4,5,4.000000,4.893414,602.230800,474.876600,601.923600,474.698500,0.355055,602.283100,474.039700,601.564100,475.357400,602.283100,462.868100,601.564100,466.192500,-0.680999,0.285260,-2.911937,-0.693982,0.234020,-2.945583,-0.681945,-2.933307,125.264700,0.883217,-0.008825,0,1,7.062581,0.030000,0.000273,0.112018,7,1,2,7,4
103,8.261453,0.086978,mother,9,11,9.235822,11.000000,565.418900,235.125400,567.545500,234.031800,2.391289,572.919400,230.451800,562.171800,237.611700,572.919400,221.232300,562.171800,228.109100,-1.211179,0.235416,3.307935,-1.405232,0.242645,3.125110,-1.346603,3.188600,54.736010,0.044757,0.263998,0,0,7.191013,0.030000,0.000015,0.131520,5,10,9,5,4
103,8.261453,0.086978,older_sister,6,4,6.000000,4.000000,724.550500,451.486000,722.418700,452.196700,2.247101,718.087600,453.956300,726.749800,450.437000,718.087600,438.896400,726.749800,439.431900,1.409915,0.384545,-2.399120,1.566315,0.281009,-2.309257,1.526606,-2.336044,54.733890,0.814081,-0.179582,0,1,7.007615,0.016308,0.000193,0.125305,5,4,9,9,4
103,8.261453,0.086978,player,8,4,8.000000,3.930528,812.037800,410.679300,811.307700,410.429800,0.771551,809.423300,409.692100,813.192100,411.167500,809.423300,396.400000,813.192100,399.834700,3.059032,0.339405,-1.268859,3.127081,0.289374,-1.306532,3.106238,-1.294066,305.277800,0.913138,0.077310,0,1,7.881418,0.008836,0.000164,0.135051,3,8,4,9,4
104,8.315722,0.050757,father,4,5,4.000000,4.835319,604.686700,476.104600,606.592800,476.969800,2.093299,610.912200,478.223200,602.273400,475.716300,610.912200,468.538400,602.273400,466.445400,-0.525195,0.247297,-3.018762,-0.681175,0.236728,-2.954750,-0.637601,-2.964663,125.265100,0.955834,0.164314,0,1,7.120316,0.007735,0.000220,0.112018,7,1,2,7,4
104,8.315722,0.050757,mother,9,11,9.293917,11.000000,567.874900,233.897300,568.679900,233.672300,0.835919,574.195300,230.101300,563.164600,237.243300,574.195300,221.294500,563.164600,227.301100,-1.188140,0.224875,3.316887,-1.387305,0.253868,3.134518,-1.302259,3.219955,54.735360,0.117374,0.267909,0,0,7.248748,0.007735,0.000086,0.131520,5,10,9,5,4
104,8.315722,0.050757,older_sister,6,4,6.000000,4.025760,723.461400,450.941700,722.612600,451.897000,1.277985,721.130000,453.719500,724.095300,450.074500,721.130000,438.704300,724.095300,438.947300,1.464847,0.383406,-2.393075,1.518387,0.284127,-2.300000,1.506943,-2.322143,23.863750,0.846281,-0.106779,0,1,7.033215,0.015600,0.000061,0.125305,3,4,9,9,4
104,8.315722,0.050757,player,8,4,8.000000,3.952847,811.094300,410.207200,809.225200,409.431200,2.023824,805.305800,407.718800,813.144500,411.143600,805.305800,395.212100,813.144500,399.735400,2.984688,0.319351,-1.218473,3.126221,0.291300,-1.305922,3.089202,-1.282012,305.283400,0.941037,0.166047,0,1,7.903599,0.008041,0.000437,0.135051,3,8,4,9,4
105,8.369438,0.054580,father,4,5,4.000000,4.780399,607.008400,477.265500,609.585600,478.458500,2.839881,616.124500,480.796400,603.046700,476.120800,616.124500,471.359500,603.046700,466.683700,-0.431086,0.240965,-3.084465,-0.667213,0.240971,-2.965076,-0.595681,-2.994308,125.266500,0.024484,0.261724,0,1,7.174895,0.004580,0.000136,0.112018,7,1,2,7,4
105,8.369438,0.054580,mother,9,11,9.348837,11.000000,570.196700,232.736400,569.434100,233.345600,0.975981,574.425600,229.910700,564.442700,236.780500,574.425600,221.119800,564.442700,226.121900,-1.183982,0.224470,3.321753,-1.364229,0.272162,3.146336,-1.260338,3.249600,54.733410,0.186025,0.248451,1,0,7.303328,0.004580,0.000123,0.131520,5,10,9,5,4
105,8.369438,0.054580,older_sister,6,4,6.000000,4.098108,720.402900,449.412400,719.924900,448.089000,1.407170,718.975300,445.185600,720.874300,450.992300,718.975300,432.570600,720.874300,439.596100,1.425944,0.322119,-2.175167,1.460231,0.290995,-2.323435,1.451719,-2.283095,350.668800,0.936715,0.151866,0,1,7.105115,0.030000,0.000000,0.125305,3,4,9,9,4
105,8.369438,0.054580,player,8,4,8.000000,4.000000,809.100900,409.211000,805.152100,407.511600,4.298968,797.188800,403.895300,813.115400,411.127800,797.188800,392.020300,813.115400,399.511400,2.838132,0.303221,-1.120843,3.125695,0.296619,-1.305520,3.053210,-1.256575,305.249600,0.999979,0.341422,0,0,7.950460,0.000000,0.000061,0.135051,3,-1,-1,9,4
106,8.419700,0.051268,father,4,5,4.000000,4.728812,609.189300,478.356100,610.411600,479.073700,1.417367,617.028300,481.544900,603.795000,476.602500,617.028300,472.642700,603.795000,466.864800,-0.414768,0.227311,-3.103578,-0.653701,0.248646,-2.977377,-0.556304,-3.022154,125.267100,0.088967,0.267948,0,0,7.226163,0.001268,0.000031,0.112018,7,1,2,7,4
106,8.419700,0.051268,mother,9,11,9.400423,11.000000,572.377400,231.645800,570.592700,232.774400,2.111626,574.571400,229.797100,566.614000,235.751700,574.571400,220.935700,566.614000,223.990700,-1.181350,0.226270,3.324652,-1.325025,0.300310,3.172606,-1.220963,3.277447,54.732170,0.250508,0.205097,1,0,7.354595,0.001268,0.000273,0.131520,5,10,9,5,4
106,8.419700,0.051268,older_sister,6,4,6.000000,4.178607,716.999800,447.710700,714.543200,445.869200,3.070227,708.050800,440.890500,721.035500,450.847900,708.050800,429.468300,721.035500,439.083000,1.228695,0.291660,-2.065493,1.463142,0.300410,-2.319749,1.390274,-2.239642,319.488200,0.037338,0.345602,0,0,7.185115,0.030000,0.000164,0.125305,3,4,9,9,4
106,8.419700,0.051268,player,8,4,8.000000,4.000000,809.100900,409.211000,805.152100,407.511600,4.298968,797.188800,403.895300,813.115400,411.127800,797.188800,392.020300,813.115400,399.511400,2.838132,0.303221,-1.120843,3.125695,0.296619,-1.305520,3.053210,-1.256575,305.249600,0.999979,0.341422,0,0,7.950460,0.000000,0.000061,0.135051,3,-1,-1,9,4
107,8.473930,0.052511,father,4,5,4.000000,4.675974,611.423000,479.473000,611.083300,479.495100,0.340506,617.558200,481.852900,604.608200,477.137500,617.558200,473.072200,604.608200,466.823800,-0.405199,0.224208,-3.111443,-0.639019,0.263353,-2.991037,-0.515973,-3.050673,125.265400,0.155015,0.260429,1,0,7.278674,0.002511,0.000031,0.112018,7,1,2,7,4
107,8.473930,0.052511,mother,9,11,9.453261,11.000000,574.611200,230.529000,572.875900,231.518100,1.997389,575.253500,229.409800,570.498300,233.626400,575.253500,220.516400,570.498300,220.940400,-1.169034,0.227086,3.334543,-1.254892,0.323928,3.226875,-1.180631,3.305966,54.735540,0.316555,0.132265,1,0,7.407106,0.002511,0.000273,0.131520,5,10,9,5,4
107,8.473930,0.052511,older_sister,6,4,6.000000,4.259105,713.596700,446.009200,713.532800,445.781600,0.236460,705.542100,442.048000,721.523600,449.515100,705.542100,431.142800,721.523600,437.010000,1.183398,0.278459,-2.095049,1.471954,0.319312,-2.285717,1.328830,-2.196196,305.263400,0.137960,0.345687,0,0,7.265115,0.030000,0.000110,0.125305,3,4,9,9,4
107,8.473930,0.052511,player,8,4,8.000000,4.000000,809.100900,409.211000,805.152100,407.511600,4.298968,797.188800,403.895300,813.115400,411.127800,797.188800,392.020300,813.115400,399.511400,2.838132,0.303221,-1.120843,3.125695,0.296619,-1.305520,3.053210,-1.256575,305.249600,0.999979,0.341422,0,0,7.950460,0.000000,0.000061,0.135051,3,7,3,3,4
108,8.526888,0.054012,father,4,5,3.999999,4.621625,613.720600,480.621700,611.895600,479.958100,1.941896,617.686100,481.871100,606.105100,478.045200,617.686100,473.032100,606.105100,466.853900,-0.402890,0.225698,-3.111907,-0.611991,0.285764,-3.014216,-0.474489,-3.080005,125.262000,0.222950,0.227134,1,0,7.332685,0.004012,0.000110,0.125880,7,1,2,7,4
108,8.526888,0.054012,mother,10,11,9.507609,11.000000,576.908800,229.380200,575.956900,229.844500,1.059066,576.127400,228.918700,575.786400,230.770300,576.127400,219.957200,575.786400,218.797900,-1.153256,0.228827,3.347083,-1.159411,0.305707,3.299804,-1.139147,3.335298,54.737330,0.384491,0.032322,1,0,7.461118,0.004012,0.000193,0.128801,5,10,9,5,4
108,8.526888,0.054012,older_sister,6,4,6.000000,4.339603,710.193600,444.307500,712.914400,445.315300,2.901410,706.416700,442.524900,719.412100,448.105600,706.416700,431.522100,719.412100,434.127700,1.199190,0.280950,-2.107226,1.433830,0.356919,-2.249726,1.267385,-2.152743,305.267300,0.238584,0.273854,1,0,7.345115,0.030000,0.000273,0.130930,3,4,9,9,4
108,8.526888,0.054012,player,8,4,8.000000,3.988258,809.597300,409.459000,809.268100,406.480900,2.996285,808.737200,399.777200,809.799100,413.184500,808.737200,388.080200,809.799100,401.509400,3.046644,0.298676,-1.015689,3.065816,0.298116,-1.358036,3.062174,-1.262908,359.259200,0.014656,0.342566,0,1,7.962129,0.001669,0.000136,0.143320,7,7,3,3,4
109,8.624986,0.098456,father,4,5,3.999999,4.541127,617.123700,482.323000,615.284200,481.508700,2.011700,618.681900,482.296600,611.886400,480.720800,618.681900,473.394200,611.886400,468.005100,-0.384910,0.227318,-3.122774,-0.507606,0.324688,-3.082535,-0.413044,-3.123446,125.260500,0.323573,0.123415,1,0,7.412685,0.030000,0.000329,0.125880,7,1,2,7,4
109,8.624986,0.098456,mother,10,11,9.588108,11.000000,580.311900,227.678600,581.719000,226.986300,1.568194,577.440700,228.221000,585.997300,225.751700,577.440700,219.250200,585.997300,216.168200,-1.129542,0.229064,3.364898,-0.975050,0.244709,3.427950,-1.077702,3.378746,54.735490,0.485113,-0.162545,1,0,7.541118,0.030000,0.000246,0.128801,5,10,9,5,4
109,8.624986,0.098456,older_sister,6,4,6.000000,4.420102,706.790500,442.606200,709.001000,443.523900,2.393388,706.020400,442.358200,711.981800,444.689500,706.020400,431.244000,711.981800,429.166700,1.192034,0.283796,-2.102971,1.299670,0.396366,-2.162498,1.205940,-2.109302,305.260600,0.339207,0.122254,1,0,7.425115,0.030000,0.000086,0.130930,3,4,9,9,4
109,8.624986,0.098456,player,8,4,8.000000,3.928043,812.142900,410.731900,814.083100,410.983800,1.956469,823.782500,411.719100,804.383700,410.248500,823.782500,400.738000,804.383700,398.172900,3.318295,0.280394,-1.320617,2.968040,0.308343,-1.283066,3.108136,-1.295409,97.710870,0.089925,0.352127,0,0,8.021972,0.028238,0.000110,0.143320,7,7,3,3,4
110,8.677158,0.052864,father,4,4,3.999999,4.469363,620.157500,483.840200,619.879600,483.670200,0.325759,619.954900,482.874100,619.804400,484.466400,619.954900,473.909100,619.804400,473.343000,-0.361925,0.228915,-3.137519,-0.364643,0.284029,-3.178177,-0.358267,-3.162188,125.270000,0.413278,-0.021258,1,0,7.484005,0.021320,0.000031,0.125880,7,1,2,7,4
110,8.677158,0.052864,mother,10,11,9.659871,11.000000,583.345700,226.161800,585.254800,225.276700,2.104272,578.233000,227.821600,592.276600,222.731800,578.233000,218.714600,592.276600,213.557500,-1.115238,0.232542,3.375095,-0.861674,0.234262,3.505060,-1.022925,3.417477,54.737420,0.574819,-0.282071,0,0,7.612437,0.021320,0.000150,0.128801,5,10,9,5,4
110,8.677158,0.052864,older_sister,6,5,6.000000,4.500600,703.387500,440.904700,702.948700,440.625100,0.520276,705.263900,442.042600,700.633600,439.207600,705.263900,430.750700,700.633600,426.438600,1.178375,0.288332,-2.094911,1.094773,0.326047,-2.022519,1.144496,-2.065856,305.262900,0.439829,-0.110056,1,0,7.505115,0.030000,0.000000,0.130930,3,4,9,9,4
110,8.677158,0.052864,player,8,4,8.000000,3.856279,815.176800,412.248700,813.930100,411.909700,1.291910,821.531500,415.328500,806.328700,408.490800,821.531500,404.396000,806.328700,395.509800,3.277653,0.279155,-1.412783,3.003158,0.331462,-1.238186,3.162914,-1.334140,125.262300,0.179630,0.324929,1,0,8.093291,0.021320,0.000246,0.143320,7,7,3,3,4
111,8.726532,0.051059,father,4,4,3.999999,4.417986,622.329500,484.926000,623.582800,485.551200,1.400587,620.816200,483.277900,626.349400,487.824500,620.816200,474.305200,626.349400,478.174500,-0.346374,0.229113,-3.147831,-0.246469,0.246406,-3.263923,-0.319050,-3.189913,125.259700,0.477499,-0.148595,1,0,7.535064,0.001059,0.000220,0.125880,7,1,2,7,4
111,8.726532,0.051059,mother,10,11,9.711248,11.000000,585.517700,225.075900,585.683300,224.883400,0.253907,578.579700,227.573700,592.787000,222.193200,578.579700,218.007100,592.787000,213.307100,-1.108977,0.244278,3.381427,-0.852457,0.226901,3.518814,-0.983708,3.445206,54.736140,0.639039,-0.288769,0,0,7.663496,0.001059,0.000136,0.128801,5,10,9,5,4
111,8.726532,0.051059,older_sister,6,5,6.000000,4.581099,699.984400,439.203000,697.545000,437.733500,2.847772,704.945200,441.904400,690.144800,433.562500,704.945200,430.464900,690.144800,422.169700,1.172622,0.292103,-2.091383,0.905392,0.290908,-1.878375,1.083051,-2.022403,305.267800,0.540452,-0.341174,0,0,7.585114,0.030000,0.000164,0.130930,3,4,9,9,4
111,8.726532,0.051059,player,8,4,8.000000,3.804902,817.348700,413.334900,814.591800,412.315400,2.939354,820.947800,415.031300,808.235800,409.599500,820.947800,404.026200,808.235800,395.498000,3.267113,0.281008,-1.405194,3.037591,0.360076,-1.266497,3.202129,-1.361877,125.271600,0.243851,0.267479,1,0,8.144350,0.001059,0.000031,0.143320,7,7,3,3,4
112,8.768381,0.048110,father,4,4,3.999999,4.369576,624.376000,485.949400,626.408600,487.055400,2.314024,621.459300,483.592100,631.358000,490.518600,621.459300,474.599600,631.358000,481.166700,-0.334763,0.229620,-3.155853,-0.156037,0.238796,-3.332718,-0.282100,-3.216044,125.267000,0.538011,-0.248044,0,0,7.583173,0.048110,0.000110,0.125880,7,1,2,7,4
112,8.768381,0.048110,mother,10,11,9.759658,11.000000,587.564200,224.052600,586.172900,224.533300,1.472027,579.382900,227.003000,592.963000,222.063700,579.382900,216.740200,592.963000,213.216900,-1.094476,0.262055,3.395999,-0.849280,0.225899,3.522120,-0.946757,3.471337,54.733080,0.699551,-0.273017,0,1,7.711606,0.048110,0.000179,0.128801,5,10,9,5,4
112,8.768381,0.048110,older_sister,6,5,6.000000,4.661597,696.581300,437.501500,696.336800,437.478500,0.245593,704.969400,442.088900,687.704200,432.868000,704.969400,429.906800,687.704200,422.002500,1.173058,0.311061,-2.096092,0.861327,0.277445,-1.860643,1.021606,-1.978957,305.262900,0.641075,-0.390464,0,0,7.665114,0.030000,0.000110,0.130930,3,4,9,9,4
112,8.768381,0.048110,player,8,4,8.000000,3.756492,819.395300,414.357900,816.809000,413.374700,2.766833,821.153300,415.141200,812.464700,411.608300,821.153300,404.097300,812.464700,396.289000,3.270823,0.281998,-1.407999,3.113945,0.391170,-1.317788,3.239082,-1.388000,125.258000,0.304363,0.180175,1,0,8.192460,0.048110,0.000193,0.143320,7,7,3,3,4
113,8.810215,0.042467,father,4,4,3.999999,4.326845,626.182500,486.852600,627.544200,487.535000,1.523117,621.767400,483.744200,633.321000,491.325800,621.767400,474.558700,633.321000,482.316900,-0.329200,0.234547,-3.159737,-0.120593,0.230036,-3.353328,-0.249483,-3.239108,125.265400,0.591425,-0.282098,0,0,7.625640,0.042467,0.000110,0.125880,7,1,2,7,4
113,8.810215,0.042467,mother,10,11,9.802389,11.000000,589.370700,223.149300,587.293200,223.932300,2.220150,581.519400,225.811700,593.067000,222.052800,581.519400,214.663800,593.067000,213.144900,-1.055899,0.284655,3.426417,-0.847401,0.227458,3.522399,-0.914140,3.494401,54.735770,0.752965,-0.225654,0,1,7.754073,0.042467,0.000164,0.128801,5,10,9,5,4
113,8.810215,0.042467,older_sister,6,5,6.000000,4.742095,693.178200,435.799800,695.214800,437.239100,2.493942,701.988800,441.098500,688.440900,433.379700,701.988800,427.373500,688.440900,422.528400,1.119242,0.350460,-2.070804,0.874627,0.277081,-1.873709,0.960162,-1.935504,305.267400,0.741697,-0.313522,0,1,7.745114,0.030000,0.000246,0.130930,3,4,9,9,4
113,8.810215,0.042467,player,8,4,8.000000,3.713760,821.201800,415.261000,819.294800,414.441200,2.075739,821.470000,415.244300,817.119600,413.638100,821.470000,404.091300,817.119600,398.265800,3.276542,0.284784,-1.410632,3.197993,0.392522,-1.369619,3.271699,-1.411060,125.259800,0.357778,0.087815,1,0,8.234927,0.042467,0.000329,0.143320,7,7,3,3,4
114,8.851574,0.042040,father,4,4,3.999999,4.284543,627.970800,487.746600,628.155900,487.719600,0.187071,622.206100,483.881400,634.105800,491.557900,622.206100,474.259700,634.105800,482.683000,-0.321279,0.245684,-3.163239,-0.106423,0.226616,-3.359254,-0.217194,-3.261935,125.258400,0.644301,-0.288594,0,0,7.667680,0.042040,0.000273,0.121252,7,1,2,7,4
114,8.851574,0.042040,mother,10,11,9.844690,11.000000,591.159000,222.255300,589.319500,222.997100,1.983488,585.201300,224.100400,593.437600,221.893900,585.201300,212.195300,593.437600,212.903400,-0.989421,0.303990,3.470114,-0.840710,0.229567,3.526457,-0.881852,3.517227,54.741290,0.805841,-0.153956,0,1,7.796112,0.042040,0.000046,0.116353,5,10,9,5,4
114,8.851574,0.042040,older_sister,6,5,6.000000,4.822594,689.775100,434.098300,691.027000,434.931200,1.503640,693.476300,436.432700,688.577600,433.429700,693.476300,421.357400,688.577600,422.317000,0.965545,0.384939,-1.951666,0.877095,0.283757,-1.874986,0.898717,-1.892059,305.262800,0.842320,-0.116490,0,1,7.825114,0.030000,0.000164,0.131735,3,4,9,9,4
114,8.851574,0.042040,player,8,4,8.000000,3.671459,822.990100,416.155500,822.444500,415.937500,0.587450,821.884200,415.417200,823.004800,416.457800,821.884200,404.174700,823.004800,402.630500,3.284020,0.287073,-1.415048,3.304254,0.353074,-1.441619,3.303987,-1.433898,125.272700,0.410655,-0.031864,1,0,8.276967,0.042040,0.000110,0.136766,7,7,3,3,4
115,8.941497,0.085084,father,4,4,4.000000,4.204045,631.374000,489.448300,629.657800,488.347100,2.039049,625.006200,485.030900,634.309600,491.663400,625.006200,474.020700,634.309600,482.764500,-0.270723,0.281138,-3.192591,-0.102743,0.227228,-3.361949,-0.155748,-3.305388,125.266900,0.744925,-0.234935,0,1,7.747680,0.030000,0.000110,0.121252,7,1,2,7,4
115,8.941497,0.085084,mother,10,11,9.925189,11.000000,594.562100,220.553600,594.818200,220.402800,0.297204,595.243800,219.353500,594.392700,221.452100,595.243800,208.745100,594.392700,212.253300,-0.808098,0.270879,3.591325,-0.823465,0.234885,3.537738,-0.820406,3.560681,54.732680,0.906465,0.043487,0,1,7.876112,0.030000,0.000179,0.116353,5,10,9,5,4
115,8.941497,0.085084,older_sister,6,5,6.000000,4.903092,686.372000,432.397000,684.413400,431.583100,2.121008,680.347200,429.805200,688.479600,433.361000,680.347200,417.344800,688.479600,421.947400,0.728490,0.318168,-1.782436,0.875325,0.291438,-1.873231,0.837272,-1.848616,305.260900,0.942944,0.172312,0,1,7.905114,0.030000,0.000061,0.131735,3,4,9,9,4
115,8.941497,0.085084,player,8,4,8.000000,3.590960,826.393100,417.856900,828.537800,419.122300,2.490178,822.388200,415.634700,834.687500,422.609900,822.388200,404.257900,834.687500,411.021600,3.293119,0.290499,-1.420601,3.515191,0.295901,-1.598709,3.365431,-1.477343,125.263000,0.511277,-0.284151,1,0,8.356967,0.030000,0.000136,0.136766,7,7,3,3,4
116,8.987510,0.047063,father,4,4,4.000000,4.151572,633.592200,490.557400,632.026400,489.611000,1.829645,629.340300,487.324100,634.712500,491.897900,629.340300,475.378700,634.712500,482.896800,-0.192467,0.305019,-3.251148,-0.095470,0.229839,-3.367937,-0.115696,-3.333709,125.264400,0.810515,-0.146627,0,1,7.799828,0.002148,0.000136,0.121252,7,1,2,7,4
116,8.987510,0.047063,mother,10,11,10.000000,11.000000,597.724700,218.972400,600.565100,217.411800,3.240816,605.823600,213.831200,595.306500,220.992400,605.823600,204.129000,595.306500,211.626200,-0.617074,0.247741,3.732333,-0.806967,0.239161,3.549476,-0.763304,3.601056,54.737260,0.999978,0.260619,0,1,7.950459,0.024347,0.000137,0.116353,5,10,9,5,4
116,8.987510,0.047063,older_sister,6,5,6.000000,4.983591,682.968900,430.695300,680.116500,429.391700,3.136168,672.079200,425.670900,688.153700,433.112500,672.079200,414.320600,688.153700,421.321700,0.579206,0.289823,-1.676869,0.869443,0.301071,-1.866885,0.775827,-1.805163,305.267500,0.043566,0.346682,0,0,7.985114,0.030000,0.000136,0.131735,3,4,9,9,4
116,8.987510,0.047063,player,8,4,8.000000,3.538488,828.611500,418.966000,830.684300,420.218800,2.422022,822.332100,415.603700,839.036700,424.833800,822.332100,403.987500,839.036700,413.710700,3.292106,0.296614,-1.419810,3.593718,0.284022,-1.655495,3.405484,-1.505664,125.263400,0.576868,-0.382338,0,0,8.409115,0.002148,0.000193,0.136766,7,7,3,3,4
117,9.027972,0.043796,father,4,4,4.000000,4.107503,635.455300,491.489000,634.753500,491.101700,0.801590,634.279400,490.018700,635.227500,492.184700,634.279400,478.465600,635.227500,483.049500,-0.103288,0.295002,-3.319952,-0.086171,0.233263,-3.375260,-0.082058,-3.357497,125.267600,0.865601,-0.045910,0,1,7.843623,0.043796,0.000061,0.121252,7,1,2,7,4
117,9.027972,0.043796,mother,10,11,10.000000,10.965840,599.168900,219.694200,601.699200,219.077300,2.604352,608.319500,216.776100,595.078800,221.378400,608.319500,207.535600,595.078800,211.883300,-0.572009,0.235951,3.657135,-0.811077,0.242452,3.539619,-0.737228,3.582622,71.895300,0.042680,0.263751,0,0,7.984409,0.033950,0.000315,0.116353,7,10,9,5,4
117,9.027972,0.043796,older_sister,6,5,6.000000,5.011105,681.805800,430.113700,679.908700,429.131200,2.136395,671.800200,425.321600,688.017100,432.940800,671.800200,414.275600,688.017100,420.954600,0.574171,0.282054,-1.667951,0.866976,0.306061,-1.862502,0.754827,-1.790313,305.266100,0.077959,0.351398,0,0,8.012458,0.011036,0.000164,0.131735,3,4,9,9,4
117,9.027972,0.043796,player,8,3,8.000000,3.494419,830.474400,419.897600,830.982100,420.089600,0.542825,822.341000,415.476400,839.623400,424.702800,822.341000,403.399200,839.623400,413.814500,3.292267,0.308384,-1.416559,3.604311,0.278026,-1.652148,3.439121,-1.529452,125.268600,0.631954,-0.390801,0,0,8.452910,0.043796,0.000061,0.136766,7,7,3,3,4
118,9.068410,0.041779,father,4,4,4.000000,4.065464,637.232500,492.377700,637.855000,492.662000,0.684428,640.024400,492.907700,635.685700,492.416400,640.024400,482.579400,635.685700,483.201100,0.000440,0.263726,-3.393719,-0.077898,0.235307,-3.381176,-0.049969,-3.380187,125.263300,0.918150,0.071205,0,1,7.885402,0.041779,0.000061,0.121252,7,1,2,7,4
118,9.068410,0.041779,mother,10,11,9.999999,10.923950,600.939600,220.579700,602.374100,220.648700,1.436166,609.767000,219.810300,594.981200,221.487100,609.767000,210.934200,594.981200,211.707700,-0.545874,0.226646,3.579660,-0.812839,0.249709,3.536844,-0.705257,3.560013,88.263280,0.095035,0.268140,0,0,8.026034,0.041625,0.000220,0.116353,7,10,9,5,4
118,9.068410,0.041779,older_sister,6,5,6.000000,5.053144,680.028600,429.225100,679.722000,428.877700,0.463302,671.692800,425.100200,687.751400,432.655200,671.692800,414.200800,687.751400,420.228700,0.572232,0.278311,-1.662297,0.862177,0.317302,-1.855209,0.722737,-1.767623,305.263600,0.130508,0.348118,0,0,8.054236,0.041779,0.000136,0.131735,3,4,9,9,4
118,9.068410,0.041779,player,8,3,8.000000,3.452380,832.251600,420.786200,831.255000,420.000800,1.268936,822.977600,415.512500,839.532500,424.489100,822.977600,402.774400,839.532500,413.676000,3.303763,0.325259,-1.417481,3.602669,0.276105,-1.646691,3.471210,-1.552142,125.263100,0.684503,-0.376390,0,1,8.494689,0.041779,0.000136,0.136766,7,7,3,3,4
119,9.110212,0.041744,father,4,4,4.000000,4.023461,639.008200,493.265200,641.386700,494.346300,2.612699,646.543700,495.990700,636.229700,492.701800,646.543700,486.414700,636.229700,483.403200,0.118151,0.244518,-3.472444,-0.068075,0.237437,-3.388465,-0.017908,-3.402850,125.255500,0.970655,0.200545,0,1,7.927146,0.041744,0.000329,0.121252,7,1,2,7,4
119,9.110212,0.041744,mother,10,11,10.000000,10.881950,602.715300,221.467700,602.616800,221.605600,0.169490,609.902600,222.218300,595.330900,220.992900,609.902600,213.435300,595.330900,210.760300,-0.543425,0.224267,3.518173,-0.806525,0.261284,3.549462,-0.673195,3.537339,104.617500,0.147540,0.262480,0,0,8.067779,0.041744,0.000061,0.116353,7,10,9,5,4
119,9.110212,0.041744,older_sister,6,5,6.000000,5.095147,678.252900,428.337200,679.602600,428.718400,1.402503,672.045700,425.331600,687.159400,432.105100,672.045700,414.395500,687.159400,419.086800,0.578603,0.279247,-1.668205,0.851490,0.332416,-1.841163,0.690677,-1.744952,305.264800,0.183012,0.322668,1,0,8.095981,0.041744,0.000136,0.131735,3,4,9,9,4
119,9.110212,0.041744,player,8,3,8.000000,3.410377,834.027400,421.674100,832.013400,420.259900,2.460934,825.075300,416.329800,838.951400,424.189900,825.075300,402.708400,838.951400,413.343200,3.341637,0.347814,-1.438349,3.592179,0.276964,-1.639054,3.503273,-1.574813,125.263600,0.737008,-0.320443,0,1,8.536433,0.041744,0.000136,0.136766,7,7,3,3,4
120,9.150477,0.040757,father,4,4,4.000000,4.000000,640.000000,493.761200,643.027500,495.134600,3.324427,649.554500,497.447000,636.500500,492.822200,649.554500,487.744800,636.500500,483.456000,0.172512,0.247741,-3.509630,-0.063185,0.239161,-3.391538,0.000000,-3.415514,125.268200,0.999980,0.260623,0,1,7.950461,0.023316,0.000246,0.132860,7,1,2,7,4
120,9.150477,0.040757,mother,10,11,9.999999,10.840940,604.449100,222.334500,603.057300,221.982500,1.435616,609.387100,223.717100,596.727500,220.247700,609.387100,214.912600,596.727500,209.439500,-0.552731,0.224820,3.479902,-0.781309,0.275983,3.568490,-0.641892,3.515205,120.596000,0.198804,0.241845,1,0,8.108536,0.040757,0.000164,0.125103,7,10,9,5,4
120,9.150477,0.040757,older_sister,6,5,6.000000,5.136158,676.519100,427.470600,679.183100,428.448200,2.837711,672.576800,425.605300,685.789300,431.291100,672.576800,414.604900,685.789300,417.414200,0.588192,0.280886,-1.675192,0.826752,0.354339,-1.820377,0.659372,-1.722823,305.256700,0.234276,0.278609,1,0,8.136738,0.040757,0.000061,0.130881,3,4,9,9,4
120,9.150477,0.040757,player,8,3,8.000000,3.369365,835.761100,422.540700,833.890500,421.138300,2.337927,828.992700,418.188900,838.788500,424.087600,828.992700,403.516000,838.788500,413.156000,3.412368,0.374665,-1.485822,3.589236,0.279134,-1.636442,3.534575,-1.596942,125.257700,0.788272,-0.231370,0,1,8.577190,0.040757,0.000329,0.127291,7,7,3,3,4
121,9.243734,0.086862,father,4,4,4.000000,3.919502,643.403100,495.463000,644.363300,496.080200,1.141502,650.979300,498.562100,637.747100,493.598300,650.979300,489.707700,637.747100,483.780800,0.198238,0.226093,-3.538104,-0.040676,0.250685,-3.411356,0.061445,-3.458968,125.267800,0.100603,0.268249,0,0,8.030461,0.030000,0.000031,0.132860,7,1,2,7,4
121,9.243734,0.086862,mother,10,11,9.999999,10.760440,607.852200,224.036100,605.840800,223.197100,2.179322,609.932900,224.295600,601.748800,222.098700,609.932900,215.420000,601.748800,209.557500,-0.542878,0.226632,3.465131,-0.690647,0.320232,3.521227,-0.580447,3.471757,125.264800,0.299427,0.153040,1,0,8.188536,0.030000,0.000098,0.125103,7,10,9,5,4
121,9.243734,0.086862,older_sister,6,5,6.000000,5.216657,673.116000,425.768800,675.385100,426.702200,2.453575,672.227100,425.457200,678.543000,427.947300,672.227100,414.352000,678.543000,412.419000,0.581878,0.283565,-1.671412,0.695915,0.396505,-1.734994,0.597928,-1.679370,305.267500,0.334899,0.129820,1,0,8.216738,0.030000,0.000110,0.130881,3,4,9,9,4
121,9.243734,0.086862,player,8,3,8.000000,3.288867,839.164200,424.242500,839.119600,424.091900,0.156998,839.396700,424.013500,838.842500,424.170300,839.396700,409.980200,838.842500,412.904800,3.600219,0.358332,-1.634547,3.590211,0.287659,-1.638553,3.596020,-1.640395,125.267900,0.888894,0.005858,0,1,8.657190,0.030000,0.000164,0.127291,7,7,3,3,4
122,9.289459,0.046473,father,4,4,4.000000,3.865835,645.671900,496.597300,645.032900,496.483400,0.649053,651.428300,498.777800,638.637500,494.189000,651.428300,489.996700,638.637500,483.733700,0.206344,0.224221,-3.543610,-0.024602,0.266971,-3.426439,0.102408,-3.487933,125.263600,0.167687,0.256216,1,0,8.083797,0.003335,0.000086,0.132860,7,1,2,7,4
122,9.289459,0.046473,mother,10,11,9.999999,10.706770,610.121000,225.170500,608.839500,224.543500,1.426618,610.815600,224.677900,606.863300,224.409300,610.815600,215.727900,606.863300,212.004700,-0.526941,0.228534,3.455369,-0.598301,0.316744,3.462228,-0.539483,3.442791,125.263800,0.366511,0.062226,1,0,8.241871,0.003335,0.000136,0.125103,7,10,9,5,4
122,9.289459,0.046473,older_sister,6,5,6.000000,5.270324,670.847200,424.634500,671.659600,424.981400,0.883422,671.726000,425.254600,671.593400,424.708300,671.726000,414.026700,671.593400,410.574800,0.572829,0.286699,-1.666240,0.570437,0.360889,-1.652288,0.556963,-1.650405,305.263200,0.401983,-0.010008,1,0,8.270073,0.003335,0.000061,0.130881,3,4,9,9,4
122,9.289459,0.046473,player,8,3,8.000000,3.235200,841.433000,425.376800,843.966600,426.444900,2.749505,849.016800,428.676500,838.916300,424.213400,849.016800,416.496200,838.916300,412.759600,3.773916,0.311014,-1.753614,3.591543,0.292467,-1.639653,3.636984,-1.669360,125.263400,0.955978,0.214703,0,1,8.710526,0.003335,0.000164,0.127291,7,7,3,3,4
123,9.327760,0.045082,father,4,4,4.000000,3.820472,647.589700,497.556100,645.738000,496.877400,1.972163,651.507000,498.780000,639.969000,494.974800,651.507000,489.938600,639.969000,483.751400,0.207764,0.225759,-3.543666,-0.000559,0.286582,-3.446502,0.137035,-3.512415,125.261900,0.224391,0.226194,1,0,8.128879,0.045082,0.000164,0.132860,7,1,2,7,4
123,9.327760,0.045082,mother,10,11,9.999999,10.661410,612.038700,226.129400,612.020200,226.087100,0.046178,611.644900,225.063700,612.395500,227.110500,611.644900,216.098200,612.395500,216.308100,-0.511967,0.228931,3.445517,-0.498414,0.275834,3.393253,-0.504857,3.418305,125.266700,0.423215,-0.041242,1,0,8.286953,0.045082,0.000015,0.125103,7,10,9,5,4
123,9.327760,0.045082,older_sister,6,5,6.000000,5.315687,668.929400,423.675500,667.901000,423.084700,1.186085,671.332600,425.086900,664.469400,421.082500,671.332600,413.765400,664.469400,408.847600,0.565728,0.289087,-1.661956,0.441809,0.312411,-1.559707,0.522337,-1.625918,305.266800,0.458687,-0.160214,1,0,8.315155,0.045082,0.000136,0.130881,3,4,9,9,4
123,9.327760,0.045082,player,8,3,8.000000,3.189837,843.350700,426.335800,846.998300,427.916800,3.975499,854.976800,431.551500,839.019700,424.282200,854.976800,419.830100,839.019700,412.615000,3.881525,0.299299,-1.827026,3.593411,0.297916,-1.641409,3.671609,-1.693847,125.267600,0.012682,0.342409,0,1,8.755608,0.045082,0.000110,0.127291,7,7,3,3,4
124,9.366430,0.039554,father,4,4,4.000000,3.780671,649.272200,498.397200,647.177100,497.576800,2.250006,651.933200,498.967700,642.420800,496.185800,651.933200,490.105000,642.420800,484.006000,0.215461,0.226304,-3.548459,0.043709,0.311005,-3.477425,0.167414,-3.533892,125.259100,0.274141,0.181250,1,0,8.168432,0.039554,0.000301,0.132860,7,1,2,7,4
124,9.366430,0.039554,mother,10,11,9.999999,10.621610,613.721300,226.970700,614.890300,227.547700,1.303669,612.307800,225.373700,617.472800,229.721700,612.307800,216.400900,617.472800,220.021500,-0.499998,0.229117,3.437601,-0.406741,0.247689,3.326577,-0.474478,3.396825,125.263300,0.472965,-0.140243,1,0,8.326507,0.039554,0.000046,0.125103,7,10,9,5,4
124,9.366430,0.039554,older_sister,6,5,6.000000,5.355487,667.246900,422.834100,665.147100,421.597900,2.436717,671.161700,425.012100,659.132600,418.183800,671.161700,413.638400,659.132600,406.575900,0.562642,0.290419,-1.660046,0.345448,0.296402,-1.485691,0.491959,-1.604434,305.269000,0.508437,-0.278003,1,0,8.354709,0.039554,0.000273,0.130881,3,4,9,9,4
124,9.366430,0.039554,player,8,3,8.000000,3.150037,845.033300,427.177200,847.367100,428.309900,2.594177,855.448900,432.086700,839.285300,424.533200,855.448900,420.923300,839.285300,412.646100,3.890049,0.285051,-1.840692,3.598207,0.303532,-1.647820,3.701989,-1.715331,125.266900,0.062432,0.349643,0,0,8.795161,0.039554,0.000000,0.127291,7,7,3,3,4
125,9.405402,0.038811,father,4,4,4.000000,3.741618,650.923200,499.222900,649.078400,498.407100,2.017062,652.494200,499.203900,645.662700,497.610300,652.494200,490.302300,645.662700,484.896500,0.225590,0.227297,-3.554490,0.102243,0.324640,-3.513800,0.197224,-3.554976,125.271600,0.322958,0.124201,1,0,8.207244,0.038811,0.000136,0.132860,7,1,2,7,4
125,9.405402,0.038811,mother,10,11,9.999999,10.582560,615.372300,227.796100,617.284300,228.824400,2.171016,612.852900,225.639900,621.715600,232.008800,612.852900,216.667100,621.715600,222.604400,-0.490156,0.229115,3.430804,-0.330134,0.240135,3.268179,-0.444668,3.375748,125.261500,0.521782,-0.224547,1,0,8.365318,0.038811,0.000150,0.125103,7,10,9,5,4
125,9.405402,0.038811,older_sister,6,5,6.000000,5.394540,665.595900,422.008900,663.183300,420.546300,2.821393,671.146400,425.004000,655.220200,416.088500,671.146400,413.495800,655.220200,404.816300,0.562365,0.293856,-1.659840,0.274809,0.287829,-1.432189,0.462149,-1.583362,305.256000,0.557254,-0.366220,0,0,8.393520,0.038811,0.000031,0.130881,3,4,9,9,4
125,9.405402,0.038811,player,8,3,8.000000,3.110984,846.684300,428.002400,847.601200,428.622600,1.106971,855.698000,432.458700,839.504300,424.786600,855.698000,421.547200,839.504300,412.543200,3.894547,0.278617,-1.850192,3.602160,0.312628,-1.654288,3.731799,-1.736403,125.256200,0.111249,0.351839,0,0,8.833973,0.038811,0.000220,0.127291,7,7,3,3,4
126,9.443872,0.039023,father,4,4,4.000000,3.702352,652.583100,500.052900,651.402600,499.467700,1.317614,653.174400,499.504200,649.630900,499.431100,653.174400,490.549900,649.630900,487.150300,0.237871,0.228644,-3.562159,0.173892,0.313582,-3.560292,0.227196,-3.576170,125.264900,0.372041,0.053317,1,0,8.246267,0.039023,0.000061,0.128627,7,1,2,7,4
126,9.443872,0.039023,mother,10,11,9.999999,10.543290,617.032200,228.626100,618.924300,229.651200,2.151967,613.229700,225.828200,624.618900,233.474300,613.229700,216.737900,624.618900,224.269900,-0.483352,0.232117,3.425996,-0.277714,0.235029,3.230758,-0.414696,3.354553,125.266400,0.570865,-0.280625,0,0,8.404342,0.039023,0.000123,0.127062,7,10,9,5,4
126,9.443872,0.039023,older_sister,6,5,6.000000,5.433806,663.935900,421.178900,662.782000,420.550700,1.313833,671.290800,425.122500,654.273100,415.978900,671.290800,413.297700,654.273100,405.042300,0.564973,0.301940,-1.662866,0.257710,0.279259,-1.429389,0.432177,-1.562167,305.265800,0.606337,-0.385677,0,0,8.432544,0.039023,0.000061,0.129315,3,4,9,9,4
126,9.443872,0.039023,player,8,3,8.000000,3.071718,848.344200,428.832500,847.696200,428.744000,0.653961,855.513900,432.328300,839.878700,425.159700,855.513900,421.412200,839.878700,412.397900,3.891222,0.278738,-1.846863,3.608921,0.325865,-1.663816,3.761770,-1.757598,125.266900,0.160332,0.336180,1,0,8.872996,0.039023,0.000136,0.129231,7,7,3,3,4
127,9.532324,0.083994,father,4,4,4.000000,3.621854,655.986300,501.754400,657.149700,502.328300,1.297236,654.579500,500.160900,659.719900,504.495700,654.579500,491.188000,659.719900,494.792000,0.263240,0.229117,-3.578927,0.356055,0.247779,-3.689613,0.288641,-3.619617,125.263200,0.472664,-0.139687,1,0,8.326267,0.030000,0.000164,0.128627,7,1,2,7,4
127,9.532324,0.083994,mother,10,10,9.999999,10.462790,620.435300,230.327600,619.961700,229.919300,0.625306,614.118900,226.108900,625.804500,233.729700,614.118900,216.173000,625.804500,224.891800,-0.467298,0.253707,3.418828,-0.256308,0.225669,3.224237,-0.353252,3.311107,125.263200,0.671488,-0.284619,0,1,8.484342,0.030000,0.000164,0.127062,7,10,9,5,4
127,9.532324,0.083994,older_sister,6,6,6.000000,5.514305,660.532800,419.477400,662.109600,420.610300,1.941575,669.915600,424.911100,654.303500,416.309600,669.915600,411.915400,654.303500,405.478200,0.540144,0.331836,-1.657467,0.258257,0.276574,-1.437834,0.370732,-1.518721,305.262800,0.706960,-0.356964,0,1,8.512544,0.030000,0.000031,0.129315,3,4,9,9,4
127,9.532324,0.083994,player,8,3,8.000000,3.000000,851.376100,430.348500,848.610200,429.339800,2.944073,854.791900,431.959000,842.428600,426.720600,854.791900,420.951700,842.428600,412.471500,3.878186,0.281065,-1.837432,3.654961,0.363842,-1.703673,3.816513,-1.796309,125.266100,0.249979,0.259487,1,0,8.944270,0.021274,0.000061,0.129231,7,7,3,3,4
128,9.570292,0.041332,father,4,4,4.000000,3.576246,657.914400,502.718300,659.893700,503.789500,2.250599,655.203700,500.465500,664.583600,507.113600,655.203700,491.484700,664.583600,497.737200,0.274512,0.229319,-3.586704,0.443870,0.239423,-3.756460,0.323454,-3.644229,125.260000,0.529675,-0.236286,1,0,8.371593,0.045326,0.000301,0.128627,7,1,2,7,4
128,9.570292,0.041332,mother,10,10,9.999999,10.417180,622.363400,231.291600,620.771200,230.269000,1.892288,615.734300,226.784200,625.808200,233.753800,615.734300,216.079900,625.808200,224.871100,-0.438130,0.273326,3.401587,-0.256241,0.226814,3.223621,-0.318439,3.286492,125.263600,0.728499,-0.251260,0,1,8.529668,0.045326,0.000164,0.127062,7,10,9,5,4
128,9.570292,0.041332,older_sister,6,6,6.000000,5.559913,658.604700,418.513100,660.612500,420.005900,2.501951,666.511600,423.484500,654.713500,416.527200,666.511600,409.280900,654.713500,405.641100,0.478682,0.362680,-1.621040,0.265661,0.277971,-1.443391,0.335919,-1.494098,305.272300,0.763970,-0.276500,0,1,8.557870,0.045326,0.000246,0.129315,3,4,9,9,4
128,9.570292,0.041332,player,8,3,7.991731,3.000000,851.026600,430.523200,849.122600,428.809000,2.561881,852.964500,432.793100,845.280800,424.825000,852.964500,421.782100,845.280800,410.334500,3.845191,0.281159,-1.858730,3.706457,0.370006,-1.655269,3.810201,-1.800769,150.407600,0.260316,0.245433,1,0,8.952488,0.008218,0.000193,0.129231,1,7,3,3,4
129,9.608374,0.038818,father,4,4,4.000000,3.537185,659.565600,503.544200,661.292400,504.464600,1.956855,655.538800,500.633500,667.046000,508.295700,655.538800,491.510700,667.046000,499.156300,0.280561,0.232945,-3.590994,0.488332,0.233370,-3.786644,0.353268,-3.665316,125.271500,0.578500,-0.282608,0,0,8.410412,0.038818,0.000061,0.128627,7,1,2,7,4
129,9.608374,0.038818,mother,10,10,10.000000,10.378120,624.014700,232.117300,622.278700,231.002600,2.063105,618.542500,228.125000,626.014900,233.880100,618.542500,216.590600,626.014900,224.941700,-0.387428,0.294526,3.367348,-0.252509,0.228237,3.220395,-0.288623,3.265408,125.266000,0.777324,-0.195005,0,1,8.568486,0.038818,0.000136,0.127062,7,10,9,5,4
129,9.608374,0.038818,older_sister,6,6,6.000000,5.598974,656.953500,417.687700,658.623400,418.885500,2.055091,662.470000,421.220800,654.777000,416.550100,662.470000,406.175100,654.777000,405.549600,0.405707,0.384183,-1.563238,0.266806,0.280892,-1.443976,0.306105,-1.473022,305.257300,0.812796,-0.182266,0,1,8.596688,0.038818,0.000061,0.129315,3,4,9,9,4
129,9.608374,0.038818,player,8,3,7.971503,3.000000,850.171400,430.950900,849.430100,428.869400,2.209557,850.558100,432.900400,848.302000,424.838500,850.558100,421.879900,848.302000,409.823300,3.801744,0.281403,-1.861470,3.761009,0.383403,-1.655614,3.794760,-1.811690,174.020200,0.285602,0.208980,1,0,8.972591,0.020103,0.000061,0.129231,1,7,3,3,4
130,9.647459,0.038965,father,4,3,4.000000,3.497977,661.223100,504.373000,661.812200,504.579100,0.624071,655.860700,500.745000,667.763700,508.413100,655.860700,491.290700,667.763700,499.500800,0.286374,0.241410,-3.593843,0.501290,0.227572,-3.789643,0.383196,-3.686480,125.266300,0.627509,-0.288524,0,0,8.449377,0.038965,0.000031,0.128627,7,1,2,7,4
130,9.647459,0.038965,mother,10,10,10.000000,10.338920,625.672200,232.946000,624.249300,232.128600,1.641011,622.114300,230.168600,626.384300,234.088600,622.114300,218.133200,626.384300,225.045600,-0.322937,0.307319,3.315165,-0.245839,0.230908,3.215073,-0.258696,3.244248,125.262100,0.826333,-0.120737,0,1,8.607451,0.038965,0.000193,0.127062,7,10,9,5,4
130,9.647459,0.038965,older_sister,6,6,6.000000,5.638182,655.296000,416.858800,656.064100,417.413400,0.947398,657.420400,418.343200,654.707600,416.483500,657.420400,403.618300,654.707600,405.302200,0.314535,0.375991,-1.489761,0.265555,0.285509,-1.442274,0.276177,-1.451857,305.267100,0.861806,-0.067409,0,1,8.635653,0.038965,0.000136,0.129315,3,4,9,9,4
130,9.647459,0.038965,player,8,3,7.938999,3.000000,848.797300,431.637600,849.372100,429.746600,1.976471,848.540800,432.532700,850.203500,426.960400,848.540800,421.445900,850.203500,411.448000,3.765319,0.283095,-1.852082,3.795340,0.396101,-1.709796,3.769951,-1.829227,197.722100,0.326231,0.144672,1,0,9.004894,0.032303,0.000329,0.129231,1,7,3,3,4
131,9.696248,0.049159,father,4,3,4.000000,3.448512,663.314300,505.418600,662.434800,504.773300,1.090886,656.744800,501.015800,668.124800,508.530600,656.744800,490.865400,668.124800,499.693700,0.302336,0.259186,-3.600757,0.507809,0.225648,-3.792644,0.420952,-3.713179,125.265400,0.689342,-0.278554,0,1,8.498536,0.049159,0.000031,0.128627,7,1,2,7,4
131,9.696248,0.049159,mother,10,10,10.000000,10.289450,627.763400,233.991700,627.575100,233.874800,0.221653,628.178700,233.339300,626.971600,234.410400,628.178700,222.284900,626.971600,225.237800,-0.213440,0.282268,3.234205,-0.235235,0.234215,3.206856,-0.220938,3.217546,125.267600,0.888165,0.002003,0,1,8.656610,0.049159,0.000046,0.127062,7,10,9,5,4
131,9.696248,0.049159,older_sister,6,6,6.000000,5.687647,653.204800,415.813200,652.088600,415.375300,1.199079,649.462900,414.271300,654.714200,416.479300,649.462900,401.303900,654.714200,405.118500,0.170858,0.331115,-1.385787,0.265673,0.290092,-1.442168,0.238420,-1.425159,305.264700,0.923637,0.109968,0,1,8.684813,0.049159,0.000164,0.129315,3,4,9,9,4
131,9.696248,0.049159,player,8,3,7.889548,3.000001,846.706700,432.683300,847.696000,431.963800,1.223308,847.410900,432.421800,847.981200,431.505800,847.410900,421.216900,847.981200,416.913800,3.744920,0.286111,-1.849249,3.755216,0.372596,-1.825859,3.732204,-1.855926,227.624600,0.388045,0.023371,1,0,9.054039,0.049144,0.000061,0.129231,1,7,3,3,4
132,9.742494,0.046372,father,4,3,4.000000,3.401851,665.286900,506.404800,663.561500,505.294700,2.051570,658.983300,502.009900,668.139800,508.579600,658.983300,490.952100,668.139800,499.677700,0.342754,0.282355,-3.626140,0.508080,0.227305,-3.793894,0.456568,-3.738360,125.260900,0.747666,-0.231838,0,1,8.544908,0.046372,0.000110,0.123092,7,1,2,7,4
132,9.742494,0.046372,mother,10,10,10.000000,10.242790,629.736000,234.977900,631.323200,235.700000,1.743755,635.107700,236.705500,627.538600,234.694500,635.107700,226.906400,627.538600,225.439300,-0.088333,0.250215,3.148251,-0.224997,0.236327,3.199600,-0.185323,3.192364,125.261900,0.946490,0.141234,0,1,8.702982,0.046372,0.000136,0.131603,7,10,9,5,4
132,9.742494,0.046372,older_sister,6,6,6.000000,5.734308,651.232200,414.827100,647.730000,413.318500,3.813279,640.822600,410.215900,654.637500,416.421100,640.822600,398.363100,654.637500,404.874900,0.014852,0.302654,-1.282234,0.264288,0.294826,-1.440682,0.202804,-1.399978,305.260900,0.981962,0.295144,0,1,8.731184,0.046372,0.000031,0.141814,3,4,9,9,4
132,9.742494,0.046372,player,8,3,7.842887,3.000001,844.734100,433.669400,843.984700,433.979100,0.810893,847.058200,432.710600,840.911100,435.247600,847.058200,421.408000,840.911100,422.690900,3.738551,0.288605,-1.856624,3.627562,0.320626,-1.921403,3.696588,-1.881106,234.740000,0.446370,-0.128023,1,0,9.100410,0.046372,0.000136,0.138207,1,7,3,3,4
133,9.840018,0.093260,father,4,3,4.000000,3.321353,668.689900,508.106000,667.628200,507.519000,1.213244,666.379200,506.039000,668.877200,508.999000,666.379200,494.182300,668.877200,499.900100,0.476291,0.302756,-3.729022,0.521394,0.232334,-3.804602,0.518013,-3.781802,125.260500,0.848290,-0.080460,0,1,8.624907,0.030000,0.000301,0.123092,7,1,2,7,4
133,9.840018,0.093260,mother,10,10,10.000000,10.162290,633.139100,236.679400,635.257300,237.716000,2.358275,641.825300,240.110800,628.689400,235.321100,641.825300,230.914100,628.689400,225.809300,0.032955,0.234833,3.061298,-0.204220,0.242878,3.183600,-0.123877,3.148919,125.262400,0.047113,0.264265,0,0,8.782982,0.030000,0.000233,0.131603,7,10,9,5,4
133,9.840018,0.093260,older_sister,6,6,6.000000,5.814806,647.829100,413.125300,646.063200,412.190000,1.998256,637.949800,408.373400,654.176700,416.006600,637.949800,397.354900,654.176700,403.986800,-0.037018,0.281352,-1.235189,0.255968,0.306918,-1.430097,0.141359,-1.356524,305.267900,0.082585,0.351752,0,0,8.811184,0.030000,0.000193,0.141814,3,4,9,9,4
133,9.840018,0.093260,player,8,3,7.762389,3.000000,841.331100,435.371200,838.541400,436.511000,3.013551,846.811600,432.851700,830.271100,440.170300,846.811600,421.388700,830.271100,428.823000,3.734100,0.292699,-1.860226,3.435451,0.289747,-2.047102,3.635144,-1.924560,234.732100,0.546993,-0.351738,0,0,9.180410,0.030000,0.000031,0.138207,1,7,3,3,4
134,9.893028,0.053897,father,4,3,4.000000,3.253778,671.546700,509.534700,672.636200,510.037000,1.199715,675.621200,510.675100,669.651200,509.399000,675.621200,500.649500,669.651200,500.163400,0.643160,0.255998,-3.847402,0.535368,0.235826,-3.814816,0.569593,-3.818282,125.269800,0.932758,0.106822,0,1,8.692064,0.017157,0.000086,0.123092,7,1,2,7,4
134,9.893028,0.053897,mother,10,10,10.000000,10.094720,635.995800,238.107800,636.221400,238.403200,0.371608,642.791100,240.855100,629.651600,235.951300,642.791100,232.065500,629.651600,225.880500,0.050396,0.224438,3.042293,-0.186846,0.257152,3.167509,-0.072297,3.112442,125.267100,0.131582,0.266000,0,0,8.850139,0.017157,0.000136,0.131603,7,10,9,5,4
134,9.893028,0.053897,older_sister,6,6,6.000000,5.882382,644.972400,411.696900,645.829300,411.874300,0.875097,638.080300,408.343600,653.578400,415.405000,638.080300,397.422500,653.578400,402.563800,-0.034662,0.278862,-1.234426,0.245166,0.327894,-1.414736,0.089779,-1.320052,305.263700,0.167054,0.332581,1,0,8.878341,0.017157,0.000220,0.141814,3,4,9,9,4
134,9.893028,0.053897,player,8,3,7.694814,3.000000,838.474200,436.799400,838.032300,437.080300,0.523625,847.063300,432.857100,829.001300,441.303500,847.063300,420.785400,829.001300,430.413900,3.738643,0.308245,-1.860365,3.412524,0.278058,-2.076038,3.583563,-1.961028,234.738500,0.631462,-0.390794,0,0,9.247567,0.017157,0.000136,0.138207,1,7,3,3,4
135,9.953861,0.061174,father,4,3,4.000000,3.192223,674.148900,510.835800,677.000700,512.136900,3.134598,683.532000,514.457100,670.469400,509.816700,683.532000,504.859300,670.469400,500.422900,0.785995,0.245074,-3.943972,0.550142,0.239866,-3.825482,0.616578,-3.851504,125.263500,0.009702,0.260984,0,1,8.753238,0.011174,0.000110,0.123092,7,1,2,7,4
135,9.953861,0.061174,mother,10,10,10.000000,10.033160,638.598100,239.409000,637.048600,238.886500,1.635163,643.040400,240.906100,631.056900,236.866900,643.040400,232.088500,631.056900,225.938200,0.054896,0.225151,3.040991,-0.161473,0.279058,3.144130,-0.025312,3.079220,125.263700,0.208525,0.236212,1,0,8.911312,0.011174,0.000136,0.131603,7,10,9,5,4
135,9.953861,0.061174,older_sister,6,6,6.000000,5.943936,642.370100,410.396000,645.127900,411.415100,2.940028,638.775200,408.702300,651.480600,414.127900,638.775200,397.697200,651.480600,400.022800,-0.022114,0.281010,-1.243586,0.207288,0.360166,-1.382125,0.042794,-1.286834,305.260500,0.243998,0.267293,1,0,8.939514,0.011174,0.000031,0.141814,3,4,9,9,4
135,9.953861,0.061174,player,8,3,7.633259,3.000000,835.872100,438.100500,837.944900,437.410800,2.184585,846.249100,433.660400,829.640800,441.161200,846.249100,420.646900,829.640800,430.328100,3.723942,0.332292,-1.880877,3.424070,0.276619,-2.072405,3.536578,-1.994251,234.736500,0.708406,-0.355424,0,1,9.308741,0.011174,0.000136,0.138207,1,7,3,3,4
136,10.004650,0.050894,father,4,3,4.000000,3.141012,676.314000,511.918300,677.868100,512.760100,1.767460,684.473200,515.210900,671.263100,510.309200,684.473200,506.228200,671.263100,500.668900,0.802989,0.229368,-3.963220,0.564472,0.246160,-3.838058,0.655668,-3.879145,125.264300,0.073715,0.267010,0,0,8.804132,0.000894,0.000110,0.123092,7,1,2,7,4
136,10.004650,0.050894,mother,10,10,10.000000,9.981951,640.763000,240.491600,638.666300,239.672800,2.250895,643.461600,241.082400,633.871000,238.263100,643.461600,232.219900,633.871000,226.110700,0.062501,0.226299,3.036489,-0.110663,0.310306,3.108479,0.013777,3.051575,125.269000,0.272538,0.182947,0,0,8.962206,0.000894,0.000015,0.131603,7,10,9,5,4
136,10.004650,0.050894,older_sister,6,6,6.000000,6.000000,640.000000,409.211000,642.501700,410.187100,2.685380,638.526200,408.580000,646.477200,411.794200,638.526200,397.519200,646.477200,396.366100,-0.026611,0.282431,-1.240463,0.116950,0.393946,-1.322536,0.000000,-1.256575,305.263200,0.314076,0.164602,1,0,8.995231,0.005717,0.000061,0.141814,3,4,9,9,4
136,10.004650,0.050894,player,8,3,7.582048,3.000000,833.707200,439.183100,836.331700,438.361200,2.750264,842.590000,435.757400,830.073400,440.965000,842.590000,421.383600,830.073400,430.064900,3.657876,0.367025,-1.934420,3.431880,0.278328,-2.067396,3.497490,-2.021895,234.730700,0.772419,-0.261296,0,0,9.359634,0.000894,0.000000,0.138207,1,7,3,3,4
137,10.056440,0.050519,father,4,3,4.000000,3.090178,678.462900,512.992900,678.549900,513.217200,0.240577,685.103100,515.647900,671.996800,510.786400,685.103100,506.860700,671.996800,500.659900,0.814361,0.224375,-3.974378,0.577720,0.258573,-3.850243,0.694469,-3.906584,125.267100,0.137257,0.264885,0,0,8.854650,0.000519,0.000000,0.123092,7,1,2,7,4
137,10.056440,0.050519,mother,10,10,10.000000,9.931117,642.912000,241.566100,641.197400,240.785700,1.883874,644.210900,241.397700,638.183700,240.173800,644.210900,232.480000,638.183700,227.454400,0.076032,0.227710,3.028438,-0.032795,0.324782,3.059691,0.052579,3.024140,125.262400,0.336081,0.106902,0,0,9.012725,0.000519,0.000031,0.131603,7,10,9,5,4
137,10.056440,0.050519,older_sister,6,6,5.959229,6.000000,638.276400,410.072700,640.296900,410.370000,2.042255,638.257300,410.202300,642.336500,410.537600,638.257300,399.036300,642.336500,395.307000,-0.031466,0.285116,-1.281888,0.042187,0.388905,-1.290450,-0.031121,-1.278579,285.469400,0.365041,0.073268,0,0,9.035749,0.000519,0.000061,0.141814,1,4,9,9,4
137,10.056440,0.050519,player,8,3,7.531214,3.000000,831.558100,440.257500,833.247000,439.638400,1.798803,836.418900,438.344100,830.075100,440.932800,836.418900,423.200500,830.075100,429.843600,3.546452,0.386683,-2.000470,3.431912,0.283156,-2.066573,3.458687,-2.049331,234.737700,0.835960,-0.131686,0,0,9.410153,0.000519,0.000061,0.138207,1,7,3,3,4
138,10.114100,0.057394,father,4,3,4.000000,3.032426,680.904400,514.213300,679.336500,513.682400,1.655350,685.316700,515.694600,673.356300,511.670300,685.316700,506.875800,673.356300,500.728600,0.818217,0.225182,-3.975569,0.602268,0.279390,-3.872813,0.738551,-3.937747,125.257300,0.209446,0.235654,1,0,8.912045,0.007394,0.000329,0.125419,7,1,2,7,4
138,10.114100,0.057394,mother,10,10,10.000000,9.873365,645.353500,242.786700,644.949600,242.555600,0.465395,645.246900,241.870800,644.652200,243.240400,645.246900,232.906200,644.652200,231.957100,0.094737,0.228906,3.016357,0.083998,0.288113,2.981386,0.096661,2.992970,125.263500,0.408270,-0.011422,1,0,9.070119,0.007394,0.000061,0.128884,7,10,9,5,4
138,10.114100,0.057394,older_sister,6,6,5.901476,6.000000,635.834900,411.293600,635.356600,411.287000,0.478378,638.220200,411.249100,632.493000,411.324800,638.220200,399.961600,632.493000,398.467400,-0.032135,0.288221,-1.308617,-0.135543,0.328307,-1.310550,-0.075203,-1.309752,262.981900,0.437230,-0.102870,1,0,9.093143,0.007394,0.000061,0.137859,1,4,9,9,4
138,10.114100,0.057394,player,7,3,7.473463,3.000000,829.116700,441.478400,828.713500,441.796200,0.513412,827.446000,442.635800,829.981000,440.956700,827.446000,429.187500,829.981000,429.637500,3.384443,0.343394,-2.110057,3.430212,0.289030,-2.067183,3.414607,-2.080504,234.732200,0.908150,0.062125,0,1,9.467547,0.007394,0.000061,0.136883,1,7,3,3,4
139,10.211890,0.098837,father,4,3,4.000000,2.951928,684.307500,515.915200,682.362700,515.079800,2.116596,686.153100,516.046900,678.572400,514.112500,686.153100,507.161200,678.572400,501.469000,0.833321,0.226892,-3.984566,0.696446,0.322846,-3.935175,0.799996,-3.981203,125.269700,0.310069,0.140271,1,0,8.992044,0.030000,0.000000,0.125419,7,1,2,7,4
139,10.211890,0.098837,mother,10,10,10.000000,9.792868,648.756700,244.488200,650.519500,245.422800,1.995231,646.540800,242.484200,654.498200,248.361300,646.540800,233.516500,654.498200,238.912400,0.118098,0.228986,3.000694,0.261773,0.241273,2.850627,0.158106,2.949524,125.262900,0.508893,-0.203951,1,0,9.150119,0.030000,0.000150,0.128884,7,10,9,5,4
139,10.211890,0.098837,older_sister,6,6,5.820978,6.000000,632.431800,412.994900,629.676200,414.126200,2.978807,637.599200,410.632000,621.753200,417.620300,637.599200,399.200600,621.753200,406.210600,-0.043347,0.291895,-1.292861,-0.329457,0.291339,-1.471302,-0.136648,-1.353194,234.739200,0.537853,-0.336632,0,0,9.173143,0.030000,0.000164,0.137859,1,4,9,9,4
139,10.211890,0.098837,player,7,3,7.393915,3.000000,825.753800,443.159500,822.325700,445.128500,3.953276,814.830600,449.233900,829.820900,441.023300,814.830600,437.449700,829.820900,429.376300,3.156664,0.300901,-2.278535,3.427322,0.297398,-2.068882,3.353888,-2.123431,234.740700,0.007585,0.342033,0,1,9.546602,0.029099,0.000220,0.136883,1,7,3,3,4
140,10.266580,0.054949,father,4,3,4.000000,2.877681,687.446300,517.484400,686.913100,517.191300,0.608423,687.443800,516.623000,686.382500,517.759600,687.443800,507.659000,686.382500,506.313600,0.856623,0.228891,-3.999277,0.837462,0.292268,-4.028299,0.856669,-4.021273,125.261700,0.402877,-0.001109,1,0,9.065831,0.023786,0.000136,0.125419,7,1,2,7,4
140,10.266580,0.054949,mother,10,10,10.000000,9.718621,651.895400,246.057600,653.022200,246.590100,1.246255,647.194500,242.798700,658.850000,250.381500,647.194500,233.549500,658.850000,241.422700,0.129899,0.236171,2.992666,0.340346,0.228759,2.799042,0.214778,2.909451,125.264900,0.601701,-0.283618,0,0,9.223906,0.023787,0.000123,0.128884,7,10,9,5,4
140,10.266580,0.054949,older_sister,6,6,5.746732,6.000000,629.293000,414.564300,628.823900,414.855600,0.552248,637.854100,410.632300,619.793600,419.078800,637.854100,398.569300,619.793600,408.187300,-0.038745,0.308020,-1.292866,-0.364839,0.278110,-1.508544,-0.193320,-1.393268,234.735800,0.630661,-0.390776,0,0,9.246930,0.023787,0.000164,0.137859,1,4,9,9,4
140,10.266580,0.054949,player,7,3,7.326134,3.000000,822.888300,444.592400,821.283400,445.305600,1.756219,813.475600,449.442600,829.091300,441.168600,813.475600,438.472400,829.091300,429.074600,3.132198,0.280120,-2.283866,3.414149,0.308815,-2.072594,3.302150,-2.160018,234.733100,0.092310,0.352191,0,0,9.613963,0.020681,0.000136,0.136883,1,7,3,3,4
141,10.322010,0.056086,father,4,3,4.000000,2.821246,689.832100,518.677200,691.009600,519.259000,1.313459,688.408500,517.075100,693.610800,521.443100,688.408500,508.102200,693.610800,511.748100,0.874042,0.229117,-4.010821,0.967973,0.247555,-4.122354,0.899746,-4.051730,125.261500,0.473422,-0.141086,1,0,9.121918,0.006086,0.000273,0.125419,7,1,2,7,4
141,10.322010,0.056086,mother,10,10,10.000000,9.662186,654.281300,247.250400,653.789800,246.831600,0.645650,647.951700,243.023000,659.628000,250.640300,647.951700,233.078100,659.628000,241.802900,0.143572,0.253938,2.986937,0.354394,0.225657,2.792434,0.257856,2.878994,125.260400,0.672246,-0.284429,0,1,9.279992,0.006086,0.000287,0.128884,7,10,9,5,4
141,10.322010,0.056086,older_sister,6,6,5.690296,6.000000,626.907200,415.757500,628.786900,415.152800,1.974515,637.245700,411.305900,620.328000,418.999600,637.245700,398.373000,620.328000,408.175500,-0.049730,0.330235,-1.310068,-0.355188,0.276387,-1.506521,-0.236397,-1.423735,234.728700,0.701205,-0.362827,0,1,9.303017,0.006086,0.000110,0.137859,1,4,9,9,4
141,10.322010,0.056086,player,7,3,7.280372,3.000000,820.953700,445.559800,820.977100,445.336300,0.224760,813.459100,449.390700,828.494900,441.281900,813.459100,438.479700,828.494900,428.647200,3.131900,0.278605,-2.282540,3.403380,0.322620,-2.075487,3.267219,-2.184722,234.731500,0.149512,0.341205,1,0,9.659442,0.004791,0.000000,0.136883,1,7,3,3,4
142,10.374720,0.052990,father,4,3,4.000000,2.767926,692.086200,519.804200,694.127700,520.916000,2.324677,689.117200,517.420900,699.138200,524.411100,689.117200,508.424700,699.138200,515.065600,0.886839,0.229713,-4.019651,1.067773,0.238633,-4.198142,0.940445,-4.080508,125.263900,0.540072,-0.250784,0,0,9.174908,0.002990,0.000273,0.125419,7,1,2,7,4
142,10.374720,0.052990,mother,10,10,10.000000,9.608866,656.535300,248.377400,654.850600,247.300000,1.999792,650.045400,243.918100,659.655800,250.681800,650.045400,233.014200,659.655800,241.789200,0.181375,0.278425,2.964081,0.354897,0.227069,2.791374,0.298555,2.850216,125.264100,0.738895,-0.241393,0,1,9.332982,0.002990,0.000315,0.128884,7,10,9,5,4
142,10.374720,0.052990,older_sister,6,6,5.636976,6.000000,624.653100,416.884500,627.301100,416.051400,2.775971,633.749700,413.355700,620.852500,418.747100,633.749700,399.073600,620.852500,407.854700,-0.112853,0.364684,-1.362406,-0.345718,0.278132,-1.500075,-0.277097,-1.452514,234.736400,0.767856,-0.269618,0,1,9.356007,0.002990,0.000061,0.137859,1,4,9,9,4
142,10.374720,0.052990,player,7,3,7.242330,3.000000,819.345500,446.363700,820.662600,445.374200,1.647431,813.887300,449.190900,827.438000,441.557500,813.887300,438.236500,827.438000,428.376300,3.139631,0.279713,-2.277438,3.384297,0.336575,-2.082525,3.238182,-2.205248,234.743600,0.197065,0.312300,1,0,9.697248,0.002090,0.000164,0.136883,1,7,3,3,4
143,10.427020,0.052964,father,4,3,4.000000,2.714632,694.339200,520.931000,695.367600,521.402300,1.131210,689.506500,517.600600,701.228700,525.204000,689.506500,508.316900,701.228700,516.253500,0.893866,0.237053,-4.024240,1.105519,0.228545,-4.218388,0.981125,-4.109279,125.270000,0.606690,-0.284909,0,0,9.227872,0.002964,0.000061,0.125419,7,1,2,7,4
143,10.427020,0.052964,mother,10,10,10.000000,9.555572,658.788400,249.504200,657.183800,248.522900,1.880883,654.329200,246.138900,660.038300,250.907000,654.329200,234.236900,660.038300,241.917200,0.258723,0.303909,2.907376,0.361803,0.229549,2.785624,0.339235,2.821442,125.273300,0.805513,-0.154464,0,1,9.385946,0.002964,0.000015,0.128884,7,10,9,5,4
143,10.427020,0.052964,older_sister,6,6,5.583682,6.000000,622.400000,418.011000,624.124400,417.379700,1.836279,627.378000,416.049300,620.870800,418.710200,627.378000,400.896100,620.870800,407.626500,-0.227898,0.386925,-1.431186,-0.345387,0.283015,-1.499131,-0.317778,-1.481276,234.738300,0.834474,-0.135159,0,1,9.408971,0.002964,0.000000,0.137859,1,4,9,9,4
143,10.427020,0.052964,player,7,3,7.208951,3.000000,817.934400,447.069400,820.186800,445.590200,2.694613,814.306300,448.989700,826.067300,442.190700,814.306300,437.986800,826.067300,428.208100,3.147197,0.280952,-2.272301,3.359548,0.357038,-2.098692,3.212705,-2.223266,234.732500,0.238788,0.273619,1,0,9.730420,0.001808,0.000086,0.136883,1,7,3,3,4
144,10.473850,0.049853,father,4,3,4.000000,2.664469,696.459900,521.991300,696.035500,521.611900,0.569328,690.179700,517.797200,701.891200,525.426500,690.179700,507.886400,701.891200,516.587300,0.906024,0.253069,-4.029261,1.117479,0.225704,-4.224069,1.019415,-4.136355,125.265700,0.669394,-0.285126,0,1,9.277724,0.049853,0.000061,0.120504,7,1,2,7,4
144,10.473850,0.049853,mother,10,10,10.000000,9.505408,660.908900,250.564400,660.262900,250.207400,0.738091,659.909200,249.186000,660.616700,251.228700,659.909200,237.686300,660.616700,242.088800,0.359472,0.293638,2.829569,0.372245,0.233383,2.777410,0.377523,2.794373,125.259200,0.868218,-0.040540,0,1,9.435799,0.049853,0.000136,0.128772,7,10,9,5,4
144,10.473850,0.049853,older_sister,6,6,5.533518,6.000000,620.279400,419.071200,620.238300,419.212600,0.147251,619.708400,419.687700,620.768200,418.737600,619.708400,405.906200,620.768200,407.448500,-0.366376,0.351902,-1.524090,-0.347242,0.288259,-1.499831,-0.356066,-1.508350,234.736400,0.897177,0.029629,0,1,9.458823,0.049853,0.000061,0.136131,1,4,9,9,4
144,10.473850,0.049853,player,7,3,7.181493,3.000000,816.773600,447.649700,818.989900,446.147500,2.677513,814.164500,449.036300,823.815300,443.258600,814.164500,438.022100,823.815300,428.491200,3.144637,0.281243,-2.273492,3.318888,0.377077,-2.125961,3.191744,-2.238086,234.737200,0.273110,0.227453,1,0,9.757709,0.027289,0.000136,0.131172,1,7,3,3,4
145,10.571350,0.094904,father,4,3,4.000000,2.583971,699.863000,523.692700,698.115500,522.561900,2.081403,694.165500,519.570200,702.065500,525.553500,694.165500,508.148500,702.065500,516.624900,0.977989,0.291646,-4.074532,1.120627,0.227987,-4.227313,1.080859,-4.179797,125.260500,0.770016,-0.204669,0,1,9.357724,0.030000,0.000193,0.120504,7,1,2,7,4
145,10.571350,0.094904,mother,10,9,10.000000,9.425126,664.302900,252.261500,666.619100,253.314400,2.544312,671.661700,254.905900,661.576500,251.723000,671.661700,245.320600,661.576500,242.428400,0.571670,0.244754,2.683516,0.389575,0.237332,2.764788,0.438802,2.751039,125.266400,0.968569,0.195602,0,1,9.515583,0.029784,0.000000,0.128772,7,10,9,5,4
145,10.571350,0.094904,older_sister,5,6,5.453020,6.000000,616.876300,420.772500,613.332600,422.815900,4.090619,605.970800,426.858900,620.694500,418.772900,605.970800,414.989200,620.694500,407.165300,-0.614417,0.303085,-1.707203,-0.348571,0.296392,-1.500731,-0.417511,-1.551791,234.739500,0.997800,0.336268,0,1,9.538823,0.030000,0.000273,0.136131,1,4,9,9,4
145,10.571350,0.094904,player,7,3,7.143917,3.000000,815.185000,448.443900,817.290800,447.138100,2.477773,814.034100,449.133000,820.547600,445.143200,814.034100,438.059700,820.547600,429.665500,3.142281,0.282751,-2.275960,3.259888,0.395214,-2.174083,3.163063,-2.258364,234.739400,0.320081,0.154843,1,0,9.795052,0.013036,0.000246,0.131172,1,7,3,3,4
146,10.621800,0.050877,father,4,3,4.000000,2.517780,702.661200,525.092000,701.692100,524.556700,1.107094,700.640000,523.177100,702.744300,525.936300,700.640000,511.393500,702.744300,516.827100,1.094887,0.300885,-4.166631,1.132883,0.232598,-4.237088,1.131383,-4.215529,125.269400,0.852754,-0.071705,0,1,9.423505,0.015781,0.000000,0.120504,7,1,2,7,4
146,10.621800,0.050877,mother,10,9,10.000000,9.361661,666.986000,253.603000,669.087800,254.634200,2.341114,675.656500,257.031100,662.518900,252.237200,675.656500,247.841800,662.518900,242.722200,0.643798,0.234644,2.629248,0.406592,0.242959,2.751657,0.487246,2.716782,125.265700,0.047900,0.264351,0,0,9.578655,0.014545,0.000000,0.128772,7,10,9,5,4
146,10.621800,0.050877,older_sister,5,6,5.386830,6.000000,614.078100,422.171900,612.195300,423.069400,2.085834,604.407400,427.206600,619.983100,418.932200,604.407400,416.176200,619.983100,406.927400,-0.642644,0.281653,-1.716081,-0.361416,0.306534,-1.504799,-0.468034,-1.587524,234.730000,0.080538,0.351606,0,0,9.604604,0.015781,0.000031,0.136131,1,4,9,9,4
146,10.621800,0.050877,player,7,3,7.117765,3.000000,814.079500,448.996700,815.882900,447.948100,2.086134,813.874200,449.246500,817.891700,446.649800,813.874200,438.103400,817.891700,431.211700,3.139395,0.284533,-2.278857,3.211934,0.394202,-2.212552,3.143101,-2.272479,234.735800,0.352770,0.097509,1,0,9.821041,0.005834,0.000246,0.131172,1,7,3,3,4
147,10.666250,0.047403,father,4,2,4.000000,2.470082,704.677700,526.100200,705.130900,526.302400,0.496333,706.987000,526.393100,703.274800,526.211900,706.987000,515.926900,703.274800,517.004700,1.209488,0.267248,-4.248751,1.142463,0.235100,-4.244123,1.167791,-4.241271,125.261400,0.912377,0.057399,0,1,9.470908,0.047403,0.000086,0.120504,7,1,2,7,4
147,10.666250,0.047403,mother,10,9,9.999999,9.319636,668.762500,254.491200,669.726800,255.109900,1.145693,676.343400,257.591000,663.110100,252.628800,676.343400,248.735900,663.110100,242.812400,0.656201,0.226109,2.614953,0.417266,0.250655,2.741659,0.519323,2.694104,125.259800,0.100430,0.268246,0,0,9.620419,0.041764,0.000098,0.128772,7,10,9,5,4
147,10.666250,0.047403,older_sister,5,6,5.339131,6.000000,612.061600,423.180000,611.806000,423.110600,0.264911,604.186400,427.188600,619.425500,419.032700,604.186400,416.281800,619.425500,406.503600,-0.646634,0.278499,-1.715622,-0.371483,0.319924,-1.507367,-0.504442,-1.613265,234.739300,0.140161,0.344895,0,0,9.652007,0.047403,0.000164,0.136131,1,4,9,9,4
147,10.666250,0.047403,player,7,3,7.100897,3.000000,813.366300,449.353400,814.797600,448.540300,1.646115,813.731300,449.336500,815.864000,447.744100,813.731300,438.155700,815.864000,432.741100,3.136815,0.285495,-2.281155,3.175321,0.383095,-2.240497,3.130225,-2.281589,234.721000,0.373856,0.054917,1,0,9.837806,0.016764,0.000086,0.131172,1,7,3,3,4
148,10.713780,0.047715,father,4,2,4.000000,2.422069,706.707400,527.115000,709.135700,528.219200,2.667599,714.385700,529.908200,703.885800,526.530200,714.385700,520.338100,703.885800,517.228000,1.343074,0.244367,-4.338507,1.153494,0.237527,-4.252251,1.204439,-4.267184,125.263700,0.972393,0.204592,0,1,9.518623,0.047715,0.000136,0.120504,7,1,2,7,4
148,10.713780,0.047715,mother,10,9,9.999999,9.280897,670.400100,255.309900,670.207600,255.399700,0.212451,676.714200,257.783800,663.701200,253.015700,676.714200,249.001400,663.701200,242.769000,0.662896,0.224254,2.610028,0.427938,0.261642,2.731781,0.548892,2.673199,125.260000,0.148852,0.262140,0,0,9.658917,0.038499,0.000246,0.128772,7,10,9,5,4
148,10.713780,0.047715,older_sister,5,6,5.291119,6.000000,610.031900,424.194800,611.425000,423.158300,1.736481,604.712100,426.952900,618.137900,419.363700,604.712100,415.993800,618.137900,406.148100,-0.637143,0.279835,-1.709604,-0.394732,0.337453,-1.515818,-0.541092,-1.639179,234.737100,0.200176,0.309810,1,0,9.699722,0.047715,0.000193,0.136131,1,4,9,9,4
148,10.713780,0.047715,player,7,3,7.085213,3.000000,812.703300,449.684900,813.672000,449.133800,1.114505,813.593500,449.416700,813.750500,448.850900,813.593500,438.202800,813.750500,434.432100,3.134328,0.286342,-2.283204,3.137162,0.368174,-2.268755,3.118254,-2.290053,234.735700,0.393461,0.010656,1,0,9.853393,0.015587,0.000086,0.131172,1,7,3,3,4
149,10.758450,0.044877,father,4,2,4.000000,2.376913,708.616400,528.069300,711.108300,529.231600,2.749593,717.652000,531.577900,704.564500,526.885200,717.652000,522.188400,704.564500,517.434700,1.402050,0.239756,-4.381142,1.165748,0.241313,-4.261316,1.238907,-4.291552,125.259200,0.028838,0.262125,0,1,9.563500,0.044877,0.000273,0.120504,7,1,2,7,4
149,10.758450,0.044877,mother,10,9,9.999999,9.248275,671.779300,255.999500,670.632400,255.658000,1.196667,676.840300,257.816700,664.424500,253.499300,676.840300,249.022600,664.424500,242.798000,0.665173,0.224553,2.609189,0.440998,0.273251,2.719432,0.573793,2.655591,125.265200,0.189631,0.246687,1,0,9.691338,0.032420,0.000220,0.128772,7,10,9,5,4
149,10.758450,0.044877,older_sister,5,6,5.245962,6.000000,608.122900,425.149600,610.358800,423.640200,2.697658,605.016600,426.793200,615.700900,420.487200,605.016600,415.783500,615.700900,406.080600,-0.631645,0.281126,-1.705525,-0.438734,0.367864,-1.544506,-0.575558,-1.663558,234.726700,0.256622,0.250479,1,0,9.744599,0.044877,0.000086,0.136131,1,4,9,9,4
149,10.758450,0.044877,player,7,3,7.071515,3.000000,812.124100,449.974300,812.598900,449.682200,0.557421,813.475300,449.484200,811.722400,449.880100,813.475300,438.241700,811.722400,436.050100,3.132193,0.287070,-2.284928,3.100544,0.353141,-2.295038,3.107798,-2.297442,234.753000,0.410584,-0.031682,1,0,9.867006,0.013614,0.000273,0.131172,1,7,3,3,4
150,10.804630,0.046545,father,4,2,4.000000,2.330078,710.596300,529.059500,711.853500,529.790500,1.454285,718.469200,532.260400,705.237900,527.320600,718.469200,523.351000,705.237900,517.593600,1.416804,0.227496,-4.398568,1.177906,0.248373,-4.272435,1.274656,-4.316836,125.271300,0.087382,0.267879,0,0,9.610045,0.046545,0.000086,0.129988,7,1,2,7,4
150,10.804630,0.046545,mother,10,9,9.999999,9.218122,673.054000,256.636900,671.150400,255.927700,2.031389,676.874100,257.809600,665.426700,254.045700,676.874100,248.963500,665.426700,242.756200,0.665783,0.225880,2.609369,0.459093,0.288272,2.705478,0.596808,2.639313,125.270900,0.227321,0.224245,1,0,9.721303,0.029965,0.000086,0.126044,7,10,9,5,4
150,10.804630,0.046545,older_sister,5,6,5.199128,6.000000,606.142900,426.139300,608.273600,424.803500,2.514741,604.843300,426.896200,611.703900,422.710900,604.843300,415.833300,611.703900,407.272800,-0.634773,0.282487,-1.708157,-0.510903,0.394203,-1.601286,-0.611308,-1.688830,234.742800,0.315166,0.162840,1,0,9.791144,0.046545,0.000136,0.132320,1,4,9,9,4
150,10.804630,0.046545,player,7,3,7.058145,3.000000,811.559000,450.257000,811.479800,450.242500,0.080484,813.359300,449.549400,809.600200,450.935500,813.359300,438.278400,809.600200,437.733800,3.130098,0.287800,-2.286593,3.062226,0.337098,-2.321986,3.097593,-2.304660,234.730800,0.427296,-0.075851,1,0,9.880293,0.013287,0.000193,0.137470,1,7,3,3,4
151,10.898310,0.091571,father,4,2,4.000000,2.249580,713.999400,530.760800,712.888500,530.435600,1.157520,719.113000,532.604900,706.663900,528.266300,719.113000,523.812300,706.663900,517.584500,1.428429,0.224513,-4.407366,1.203655,0.272754,-4.296582,1.336100,-4.360278,125.260200,0.188005,0.247492,1,0,9.690045,0.030000,0.000273,0.129988,7,1,2,7,4
151,10.898310,0.091571,mother,10,9,9.999999,9.174045,674.917500,257.568700,672.838100,256.739500,2.238648,677.385300,258.036200,668.290800,255.442900,677.385300,249.171600,668.290800,243.129100,0.675013,0.226352,2.603585,0.510806,0.314424,2.669803,0.630454,2.615521,125.265300,0.282418,0.172306,1,0,9.765108,0.015240,0.000061,0.126044,7,10,9,5,4
151,10.898310,0.091571,older_sister,5,6,5.118629,6.000000,602.739900,427.841100,603.046200,427.634200,0.369649,604.229900,427.283300,601.862500,427.985200,604.229900,416.031800,601.862500,414.352400,-0.645849,0.287300,-1.718040,-0.688593,0.348104,-1.735963,-0.672752,-1.732284,234.732100,0.415789,-0.045248,1,0,9.871144,0.030000,0.000061,0.132320,1,4,9,9,4
151,10.898310,0.091571,player,7,3,7.036725,3.000001,810.653400,450.709800,809.656900,451.136500,1.083999,813.198500,449.644300,806.115400,452.628700,813.198500,438.329800,806.115400,440.287100,3.127195,0.288910,-2.289017,2.999305,0.315135,-2.365221,3.081242,-2.316222,234.734900,0.454071,-0.148418,1,0,9.901581,0.007755,0.000193,0.137470,1,7,3,3,4
152,10.946340,0.048785,father,4,2,4.000000,2.188847,716.566900,532.044900,714.467400,531.235500,2.250101,719.467200,532.741700,709.467500,529.729200,719.467200,523.879800,709.467500,517.727200,1.434826,0.226284,-4.410858,1.254274,0.306465,-4.333938,1.382458,-4.393065,125.270400,0.263920,0.191825,1,0,9.750401,0.010356,0.000000,0.129988,7,1,2,7,4
152,10.946340,0.048785,mother,10,9,9.999999,9.146096,676.098900,258.159600,674.208000,257.333500,2.063486,677.788300,258.205600,670.627700,256.461500,677.788300,249.311200,670.627700,243.771300,0.682289,0.227112,2.599260,0.553000,0.324037,2.643792,0.651786,2.600433,125.270300,0.317352,0.131270,1,0,9.792883,0.004456,0.000061,0.126044,7,10,9,5,4
152,10.946340,0.048785,older_sister,5,6,5.057897,6.000000,600.172400,429.124700,598.185900,429.974800,2.160762,603.862200,427.499900,592.509500,432.449600,603.862200,416.142500,592.509500,420.696900,-0.652487,0.290006,-1.723572,-0.857468,0.300100,-1.849960,-0.719110,-1.765060,234.739000,0.491704,-0.240337,1,0,9.931500,0.010356,0.000086,0.132320,1,4,9,9,4
152,10.946340,0.048785,player,7,3,7.000000,3.000000,809.100900,451.486000,806.925700,452.408600,2.362803,813.045300,449.734400,800.806000,455.082900,813.045300,438.369700,800.806000,443.406400,3.124428,0.290191,-2.291316,2.903441,0.298151,-2.427886,3.053210,-2.336044,234.735000,0.499977,-0.259283,0,0,9.938078,0.000000,0.000193,0.137470,1,-1,-1,3,4
153,10.991150,0.046408,father,4,2,4.000000,2.142151,718.541000,533.031600,716.690300,532.214800,2.022928,720.126000,533.020000,713.254500,531.409600,720.126000,524.119300,713.254500,518.698000,1.446721,0.227275,-4.417964,1.322650,0.324584,-4.376845,1.418102,-4.418261,125.256100,0.322291,0.125049,1,0,9.796809,0.046408,0.000273,0.129988,7,1,2,7,4
153,10.991150,0.046408,mother,10,9,9.999999,9.127107,676.901700,258.560700,675.244100,257.798000,1.824642,678.097800,258.336600,672.390600,257.259400,678.097800,249.412900,672.390600,244.555500,0.687876,0.227862,2.595913,0.584830,0.324388,2.623420,0.666281,2.590192,125.243900,0.341090,0.100031,1,0,9.811755,0.018872,0.000193,0.126044,7,10,9,5,4
153,10.991150,0.046408,older_sister,5,6,5.011200,6.000000,598.198300,430.111900,595.413100,431.248400,3.008101,603.786900,427.538400,587.039400,434.958300,603.786900,416.062900,587.039400,423.633900,-0.653848,0.293021,-1.724555,-0.956232,0.289161,-1.914016,-0.754753,-1.790267,234.730900,0.550075,-0.356279,0,0,9.977908,0.046408,0.000061,0.132320,1,4,9,9,4
153,10.991150,0.046408,player,7,3,7.000000,3.000000,809.100900,451.486000,806.925700,452.408600,2.362803,813.045300,449.734400,800.806000,455.082900,813.045300,438.369700,800.806000,443.406400,3.124428,0.290191,-2.291316,2.903441,0.298151,-2.427886,3.053210,-2.336044,234.735000,0.499977,-0.259283,0,0,9.938078,0.000000,0.000193,0.137470,1,-1,-1,3,4
154,11.035680,0.044963,father,4,2,4.000000,2.096907,720.453700,533.988200,719.404200,533.458600,1.175554,720.917100,533.370700,717.891200,533.546400,720.917100,524.411700,717.891200,521.431600,1.461004,0.228760,-4.426919,1.406370,0.309347,-4.431407,1.452637,-4.442687,125.270800,0.378846,0.042013,1,0,9.841773,0.044963,0.000136,0.129988,7,1,2,7,4
154,11.035680,0.044963,mother,10,9,9.999999,9.110274,677.613300,258.916700,676.256200,258.259200,1.507990,678.390800,258.469300,674.121600,258.049200,678.390800,249.523000,674.121600,245.559000,0.693168,0.228438,2.592525,0.616084,0.318929,2.603252,0.679129,2.581101,125.282500,0.362131,0.069120,1,0,9.828484,0.016728,0.000000,0.126044,7,10,9,5,4
154,11.035680,0.044963,older_sister,5,6,5.000000,6.000000,597.724700,430.348500,595.040800,431.437800,2.896585,603.817900,427.524000,586.263700,435.351800,603.817900,415.980600,586.263700,424.128600,-0.653289,0.294752,-1.724185,-0.970240,0.286578,-1.924064,-0.763304,-1.796309,234.754000,0.564076,-0.374196,0,0,9.989039,0.011131,0.000061,0.132320,1,4,9,9,4
154,11.035680,0.044963,player,7,3,7.000000,3.000000,809.100900,451.486000,806.925700,452.408600,2.362803,813.045300,449.734400,800.806000,455.082900,813.045300,438.369700,800.806000,443.406400,3.124428,0.290191,-2.291316,2.903441,0.298151,-2.427886,3.053210,-2.336044,234.735000,0.499977,-0.259283,0,0,9.938078,0.000000,0.000193,0.137470,1,-1,-1,3,4
155,11.078330,0.041895,father,4,2,4.000000,2.054751,722.235800,534.879300,722.436200,534.946400,0.211250,721.680800,533.728900,723.191500,536.163900,721.680800,524.762600,723.191500,525.608000,1.474791,0.228949,-4.436066,1.502069,0.269538,-4.498242,1.484814,-4.465441,125.266300,0.431541,-0.058171,1,0,9.883668,0.041895,0.000086,0.129988,7,1,2,7,4
155,11.078330,0.041895,mother,10,9,9.999999,9.095855,678.222900,259.221500,677.199100,258.703200,1.147500,678.661200,258.590600,675.737000,258.815700,678.661200,249.631000,675.737000,246.733300,0.698050,0.228779,2.589427,0.645252,0.308519,2.583678,0.690135,2.573319,125.261700,0.380155,0.039792,1,0,9.842813,0.014330,0.000031,0.126044,7,10,9,5,4
155,11.078330,0.041895,older_sister,5,6,5.000000,6.032358,596.356800,429.664500,594.903900,429.963600,1.483421,605.114200,427.778000,584.693500,432.149300,605.114200,415.968400,584.693500,421.211100,-0.629882,0.301551,-1.730672,-0.998590,0.279299,-1.842290,-0.788002,-1.778842,251.166300,0.604524,-0.385000,0,0,10.021200,0.032158,0.000164,0.132320,3,4,9,9,4
155,11.078330,0.041895,player,7,3,7.000000,3.000000,809.100900,451.486000,806.925700,452.408600,2.362803,813.045300,449.734400,800.806000,455.082900,813.045300,438.369700,800.806000,443.406400,3.124428,0.290191,-2.291316,2.903441,0.298151,-2.427886,3.053210,-2.336044,234.735000,0.499977,-0.259283,0,0,9.938078,0.000000,0.000193,0.137470,1,-1,-1,3,4
156,11.120090,0.034487,father,4,2,4.000000,2.020050,723.702900,535.612500,724.908300,536.210200,1.345470,722.246000,533.993700,727.570600,538.426700,722.246000,525.020800,727.570600,528.748600,1.484998,0.229118,-4.442827,1.581136,0.247125,-4.556022,1.511301,-4.484164,125.254800,0.474917,-0.143843,1,0,9.918155,0.034487,0.000273,0.128422,7,1,2,7,4
156,11.120090,0.034487,mother,10,9,9.999999,9.084789,678.690700,259.455300,677.955900,259.067300,0.830922,678.860800,258.684200,677.050900,259.450500,678.860800,249.720700,677.050900,247.742300,0.701654,0.228877,2.587039,0.668976,0.298961,2.567472,0.698582,2.567348,125.252300,0.393987,0.015391,1,0,9.853810,0.010997,0.000136,0.128852,7,10,9,5,4
156,11.120090,0.034487,older_sister,5,6,5.000000,6.066795,594.901000,428.936600,594.948600,429.037400,0.111504,605.726700,428.571400,584.170600,429.503400,605.726700,416.310400,584.170600,418.653000,-0.618824,0.313078,-1.750933,-1.008031,0.277059,-1.774729,-0.814287,-1.760257,264.676500,0.647571,-0.389736,0,0,10.055420,0.034224,0.000136,0.125304,3,4,9,9,4
156,11.120090,0.034487,player,7,3,7.004787,3.000000,809.303300,451.385000,808.184300,453.104600,2.051618,811.231700,448.210500,805.136800,457.998700,811.231700,436.839500,805.136800,446.372600,3.091683,0.290352,-2.252405,2.981637,0.296866,-2.502340,3.056865,-2.333465,200.259000,0.505961,-0.272578,1,0,9.942835,0.004757,0.000000,0.139827,5,9,5,5,4
157,11.207730,0.086521,father,4,2,3.996377,2.000000,724.397300,536.113200,725.845800,537.211100,1.817638,722.810000,533.924100,728.881600,540.498200,722.810000,524.956700,728.881600,531.030900,1.495180,0.228977,-4.441051,1.604807,0.241740,-4.608914,1.523840,-4.496947,135.553800,0.504507,-0.196604,1,0,9.941680,0.003600,0.000136,0.128422,7,1,2,7,4
157,11.207730,0.086521,mother,10,9,9.999999,9.061018,679.695700,259.957800,679.689900,259.921800,0.036435,679.292500,258.887200,680.087300,260.956500,679.292500,249.921600,680.087300,250.169300,0.709449,0.228932,2.581854,0.723800,0.275447,2.529016,0.716727,2.554516,125.268200,0.423700,-0.042226,1,0,9.877435,0.008506,0.000061,0.128852,7,10,9,5,4
157,11.207730,0.086521,older_sister,5,6,5.000000,6.147294,591.497900,427.235100,593.768300,428.523100,2.610307,600.870200,431.715400,586.666400,425.330700,600.870200,417.845800,586.666400,414.470600,-0.706509,0.354153,-1.831213,-0.962968,0.277306,-1.668182,-0.875733,-1.716811,298.571000,0.748194,-0.303197,0,1,10.135420,0.030000,0.000031,0.125304,3,4,9,9,4
157,11.207730,0.086521,player,7,3,7.052755,3.000000,811.331200,450.371000,814.004500,451.425700,2.873878,804.693400,448.108000,823.315700,454.743400,804.693400,436.554600,823.315700,443.533500,2.973630,0.295010,-2.249787,3.309868,0.286239,-2.419218,3.093480,-2.307570,113.765700,0.565921,-0.376006,0,0,9.990506,0.023877,0.000110,0.139827,5,9,5,5,4
158,11.246560,0.042437,father,4,2,3.974907,2.000000,723.489700,536.566800,724.300800,538.246100,1.864910,722.982800,533.596000,725.618800,542.896200,722.982800,524.613200,725.618800,533.524700,1.498301,0.229370,-4.432673,1.545895,0.239294,-4.670146,1.507453,-4.508532,158.938100,0.531345,-0.238713,1,0,9.963017,0.021337,0.000220,0.128422,1,1,2,7,4
158,11.246560,0.042437,mother,10,9,10.000000,9.047548,680.265100,260.242200,680.711400,260.433500,0.485555,679.534800,259.000600,681.888100,261.866500,679.534800,250.032900,681.888100,251.563300,0.713822,0.228985,2.578959,0.756314,0.263085,2.505780,0.727009,2.547253,125.239400,0.440538,-0.076929,1,0,9.890821,0.013387,0.000329,0.128852,7,10,9,5,4
158,11.246560,0.042437,older_sister,5,6,5.000000,6.196557,589.415300,426.193700,591.113400,427.422400,2.095973,595.092300,429.838700,587.134500,425.006100,595.092300,414.827200,587.134500,414.015700,-0.810833,0.383310,-1.783291,-0.954517,0.280632,-1.659894,-0.913334,-1.690219,305.268900,0.809772,-0.188562,0,1,10.184380,0.048958,0.000136,0.125304,3,4,9,9,4
158,11.246560,0.042437,player,7,3,7.101573,3.000000,813.394900,449.339100,814.101700,449.134900,0.735701,803.745600,451.355600,824.457900,446.914200,803.745600,439.332900,824.457900,436.013200,2.956517,0.306992,-2.332711,3.330489,0.278351,-2.219303,3.130742,-2.281222,71.342150,0.626943,-0.390599,0,0,10.039020,0.048516,0.000136,0.139827,5,9,5,5,4
159,11.292160,0.046166,father,4,2,3.936986,2.000000,721.886500,537.368500,721.657800,538.882800,1.531455,723.352000,533.424200,719.963900,544.341500,723.352000,524.300400,719.963900,535.204500,1.504966,0.232972,-4.428286,1.443792,0.233306,-4.707052,1.478507,-4.529002,184.377600,0.578747,-0.282623,0,0,10.000700,0.037687,0.000136,0.128422,1,1,2,7,4
159,11.292160,0.046166,mother,10,9,10.000000,9.035431,680.777500,260.498600,681.603300,260.886300,0.912284,679.742100,259.096500,683.464300,262.676100,679.742100,250.126300,683.464300,252.726300,0.717566,0.229048,2.576509,0.784772,0.254061,2.485107,0.736259,2.540708,125.281000,0.455686,-0.107655,1,0,9.902864,0.012043,0.000136,0.128852,7,10,9,5,4
159,11.292160,0.046166,older_sister,5,6,5.000000,6.243010,587.451500,425.211800,588.068500,425.679300,0.774149,589.075100,426.425200,587.062000,424.933400,589.075100,411.836000,587.062000,413.732300,-0.919478,0.372527,-1.696129,-0.955825,0.286014,-1.658038,-0.948793,-1.665145,305.265600,0.867839,-0.051669,0,1,10.230550,0.046166,0.000164,0.125304,3,4,9,9,4
159,11.292160,0.046166,player,7,3,7.148027,3.000000,815.358800,448.357100,813.963100,448.765700,1.454280,805.226100,452.783600,822.700200,444.747900,805.226100,440.039000,822.700200,433.934800,2.983249,0.325427,-2.369175,3.298753,0.276107,-2.163990,3.166201,-2.256148,54.735390,0.685010,-0.376072,0,1,10.085190,0.046166,0.000136,0.139827,5,9,5,5,4
160,11.332130,0.040197,father,4,2,3.896539,2.000000,720.176600,538.223300,720.006100,538.632900,0.443632,724.462600,533.889200,715.549700,543.376600,724.462600,524.418200,715.549700,534.468400,1.525019,0.241836,-4.440160,1.364092,0.227464,-4.682415,1.447633,-4.550829,206.527600,0.629306,-0.288625,0,0,10.040900,0.040197,0.000273,0.128422,1,1,2,7,4
160,11.332130,0.040197,mother,10,9,10.000000,9.025247,681.207900,260.713800,682.291800,261.242300,1.205876,679.894500,259.168800,684.689100,263.315900,679.894500,250.196300,684.689100,253.560900,0.720318,0.229107,2.574665,0.806886,0.249088,2.468769,0.744033,2.535214,125.250900,0.468416,-0.131813,1,0,9.912986,0.010121,0.000220,0.128852,7,10,9,5,4
160,11.332130,0.040197,older_sister,5,6,5.000000,6.283458,585.741500,424.356800,584.822500,424.014100,0.980829,582.569800,423.093400,587.075300,424.934800,582.569800,409.966800,587.075300,413.588000,-1.036934,0.335181,-1.611054,-0.955586,0.289734,-1.658072,-0.979667,-1.643314,305.263500,0.918398,0.093566,0,1,10.270740,0.040197,0.000164,0.125304,3,4,9,9,4
160,11.332130,0.040197,player,7,3,7.188474,3.000000,817.068700,447.502100,814.526700,448.369700,2.686007,806.929900,451.709900,822.123400,445.029400,806.929900,438.121300,822.123400,434.183700,3.014013,0.346975,-2.341759,3.288339,0.276939,-2.171178,3.197074,-2.234317,54.734330,0.735568,-0.322471,0,1,10.125380,0.040197,0.000164,0.139827,5,9,5,5,4
161,11.370350,0.038037,father,4,2,3.858265,2.000000,718.558600,539.032500,719.358600,538.717200,0.859883,725.838900,535.512900,712.878300,541.921500,725.838900,525.509300,712.878300,533.086100,1.549869,0.255435,-4.481618,1.315858,0.225608,-4.645259,1.418419,-4.571490,227.514100,0.677148,-0.283095,0,1,10.078940,0.038037,0.000136,0.128422,1,1,2,7,4
161,11.370350,0.038037,mother,10,9,10.000000,9.000000,682.275300,261.247400,683.912400,262.104500,1.847944,680.263900,259.346300,687.560900,264.862800,680.263900,250.379100,687.560900,255.372000,0.726987,0.228971,2.570132,0.858738,0.242343,2.429271,0.763303,2.521589,125.262900,0.499974,-0.188899,0,0,9.938076,0.000000,0.000246,0.128852,7,-1,-1,5,4
161,11.370350,0.038037,older_sister,5,6,5.000000,6.321732,584.123500,423.547600,581.166400,422.284800,3.215472,575.342200,419.693500,586.990600,424.876000,575.342200,407.690500,586.990600,413.387100,-1.167432,0.306489,-1.524239,-0.957115,0.293364,-1.656573,-1.008882,-1.622653,305.267900,0.966241,0.248125,0,1,10.308780,0.038037,0.000273,0.125304,3,4,9,9,4
161,11.370350,0.038037,player,7,3,7.226748,3.000000,818.686800,446.693000,816.147700,447.484600,2.659589,810.366800,449.864600,821.928600,445.104600,810.366800,435.278900,821.928600,434.183700,3.076067,0.372436,-2.294641,3.284822,0.278858,-2.173096,3.226289,-2.213656,54.732280,0.783411,-0.240620,0,1,10.163420,0.038037,0.000246,0.139827,5,9,5,5,4
162,11.407730,0.037885,father,4,2,3.820143,2.000000,716.947000,539.838300,718.795200,539.138200,1.976352,725.189900,536.902600,712.400400,541.373900,725.189900,526.272800,712.400400,532.494800,1.538152,0.271425,-4.517104,1.307229,0.226723,-4.631276,1.389320,-4.592066,234.735100,0.724799,-0.254465,0,1,10.116820,0.037885,0.000136,0.122559,1,1,2,7,4
162,11.407730,0.037885,mother,10,9,10.000000,9.000000,682.275300,261.247400,683.912400,262.104500,1.847944,680.263900,259.346300,687.560900,264.862800,680.263900,250.379100,687.560900,255.372000,0.726987,0.228971,2.570132,0.858738,0.242343,2.429271,0.763303,2.521589,125.262900,0.499974,-0.188899,0,0,9.938076,0.000000,0.000246,0.128883,7,-1,-1,5,4
162,11.407730,0.037885,older_sister,5,6,5.000000,6.359853,582.511900,422.742000,578.892900,421.172500,3.944679,570.912200,417.536800,586.873500,424.808200,570.912200,405.830400,586.873500,413.136200,-1.247418,0.298917,-1.469170,-0.959228,0.298038,-1.654841,-1.037979,-1.602080,305.261400,0.013891,0.342504,0,1,10.346660,0.037885,0.000164,0.143316,3,4,9,9,4
162,11.407730,0.037885,player,7,3,7.264869,3.000000,820.298300,445.887300,818.496200,446.541900,1.917309,815.056800,447.951900,821.935900,445.131900,815.056800,432.787700,821.935900,434.061100,3.160747,0.387207,-2.245800,3.284953,0.282687,-2.173795,3.255386,-2.193083,54.738470,0.831062,-0.142987,0,1,10.201310,0.037885,0.000164,0.130701,5,9,5,5,4
163,11.501830,0.083440,father,4,2,3.739645,2.000000,713.543800,541.539900,715.122300,540.859900,1.718728,718.484300,540.074400,711.760300,541.645400,718.484300,528.040600,711.760300,532.604900,1.417077,0.307275,-4.598095,1.295673,0.230844,-4.638209,1.327875,-4.635516,234.734400,0.825422,-0.122285,0,1,10.196820,0.030000,0.000086,0.122559,1,1,2,7,4
163,11.501830,0.083440,mother,10,9,10.000000,9.000000,682.275300,261.247400,683.912400,262.104500,1.847944,680.263900,259.346300,687.560900,264.862800,680.263900,250.379100,687.560900,255.372000,0.726987,0.228971,2.570132,0.858738,0.242343,2.429271,0.763303,2.521589,125.262900,0.499974,-0.188899,0,0,9.938076,0.000000,0.000275,0.128883,7,7,10,5,4
163,11.501830,0.083440,older_sister,5,6,5.000000,6.440351,579.108800,421.040600,578.292900,420.460400,1.001230,570.204600,416.626400,586.381300,424.294400,570.204600,405.720400,586.381300,412.022800,-1.260195,0.278478,-1.445922,-0.968116,0.313347,-1.641720,-1.099424,-1.558639,305.260400,0.114514,0.351526,0,0,10.426660,0.030000,0.000031,0.143316,3,4,9,9,4
163,11.501830,0.083440,player,7,3,7.345367,3.000000,823.701400,444.186000,824.967800,443.420600,1.479717,827.884600,441.741100,822.051000,445.100000,827.884600,428.995500,822.051000,433.717500,3.392362,0.325453,-2.087213,3.287032,0.290647,-2.172981,3.316831,-2.149642,54.739630,0.931685,0.135519,0,1,10.281310,0.030000,0.000061,0.130701,5,9,5,5,4
164,11.547240,0.048209,father,4,2,3.687674,2.000000,711.346800,542.638200,711.510300,542.578800,0.173985,711.911700,543.214900,711.109000,541.942600,711.911700,532.214800,711.109000,532.766800,1.298405,0.280881,-4.678286,1.283913,0.234299,-4.645799,1.288206,-4.663561,234.740300,0.890386,0.006920,0,1,10.248470,0.001649,0.000220,0.122559,1,1,2,7,4
164,11.547240,0.048209,mother,10,9,9.990646,9.000001,681.879800,261.445200,682.785600,262.902400,1.715806,681.301500,258.880300,684.269500,266.924600,681.301500,249.912100,684.269500,257.485700,0.745721,0.228997,2.582031,0.799312,0.241016,2.376623,0.756162,2.516537,154.579800,0.511667,-0.208525,1,0,9.947372,0.009296,0.000193,0.128883,1,7,10,5,4
164,11.547240,0.048209,older_sister,5,6,5.000000,6.492322,576.911700,419.941900,578.153600,420.279100,1.286844,570.551000,416.858000,585.756200,423.700100,570.551000,405.925600,585.756200,410.720800,-1.253941,0.279152,-1.451836,-0.979401,0.331420,-1.626547,-1.139094,-1.530581,305.270900,0.179478,0.325028,1,0,10.478310,0.001649,0.000193,0.143316,3,4,9,9,4
164,11.547240,0.048209,player,7,3,7.397339,3.000000,825.898500,443.087200,829.419900,441.055800,4.065321,836.718300,437.043500,822.121500,445.068000,836.718300,425.176900,822.121500,433.465100,3.551857,0.303007,-1.967262,3.288304,0.296273,-2.172163,3.356501,-2.121584,54.729430,0.996649,0.333492,0,1,10.332960,0.001649,0.000136,0.130701,5,9,5,5,4
165,11.587110,0.044924,father,4,2,3.642470,2.000000,709.435800,543.593800,707.930700,544.418600,1.716289,705.306500,546.618300,710.554900,542.218900,705.306500,536.824900,710.554900,532.963000,1.179145,0.250070,-4.765189,1.273907,0.236343,-4.652853,1.253702,-4.687960,234.735000,0.946890,0.142231,0,1,10.293400,0.044924,0.000193,0.122559,1,1,2,7,4
165,11.587110,0.044924,mother,10,9,9.965090,9.000001,680.799300,261.985400,680.606300,263.812100,1.836857,681.985400,258.843000,679.227300,268.781300,681.985400,249.839700,679.227300,259.447900,0.758069,0.229893,2.582984,0.708271,0.238324,2.329214,0.736655,2.502743,181.899000,0.543613,-0.255281,0,0,9.972771,0.025399,0.000193,0.128883,1,7,10,5,4
165,11.587110,0.044924,older_sister,5,7,5.000000,6.537527,575.000700,418.986300,577.689900,419.978100,2.866190,571.126100,417.154800,584.253700,422.801200,571.126100,406.153500,584.253700,408.883500,-1.243556,0.280914,-1.459417,-1.006531,0.355380,-1.603594,-1.173598,-1.506182,305.265200,0.235982,0.276771,1,0,10.523240,0.044924,0.000220,0.143316,3,4,9,9,4
165,11.587110,0.044924,player,7,3,7.442543,3.000000,827.809500,442.131700,830.296300,440.810100,2.816126,837.983100,436.687100,822.609400,444.933100,837.983100,425.436900,822.609400,433.096100,3.574694,0.287269,-1.958162,3.297114,0.302252,-2.168718,3.391005,-2.097186,54.735590,0.053153,0.348208,0,0,10.377880,0.044924,0.000164,0.130701,5,9,5,5,4
166,11.628210,0.041380,father,4,2,3.600832,2.000000,707.675500,544.474100,704.850600,546.026800,3.223559,699.634400,549.586800,710.066800,542.466700,699.634400,539.892500,710.066800,533.103300,1.076733,0.247536,-4.840988,1.265096,0.239090,-4.659183,1.221920,-4.710436,234.732400,0.998937,0.258766,0,1,10.334770,0.041380,0.000086,0.122559,1,1,2,7,4
166,11.628210,0.041380,mother,10,9,9.927539,9.000001,679.211900,262.779000,678.432700,263.848200,1.322976,682.918100,259.265200,673.947400,268.431100,682.918100,250.084500,673.947400,259.414800,0.774909,0.234425,2.572201,0.612940,0.230225,2.338157,0.707992,2.482480,207.063000,0.590551,-0.282109,0,0,10.010090,0.037318,0.000329,0.128883,1,7,10,5,4
166,11.628210,0.041380,older_sister,5,7,5.000000,6.579164,573.240500,418.106100,575.931500,419.084800,2.863475,570.987100,417.064600,580.875900,421.105000,570.987100,406.041800,580.875900,406.046400,-1.246066,0.281461,-1.457111,-1.067518,0.384512,-1.560281,-1.205380,-1.483706,305.267500,0.288030,0.205348,1,0,10.564620,0.041380,0.000301,0.143316,3,4,9,9,4
166,11.628210,0.041380,player,7,3,7.484180,3.000000,829.569800,441.251500,830.857300,440.747200,1.382777,838.674100,436.620500,823.040500,444.873800,838.674100,425.695600,823.040500,432.679600,3.587171,0.278961,-1.956461,3.304898,0.311373,-2.167205,3.422788,-2.074710,54.732430,0.105200,0.352149,0,0,10.419260,0.041380,0.000273,0.130701,5,9,5,5,4
167,11.669470,0.041568,father,4,2,3.559005,2.000000,705.907300,545.358300,703.886400,546.377700,2.263433,698.489400,549.958900,709.283400,542.796500,698.489400,540.800200,709.283400,533.267800,1.056060,0.233861,-4.850489,1.250950,0.243310,-4.667603,1.189993,-4.733016,234.731500,0.051220,0.264719,0,0,10.376340,0.041568,0.000000,0.122559,1,1,2,7,4
167,11.669470,0.041568,mother,10,9,9.885712,9.000001,677.443600,263.663200,677.387600,263.814100,0.160897,684.326200,260.920300,670.449100,266.707900,684.326200,251.314200,670.449100,257.830000,0.800333,0.245285,2.529940,0.549775,0.226694,2.382157,0.676065,2.459901,232.358800,0.642835,-0.288659,0,0,10.051660,0.041568,0.000246,0.128883,1,7,10,5,4
167,11.669470,0.041568,older_sister,5,7,5.000000,6.620991,571.472200,417.222100,573.667200,418.135500,2.377409,570.732400,416.990400,576.602000,419.280700,570.732400,405.873700,576.602000,403.760700,-1.250665,0.283857,-1.455217,-1.144687,0.396295,-1.513699,-1.237307,-1.461135,305.259800,0.340313,0.120297,1,0,10.606180,0.041568,0.000164,0.143316,3,4,9,9,4
167,11.669470,0.041568,player,8,3,7.526008,3.000000,831.338000,440.367500,831.084900,440.723000,0.436426,838.507300,436.695700,823.662600,444.750400,838.507300,425.781100,823.662600,432.022300,3.584159,0.278697,-1.958380,3.316129,0.325004,-2.164053,3.454715,-2.052138,54.740560,0.157483,0.337590,1,0,10.460830,0.041568,0.000136,0.130701,5,9,5,5,4
168,11.711970,0.041837,father,4,2,3.516907,2.000000,704.127600,546.248100,703.047000,546.642200,1.150171,697.529100,550.223600,708.565000,543.060700,697.529100,541.380500,708.565000,533.220700,1.038720,0.225805,-4.857249,1.237979,0.251257,-4.674347,1.157859,-4.755736,234.737400,0.103842,0.268292,0,0,10.418180,0.041837,0.000000,0.127393,1,1,2,7,4
168,11.711970,0.041837,mother,10,9,9.843615,9.000001,675.664000,264.553200,676.960600,264.117100,1.367955,683.800900,261.616500,670.120400,266.617800,683.800900,251.396300,670.120400,257.776100,0.790849,0.260966,2.512164,0.543840,0.225766,2.384460,0.643933,2.437176,234.731800,0.695457,-0.275410,0,1,10.093490,0.041837,0.000110,0.121593,1,7,10,5,4
168,11.711970,0.041837,older_sister,5,7,5.000000,6.663089,569.692500,416.332400,570.765000,416.801100,1.170428,570.333100,416.829200,571.196900,416.773000,570.333100,405.616100,571.196900,402.337100,-1.257875,0.286320,-1.451102,-1.242278,0.368613,-1.449668,-1.269441,-1.438414,305.262000,0.392935,0.011907,1,0,10.648020,0.041837,0.000086,0.136009,3,4,9,9,4
168,11.711970,0.041837,player,8,3,7.568105,3.000000,833.117700,439.477700,831.489300,440.656500,2.010286,837.998000,436.942300,824.980500,444.370700,837.998000,425.968500,824.980500,431.029200,3.574963,0.280209,-1.964677,3.339926,0.340667,-2.154357,3.486847,-2.029418,54.736710,0.210105,0.301418,1,0,10.502660,0.041837,0.000110,0.130353,5,9,5,5,4
169,11.812560,0.092692,father,3,2,3.436409,2.000000,700.724500,547.949500,701.859500,547.133400,1.397951,697.111100,550.478200,706.608000,543.788600,697.111100,541.666100,706.608000,532.913300,1.031173,0.225010,-4.863749,1.202644,0.277694,-4.692935,1.096414,-4.799181,234.737100,0.204465,0.238624,1,0,10.498180,0.030000,0.000136,0.127393,1,1,2,7,4
169,11.812560,0.092692,mother,10,9,9.763116,9.000001,672.260900,266.254500,674.201200,265.490600,2.085261,678.667400,264.236200,669.735000,266.745100,678.667400,252.442700,669.735000,257.774900,0.698161,0.301139,2.445271,0.536883,0.229047,2.381209,0.582488,2.393735,234.739600,0.796080,-0.168672,0,1,10.173490,0.030000,0.000329,0.121593,1,7,10,5,4
169,11.812560,0.092692,older_sister,5,7,5.000000,6.743587,566.289400,414.630600,564.456300,413.565800,2.119954,569.742200,416.577300,559.170500,410.554200,569.742200,405.218400,559.170500,398.818600,-1.268544,0.290042,-1.444669,-1.459422,0.299662,-1.290874,-1.330885,-1.394962,305.267700,0.493557,-0.244646,1,0,10.728020,0.030000,0.000273,0.136009,3,4,9,9,4
169,11.812560,0.092692,player,8,3,7.648604,3.000000,836.520800,437.775900,834.370700,439.137700,2.544975,837.955400,436.956600,830.786100,441.318700,837.955400,425.902200,830.786100,425.924000,3.574194,0.282269,-1.965043,3.444748,0.393095,-2.076427,3.548292,-1.985965,54.732070,0.310728,0.170002,1,0,10.582660,0.030000,0.000301,0.130353,5,9,5,5,4
170,11.863790,0.052591,father,3,2,3.370720,2.000000,697.947400,549.338100,699.746200,548.237200,2.108895,696.601800,550.781000,702.890600,545.693400,696.601800,541.914600,702.890600,533.319200,1.021976,0.226399,-4.871482,1.135524,0.315967,-4.741571,1.046274,-4.834639,234.733900,0.286576,0.167716,1,0,10.563460,0.015283,0.000061,0.127393,1,1,2,7,4
170,11.863790,0.052591,mother,10,9,9.697426,9.000000,669.483800,267.643200,669.944500,267.439800,0.503653,670.948900,267.777900,668.940300,267.101800,670.948900,256.493900,668.940300,257.945100,0.558799,0.288128,2.354836,0.522532,0.233812,2.372098,0.532346,2.358273,234.730800,0.878191,-0.019643,0,1,10.238780,0.015283,0.000164,0.121593,1,7,10,5,4
170,11.863790,0.052591,older_sister,5,7,5.000000,6.809277,563.512500,413.242300,561.401900,411.965200,2.466817,569.745400,416.580600,553.058400,407.349900,569.745400,404.971300,553.058400,396.215700,-1.268485,0.296437,-1.444753,-1.569778,0.284306,-1.209054,-1.381025,-1.359511,305.261200,0.575669,-0.382085,0,0,10.793300,0.015283,0.000110,0.136009,3,4,9,9,4
170,11.863790,0.052591,player,8,3,7.714293,3.000000,839.297800,436.387600,838.312700,436.947600,1.133152,838.424300,436.647700,838.201000,437.247500,838.424300,425.434800,838.201000,422.808500,3.582661,0.286315,-1.957156,3.578629,0.368692,-1.972471,3.598432,-1.950514,54.739170,0.392839,0.012133,1,0,10.647950,0.015283,0.000110,0.130353,5,9,5,5,4
171,11.915600,0.052445,father,3,2,3.317948,2.000000,695.716600,550.453400,697.170700,549.686400,1.643974,695.857800,551.212200,698.483400,548.160600,695.857800,542.275200,698.483400,535.536500,1.008544,0.228201,-4.882492,1.055951,0.322348,-4.804570,1.005993,-4.863116,234.740600,0.352541,0.083693,1,0,10.615910,0.002445,0.000220,0.127393,1,1,2,7,4
171,11.915600,0.052445,mother,10,9,9.644654,9.000000,667.252900,268.758800,665.838700,269.532300,1.611914,663.364900,271.650300,668.312600,267.414300,663.364900,261.816700,668.312600,258.162800,0.421866,0.251094,2.255957,0.511199,0.236235,2.364118,0.492066,2.329789,234.734300,0.944155,0.135389,0,1,10.291220,0.002445,0.000086,0.121593,1,7,10,5,4
171,11.915600,0.052445,older_sister,5,7,5.000000,6.862049,561.281500,412.126700,561.053100,412.114000,0.228750,569.684100,416.724300,552.422100,407.503700,569.684100,404.535600,552.422100,396.639500,-1.269593,0.311231,-1.448424,-1.581268,0.277410,-1.212979,-1.421306,-1.331027,305.265800,0.641633,-0.390416,0,0,10.845750,0.002445,0.000164,0.136009,3,4,9,9,4
171,11.915600,0.052445,player,8,3,7.767065,3.000000,841.528800,435.272100,842.662700,434.781900,1.235280,838.842500,436.405600,846.482800,433.158200,838.842500,425.084000,846.482800,420.925800,3.590212,0.289091,-1.950973,3.728161,0.312347,-1.868054,3.638714,-1.922031,54.735260,0.458803,-0.160508,1,0,10.700390,0.002445,0.000110,0.130353,5,9,5,5,4
172,11.957740,0.049292,father,3,2,3.268349,2.000000,693.619700,551.502000,693.906900,551.389700,0.308406,695.000300,551.676800,692.813600,551.102600,695.000300,542.711700,692.813600,540.020300,0.993062,0.228918,-4.894355,0.953579,0.282980,-4.879693,0.968133,-4.889891,234.731300,0.414540,-0.023770,1,0,10.665200,0.049292,0.000061,0.127393,1,1,2,7,4
172,11.957740,0.049292,mother,10,9,9.595056,9.000000,665.156100,269.807100,662.413900,271.308400,3.126265,657.146900,274.889200,667.681000,267.727600,657.146900,265.252700,667.681000,258.343800,0.309597,0.246060,2.173253,0.499796,0.239611,2.356119,0.454207,2.303021,234.738200,0.006154,0.260873,0,1,10.340510,0.049292,0.000136,0.121593,1,7,10,5,4
172,11.957740,0.049292,older_sister,5,7,5.000000,6.911648,559.184600,411.078400,560.679600,412.165300,1.848313,568.569400,416.499200,552.789900,407.831300,568.569400,403.541000,552.789900,397.004200,-1.289720,0.330882,-1.442676,-1.574628,0.276466,-1.221346,-1.459166,-1.304259,305.260900,0.703632,-0.360410,0,1,10.895040,0.049292,0.000061,0.136009,3,4,9,9,4
172,11.957740,0.049292,player,8,3,7.816664,3.000000,843.625500,434.223800,846.187400,433.158400,2.774534,839.022900,436.305900,853.351700,430.011000,839.022900,424.915400,853.351700,418.486400,3.593471,0.290848,-1.948427,3.852184,0.294274,-1.787690,3.676573,-1.895263,54.738010,0.520804,-0.304040,1,0,10.749680,0.049292,0.000086,0.130353,5,9,5,5,4
173,12.000410,0.042965,father,3,2,3.225116,2.000000,691.792100,552.415800,690.722400,552.963600,1.201724,694.293800,552.053800,687.151200,553.873300,694.293800,543.081400,687.151200,544.120400,0.980303,0.229107,-4.903982,0.851341,0.249035,-4.950441,0.935135,-4.913226,234.734600,0.468581,-0.132120,1,0,10.708160,0.042965,0.000000,0.127393,1,1,2,7,4
173,12.000410,0.042965,mother,10,9,9.551823,9.000000,663.328400,270.720800,661.455900,271.635500,2.083915,656.026600,275.218700,666.885400,268.052300,656.026600,266.137400,666.885400,258.483200,0.289367,0.231885,2.164840,0.485430,0.244343,2.347829,0.421207,2.279690,234.739000,0.060195,0.265731,0,0,10.383480,0.042965,0.000301,0.121593,1,7,10,5,4
173,12.000410,0.042965,older_sister,5,7,5.000000,6.954880,557.357000,410.164800,559.381000,411.654300,2.513030,565.530300,415.248800,553.231700,408.059900,565.530300,401.173800,553.231700,397.184100,-1.344591,0.359396,-1.410746,-1.566651,0.277706,-1.227182,-1.492165,-1.280929,305.259900,0.757673,-0.287290,0,1,10.938010,0.042965,0.000086,0.136009,3,4,9,9,4
173,12.000410,0.042965,player,8,3,7.859897,3.000000,845.453200,433.309700,847.888500,432.317100,2.629814,838.957300,436.336900,856.819600,428.297200,838.957300,424.732400,856.819600,417.155500,3.592285,0.296314,-1.949221,3.914798,0.284496,-1.743931,3.709571,-1.871921,54.725820,0.574843,-0.381852,0,0,10.792650,0.042965,0.000382,0.130353,5,9,5,5,4
174,12.043230,0.042974,father,3,2,3.181875,2.000000,689.964000,553.329500,687.945900,554.264800,2.224246,693.699500,552.359100,682.192300,556.170400,693.699500,543.385600,682.192300,546.769200,0.969574,0.229133,-4.911777,0.761806,0.240054,-5.009098,0.902128,-4.936557,234.745200,0.522633,-0.225837,1,0,10.751140,0.042974,0.000329,0.128720,1,1,2,7,4
174,12.043230,0.042974,mother,10,9,9.508581,9.000000,661.500400,271.634900,660.628700,271.899000,0.910748,655.109300,275.472700,666.148200,268.325100,655.109300,266.659100,666.148200,258.408400,0.272808,0.225051,2.158352,0.472121,0.253219,2.340862,0.388202,2.256348,234.731400,0.114246,0.268113,0,0,10.426450,0.042974,0.000164,0.126120,1,7,10,5,4
174,12.043230,0.042974,older_sister,5,7,5.000000,6.998122,555.528900,409.250600,557.208500,410.459700,2.069494,561.101300,412.824200,553.315600,408.095200,561.101300,397.790500,553.315600,397.098300,-1.424559,0.383876,-1.348836,-1.565135,0.280798,-1.228083,-1.525172,-1.257587,305.268000,0.811725,-0.184498,0,1,10.980980,0.042974,0.000031,0.128880,3,4,9,9,4
174,12.043230,0.042974,player,8,3,7.903139,3.000000,847.281300,432.395800,847.810400,432.082000,0.615190,838.780900,436.303900,856.839800,427.860100,838.780900,424.260200,856.839800,416.964100,3.589099,0.307528,-1.948376,3.915163,0.278224,-1.732769,3.742578,-1.848586,54.741010,0.628895,-0.390712,0,0,10.835620,0.042974,0.000193,0.128502,5,9,5,5,4
175,12.138340,0.087244,father,3,2,3.101377,2.000000,686.561000,555.031400,685.979700,555.401900,0.689272,693.067700,552.715700,678.891700,558.088100,693.067700,543.299800,678.891700,549.165600,0.958167,0.240429,-4.920883,0.702213,0.227832,-5.058064,0.840684,-4.980013,234.729700,0.623255,-0.288183,0,0,10.831140,0.030000,0.000000,0.128720,1,1,2,7,4
175,12.138340,0.087244,mother,9,9,9.428082,9.000000,658.097300,273.336400,659.429400,272.415700,1.619317,654.831700,275.696000,664.027100,269.135400,654.831700,266.869900,664.027100,258.107600,0.267794,0.225370,2.152651,0.433823,0.281589,2.320173,0.326757,2.212902,234.737100,0.214870,0.232280,1,0,10.506450,0.030000,0.000220,0.126120,1,7,10,5,4
175,12.138340,0.087244,older_sister,5,7,4.978266,7.000000,554.530700,409.670100,556.248700,409.911200,1.734847,559.523200,410.272000,552.974200,409.550400,559.523200,395.182300,552.974200,398.441600,-1.453053,0.385306,-1.283667,-1.571298,0.283656,-1.265240,-1.543195,-1.268298,273.283000,0.841241,-0.119106,0,1,11.004450,0.021600,0.000273,0.128880,1,4,9,9,4
175,12.138340,0.087244,player,8,3,7.983637,3.000000,850.684300,430.694500,848.215800,431.540000,2.609296,840.442700,434.979200,855.988800,428.100900,840.442700,421.536100,855.988800,417.257500,3.619105,0.343262,-1.914552,3.899799,0.276879,-1.738916,3.804023,-1.805144,54.739570,0.729518,-0.330590,0,1,10.915620,0.030000,0.000031,0.128502,5,9,5,5,4
176,12.192150,0.053308,father,3,2,3.040447,2.000000,683.985100,556.319200,685.373500,555.840000,1.468755,692.165500,553.369700,678.581300,558.310200,692.165500,543.108300,678.581300,549.463600,0.941878,0.262019,-4.937582,0.696607,0.225894,-5.063735,0.794176,-5.012896,234.738500,0.699416,-0.273099,0,1,10.891690,0.010552,0.000136,0.128720,1,1,2,7,4
176,12.192150,0.053308,mother,9,9,9.367153,9.000000,655.521500,274.624500,657.318700,273.535200,2.101496,654.282300,276.017800,660.354900,271.052700,654.282300,267.148600,660.354900,258.617200,0.257877,0.226468,2.144435,0.367518,0.317535,2.271214,0.280249,2.180012,234.732800,0.291031,0.162720,1,0,10.567000,0.010552,0.000086,0.126120,1,7,10,5,4
176,12.192150,0.053308,older_sister,5,7,4.918947,7.000000,552.022900,410.924300,551.199000,411.192800,0.866644,549.025600,411.815400,553.372300,410.570300,549.025600,398.594500,553.372300,399.231400,-1.642593,0.337589,-1.323078,-1.564112,0.289530,-1.291283,-1.588475,-1.300323,253.739300,0.915391,0.084244,0,1,11.063400,0.010552,0.000031,0.128880,1,4,9,9,4
176,12.192150,0.053308,player,8,3,8.044566,3.000000,853.260200,429.406300,850.991100,430.141700,2.385234,846.241800,432.074000,855.740500,428.209400,846.241800,417.113400,855.740500,417.231900,3.723810,0.382010,-1.840367,3.895315,0.280306,-1.741689,3.850531,-1.772250,54.728680,0.805679,-0.197003,0,1,10.976170,0.010552,0.000220,0.128502,5,9,5,5,4
177,12.232100,0.047655,father,3,2,2.992496,2.000000,681.958000,557.332700,684.051600,556.548000,2.235840,689.658500,554.762300,678.444800,558.333900,689.658500,543.509500,678.444800,549.418400,0.896612,0.287334,-4.973140,0.694143,0.227652,-5.064340,0.757575,-5.038775,234.737600,0.759357,-0.217971,0,1,10.939340,0.047655,0.000136,0.128720,1,1,2,7,4
177,12.232100,0.047655,mother,9,9,9.319201,9.000000,653.494300,275.638100,654.966100,274.858700,1.665441,653.603000,276.412200,656.329300,273.305200,653.603000,267.476900,656.329300,260.665600,0.245610,0.228158,2.134362,0.294834,0.322742,2.213700,0.243648,2.154129,234.733100,0.350970,0.085998,1,0,10.614660,0.047655,0.000031,0.126120,1,7,10,5,4
177,12.232100,0.047655,older_sister,5,7,4.870995,7.000000,549.995800,411.937700,546.946700,413.603600,3.474509,540.804300,416.839200,553.089000,410.368000,540.804300,404.947700,553.089000,398.846300,-1.791034,0.303642,-1.451356,-1.569227,0.294199,-1.286119,-1.625076,-1.326201,236.262800,0.975330,0.276224,0,1,11.111050,0.047655,0.000110,0.128880,1,4,9,9,4
177,12.232100,0.047655,player,8,3,8.092518,3.000000,855.287400,428.392800,854.396700,428.674900,0.934226,852.932900,429.160900,855.860700,428.188900,852.932900,414.520000,855.860700,416.995000,3.844621,0.373846,-1.765984,3.897484,0.285830,-1.741164,3.887132,-1.746371,54.737780,0.865619,-0.057493,0,1,11.023830,0.047655,0.000136,0.128502,5,9,5,5,4
178,12.275430,0.043738,father,3,2,2.948486,2.000000,680.097400,558.263100,681.832500,557.546000,1.877477,685.630600,556.579400,678.034400,558.512500,685.630600,544.604300,678.034400,549.501800,0.823887,0.305778,-5.019541,0.686732,0.230082,-5.068899,0.723981,-5.062533,234.731100,0.814368,-0.140480,0,1,10.983080,0.043738,0.000061,0.128720,1,1,2,7,4
178,12.275430,0.043738,mother,9,9,9.275192,9.000001,651.633800,276.568100,652.131000,276.347700,0.543840,652.845100,276.824200,651.416900,275.871200,652.845100,267.859800,651.416900,264.517600,0.231924,0.228900,2.123844,0.206138,0.289908,2.148177,0.210054,2.130383,234.744900,0.405983,-0.007012,1,0,10.658400,0.043738,0.000273,0.126120,1,7,10,5,4
178,12.275430,0.043738,older_sister,5,7,4.826984,7.000000,548.135300,412.868200,545.173500,414.533600,3.397841,537.607000,418.648300,552.740000,410.418900,537.607000,407.141600,552.740000,398.681200,-1.848762,0.293815,-1.497550,-1.575527,0.299717,-1.287419,-1.658669,-1.349960,234.730700,0.030343,0.344416,0,0,11.154790,0.043738,0.000061,0.128880,1,4,9,9,4
178,12.275430,0.043738,player,8,3,8.136528,3.000000,857.147800,427.462400,857.992400,426.922100,1.002628,860.127600,425.647600,855.857200,428.196600,860.127600,412.589900,855.857200,416.843800,3.974527,0.333420,-1.676275,3.897420,0.289887,-1.741360,3.920725,-1.722613,54.730790,0.920631,0.100535,0,1,11.067570,0.043738,0.000329,0.128502,5,9,5,5,4
179,12.332580,0.050402,father,3,2,2.897769,2.000000,677.953400,559.335200,678.424300,559.127000,0.514881,679.449300,559.454800,677.399400,558.799100,679.449300,548.161500,677.399400,549.643100,0.712279,0.288369,-5.092962,0.675266,0.233793,-5.076219,0.685270,-5.089907,234.735400,0.877764,-0.020553,0,0,11.033480,0.000402,0.000000,0.128720,1,1,2,7,4
179,12.332580,0.050402,mother,9,9,9.224475,9.000000,649.489700,277.640100,648.403800,278.195100,1.219512,652.009300,277.269400,644.798200,279.120700,652.009300,268.296900,644.798200,269.377800,0.216836,0.229109,2.112476,0.086634,0.248780,2.065203,0.171343,2.103009,234.734900,0.469379,-0.133602,0,0,10.708800,0.000402,0.000273,0.126120,1,7,10,5,4
179,12.332580,0.050402,older_sister,5,7,4.776268,7.000000,545.991200,413.939800,544.420800,414.630000,1.715431,536.610200,418.765200,552.231300,410.494900,536.610200,407.801100,552.231300,398.389600,-1.866759,0.279962,-1.500536,-1.584712,0.309099,-1.289358,-1.697381,-1.377322,234.746400,0.093739,0.352212,0,0,11.205190,0.000402,0.000329,0.128880,1,4,9,9,4
179,12.332580,0.050402,player,8,3,8.187244,3.000000,859.291900,426.390800,862.526700,424.527400,3.733109,869.094500,420.891800,855.958800,428.163000,869.094500,409.043200,855.958800,416.609100,4.136429,0.302548,-1.554838,3.899256,0.295023,-1.740504,3.959437,-1.695250,54.746330,0.984027,0.300843,0,0,11.117970,0.000402,0.000086,0.128502,5,9,5,5,4
180,12.388470,0.055842,father,3,2,2.841580,2.000000,675.577900,560.522600,674.036200,561.367700,1.758201,671.350700,563.600200,676.721700,559.135300,671.350700,553.822100,676.721700,549.877600,0.566054,0.249676,-5.198812,0.663030,0.236388,-5.084803,0.642379,-5.120226,234.743300,0.948001,0.144999,0,1,11.089330,0.005842,0.000273,0.131655,1,1,2,7,4
180,12.388470,0.055842,mother,9,9,9.168285,9.000000,647.114300,278.828000,644.953700,279.817700,2.376523,651.270000,277.648800,638.637300,281.986600,651.270000,268.653400,638.637300,272.639600,0.203486,0.229691,2.102789,-0.024604,0.238670,1.992025,0.128453,2.072678,234.732500,0.539615,-0.250183,0,0,10.764640,0.005842,0.000164,0.128648,1,7,10,5,4
180,12.388470,0.055842,older_sister,5,7,4.720078,7.000000,543.615800,415.127800,544.052000,414.665600,0.635513,536.717800,418.668700,551.386200,410.662600,536.717800,407.750100,551.386200,397.857600,-1.864818,0.278800,-1.498072,-1.599970,0.326967,-1.293640,-1.740270,-1.407657,234.729100,0.163975,0.334278,1,0,11.261040,0.005842,0.000086,0.129274,1,4,9,9,4
180,12.388470,0.055842,player,8,3,8.243435,3.000000,861.667400,425.202800,864.130200,423.898000,2.787149,871.821800,419.773800,856.438700,428.022300,871.821800,408.534400,856.438700,416.179600,4.185670,0.286990,-1.526289,3.907922,0.302398,-1.736912,4.002326,-1.664916,54.729550,0.054264,0.348385,0,0,11.173810,0.005842,0.000164,0.140207,5,9,5,5,4
181,12.489480,0.102371,father,3,2,2.761081,2.000000,672.174800,562.224500,670.111500,563.273900,2.314870,664.724000,566.854600,675.499000,559.693100,664.724000,557.672100,675.499000,550.175200,0.446404,0.234471,-5.281912,0.640953,0.243034,-5.099045,0.580935,-5.163683,234.730000,0.048623,0.264430,0,0,11.169330,0.030000,0.000000,0.131655,1,1,2,7,4
181,12.489480,0.102371,mother,9,9,9.087788,9.000000,643.711200,280.529400,643.577500,280.708100,0.223157,650.681000,278.018600,636.473900,283.397600,650.681000,268.439700,636.473900,274.514100,0.192851,0.244593,2.093345,-0.063665,0.226835,1.955995,0.067009,2.029233,234.737100,0.640238,-0.288744,0,0,10.844640,0.030000,0.000220,0.128648,1,7,10,5,4
181,12.489480,0.102371,older_sister,5,7,4.639580,7.000000,540.212700,416.829100,542.433700,415.319900,2.685241,537.338700,418.350100,547.528800,412.289700,537.338700,407.337800,547.528800,397.705800,-1.853607,0.281194,-1.489937,-1.669619,0.372391,-1.335187,-1.801715,-1.451099,234.739600,0.264598,0.239570,1,0,11.341040,0.030000,0.000301,0.129274,1,4,9,9,4
181,12.489480,0.102371,player,8,3,8.323933,3.000000,865.070500,423.501500,864.891700,423.814100,0.360158,872.346600,419.777600,857.436600,427.850600,872.346600,408.864300,857.436600,415.153200,4.195147,0.278664,-1.526387,3.925940,0.324222,-1.732527,4.063773,-1.621475,54.740180,0.154886,0.338820,1,0,11.253810,0.030000,0.000086,0.140207,5,9,5,5,4
182,12.535810,0.046726,father,3,2,2.691553,2.000000,669.235500,563.693900,668.865000,563.698000,0.370567,663.428900,567.257900,674.301100,560.138100,663.428900,558.470100,674.301100,550.028800,0.423021,0.224392,-5.292210,0.619325,0.258136,-5.110410,0.527864,-5.201205,234.739100,0.135533,0.265242,0,0,11.238420,0.019097,0.000193,0.131655,1,1,2,7,4
182,12.535810,0.046726,mother,9,9,9.018260,9.000001,640.771900,281.999300,642.649800,281.285900,2.008873,649.000700,279.074700,636.298900,283.496900,649.000700,268.397800,636.298900,274.615600,0.162513,0.272629,2.066377,-0.066826,0.226781,1.953458,0.013936,1.991700,234.731800,0.727148,-0.252446,0,1,10.913740,0.019097,0.000086,0.128648,1,7,10,5,4
182,12.535810,0.046726,older_sister,5,7,4.570052,7.000000,537.273400,418.299000,539.094000,417.238200,2.107060,537.033200,418.565400,541.154800,415.910900,537.033200,407.424900,541.154800,400.459700,-1.859123,0.284467,-1.495435,-1.784706,0.394540,-1.427655,-1.854785,-1.488631,234.730700,0.351508,0.099896,1,0,11.410130,0.019097,0.000061,0.129274,1,4,9,9,4
182,12.535810,0.046726,player,8,3,8.393461,3.000000,868.009800,422.031600,865.737400,423.523800,2.718482,871.535500,420.163500,859.939300,426.884100,871.535500,409.159200,859.939300,412.831300,4.180502,0.280987,-1.536240,3.971127,0.358829,-1.707847,4.116844,-1.583941,54.731180,0.241797,0.270034,1,0,11.322910,0.019097,0.000164,0.140207,5,9,5,5,4
183,12.585550,0.050031,father,3,2,2.641210,2.000000,667.107300,564.758200,668.124000,564.007900,1.263564,663.292200,567.384900,672.955700,560.630900,663.292200,558.580900,672.955700,549.826500,0.420555,0.224808,-5.295453,0.595033,0.275882,-5.122992,0.489438,-5.228381,234.731600,0.198462,0.242035,0,0,11.288450,0.000031,0.000061,0.131655,1,1,2,7,4
183,12.585550,0.050031,mother,9,9,8.967916,9.000000,638.643700,283.063200,640.633900,282.289700,2.135248,645.304400,280.945500,635.963400,283.634000,645.304400,269.231500,635.963400,274.675100,0.095774,0.299110,2.018610,-0.072883,0.228759,1.949960,-0.024489,1.964536,234.742300,0.790075,-0.177348,0,0,10.963770,0.000031,0.000273,0.128648,1,7,10,5,4
183,12.585550,0.050031,older_sister,5,7,4.519709,7.000000,535.145100,419.363300,535.495800,419.133900,0.419021,536.599000,418.823000,534.392700,419.444900,536.599000,407.573900,534.392700,405.760400,-1.866962,0.287240,-1.502011,-1.906798,0.349426,-1.517893,-1.893213,-1.515807,234.732600,0.414435,-0.041695,0,0,11.460160,0.000031,0.000061,0.129274,1,4,9,9,4
183,12.585550,0.050031,player,8,3,8.443804,3.000000,870.138000,420.967300,867.965900,422.361800,2.581192,871.757100,420.061700,864.174700,424.662000,871.757100,409.017300,864.174700,409.337900,4.184504,0.282012,-1.533641,4.047599,0.391292,-1.651107,4.155270,-1.556765,54.730730,0.304725,0.179603,0,0,11.372940,0.000031,0.000329,0.140207,5,9,5,5,4
184,12.628200,0.048634,father,3,2,2.592274,2.000000,665.038500,565.792600,666.813200,564.662700,2.103869,663.042500,567.542700,670.583900,561.782800,663.042500,558.681200,670.583900,549.855800,0.416045,0.226272,-5.299480,0.552209,0.304549,-5.152405,0.452085,-5.254793,234.735700,0.259632,0.196091,1,0,11.337090,0.048633,0.000000,0.131655,1,1,2,7,4
184,12.628200,0.048634,mother,9,9,8.918980,9.000000,636.574800,284.097600,637.645400,283.614800,1.174371,639.903300,283.340000,635.387500,283.889600,639.903300,271.531300,635.387500,274.783800,-0.001747,0.301529,1.957466,-0.083280,0.232511,1.943433,-0.061844,1.938123,234.736300,0.851247,-0.074674,0,1,11.012400,0.048634,0.000301,0.128648,1,7,10,5,4
184,12.628200,0.048634,older_sister,4,7,4.470773,7.000000,533.076300,420.397200,531.497900,421.082500,1.720767,536.277800,419.014100,526.718000,423.150800,536.277800,407.669800,526.718000,411.212200,-1.872762,0.289672,-1.506892,-2.045370,0.304846,-1.612520,-1.930567,-1.542209,234.747700,0.475607,-0.201921,1,0,11.508800,0.048634,0.000356,0.129274,1,4,9,9,4
184,12.628200,0.048634,player,8,3,8.492741,3.000000,872.206900,419.932900,870.618300,420.841100,1.829823,872.054100,419.851100,869.182500,421.831100,872.054100,408.683700,869.182500,406.620400,4.189867,0.285153,-1.528263,4.138017,0.388395,-1.578821,4.192624,-1.530352,54.736380,0.365895,0.071525,1,0,11.421570,0.048634,0.000246,0.140207,5,9,5,5,4
185,12.670230,0.041825,father,3,2,2.550188,2.000000,663.259300,566.682300,665.013100,565.673500,2.023188,662.518600,567.846100,667.507600,563.500900,662.518600,558.958000,667.507600,550.841800,0.406586,0.226953,-5.307229,0.496665,0.323244,-5.196277,0.419961,-5.277510,234.733900,0.312238,0.137609,1,0,11.378910,0.041825,0.000000,0.131655,1,1,2,7,4
185,12.670230,0.041825,mother,9,9,8.876895,9.000000,634.795700,284.987400,634.610700,285.102100,0.217610,634.322000,286.082600,634.899500,284.121500,634.322000,275.412900,634.899500,274.926400,-0.102521,0.272445,1.887436,-0.092093,0.234790,1.937512,-0.093967,1.915402,234.729500,0.903853,0.037429,0,1,11.054230,0.041825,0.000110,0.128648,1,7,10,5,4
185,12.670230,0.041825,older_sister,4,7,4.428688,7.000000,531.297100,421.287000,528.638500,422.386400,2.876919,536.142000,419.083700,521.135100,425.689100,536.142000,407.677700,521.135100,414.217400,-1.875213,0.291246,-1.508668,-2.146172,0.292924,-1.677334,-1.962691,-1.564929,234.729500,0.528213,-0.318615,1,0,11.550620,0.041825,0.000164,0.129274,1,4,9,9,4
185,12.670230,0.041825,player,9,3,8.534826,3.000000,873.986000,419.043500,873.769500,419.205100,0.270100,872.423200,419.636300,875.115900,418.773900,872.423200,408.380200,875.115900,405.245300,4.196529,0.287419,-1.522780,4.245148,0.345446,-1.500759,4.224747,-1.507643,54.741550,0.418501,-0.052412,1,0,11.463400,0.041825,0.000110,0.140207,5,9,5,5,4
186,12.711710,0.041544,father,3,2,2.508385,2.000000,661.492100,567.565600,662.786100,566.901500,1.454534,661.876900,568.211300,663.695200,565.591600,661.876900,559.263000,663.695200,553.145900,0.395000,0.228490,-5.316555,0.427831,0.317792,-5.249661,0.388052,-5.300066,234.743200,0.364492,0.065422,1,0,11.420460,0.041544,0.000220,0.128483,1,1,2,7,4
186,12.711710,0.041544,mother,9,9,8.835092,9.000000,633.028400,285.871000,631.231100,286.858100,2.050576,628.105300,289.328000,634.356800,284.388200,628.105300,279.646000,634.356800,275.116800,-0.214765,0.247227,1.804565,-0.101892,0.236741,1.930701,-0.125875,1.892838,234.732600,0.956106,0.164987,0,1,11.095770,0.041544,0.000061,0.131861,1,7,10,5,4
186,12.711710,0.041544,older_sister,4,7,4.386885,7.000000,529.530000,422.170700,527.317700,423.079800,2.391750,536.249900,419.035200,518.385600,427.124500,536.249900,407.397800,518.385600,416.036600,-1.873265,0.297154,-1.507430,-2.195816,0.283123,-1.713985,-1.994598,-1.587493,234.732800,0.580466,-0.382616,0,0,11.592170,0.041544,0.000086,0.134237,1,4,9,9,4
186,12.711710,0.041544,player,9,3,8.576629,3.000000,875.753200,418.159900,877.206800,417.527800,1.585036,872.700900,419.470800,881.712600,415.584800,872.700900,408.132400,881.712600,403.571600,4.201546,0.289521,-1.518554,4.364255,0.306750,-1.419326,4.256656,-1.485079,54.734570,0.470755,-0.190141,1,0,11.504940,0.041544,0.000136,0.139049,5,9,5,5,4
187,12.802390,0.086273,father,2,2,2.427887,2.000000,658.089000,569.267300,657.091300,569.783100,1.123132,660.512600,568.943100,653.670000,570.623200,660.512600,559.971100,653.670000,560.824600,0.370366,0.229094,-5.335240,0.246819,0.250202,-5.378140,0.326607,-5.343520,234.732100,0.465115,-0.125642,1,0,11.500460,0.030000,0.000061,0.128483,1,1,2,7,4
187,12.802390,0.086273,mother,9,9,8.754593,9.000000,629.625400,287.572500,627.695200,288.527800,2.153639,622.278000,292.110100,633.112400,284.945500,622.278000,282.999900,633.112400,275.392600,-0.319980,0.232623,1.733528,-0.124360,0.243930,1.916470,-0.187320,1.849392,234.737200,0.056728,0.265343,0,0,11.175770,0.030000,0.000110,0.131861,1,7,10,5,4
187,12.802390,0.086273,older_sister,4,7,4.306386,7.000000,526.126800,423.872100,527.395400,423.510700,1.319044,536.180300,419.461900,518.610500,427.559400,536.180300,406.767900,518.610500,416.746800,-1.874523,0.324134,-1.518326,-2.191755,0.276094,-1.725092,-2.056043,-1.630938,234.737400,0.681088,-0.378396,0,1,11.672170,0.030000,0.000193,0.134237,1,4,9,9,4
187,12.802390,0.086273,player,9,3,8.657127,3.000000,879.156400,416.458400,881.696500,415.426000,2.741905,872.792800,419.419400,890.600000,411.432600,872.792800,407.835000,890.600000,400.262500,4.203203,0.295801,-1.517241,4.524723,0.285221,-1.313302,4.318100,-1.441634,54.737190,0.571377,-0.380264,0,0,11.584940,0.030000,0.000031,0.139049,5,9,5,5,4
188,12.856460,0.054641,father,2,2,2.366594,2.000000,655.497800,570.562900,653.328100,571.555700,2.386032,659.707600,569.357100,646.948500,573.754400,659.707600,560.357700,646.948500,564.414300,0.355831,0.229794,-5.345810,0.125460,0.238493,-5.458093,0.279822,-5.376601,234.736800,0.541730,-0.252924,0,0,11.561370,0.010913,0.000061,0.128483,1,1,2,7,4
188,12.856460,0.054641,mother,9,9,8.693299,9.000000,627.034200,288.868000,626.609200,288.898600,0.426087,621.160200,292.460200,632.058100,285.337000,621.160200,283.671400,632.058100,275.249200,-0.340162,0.224416,1.724587,-0.143395,0.257587,1.906474,-0.234105,1.816311,234.736500,0.133345,0.265671,0,0,11.236680,0.010913,0.000164,0.131861,1,7,10,5,4
188,12.856460,0.054641,older_sister,4,7,4.245093,7.000000,523.535700,425.167700,526.196600,424.315100,2.794147,533.038100,421.414700,519.355000,427.215400,533.038100,407.339100,519.355000,416.339700,-1.931256,0.359412,-1.568190,-2.178312,0.277707,-1.716308,-2.102828,-1.664019,234.736100,0.757705,-0.287237,0,1,11.733080,0.010913,0.000193,0.134237,1,4,9,9,4
188,12.856460,0.054641,player,9,3,8.718420,3.000000,881.747500,415.162900,881.620200,415.097900,0.142885,872.610600,419.304500,890.629900,410.891300,872.610600,407.038300,890.629900,400.041800,4.199914,0.313212,-1.514308,4.525262,0.277036,-1.299481,4.364885,-1.408553,54.736400,0.647993,-0.389677,0,1,11.645850,0.010913,0.000000,0.139049,5,9,5,5,4
189,12.920520,0.064424,father,2,2,2.301769,2.000000,652.757300,571.933200,652.163400,572.308800,0.702770,659.250700,569.623800,645.076000,574.993900,659.250700,560.212300,645.076000,566.070100,0.347583,0.240318,-5.352622,0.091652,0.227863,-5.489744,0.230341,-5.411589,234.735500,0.622761,-0.288134,0,0,11.625790,0.014424,0.000061,0.128483,1,1,2,7,4
189,12.920520,0.064424,mother,9,9,8.628474,8.999999,624.293700,290.238300,625.616600,289.322200,1.609116,621.011700,292.605900,630.221400,286.038400,621.011700,283.780500,630.221400,275.019200,-0.342844,0.225352,1.720867,-0.176558,0.281368,1.888565,-0.283586,1.781323,234.735700,0.214376,0.232592,1,0,11.301110,0.014424,0.000164,0.131861,1,7,10,5,4
189,12.920520,0.064424,older_sister,4,7,4.180268,7.000000,520.795200,426.537900,522.415500,425.944100,1.725762,525.433900,424.718900,519.397100,427.169200,525.433900,409.600000,519.397100,416.069700,-2.068554,0.386051,-1.652560,-2.177553,0.283419,-1.715128,-2.152309,-1.699008,234.735500,0.838736,-0.125121,0,1,11.797500,0.014424,0.000220,0.134237,1,4,9,9,4
189,12.920520,0.064424,player,9,3,8.783245,3.000000,884.488000,413.792600,882.026300,414.636000,2.602147,874.239700,418.083500,889.812700,411.188700,874.239700,404.652500,889.812700,400.345500,4.229329,0.342951,-1.483128,4.510509,0.276875,-1.307074,4.414366,-1.373565,54.735710,0.729024,-0.331228,0,1,11.710280,0.014424,0.000031,0.139049,5,9,5,5,4
190,12.978430,0.057993,father,2,2,2.243415,2.000000,650.290500,573.166600,651.593000,572.727800,1.374393,658.430500,570.229400,644.755200,575.226200,658.430500,560.006700,644.755200,566.384300,0.332774,0.261032,-5.368086,0.085858,0.225773,-5.495676,0.185800,-5.443083,234.737000,0.695704,-0.275271,0,1,11.683790,0.007993,0.000086,0.128483,1,1,2,7,4
190,12.978430,0.057993,mother,9,9,8.570120,8.999999,621.826800,291.471600,623.625400,290.372600,2.107856,620.498800,292.906300,626.752000,287.839000,620.498800,284.039400,626.752000,275.454400,-0.352106,0.226410,1.713197,-0.239200,0.316233,1.842589,-0.328128,1.749829,234.736700,0.287318,0.166891,1,0,11.359100,0.007993,0.000246,0.131861,1,7,10,5,4
190,12.978430,0.057993,older_sister,4,7,4.121914,7.000000,518.328200,427.771300,517.803400,428.149500,0.646896,516.293100,429.109600,519.313700,427.189300,516.293100,415.771500,519.313700,415.860500,-2.233596,0.340581,-1.764675,-2.179058,0.289274,-1.715640,-2.196851,-1.730502,234.737200,0.911678,0.072841,0,1,11.855500,0.007993,0.000301,0.134237,1,4,9,9,4
190,12.978430,0.057993,player,9,3,8.841599,3.000000,886.955000,412.559200,884.630400,413.304800,2.441225,879.700600,415.312000,889.560100,411.297600,879.700600,400.405200,889.560100,400.330800,4.327928,0.380638,-1.412362,4.505946,0.280029,-1.309855,4.458909,-1.342070,54.737330,0.801967,-0.204534,0,1,11.768270,0.007993,0.000061,0.139049,5,9,5,5,4
191,13.036550,0.058583,father,2,2,2.184467,2.000000,647.798400,574.412700,649.890100,573.624700,2.235171,655.214300,571.979800,644.565700,575.269500,655.214300,560.568000,644.565700,566.341700,0.274703,0.291394,-5.412780,0.082437,0.227968,-5.496782,0.140804,-5.474902,234.733400,0.769387,-0.205481,0,1,11.742370,0.008583,0.000000,0.128483,1,1,2,7,4
191,13.036550,0.058583,mother,9,9,8.511172,8.999999,619.334800,292.717900,620.679600,292.021900,1.514257,619.649800,293.395800,621.709200,290.647900,619.649800,284.450500,621.709200,278.137900,-0.367434,0.228412,1.700698,-0.330249,0.319434,1.770864,-0.373122,1.718007,234.730300,0.361002,0.070875,1,0,11.417680,0.008583,0.000000,0.131861,1,7,10,5,4
191,13.036550,0.058583,older_sister,4,7,4.062966,7.000000,515.836200,429.017700,512.567900,430.901900,3.772571,505.920500,434.581100,519.215200,427.222700,505.920500,422.733600,519.215200,415.663800,-2.420880,0.302519,-1.904385,-2.180835,0.295152,-1.716494,-2.241845,-1.762328,234.727100,0.985362,0.304477,0,1,11.914080,0.008583,0.000086,0.134237,1,4,9,9,4
191,13.036550,0.058583,player,9,3,8.900547,3.000000,889.447000,411.312800,888.838100,411.471600,0.629198,887.986300,411.666000,889.689900,411.277300,887.986300,397.270800,889.689900,400.051500,4.477530,0.367573,-1.319263,4.508291,0.286644,-1.309337,4.503903,-1.310245,54.726860,0.875650,-0.030846,0,1,11.826850,0.008583,0.000301,0.139049,5,9,5,5,4
192,13.087020,0.051516,father,2,2,2.132630,2.000000,645.607000,575.508300,647.037100,574.875000,1.564065,650.037300,574.246400,644.037000,575.503700,650.037300,562.225300,644.037000,566.439900,0.181229,0.306952,-5.470656,0.072891,0.231438,-5.502760,0.101237,-5.502879,234.737000,0.834184,-0.106993,0,1,11.793880,0.001516,0.000086,0.126585,1,1,2,7,4
192,13.087020,0.051516,mother,8,9,8.459334,8.999998,617.143300,293.813600,617.138200,293.849300,0.036093,618.747000,293.881700,615.529500,293.817000,618.747000,284.916000,615.529500,283.094100,-0.383735,0.228935,1.688290,-0.441828,0.273802,1.689943,-0.412690,1.690030,234.737500,0.425798,-0.046480,1,0,11.469200,0.001516,0.000061,0.128908,1,7,10,5,4
192,13.087020,0.051516,older_sister,4,7,4.000000,7.000000,513.174300,430.348500,510.921500,431.501400,2.530645,503.185100,435.631300,518.658000,427.371400,503.185100,424.482100,518.658000,415.474800,-2.470270,0.284689,-1.931202,-2.190897,0.303773,-1.720291,-2.289908,-1.796309,234.738600,0.064070,0.349876,0,0,11.976650,0.012576,0.000061,0.138117,1,4,9,9,4
192,13.087020,0.051516,player,9,3,8.952384,3.000000,891.638300,410.217300,893.270600,409.244000,1.900434,896.816800,407.224500,889.724200,411.263500,896.816800,394.703200,889.724200,399.857100,4.636970,0.319723,-1.205851,4.508911,0.291257,-1.308986,4.543470,-1.282271,54.739770,0.940446,0.164104,0,1,11.878370,0.001516,0.000136,0.139102,5,9,5,5,4
193,13.187000,0.089388,father,2,2,2.052132,2.000000,642.203900,577.209900,641.103800,577.806300,1.251379,639.145700,579.644200,643.061900,575.968400,639.145700,569.655500,643.061900,566.730000,-0.015425,0.255056,-5.608486,0.055284,0.235897,-5.514628,0.039793,-5.546328,234.734700,0.934806,0.111923,0,1,11.873880,0.030000,0.000000,0.126585,1,1,2,7,4
193,13.187000,0.089388,mother,8,9,8.378837,8.999998,613.740200,295.515300,611.683400,296.465900,2.265841,617.567700,294.498700,605.799100,298.433000,617.567700,285.521500,605.799100,289.045900,-0.405028,0.229227,1.672535,-0.617517,0.239693,1.572077,-0.474135,1.646576,234.732100,0.526421,-0.231494,1,0,11.549200,0.030000,0.000110,0.128908,1,7,10,5,4
193,13.187000,0.089388,older_sister,4,7,4.000000,7.070436,510.196600,428.859500,510.494100,428.681300,0.346855,501.078200,428.955400,519.910200,428.407100,501.078200,418.043400,519.910200,415.742200,-2.508311,0.278633,-1.760737,-2.168290,0.323392,-1.746737,-2.343672,-1.758288,269.763100,0.152115,0.340076,1,0,12.046650,0.030000,0.000205,0.138117,3,4,9,9,4
193,13.187000,0.089388,player,9,3,9.000000,3.000000,893.651400,409.211000,897.234300,407.146000,4.135403,904.711800,403.044700,889.756800,411.247300,904.711800,391.169700,889.756800,399.630900,4.779517,0.303220,-1.099122,4.509498,0.296617,-1.308570,4.579816,-1.256575,54.740640,0.999967,0.341393,0,1,11.925690,0.047321,0.000061,0.139102,5,9,5,5,4
194,13.235880,0.053096,father,2,2,1.989259,2.000000,639.545900,578.538900,636.919400,579.970900,2.991452,631.644200,583.551400,642.194700,576.390300,631.644200,573.994100,642.194700,566.986100,-0.150869,0.244040,-5.708254,0.039626,0.240131,-5.525400,-0.008199,-5.580264,234.735400,0.013397,0.261110,0,1,11.936370,0.012484,0.000000,0.126585,1,1,2,7,4
194,13.235880,0.053096,mother,8,9,8.315963,8.999998,611.082200,296.843900,610.073200,297.387300,1.146049,617.087300,294.753900,603.059000,300.020800,617.087300,285.482100,603.059000,291.068100,-0.413701,0.236750,1.666020,-0.666990,0.228602,1.531533,-0.522126,1.612652,234.744700,0.605012,-0.284461,0,0,11.611680,0.012484,0.000273,0.128908,1,7,10,5,4
194,13.235880,0.053096,older_sister,4,7,4.000000,7.133309,507.538600,427.530500,510.391800,427.975900,2.887771,502.886600,426.384400,517.897100,429.567500,502.886600,415.386800,517.897100,415.778100,-2.475658,0.280816,-1.695088,-2.204636,0.352103,-1.776366,-2.391663,-1.724353,290.591500,0.230705,0.282293,1,0,12.109140,0.012484,0.000246,0.138117,3,4,9,9,4
194,13.235880,0.053096,player,9,3,9.000001,3.015714,892.987100,408.878800,894.306200,406.142400,3.037762,897.561300,399.825900,891.051100,412.458800,897.561300,388.189800,891.051100,400.763900,4.650413,0.297122,-1.016933,4.532866,0.298622,-1.339505,4.567822,-1.248092,22.449820,0.019609,0.343014,0,1,11.941310,0.005617,0.000031,0.139102,3,9,5,5,4
195,13.291890,0.056535,father,2,2,1.932371,2.000000,637.141000,579.741300,635.694300,580.369800,1.577300,630.201300,583.957300,641.187400,576.782400,630.201300,575.034200,641.187400,567.074600,-0.176921,0.227845,-5.718618,0.021439,0.247884,-5.535412,-0.051621,-5.610964,234.738400,0.084506,0.267733,0,0,11.992900,0.006535,0.000136,0.126585,1,1,2,7,4
195,13.291890,0.056535,mother,8,9,8.259076,8.999999,608.677300,298.046700,609.500400,297.816100,0.854751,616.504300,295.208400,602.496400,300.423800,616.504300,285.217200,602.496400,291.588100,-0.424228,0.255120,1.654414,-0.677148,0.225615,1.521242,-0.565549,1.581941,234.729100,0.676121,-0.283391,0,1,11.668220,0.006535,0.000031,0.128908,1,7,10,5,4
195,13.291890,0.056535,older_sister,4,7,4.000000,7.190197,505.133700,426.328200,507.739700,427.311600,2.785373,503.299700,425.504600,512.179800,429.118700,503.299700,414.464700,512.179800,413.834600,-2.468200,0.281898,-1.672623,-2.307865,0.390269,-1.764905,-2.435085,-1.693652,305.262100,0.301814,0.184193,1,0,12.165670,0.006535,0.000110,0.138117,3,4,9,9,4
195,13.291890,0.056535,player,9,3,9.000001,3.057015,891.241100,408.005700,890.718300,406.233200,1.847992,888.424700,399.555800,893.011600,412.910600,888.424700,388.463900,893.011600,400.970100,4.485447,0.283225,-1.010036,4.568266,0.304895,-1.351043,4.536297,-1.225798,348.067800,0.071236,0.350761,0,0,11.982350,0.006051,0.000110,0.139102,3,9,5,5,4
196,13.332880,0.047878,father,2,2,1.884195,2.000000,635.104300,580.759500,634.954000,580.651900,0.184908,629.577100,584.201100,640.330900,577.102500,629.577100,575.417100,640.330900,566.899700,-0.188191,0.224297,-5.724844,0.005974,0.260525,-5.543587,-0.088395,-5.636965,234.738200,0.144726,0.263183,0,0,12.040780,0.047878,0.000193,0.126585,1,1,2,7,4
196,13.332880,0.047878,mother,8,9,8.210900,8.999998,606.640700,299.064900,608.616800,298.309700,2.115541,614.783400,296.202500,602.450200,300.416900,614.783400,285.344700,602.450200,291.526900,-0.455300,0.277248,1.629030,-0.677982,0.227003,1.521416,-0.602321,1.555940,234.736600,0.736340,-0.243951,0,1,11.716090,0.047878,0.000031,0.128908,1,7,10,5,4
196,13.332880,0.047878,older_sister,4,7,4.000000,7.238372,503.097100,425.309900,504.919000,426.097800,1.984983,502.939800,425.385800,506.898100,426.809900,502.939800,414.225100,506.898100,411.514100,-2.474698,0.284982,-1.669589,-2.403228,0.390568,-1.705952,-2.471858,-1.667651,305.262400,0.362034,0.079349,1,0,12.213550,0.047878,0.000068,0.138117,3,4,9,9,4
196,13.332880,0.047878,player,9,3,9.000001,3.105047,889.210500,406.990400,889.049100,406.617900,0.406008,882.514000,401.608900,895.584400,411.626800,882.514000,390.709000,895.584400,399.192400,4.378725,0.278324,-1.062461,4.614717,0.317504,-1.318261,4.499634,-1.199873,318.950700,0.131275,0.347888,0,0,12.030090,0.047735,0.000110,0.139102,3,9,5,5,4
197,13.373840,0.041376,father,2,2,1.842561,2.000000,633.344200,581.639800,634.326900,580.908400,1.224972,629.472500,584.294100,639.181300,577.522700,629.472500,575.492100,639.181300,566.737700,-0.190080,0.224754,-5.727219,-0.014782,0.275390,-5.554315,-0.120174,-5.659442,234.728300,0.196768,0.242961,1,0,12.082160,0.041376,0.000000,0.126585,1,1,2,7,4
197,13.373840,0.041376,mother,8,9,8.169266,8.999998,604.880600,299.944700,606.883100,299.169100,2.147413,611.609800,297.799800,602.156300,300.538400,611.609800,286.108700,602.156300,291.582600,-0.512601,0.298524,1.588245,-0.683290,0.228682,1.518315,-0.634100,1.533475,234.743700,0.788383,-0.179747,0,1,11.757470,0.041376,0.000246,0.128908,1,7,10,5,4
197,13.373840,0.041376,older_sister,4,7,4.000000,7.280006,501.337000,424.429700,501.771400,424.592900,0.464086,502.532400,425.214100,501.010400,423.971800,502.532400,413.965600,501.010400,410.273500,-2.482054,0.287224,-1.665205,-2.509534,0.349777,-1.633483,-2.503638,-1.645175,305.269900,0.414076,-0.040754,1,0,12.254930,0.041376,0.000246,0.138117,3,4,9,9,4
197,13.373840,0.041376,player,9,3,9.000001,3.146681,887.450400,406.110300,888.809300,406.495200,1.412343,881.256600,403.111500,896.362200,409.879000,881.256600,392.175000,896.362200,396.857200,4.356020,0.279255,-1.100827,4.628760,0.332504,-1.273632,4.467854,-1.177402,305.264400,0.183317,0.322460,1,0,12.071460,0.041376,0.000164,0.139102,3,9,5,5,4
198,13.416530,0.042666,father,2,2,1.799629,2.000000,631.529300,582.547200,633.314300,581.418800,2.111742,629.333400,584.396500,637.295000,578.440900,629.333400,575.535200,637.295000,566.681400,-0.192590,0.226269,-5.729835,-0.048839,0.300273,-5.577762,-0.152943,-5.682612,234.737300,0.250433,0.205170,1,0,12.124820,0.042666,0.000061,0.126399,1,1,2,7,4
198,13.416530,0.042666,mother,8,9,8.126333,8.999998,603.065700,300.852400,604.338400,300.281400,1.395013,607.002100,299.809300,601.674900,300.753400,607.002100,287.862600,601.674900,291.669800,-0.595796,0.305054,1.536932,-0.691982,0.231946,1.512825,-0.666870,1.510297,234.727400,0.842048,-0.092448,0,1,11.800140,0.042666,0.000031,0.127423,1,7,10,5,4
198,13.416530,0.042666,older_sister,4,7,4.000000,7.322938,499.522000,423.522400,498.266000,422.805000,1.446473,502.196500,425.073300,494.335600,420.536700,502.196500,413.738800,494.335600,408.474000,-2.488119,0.289419,-1.661609,-2.630052,0.308012,-1.545769,-2.536408,-1.622009,305.258000,0.467741,-0.182766,1,0,12.297590,0.042666,0.000043,0.138955,3,4,9,9,4
198,13.416530,0.042666,player,9,3,9.000001,3.189614,885.635400,405.203100,888.338000,406.201500,2.881112,881.798800,403.391300,894.877300,409.011700,881.798800,392.389300,894.877300,395.070600,4.365811,0.280929,-1.107973,4.601951,0.355979,-1.251486,4.435084,-1.154235,305.258000,0.236982,0.275667,1,0,12.114130,0.042666,0.000031,0.130914,3,9,5,5,4
199,13.514380,0.091873,father,2,2,1.719131,2.000000,628.126200,584.248800,629.597000,583.470000,1.664318,628.236600,585.022100,630.957500,581.918000,628.236600,576.086700,630.957500,569.279400,-0.212395,0.228160,-5.745807,-0.163268,0.322720,-5.666548,-0.214389,-5.726061,234.735300,0.351056,0.085873,1,0,12.204820,0.030000,0.000000,0.126399,1,1,2,7,4
199,13.514380,0.091873,mother,8,9,8.045835,8.999998,599.662500,302.553700,598.298200,303.299000,1.554628,595.905800,305.372200,600.690400,301.225800,595.905800,295.515700,600.690400,291.976300,-0.796144,0.251679,1.394888,-0.709755,0.236179,1.500764,-0.728315,1.466855,234.739800,0.942670,0.131662,0,1,11.880140,0.030000,0.000273,0.127423,1,7,10,5,4
199,13.514380,0.091873,older_sister,4,7,4.000000,7.403437,496.118900,421.820600,493.836400,420.434400,2.670545,502.075800,425.019400,485.596900,415.849300,502.075800,413.452400,485.596900,404.657100,-2.490298,0.295359,-1.660235,-2.787833,0.285786,-1.426081,-2.597853,-1.578555,305.267900,0.568364,-0.378126,0,0,12.377590,0.030000,0.000205,0.138955,3,4,9,9,4
199,13.514380,0.091873,player,9,3,9.000001,3.270112,882.232400,403.501300,884.464800,404.425200,2.416034,881.418200,403.229800,887.511500,405.620600,881.418200,392.118900,887.511500,390.094800,4.358938,0.283709,-1.103848,4.468958,0.396442,-1.164896,4.373640,-1.110782,305.267900,0.337606,0.125077,1,0,12.194130,0.030000,0.000136,0.130914,3,9,5,5,4
200,13.566700,0.052951,father,2,2,1.653903,2.000000,625.368700,585.627400,625.184200,585.752700,0.223036,627.108700,585.630800,623.259600,585.874500,627.108700,576.664400,623.259600,575.348600,-0.232760,0.228952,-5.761351,-0.302256,0.268771,-5.767572,-0.264176,-5.761263,234.737500,0.432590,-0.060336,1,0,12.269640,0.014824,0.000136,0.126399,1,1,2,7,4
200,13.566700,0.052951,mother,8,9,7.980607,8.999998,596.905000,303.932800,594.451100,305.256400,2.788113,589.155900,308.836900,599.746300,301.675900,589.155900,299.397100,599.746300,292.239600,-0.918019,0.241042,1.306417,-0.726803,0.240949,1.489270,-0.778104,1.431641,234.729900,0.024204,0.261702,0,1,11.944960,0.014824,0.000031,0.127423,1,7,10,5,4
200,13.566700,0.052951,older_sister,4,7,4.000000,7.468665,493.361500,420.442000,493.373400,420.584800,0.143231,501.978100,425.186300,484.768700,415.983200,501.978100,412.896200,484.768700,405.137600,-2.492061,0.313821,-1.664496,-2.802787,0.276935,-1.429500,-2.647641,-1.543353,305.262000,0.649898,-0.389381,0,1,12.442420,0.014824,0.000097,0.138955,3,4,9,9,4
200,13.566700,0.052951,player,9,3,9.000001,3.335340,879.474800,402.122600,879.741100,402.202400,0.277997,880.803000,402.975400,878.679100,401.429300,880.803000,391.718100,878.679100,387.925100,4.347832,0.287448,-1.097353,4.309484,0.344823,-1.057875,4.323850,-1.075576,305.263500,0.419139,-0.054103,1,0,12.258950,0.014824,0.000136,0.130914,3,9,5,5,4
201,13.611720,0.049976,father,2,2,1.603616,2.000000,623.242800,586.690500,621.634300,587.464200,1.784915,626.345000,586.034100,616.923600,588.894300,626.345000,577.066600,616.923600,579.377000,-0.246548,0.228981,-5.771648,-0.416658,0.243017,-5.844681,-0.302561,-5.788409,234.732400,0.495448,-0.181058,1,0,12.319620,0.049976,0.000000,0.126399,1,1,2,7,4
201,13.611720,0.049976,mother,8,9,7.930320,8.999998,594.779100,304.995800,593.379600,305.594100,1.522094,587.882300,309.181800,598.876800,302.006500,587.882300,300.270900,598.876800,292.281600,-0.941013,0.227534,1.297612,-0.742502,0.248318,1.480828,-0.816488,1.404500,234.735600,0.087062,0.267864,0,0,11.994930,0.049976,0.000000,0.127423,1,7,10,5,4
201,13.611720,0.049976,older_sister,4,8,4.000000,7.518952,491.235500,419.379000,492.939100,420.584500,2.087011,500.592700,424.823800,485.285700,416.345300,500.592700,411.748200,485.285700,405.507700,-2.517077,0.333878,-1.655238,-2.793453,0.276732,-1.438744,-2.686025,-1.516207,305.267900,0.712756,-0.350654,0,1,12.492390,0.049976,0.000205,0.138955,3,4,9,9,4
201,13.611720,0.049976,player,9,3,9.000001,3.385627,877.348900,401.059600,875.762800,400.149100,1.828872,880.452500,402.830100,871.073000,397.468100,880.452500,391.479600,871.073000,385.615200,4.341504,0.289828,-1.093643,4.172151,0.302658,-0.956727,4.285467,-1.048434,305.265300,0.481998,-0.217325,1,0,12.308930,0.049976,0.000164,0.130914,3,9,5,5,4
202,13.657400,0.046566,father,2,2,1.556760,2.000000,621.262000,587.680700,619.095800,588.669600,2.381214,625.794400,586.313800,612.397200,591.025400,625.794400,577.283800,612.397200,581.735600,-0.256490,0.230576,-5.778791,-0.498384,0.237210,-5.899098,-0.338325,-5.813693,234.741700,0.554018,-0.266970,0,0,12.366190,0.046566,0.000220,0.126399,1,1,2,7,4
202,13.657400,0.046566,mother,8,9,7.883464,8.999998,592.798300,305.986100,592.668800,305.867300,0.175667,587.298100,309.415200,598.039600,302.319500,587.298100,300.631500,598.039600,292.107100,-0.951562,0.224287,1.291652,-0.757618,0.260768,1.472837,-0.852253,1.379212,234.738300,0.145632,0.262960,0,0,12.041500,0.046566,0.000110,0.127423,1,7,10,5,4
202,13.657400,0.046566,older_sister,4,8,4.000000,7.565808,489.254700,418.388600,491.231300,419.867700,2.468776,496.834000,423.195500,485.628700,416.540000,496.834000,408.843600,485.628700,405.641800,-2.584941,0.366467,-1.613661,-2.787261,0.278280,-1.443717,-2.721790,-1.490920,305.261400,0.771326,-0.263309,0,1,12.538960,0.046566,0.000136,0.138955,3,4,9,9,4
202,13.657400,0.046566,player,9,3,9.000001,3.432483,875.368000,400.069300,872.928000,398.599600,2.848462,880.333300,402.772300,865.522600,394.426900,880.333300,391.332300,865.522600,383.034900,4.339351,0.292113,-1.092167,4.071936,0.290889,-0.879073,4.249701,-1.023147,305.260700,0.540567,-0.341372,0,0,12.355490,0.046566,0.000061,0.130914,3,9,5,5,4
203,13.712310,0.050010,father,2,2,1.506449,2.000000,619.135000,588.744400,618.395300,589.179900,0.858360,625.466900,586.505100,611.323800,591.854600,625.466900,577.143300,611.323800,582.917200,-0.262404,0.239049,-5.783676,-0.517765,0.228212,-5.920271,-0.376729,-5.840853,234.730300,0.616907,-0.287361,0,0,12.416190,0.000000,0.000000,0.126399,1,1,2,7,4
203,13.712310,0.050010,mother,8,9,7.833152,8.999998,590.671300,307.049800,591.884300,306.190900,1.486250,587.194500,309.512500,596.574000,302.869300,587.194500,300.694900,596.574000,291.940700,-0.953432,0.225150,1.289168,-0.784080,0.279056,1.458796,-0.890657,1.352052,234.730600,0.208522,0.236214,0,0,12.091500,0.000000,0.000110,0.127423,1,7,10,5,4
203,13.712310,0.050010,older_sister,4,8,4.000000,7.616120,487.127700,417.325100,488.548900,418.267600,1.705292,491.420300,420.000500,485.677500,416.534700,491.420300,404.846000,485.677500,405.452000,-2.682689,0.386960,-1.532079,-2.786379,0.282990,-1.443582,-2.760193,-1.463763,305.266700,0.834216,-0.135756,0,0,12.588960,0.000000,0.000205,0.138955,3,4,9,9,4
203,13.712310,0.050010,player,9,3,9.000001,3.482795,873.241100,399.005600,872.022100,398.331600,1.392909,880.502200,402.896000,863.542000,393.767200,880.502200,391.095200,863.542000,382.827900,4.342400,0.301325,-1.095325,4.036175,0.279330,-0.862228,4.211298,-0.995987,305.270100,0.603458,-0.384611,0,0,12.405490,0.000000,0.000246,0.130914,3,9,5,5,4
204,13.753400,0.046516,father,1,2,1.497740,2.000000,618.766800,588.928400,618.303200,589.249300,0.563875,625.399500,586.559600,611.206700,591.939000,625.399500,577.102700,611.206700,583.027300,-0.263619,0.241477,-5.785067,-0.519879,0.227555,-5.922425,-0.383376,-5.845553,234.739300,0.627793,-0.288542,0,0,12.424840,0.008655,0.000061,0.123567,1,1,2,7,4
204,13.753400,0.046516,mother,8,9,7.824443,8.999998,590.303200,307.233800,591.724200,306.270700,1.716662,587.192300,309.519400,596.256000,303.022000,587.192300,300.686300,596.256000,291.906600,-0.953472,0.225547,1.288992,-0.789822,0.283824,1.454898,-0.897304,1.347351,234.733800,0.219407,0.229407,1,0,12.100150,0.008655,0.000086,0.125744,1,7,10,5,4
204,13.753400,0.046516,older_sister,4,8,4.000000,7.624829,486.759600,417.141000,487.945300,417.934800,1.426907,490.244000,419.356400,485.646700,416.513200,490.244000,404.322200,485.646700,405.390200,-2.703928,0.383891,-1.515633,-2.786935,0.284018,-1.443032,-2.766841,-1.459064,305.255500,0.845101,-0.109689,0,1,12.597610,0.008655,0.000178,0.131988,3,4,9,9,4
204,13.753400,0.046516,player,9,3,9.000001,3.491503,872.873000,398.821500,871.897500,398.318400,1.097594,880.478900,402.913700,863.316100,393.723000,880.478900,391.017600,863.316100,382.793100,4.341980,0.303760,-1.095778,4.032096,0.279088,-0.861099,4.204651,-0.991286,305.268900,0.614343,-0.388512,0,0,12.414150,0.008655,0.000246,0.129175,3,9,5,5,4
205,13.844310,0.086539,father,1,2,1.442037,2.000000,616.412000,590.105700,617.754400,589.648300,1.418173,624.571600,587.162800,610.937100,592.133700,624.571600,576.922100,610.937100,583.289700,-0.278568,0.261493,-5.800471,-0.524746,0.225826,-5.927398,-0.425895,-5.875613,234.740600,0.697421,-0.274288,0,1,12.480200,0.026752,0.000220,0.123567,1,1,2,7,4
205,13.844310,0.086539,mother,8,9,7.768738,8.999998,587.948200,308.411200,589.746300,307.316600,2.105135,586.661300,309.826600,592.831300,304.806600,586.661300,300.958700,592.831300,292.398100,-0.963059,0.226436,1.281147,-0.851657,0.316842,1.409331,-0.939824,1.317288,234.738000,0.289040,0.164965,1,0,12.155520,0.026755,0.000031,0.125744,1,7,10,5,4
205,13.844310,0.086539,older_sister,4,8,4.000000,7.680534,484.404600,415.963700,483.618100,415.686200,0.833997,481.622400,414.893400,485.613700,416.479000,481.622400,401.651700,485.613700,405.142000,-2.859596,0.338119,-1.401673,-2.787530,0.289484,-1.442160,-2.809361,-1.429000,305.262100,0.914734,0.082217,0,1,12.652970,0.026755,0.000068,0.131988,3,4,9,9,4
205,13.844310,0.086539,player,9,4,9.000001,3.547209,870.518100,397.644300,871.500700,398.420500,1.252236,879.786700,402.911300,863.214800,393.929700,879.786700,390.180100,863.214800,383.116700,4.329481,0.325085,-1.095717,4.030267,0.276102,-0.866375,4.162131,-0.961226,305.258600,0.683975,-0.376716,0,1,12.469510,0.026755,0.000031,0.129175,3,9,5,5,4
206,13.888680,0.044767,father,1,2,1.391206,2.000000,614.263100,591.180100,616.358900,590.394800,2.238191,621.922400,588.631700,610.795400,592.157800,621.922400,577.353300,610.795400,583.240400,-0.326401,0.287989,-5.837977,-0.527305,0.227702,-5.928015,-0.464694,-5.903048,234.735700,0.760962,-0.216021,0,1,12.530720,0.001278,0.000220,0.123567,1,1,2,7,4
206,13.888680,0.044767,mother,8,9,7.717113,8.999998,585.765700,309.502400,587.207700,308.743500,1.629473,585.928500,310.251100,588.486900,307.235800,585.928500,301.313000,588.486900,294.622800,-0.976292,0.228230,1.270307,-0.930098,0.322068,1.347301,-0.979229,1.289426,234.737100,0.353571,0.082169,1,0,12.206820,0.001305,0.000061,0.125744,1,7,10,5,4
206,13.888680,0.044767,older_sister,4,8,4.000000,7.732159,482.222100,414.872500,478.803000,413.399900,3.722768,472.069500,410.380500,485.536500,416.419400,472.069500,398.517100,485.536500,404.883200,-3.032079,0.302924,-1.286437,-2.788924,0.294570,-1.440637,-2.848767,-1.401137,305.263200,0.979265,0.287563,0,1,12.704280,0.001305,0.000031,0.131988,3,4,9,9,4
206,13.888680,0.044767,player,9,4,9.000001,3.598834,868.335600,396.553100,870.378100,398.020400,2.514936,876.893300,401.771100,863.862900,394.269800,876.893300,387.894500,863.862900,383.409200,4.277240,0.354330,-1.066601,4.041968,0.277318,-0.875060,4.122725,-0.933364,305.262300,0.748507,-0.302685,0,1,12.520810,0.001305,0.000031,0.129175,3,9,5,5,4
207,13.928040,0.044393,father,1,2,1.349615,2.000000,612.504800,592.059400,614.258100,591.338000,1.895921,618.110500,590.348600,610.405800,592.327500,618.110500,578.384200,610.405800,583.320400,-0.395228,0.305505,-5.881817,-0.534341,0.229991,-5.932345,-0.496441,-5.925501,234.729500,0.812949,-0.142753,0,1,12.572050,0.041333,0.000000,0.123567,1,1,2,7,4
207,13.928040,0.044393,mother,8,9,7.672443,8.999998,583.877300,310.446600,584.292500,310.268600,0.451759,585.156600,310.670000,583.428500,309.867100,585.156600,301.705400,583.428500,298.619500,-0.990228,0.228908,1.259609,-1.021429,0.287200,1.280113,-1.013326,1.265316,234.736600,0.409409,-0.013639,1,0,12.251210,0.044393,0.000110,0.125744,1,7,10,5,4
207,13.928040,0.044393,older_sister,4,8,4.000000,7.776829,480.333700,413.928300,477.252400,412.550500,3.375263,469.234000,408.860700,485.270800,416.240400,469.234000,397.411800,485.270800,404.484200,-3.083275,0.292343,-1.247632,-2.793721,0.300186,-1.436065,-2.882864,-1.377028,305.263400,0.035103,0.345212,0,0,12.748670,0.044393,0.000000,0.131988,3,4,9,9,4
207,13.928040,0.044393,player,9,4,9.000001,3.643503,866.447100,395.608500,868.195300,396.888700,2.166804,872.411600,399.446200,863.979000,394.331300,872.411600,384.504200,863.979000,383.357700,4.196321,0.381535,-1.007237,4.044066,0.280204,-0.876631,4.088629,-0.909243,305.276700,0.804344,-0.199725,0,1,12.565210,0.044393,0.000329,0.129175,3,9,5,5,4
208,13.968930,0.040892,father,1,2,1.313997,2.000000,610.999100,592.812100,611.930600,592.391500,1.022069,613.907300,592.254200,609.954000,592.528800,613.907300,580.550000,609.954000,583.409400,-0.471119,0.298857,-5.930473,-0.542497,0.232860,-5.937487,-0.523628,-5.944720,234.743500,0.857471,-0.062334,0,1,12.607450,0.035397,0.000273,0.123567,1,1,2,7,4
208,13.968930,0.040892,mother,8,9,7.631297,8.999999,582.137800,311.316500,581.231000,311.791100,1.023508,584.465800,311.038400,577.996200,312.543900,584.465800,302.067300,577.996200,302.682300,-1.002700,0.229073,1.250205,-1.119512,0.251810,1.211762,-1.044734,1.243104,234.730800,0.460842,-0.117569,1,0,12.292110,0.040892,0.000086,0.125744,1,7,10,5,4
208,13.968930,0.040892,older_sister,4,8,4.000000,7.817976,478.594200,413.058300,476.941300,412.164300,1.879262,468.824900,408.342700,485.057600,415.985900,468.824900,397.345200,485.057600,403.936400,-3.090662,0.280815,-1.234403,-2.797570,0.307678,-1.429569,-2.914271,-1.354815,305.270000,0.086536,0.351986,0,0,12.789560,0.040892,0.000136,0.131988,3,4,9,9,4
208,13.968930,0.040892,player,9,4,9.000001,3.684650,864.707600,394.738900,865.625100,395.380000,1.119284,867.326000,396.490800,863.924400,394.269300,867.326000,381.647300,863.924400,383.108300,4.104496,0.379019,-0.931771,4.043079,0.284987,-0.875047,4.057221,-0.887039,305.259500,0.855777,-0.082896,0,1,12.606100,0.040892,0.000246,0.129175,3,9,5,5,4
209,14.007510,0.038678,father,1,2,1.283080,2.000000,609.692000,593.465800,609.710600,593.478100,0.022328,609.821300,594.258800,609.599900,592.697400,609.821300,583.400800,609.599900,583.513400,-0.544893,0.277253,-5.981662,-0.548891,0.234511,-5.941793,-0.547228,-5.961413,234.726700,0.896117,0.019760,0,1,12.638170,0.030726,0.000061,0.123567,1,1,2,7,4
209,14.007510,0.038678,mother,8,9,7.592378,8.999999,580.492500,312.138900,578.649400,313.006000,2.036927,583.917100,311.323200,573.381600,314.688900,583.917100,302.355300,573.381600,305.242200,-1.012607,0.228988,1.242934,-1.202832,0.241215,1.156991,-1.074441,1.222104,234.743900,0.509491,-0.204942,1,0,12.330780,0.038678,0.000164,0.125744,1,7,10,5,4
209,14.007510,0.038678,older_sister,4,8,4.000000,7.856895,476.948900,412.236000,476.794800,411.964200,0.312416,468.788000,408.214400,484.801700,415.714000,468.788000,397.311400,484.801700,403.238600,-3.091328,0.278402,-1.231128,-2.802192,0.318553,-1.422626,-2.943978,-1.333816,305.256400,0.135185,0.346642,0,0,12.828240,0.038678,0.000068,0.131988,3,4,9,9,4
209,14.007510,0.038678,player,9,4,9.000001,3.723569,863.062400,393.916200,862.629000,393.816600,0.444644,861.339100,393.378200,863.918900,394.255000,861.339100,379.817300,863.918900,382.946000,3.996400,0.346269,-0.852294,4.042980,0.288770,-0.874683,4.027515,-0.866031,305.267700,0.904426,0.050958,0,1,12.644780,0.038678,0.000301,0.129175,3,9,5,5,4
210,14.046100,0.038559,father,1,2,1.254956,2.000000,608.503100,594.060200,607.518300,594.592700,1.119507,605.754300,596.326600,609.282300,592.858600,605.754300,586.273700,609.282300,583.625100,-0.618326,0.256696,-6.034461,-0.554624,0.235774,-5.945910,-0.568694,-5.976592,234.735800,0.931272,0.103138,0,1,12.666120,0.027950,0.000086,0.131029,1,1,2,7,4
210,14.046100,0.038559,mother,8,9,7.553579,8.999999,578.852200,312.959200,576.704500,313.940500,2.361320,583.491600,311.537500,569.917400,316.343500,583.491600,302.495100,569.917400,307.071000,-1.020291,0.230891,1.237460,-1.265380,0.236770,1.114740,-1.104057,1.201157,234.728800,0.557989,-0.270962,0,0,12.369340,0.038559,0.000000,0.128571,1,7,10,5,4
210,14.046100,0.038559,older_sister,4,8,4.000000,7.895694,475.308700,411.415600,476.678500,411.805100,1.424140,469.131300,408.424300,484.225800,415.186000,469.131300,397.487500,484.225800,402.160100,-3.085129,0.279266,-1.236487,-2.812589,0.332609,-1.409143,-2.973593,-1.312869,305.271200,0.183683,0.322209,1,0,12.866800,0.038559,0.000136,0.129665,3,4,9,9,4
210,14.046100,0.038559,player,9,4,9.000001,3.762368,861.422100,393.096100,859.017200,392.086500,2.608248,854.196000,389.961600,863.838400,394.211400,854.196000,377.721800,863.838400,382.767500,3.867428,0.312535,-0.765053,4.041526,0.292212,-0.873568,3.997899,-0.845092,305.260700,0.952925,0.204803,0,1,12.683340,0.038559,0.000246,0.139995,3,9,5,5,4
211,14.139460,0.088974,father,1,2,1.204193,2.000000,606.357100,595.133100,603.598000,596.649600,3.148358,598.555400,600.121600,608.640600,593.177600,598.555400,590.461400,608.640600,583.825000,-0.748305,0.246668,-6.131364,-0.566212,0.238813,-5.954054,-0.607442,-6.003985,234.741500,0.994726,0.251044,0,1,12.716570,0.017595,0.000273,0.131029,1,1,2,7,4
211,14.139460,0.088974,mother,7,9,7.473080,8.999999,575.449200,314.660700,575.810900,314.626500,0.363369,582.889500,311.962800,568.732300,317.290100,582.889500,302.179500,568.732300,308.439300,-1.031161,0.249813,1.226599,-1.286778,0.226000,1.090570,-1.165502,1.157712,234.737200,0.658612,-0.287247,0,1,12.449340,0.030000,0.000086,0.128571,1,7,10,5,4
211,14.139460,0.088974,older_sister,4,8,4.000000,7.976193,471.905600,409.714200,474.613000,410.692100,2.878593,469.537700,408.614100,479.688400,412.770000,469.537700,397.594700,479.688400,397.778500,-3.077793,0.281376,-1.241335,-2.894516,0.382799,-1.347452,-3.035038,-1.269423,305.263400,0.284306,0.210912,1,0,12.946800,0.030000,0.000031,0.129665,3,4,9,9,4
211,14.139460,0.088974,player,9,4,9.000001,3.842867,858.019000,391.394800,855.438700,390.181200,2.851468,847.377800,386.430200,863.499600,393.932300,847.377800,375.183900,863.499600,382.093200,3.744321,0.287170,-0.674882,4.035410,0.302303,-0.866441,3.936455,-0.801650,305.260500,0.053547,0.348271,0,0,12.763340,0.030000,0.000031,0.139995,3,9,5,5,4
212,14.181300,0.043092,father,1,2,1.176197,2.000000,605.173600,595.725100,602.807600,596.989500,2.682686,597.495500,600.570500,608.119600,593.408600,597.495500,591.190700,608.119600,583.955400,-0.767442,0.239509,-6.142826,-0.575618,0.241381,-5.959951,-0.628811,-6.019103,234.721200,0.029720,0.262217,0,1,12.744390,0.001083,0.000000,0.131029,1,1,2,7,4
212,14.181300,0.043092,mother,7,9,7.420690,8.999999,573.234400,315.768000,575.073400,315.072100,1.966309,581.481100,312.829300,568.665800,317.314800,581.481100,302.213500,568.665800,308.436300,-1.056591,0.271070,1.204473,-1.287979,0.226706,1.089940,-1.205491,1.129437,234.737600,0.724100,-0.255055,0,1,12.501410,0.002066,0.000136,0.128571,1,7,10,5,4
212,14.181300,0.043092,older_sister,4,8,4.000000,8.028583,469.690800,408.606900,471.740800,409.476500,2.226883,469.209300,408.511300,474.272400,410.441900,469.209300,397.374300,474.272400,394.974600,-3.083721,0.284375,-1.238708,-2.992304,0.394948,-1.288004,-3.075027,-1.241149,305.261800,0.349794,0.103104,1,0,12.998870,0.002066,0.000068,0.129665,3,4,9,9,4
212,14.181300,0.043092,player,9,4,9.000001,3.895257,855.804200,390.287100,855.129500,389.765500,0.852801,847.056200,385.938600,863.202900,393.592300,847.056200,375.038500,863.202900,381.279500,3.738515,0.278329,-0.662329,4.030052,0.314401,-0.857762,3.896465,-0.773364,305.273200,0.119036,0.350871,0,0,12.815400,0.002066,0.000301,0.139995,3,9,5,5,4
213,14.219630,0.042099,father,1,2,1.156167,2.000000,604.326800,596.148300,602.363800,597.126400,2.193134,596.952900,600.707500,607.774800,593.545300,596.952900,591.580400,607.774800,584.001200,-0.777239,0.233057,-6.146326,-0.581845,0.243703,-5.963442,-0.644100,-6.029910,234.745800,0.054758,0.265120,0,0,12.764300,0.019906,0.000136,0.131029,1,1,2,7,4
213,14.219630,0.042099,mother,7,9,7.378329,8.999999,571.443500,316.663600,573.509600,315.877500,2.210538,578.599900,314.341400,568.419300,317.413600,578.599900,302.811000,568.419300,308.475500,-1.108614,0.294421,1.165864,-1.292430,0.228228,1.087418,-1.237825,1.106568,234.728600,0.777052,-0.195371,0,1,12.543510,0.042099,0.000031,0.128571,1,7,10,5,4
213,14.219630,0.042099,older_sister,4,8,4.000000,8.070945,467.899900,407.711200,468.689700,408.047500,0.858379,468.798600,408.341900,468.580800,407.753000,468.798600,397.112600,468.580800,393.645500,-3.091136,0.286732,-1.234384,-3.095069,0.360226,-1.219347,-3.107362,-1.218280,305.269300,0.402746,-0.011894,1,0,13.040970,0.042099,0.000136,0.129665,3,4,9,9,4
213,14.219630,0.042099,player,9,4,9.000001,3.937618,854.013400,389.391800,855.023300,389.633300,1.038439,847.329200,386.144900,862.717500,393.121800,847.329200,375.219600,862.717500,380.224500,3.743445,0.278969,-0.667596,4.021288,0.329325,-0.845746,3.864130,-0.750503,305.261500,0.171988,0.329714,1,0,12.857500,0.042099,0.000246,0.139995,3,9,5,5,4
214,14.268150,0.046761,father,1,2,1.135962,2.000000,603.472600,596.575600,601.944600,597.257300,1.673185,596.461400,600.845300,607.427700,593.669400,596.461400,591.899200,607.427700,583.990700,-0.786113,0.228432,-6.149843,-0.588112,0.247140,-5.966612,-0.659523,-6.040819,234.725800,0.080013,0.267462,0,0,12.784380,0.020080,0.000000,0.131029,1,1,2,7,4
214,14.268150,0.046761,mother,7,9,7.331276,8.999999,569.454400,317.658000,570.852900,317.036600,1.530313,573.782000,316.440600,567.923800,317.632700,573.782000,304.430500,567.923800,308.564600,-1.195602,0.306669,1.112264,-1.301376,0.231548,1.081823,-1.273740,1.081177,234.741000,0.835866,-0.103943,0,1,12.590270,0.046761,0.000164,0.128571,1,7,10,5,4
214,14.268150,0.046761,older_sister,4,8,4.000000,8.117996,465.910800,406.716700,464.807400,406.084800,1.271527,468.399400,408.172100,461.215500,403.997500,468.399400,396.846300,461.215500,391.822000,-3.098345,0.289195,-1.230046,-3.228054,0.310895,-1.123452,-3.143277,-1.192886,305.263100,0.461561,-0.167448,1,0,13.087730,0.046761,0.000068,0.129665,3,4,9,9,4
214,14.268150,0.046761,player,9,4,9.000001,3.984671,852.024200,388.397400,854.626800,389.340200,2.768128,847.938400,386.457900,861.315300,392.222600,847.938400,375.460200,861.315300,378.430900,3.754443,0.280818,-0.675587,3.995971,0.352164,-0.822787,3.828215,-0.725112,305.258900,0.230803,0.282195,1,0,12.904260,0.046761,0.000086,0.139995,3,9,5,5,4
215,14.315970,0.049469,father,1,2,1.116609,2.000000,602.654400,596.984400,601.580700,597.373600,1.142042,596.060700,600.953500,607.100800,593.793800,596.060700,592.111500,607.100800,583.951300,-0.793348,0.225775,-6.152606,-0.594013,0.251323,-5.969787,-0.674295,-6.051257,234.757100,0.104206,0.268295,0,0,12.803610,0.019234,0.000273,0.131029,1,1,2,7,4
215,14.315970,0.049469,mother,7,9,7.281500,8.999999,567.350000,318.710300,567.317700,318.748100,0.049721,567.327400,319.579100,567.308100,317.917100,567.327400,308.769800,567.308100,308.730100,-1.312144,0.276009,1.032122,-1.312492,0.234583,1.074562,-1.311735,1.054306,234.731500,0.898087,0.024221,0,1,12.639740,0.049468,0.000031,0.128571,1,7,10,5,4
215,14.315970,0.049469,older_sister,4,8,4.000000,8.167773,463.806500,405.664600,461.499000,404.289200,2.686250,468.213600,408.087400,454.784300,400.491100,468.213600,396.691200,454.784300,388.988000,-3.101698,0.290996,-1.227884,-3.344172,0.293725,-1.033916,-3.181272,-1.166019,305.265100,0.523781,-0.309966,1,0,13.137190,0.049469,0.000097,0.129665,3,4,9,9,4
215,14.315970,0.049469,player,9,4,9.000001,4.034447,849.919900,387.345100,852.584500,388.325700,2.839347,847.819500,386.382300,857.349500,390.269200,847.819500,375.354100,857.349500,375.123800,3.752297,0.281597,-0.673657,3.924366,0.386728,-0.772908,3.790220,-0.698241,305.269100,0.293022,0.197795,1,0,12.953730,0.049469,0.000220,0.139995,3,9,5,5,4
216,14.353590,0.038125,father,1,2,1.103046,2.000000,602.081100,597.271200,601.360000,597.449800,0.742811,595.855600,601.019000,606.864600,593.880600,595.855600,592.219300,606.864600,583.905900,-0.797052,0.224696,-6.154279,-0.598279,0.254697,-5.972004,-0.684647,-6.058580,234.722000,0.121161,0.267542,0,0,12.817090,0.013479,0.000136,0.125533,1,1,2,7,4
216,14.353590,0.038125,mother,7,9,7.243137,8.999999,565.728300,319.521200,564.251200,320.330200,1.684071,561.673700,322.504500,566.828800,318.155900,561.673700,312.698900,566.828800,308.901300,-1.414225,0.250380,0.957424,-1.321147,0.236309,1.068464,-1.341017,1.033600,234.735500,0.946039,0.140107,0,1,12.677860,0.038125,0.000000,0.131588,1,7,10,5,4
216,14.353590,0.038125,older_sister,4,8,4.000000,8.206136,462.184700,404.853600,459.969200,403.509400,2.591357,468.267300,408.115700,451.671200,398.903100,468.267300,396.529200,451.671200,387.735700,-3.100729,0.295855,-1.228607,-3.400381,0.285153,-0.993370,-3.210554,-1.145313,305.264600,0.571734,-0.380478,0,0,13.175320,0.038125,0.000110,0.136726,3,4,9,9,4
216,14.353590,0.038125,player,9,4,9.000001,4.072810,848.298100,386.534100,850.483500,387.445000,2.367601,847.576400,386.312000,853.390600,388.578100,847.576400,375.193900,853.390600,373.060000,3.747908,0.283893,-0.671863,3.852885,0.396245,-0.729726,3.760938,-0.677535,305.264300,0.340975,0.119121,1,0,12.991850,0.038125,0.000220,0.133686,3,9,5,5,4
217,14.440590,0.084311,father,1,2,1.077235,2.000000,600.989900,597.816800,601.037800,597.602400,0.219691,595.723800,601.136500,606.351900,594.068100,595.723800,592.355600,606.351900,583.772000,-0.799433,0.224218,-6.157280,-0.607535,0.262907,-5.976793,-0.704349,-6.072512,234.734200,0.153423,0.260889,1,0,12.842740,0.009168,0.000136,0.125533,1,1,2,7,4
217,14.440590,0.084311,mother,7,9,7.162639,9.000000,562.325100,321.222700,560.229500,322.294300,2.353741,554.848300,325.874400,565.610600,318.714300,554.848300,316.673300,565.610600,309.204300,-1.537460,0.234942,0.871377,-1.343142,0.242833,1.054205,-1.402463,0.990155,234.737400,0.046663,0.264215,0,0,12.757860,0.030000,0.000086,0.131588,1,7,10,5,4
217,14.440590,0.084311,older_sister,4,8,4.000000,8.286634,458.781600,403.152200,459.444800,403.717500,0.871469,467.878100,408.261400,451.011500,399.173500,467.878100,395.680100,451.011500,388.358800,-3.107756,0.321256,-1.232327,-3.412293,0.276148,-1.000274,-3.271999,-1.101867,305.262800,0.672356,-0.382629,0,1,13.255320,0.030000,0.000043,0.136726,3,4,9,9,4
217,14.440590,0.084311,player,9,4,9.000001,4.153309,844.895000,384.832800,844.394700,384.521100,0.589498,846.818900,385.995300,841.970300,383.047100,846.818900,374.700500,841.970300,370.337300,3.734230,0.288406,-0.663775,3.646688,0.324536,-0.588495,3.699493,-0.634093,305.260600,0.441597,-0.114941,1,0,13.071850,0.030000,0.000031,0.133686,3,9,5,5,4
218,14.477170,0.039798,father,1,2,1.064261,2.000000,600.441400,598.091100,600.849200,597.679400,0.579451,595.677600,601.172500,606.020800,594.186200,595.677600,592.390700,606.020800,583.709200,-0.800267,0.224236,-6.158198,-0.613513,0.267525,-5.979809,-0.714253,-6.079516,234.732700,0.169640,0.255479,1,0,12.855630,0.012893,0.000136,0.125533,1,1,2,7,4
218,14.477170,0.039798,mother,7,9,7.118255,9.000000,560.448800,322.160700,559.335300,322.575900,1.188355,553.819000,326.158400,564.851700,318.993500,553.819000,317.309400,564.851700,309.165300,-1.556046,0.225953,0.864124,-1.356844,0.250956,1.047076,-1.436341,0.966203,234.739300,0.102142,0.268273,0,0,12.801970,0.044109,0.000164,0.131588,1,7,10,5,4
218,14.477170,0.039798,older_sister,4,8,4.000000,8.331018,456.905200,402.214000,458.837300,403.564700,2.357410,466.065100,407.622300,451.609500,399.507100,466.065100,394.220600,451.609500,388.664100,-3.140492,0.342205,-1.216010,-3.401495,0.276869,-1.008791,-3.305878,-1.077910,305.265700,0.727837,-0.332746,0,1,13.299430,0.044109,0.000043,0.136726,3,4,9,9,4
218,14.477170,0.039798,player,9,4,9.000001,4.197693,843.018700,383.894700,841.116900,382.786100,2.201244,846.579500,385.895400,835.654400,379.676800,846.579500,374.533600,835.654400,367.973500,3.729906,0.290118,-0.661225,3.532649,0.298838,-0.502438,3.665614,-0.610137,305.264200,0.497078,-0.252735,1,0,13.115960,0.044109,0.000031,0.133686,3,9,5,5,4
219,14.513510,0.036552,father,1,2,1.054067,2.000000,600.010400,598.306600,600.695500,597.740400,0.888810,595.662000,601.190600,605.729100,594.290200,595.662000,592.402500,605.729100,583.673000,-0.800548,0.224399,-6.158661,-0.618781,0.271103,-5.982462,-0.722034,-6.085021,234.722700,0.182383,0.250150,1,0,12.865770,0.010132,0.000000,0.125533,1,1,2,7,4
219,14.513510,0.036552,mother,7,9,7.081475,9.000000,558.893900,322.938200,558.821500,322.788900,0.165915,553.468300,326.332900,564.174700,319.244900,553.468300,317.550200,564.174700,309.006100,-1.562378,0.224262,0.859667,-1.369068,0.261441,1.040656,-1.464415,0.946351,234.734500,0.148117,0.262331,0,0,12.838520,0.036552,0.000193,0.131588,1,7,10,5,4
219,14.513510,0.036552,older_sister,4,8,4.000000,8.367799,455.350300,401.436500,457.313000,402.907700,2.452808,462.813000,406.182300,451.812900,399.633200,462.813000,391.780800,451.812900,388.730700,-3.199209,0.367733,-1.179238,-3.397823,0.278390,-1.012011,-3.333952,-1.058059,305.263900,0.773811,-0.258716,0,1,13.335980,0.036552,0.000068,0.136726,3,4,9,9,4
219,14.513510,0.036552,player,9,4,9.000001,4.234473,841.463700,383.117200,839.016400,381.641100,2.858038,846.513500,385.863100,831.519300,377.419000,846.513500,374.414800,831.519300,366.043700,3.728717,0.292326,-0.660401,3.457987,0.290462,-0.444785,3.637540,-0.590285,305.265700,0.543053,-0.345536,0,0,13.152520,0.036552,0.000031,0.133686,3,9,5,5,4
220,14.552130,0.038437,father,1,2,1.043755,2.000000,599.574500,598.524300,600.527900,597.810300,1.191089,595.649500,601.200500,605.406300,594.420200,595.649500,592.400300,605.406300,583.652200,-0.800772,0.224708,-6.158913,-0.624610,0.274954,-5.985781,-0.729905,-6.090578,234.775700,0.195272,0.243765,1,0,12.876010,0.010248,0.000273,0.125533,1,1,2,7,4
220,14.552130,0.038437,mother,7,9,7.042799,9.000000,557.258900,323.755800,558.235500,323.027900,1.218029,553.376500,326.414800,563.094400,319.641100,553.376500,317.613200,563.094400,308.859500,-1.564035,0.224744,0.857577,-1.388573,0.275301,1.030541,-1.493938,0.925473,234.733700,0.196463,0.243126,1,0,12.876960,0.038437,0.000110,0.131588,1,7,10,5,4
220,14.552130,0.038437,older_sister,4,8,4.000000,8.406475,453.715300,400.619000,455.298200,401.712100,1.923612,458.733800,403.788900,451.862500,399.635300,458.733800,388.654100,451.862500,388.599500,-3.272863,0.386459,-1.118125,-3.396927,0.281792,-1.012066,-3.363474,-1.037185,305.263900,0.822157,-0.162531,0,1,13.374420,0.038437,0.000000,0.136726,3,4,9,9,4
220,14.552130,0.038437,player,9,4,9.000000,4.273149,839.828700,382.299700,838.280000,381.398300,1.792012,846.672200,385.957600,829.887600,376.839000,846.672200,374.250100,829.887600,365.853600,3.731582,0.298942,-0.662812,3.428527,0.280505,-0.429974,3.608018,-0.569412,305.261800,0.591398,-0.381872,0,0,13.190950,0.038437,0.000000,0.133686,3,9,5,5,4
221,14.588930,0.037003,father,1,2,1.034159,2.000000,599.168800,598.727400,600.357400,597.881200,1.459043,595.651300,601.211400,605.063400,594.550800,595.651300,592.395600,605.063400,583.639300,-0.800740,0.225107,-6.159193,-0.630799,0.278618,-5.989118,-0.737230,-6.095763,234.709000,0.207268,0.236968,1,0,12.885550,0.009536,0.000136,0.125533,1,1,2,7,4
221,14.588930,0.037003,mother,7,9,7.005565,9.000000,555.684800,324.542800,557.462200,323.424500,2.099952,553.319400,326.476100,561.605000,320.372900,553.319400,317.615600,561.605000,308.754700,-1.565066,0.226247,0.856012,-1.415466,0.296664,1.011852,-1.522357,0.905378,234.735700,0.243004,0.212123,1,0,12.913960,0.037003,0.000110,0.131588,1,7,10,5,4
221,14.588930,0.037003,older_sister,4,8,4.000000,8.443708,452.141300,399.832000,452.736500,400.287100,0.749294,453.692700,401.006600,451.780300,399.567700,453.692700,386.437800,451.780300,388.363800,-3.363881,0.372004,-1.047080,-3.398411,0.286085,-1.010339,-3.391894,-1.017089,305.264000,0.868698,-0.049406,0,1,13.411420,0.037003,0.000031,0.136726,3,4,9,9,4
221,14.588930,0.037003,player,9,4,9.000000,4.310382,838.254600,381.512300,837.919600,381.431000,0.344745,846.555900,386.044700,829.283300,376.817200,846.555900,373.899500,829.283300,365.943900,3.729482,0.310121,-0.665038,3.417615,0.277643,-0.429419,3.579597,-0.549304,305.278900,0.637940,-0.390676,0,0,13.227960,0.037003,0.000356,0.133686,3,9,5,5,4
222,14.625390,0.036664,father,1,2,1.000000,2.000000,597.724700,599.449300,599.510100,598.321200,2.111922,595.518800,601.303800,603.501300,595.338600,595.518800,592.442500,603.501300,583.587800,-0.803133,0.226269,-6.161551,-0.659003,0.300049,-6.009233,-0.763304,-6.114199,234.736500,0.249966,0.205622,0,0,12.919500,0.000000,0.000136,0.126398,1,-1,-1,7,4
222,14.625390,0.036664,mother,7,9,7.000000,9.000000,555.449600,324.660400,557.235000,323.532200,2.111957,553.243500,326.514900,561.226300,320.549500,553.243500,317.653600,561.226300,308.798800,-1.566436,0.226269,0.855021,-1.422303,0.300047,1.007344,-1.526604,0.902375,234.736000,0.249960,0.205628,1,0,12.919490,0.005531,0.000164,0.126399,1,7,10,5,4
222,14.625390,0.036664,older_sister,4,8,4.000000,8.480600,450.581600,399.052200,449.792200,398.773300,0.837227,447.791000,397.977700,451.793400,399.569000,447.791000,384.738600,451.793400,388.231800,-3.470440,0.338054,-0.969740,-3.398175,0.289490,-1.010372,-3.420055,-0.997176,305.264100,0.914814,0.082464,0,1,13.448080,0.036664,0.000043,0.137331,3,4,9,9,4
222,14.625390,0.036664,player,9,4,9.000000,4.347275,836.695000,380.732900,837.680000,381.510400,1.254869,845.965500,386.000000,829.394500,377.020800,845.965500,373.267700,829.394500,366.207800,3.718822,0.325112,-0.663895,3.419622,0.276102,-0.434616,3.551438,-0.529402,305.251200,0.684055,-0.376667,0,1,13.264620,0.036664,0.000031,0.124397,3,9,5,5,4
223,14.712250,0.083063,father,1,2,1.000000,2.000000,597.724700,599.449300,599.510100,598.321200,2.111922,595.518800,601.303800,603.501300,595.338600,595.518800,592.442500,603.501300,583.587800,-0.803133,0.226269,-6.161551,-0.659003,0.300049,-6.009233,-0.763304,-6.114199,234.736500,0.249966,0.205622,0,0,12.919500,0.000000,0.000136,0.126398,1,-1,-1,7,4
223,14.712250,0.083063,mother,7,9,7.000000,9.070436,552.471900,323.171400,554.479900,323.044600,2.012052,551.644300,323.868900,557.315600,322.220400,551.644300,314.948900,557.315600,309.505800,-1.595312,0.227769,0.922584,-1.492913,0.324659,0.964678,-1.580369,0.940396,267.283100,0.338005,0.104278,1,0,12.989490,0.030000,0.000273,0.126399,3,7,10,5,4
223,14.712250,0.083063,older_sister,4,9,4.000000,8.561044,447.180800,397.351700,443.597400,395.795700,3.906707,435.615400,392.157100,451.579300,399.434200,435.615400,380.468900,451.579300,387.756300,-3.690277,0.298452,-0.821115,-3.402039,0.298188,-1.006930,-3.481457,-0.953753,305.268000,0.015368,0.342625,0,1,13.528030,0.029945,0.000178,0.137331,3,4,9,9,4
223,14.712250,0.083063,player,9,4,9.000000,4.427773,833.291900,379.031100,835.185300,380.453600,2.368189,840.232300,383.485800,830.138300,377.421400,840.232300,368.877100,830.138300,366.497700,3.615305,0.373025,-0.599698,3.433053,0.278929,-0.444846,3.489993,-0.485950,305.267000,0.784678,-0.238214,0,1,13.344620,0.030000,0.000164,0.124397,3,9,5,5,4
224,14.749730,0.041135,father,1,2,1.000000,2.000000,597.724700,599.449300,599.510100,598.321200,2.111922,595.518800,601.303800,603.501300,595.338600,595.518800,592.442500,603.501300,583.587800,-0.803133,0.226269,-6.161551,-0.659003,0.300049,-6.009233,-0.763304,-6.114199,234.736500,0.249966,0.205622,0,0,12.919500,0.000000,0.000136,0.126398,1,-1,-1,7,4
224,14.749730,0.041135,mother,7,9,7.000000,9.114909,550.591700,322.231400,551.488000,322.399500,0.911944,550.830600,322.990200,552.145400,321.808900,550.830600,314.026800,552.145400,310.089400,-1.610003,0.228877,0.945021,-1.586263,0.299250,0.975187,-1.614316,0.964398,283.401600,0.393597,0.016102,1,0,13.033690,0.044198,0.000246,0.126399,3,7,10,5,4
224,14.749730,0.041135,older_sister,4,9,4.000000,8.604741,445.333600,396.428300,443.211400,395.367200,2.372683,435.113400,391.573400,451.309400,399.160900,435.113400,380.472100,451.309400,387.228300,-3.699342,0.283466,-0.806210,-3.406913,0.304693,-0.999952,-3.514811,-0.930175,305.255800,0.069990,0.350627,0,0,13.571460,0.043427,0.000043,0.137331,3,4,9,9,4
224,14.749730,0.041135,player,9,4,9.000000,4.472246,831.411800,378.091100,832.710300,378.952400,1.558186,835.269300,380.512500,830.151400,377.392300,835.269300,365.410800,830.151400,366.287100,3.525696,0.385612,-0.523776,3.433290,0.283563,-0.444103,3.456047,-0.461947,305.263600,0.840269,-0.121449,0,1,13.388820,0.044198,0.000110,0.124397,3,9,5,5,4
225,14.785770,0.035789,father,1,2,1.000000,2.000000,597.724700,599.449300,599.510100,598.321200,2.111922,595.518800,601.303800,603.501300,595.338600,595.518800,592.442500,603.501300,583.587800,-0.803133,0.226269,-6.161551,-0.659003,0.300049,-6.009233,-0.763304,-6.114199,234.736500,0.249966,0.205622,0,0,12.919500,0.000000,0.000136,0.126398,1,-1,-1,7,4
225,14.785770,0.035789,mother,7,9,7.000000,9.150922,549.069300,321.470000,548.647800,321.344900,0.439620,549.990400,322.614300,547.305300,320.075600,549.990400,313.646900,547.305300,309.719700,-1.625173,0.228976,0.954621,-1.673654,0.264431,1.019445,-1.641804,0.983838,297.433900,0.438612,-0.072896,1,0,13.069480,0.035789,0.000329,0.126399,3,7,10,5,4
225,14.785770,0.035789,older_sister,4,9,4.000000,8.638518,443.905600,395.714100,443.018600,395.105400,1.075760,434.925200,391.268600,451.112100,398.942300,434.925200,380.358800,451.112100,386.690700,-3.702739,0.278574,-0.798426,-3.410477,0.312838,-0.994369,-3.540594,-0.911941,305.268700,0.112213,0.351759,0,0,13.605030,0.033569,0.000068,0.137331,3,4,9,9,4
225,14.785770,0.035789,player,9,5,9.000000,4.508259,829.889400,377.329800,830.037500,377.536300,0.254147,829.987800,377.732100,830.087200,377.340500,829.987800,363.593900,830.087200,366.085400,3.430336,0.361010,-0.452780,3.432129,0.287390,-0.442780,3.428558,-0.442509,305.266200,0.885284,-0.004310,0,1,13.424610,0.035789,0.000220,0.124397,3,9,5,5,4
226,14.823440,0.038072,father,1,2,1.000000,2.000000,597.724700,599.449300,599.510100,598.321200,2.111922,595.518800,601.303800,603.501300,595.338600,595.518800,592.442500,603.501300,583.587800,-0.803133,0.226269,-6.161551,-0.659003,0.300049,-6.009233,-0.763304,-6.114199,234.736500,0.249966,0.205622,0,0,12.919500,0.000000,0.000136,0.126398,1,-1,-1,7,4
226,14.823440,0.038072,mother,7,9,7.000000,9.189231,547.449800,320.660400,546.033100,319.938200,1.590175,549.160400,322.409100,542.905800,317.467300,549.160400,313.438900,542.905800,307.893800,-1.640159,0.229051,0.959859,-1.753090,0.244453,1.086046,-1.671045,1.004513,305.264100,0.486498,-0.165062,1,0,13.107550,0.038072,0.000273,0.126399,3,7,10,5,4
226,14.823440,0.038072,older_sister,4,9,4.000000,8.672410,442.472800,394.997800,442.939500,395.008600,0.466769,435.069300,391.382400,450.809600,398.634700,435.069300,380.469300,450.809600,385.940900,-3.700136,0.278660,-0.801333,-3.415938,0.324129,-0.986516,-3.566463,-0.893649,305.263900,0.154577,0.338962,1,0,13.638710,0.033682,0.000068,0.137331,3,4,9,9,4
226,14.823440,0.038072,player,9,5,9.000000,4.546568,828.269800,376.520100,826.761800,375.902000,1.629732,823.438800,374.465600,830.084600,377.338400,823.438800,361.759000,830.084600,365.951800,3.312090,0.324457,-0.369373,3.432083,0.290751,-0.442728,3.399316,-0.421833,305.262000,0.933172,0.140326,0,1,13.462680,0.038072,0.000136,0.124397,3,9,5,5,4
227,14.858730,0.035203,father,1,2,1.000000,2.000000,597.724700,599.449300,599.510100,598.321200,2.111922,595.518800,601.303800,603.501300,595.338600,595.518800,592.442500,603.501300,583.587800,-0.803133,0.226269,-6.161551,-0.659003,0.300049,-6.009233,-0.763304,-6.114199,234.736500,0.249966,0.205622,0,0,12.919500,0.000000,0.000136,0.126398,1,-1,-1,7,4
227,14.858730,0.035203,mother,7,9,7.000000,9.224653,545.952300,319.911600,543.964700,318.834900,2.260445,548.689700,322.178200,539.239700,315.491600,548.689700,313.196000,539.239700,306.118500,-1.648658,0.229353,0.965757,-1.819283,0.239338,1.136494,-1.698084,1.023632,305.263400,0.530777,-0.237890,1,0,13.142760,0.035203,0.000301,0.126399,3,7,10,5,4
227,14.858730,0.035203,older_sister,4,9,4.000000,8.701533,441.241600,394.382100,442.826100,394.859700,1.654900,435.383400,391.551900,450.268900,398.167500,435.383400,380.606200,450.268900,385.055700,-3.694467,0.279492,-0.805660,-3.425701,0.334802,-0.974586,-3.588693,-0.877929,305.265500,0.190981,0.316976,1,0,13.667650,0.028943,0.000097,0.137331,3,4,9,9,4
227,14.858730,0.035203,player,9,5,9.000001,4.581705,826.784400,375.777300,823.434800,374.335200,3.646868,816.844500,371.383400,830.025000,377.286900,816.844500,359.506500,830.025000,365.758800,3.193027,0.303270,-0.290670,3.431008,0.294364,-0.441413,3.372497,-0.402866,305.269400,0.977091,0.281340,0,1,13.497600,0.034919,0.000220,0.124397,3,9,5,5,4
228,14.895060,0.036299,father,1,2,1.000000,2.000000,597.724700,599.449300,599.510100,598.321200,2.111922,595.518800,601.303800,603.501300,595.338600,595.518800,592.442500,603.501300,583.587800,-0.803133,0.226269,-6.161551,-0.659003,0.300049,-6.009233,-0.763304,-6.114199,234.736500,0.249966,0.205622,0,0,12.919500,0.000000,0.000136,0.126398,1,-1,-1,7,4
228,14.895060,0.036299,mother,7,9,7.000000,9.261178,544.408200,319.139500,542.629000,318.185700,2.018724,548.373400,322.018700,536.884700,314.352600,548.373400,312.904900,536.884700,305.192900,-1.654370,0.232716,0.969828,-1.861803,0.233887,1.165578,-1.725963,1.043347,305.266200,0.576431,-0.282386,0,0,13.179050,0.036299,0.000301,0.126053,3,7,10,5,4
228,14.895060,0.036299,older_sister,4,9,4.000000,8.729246,440.070000,393.796500,442.562600,394.676600,2.643339,435.757400,391.739600,449.367700,397.613600,435.757400,380.746900,449.367700,383.950600,-3.687713,0.280691,-0.810453,-3.441972,0.348877,-0.960443,-3.609847,-0.862975,305.257700,0.225622,0.287246,1,0,13.695190,0.027541,0.000043,0.130723,3,4,9,9,4
228,14.895060,0.036299,player,9,5,9.000001,4.616922,825.295700,375.032700,821.852100,373.529800,3.757262,813.861800,369.881000,829.842200,377.178700,813.861800,358.263100,829.842200,365.477800,3.139173,0.296657,-0.252307,3.427706,0.298778,-0.438650,3.345616,-0.383854,305.270000,0.021112,0.343170,0,1,13.532600,0.034999,0.000409,0.143351,3,9,5,5,4
229,14.984420,0.083413,father,1,2,1.000000,2.000000,597.724700,599.449300,599.510100,598.321200,2.111922,595.518800,601.303800,603.501300,595.338600,595.518800,592.442500,603.501300,583.587800,-0.803133,0.226269,-6.161551,-0.659003,0.300049,-6.009233,-0.763304,-6.114199,234.736500,0.249966,0.205622,0,0,12.919500,0.000000,0.000136,0.126398,1,5,3,6,4
229,14.984420,0.083413,mother,7,9,7.000000,9.341677,541.005100,317.438200,541.608500,317.922800,0.773912,547.412900,321.720900,535.804100,314.124800,547.412900,311.718400,535.804100,305.289300,-1.671711,0.255406,0.977433,-1.881314,0.225609,1.171395,-1.787407,1.086789,305.260800,0.677055,-0.283121,0,1,13.259050,0.030000,0.000110,0.126053,3,7,10,5,4
229,14.984420,0.083413,older_sister,4,9,4.000000,8.782886,437.802400,392.662500,440.469100,393.643100,2.841206,435.691400,391.694100,445.246700,395.592000,435.691400,380.666300,445.246700,380.452600,-3.688906,0.281587,-0.809291,-3.516379,0.386576,-0.908822,-3.650789,-0.834018,305.270700,0.292671,0.198330,1,0,13.748500,0.018621,0.000164,0.130723,3,4,9,9,4
229,14.984420,0.083413,player,9,5,9.000000,4.688725,822.260100,373.515300,821.331500,372.890500,1.119212,813.234000,369.054100,829.429100,376.727000,813.234000,358.141900,829.429100,364.486700,3.127837,0.278636,-0.231193,3.420247,0.312547,-0.427114,3.290808,-0.345107,305.258400,0.110867,0.351868,0,0,13.603960,0.025427,0.000061,0.143351,3,9,5,5,4
230,15.024660,0.042567,father,1,2,1.007293,2.000000,598.033100,599.295200,600.421000,599.312000,2.387999,594.873900,599.627900,605.968100,598.996100,594.873900,590.766500,605.968100,587.078900,-0.814777,0.226272,-6.118758,-0.614465,0.304301,-6.102625,-0.757736,-6.110262,277.303500,0.259083,0.196637,1,0,12.926750,0.007248,0.000136,0.126398,5,5,3,6,4
230,15.024660,0.042567,mother,7,9,7.000000,9.387944,539.049100,316.460000,540.702700,317.518600,1.963389,545.600500,320.942300,535.804900,314.094900,545.600500,310.111700,535.804900,305.206100,-1.704435,0.276553,0.997313,-1.881301,0.226968,1.172159,-1.822724,1.111767,305.270700,0.734888,-0.245362,0,1,13.305030,0.045981,0.000301,0.126053,3,7,10,5,4
230,15.024660,0.042567,older_sister,4,9,3.999999,8.809039,436.696800,392.109700,439.083400,393.068900,2.572180,435.542800,391.653700,442.624000,394.484100,435.542800,380.568800,442.624000,378.975400,-3.691587,0.283048,-0.808261,-3.563734,0.396005,-0.880532,-3.670753,-0.819904,305.259800,0.325365,0.146119,1,0,13.774490,0.025992,0.000136,0.130723,3,4,9,9,4
230,15.024660,0.042567,player,9,5,9.000000,4.724998,820.726700,372.748600,821.244900,372.781600,0.519236,813.389000,369.167100,829.100800,376.396100,813.389000,358.253200,829.100800,363.683100,3.130635,0.278680,-0.234077,3.414319,0.324619,-0.418666,3.263121,-0.325530,305.263900,0.156208,0.338200,1,0,13.640000,0.036048,0.000031,0.143351,3,9,5,5,4
231,15.064740,0.040129,father,1,2,1.027525,2.000000,598.888400,598.867600,600.668400,599.988800,2.103666,596.652100,598.073200,604.684600,601.904400,596.652100,589.207900,604.684600,589.561600,-0.782670,0.226372,-6.079060,-0.637639,0.315166,-6.176887,-0.742292,-6.099345,317.431600,0.284372,0.170156,1,0,12.946850,0.020107,0.000061,0.126398,5,5,3,6,4
231,15.064740,0.040129,mother,7,9,7.000000,9.428322,537.342200,315.606700,539.055300,316.694700,2.029434,542.550100,319.439800,535.560500,313.949500,542.550100,307.789800,535.560500,304.998800,-1.759511,0.297478,1.035678,-1.885712,0.228551,1.175870,-1.853544,1.133557,305.259300,0.785362,-0.183979,0,1,13.345160,0.040129,0.000164,0.126053,3,7,10,5,4
231,15.064740,0.040129,older_sister,4,9,3.999999,8.829556,435.829400,391.675900,437.858800,392.539200,2.205345,435.380700,391.597400,440.336900,393.480900,435.380700,380.457900,440.336900,378.024700,-3.694515,0.284441,-0.806823,-3.605029,0.394665,-0.854916,-3.686414,-0.808826,305.273900,0.351011,0.100829,1,0,13.794880,0.020390,0.000246,0.130723,3,4,9,9,4
231,15.064740,0.040129,player,9,5,9.000000,4.753623,819.516500,372.143400,821.129900,372.632900,1.685958,813.702800,369.335200,828.557100,375.930700,813.702800,358.388100,828.557100,362.806800,3.136300,0.279526,-0.238369,3.404502,0.335111,-0.406782,3.241271,-0.310077,305.268400,0.191990,0.316218,1,0,13.668450,0.028448,0.000136,0.143351,3,9,5,5,4
232,15.105860,0.041309,father,1,2,1.061892,2.000000,600.341200,598.141200,600.500000,599.646600,1.513719,599.381700,597.341700,601.618300,601.951500,599.381700,588.434400,601.618300,589.227700,-0.733385,0.227441,-6.060381,-0.693003,0.324895,-6.178091,-0.716061,-6.080797,358.739900,0.327330,0.118570,1,0,12.981010,0.034154,0.000000,0.126398,5,5,3,6,4
232,15.105860,0.041309,mother,7,9,7.000000,9.469888,535.584900,314.728100,536.855600,315.437900,1.455516,538.568400,317.160200,535.142800,313.715600,538.568400,305.162000,535.142800,304.643900,-1.831404,0.306365,1.093889,-1.893254,0.231641,1.181842,-1.885273,1.155992,305.264100,0.837318,-0.101281,0,1,13.386470,0.041309,0.000136,0.126053,3,7,10,5,4
232,15.105860,0.041309,older_sister,4,9,3.999999,8.848686,435.020700,391.271800,436.556800,391.944400,1.676933,435.192200,391.523900,437.921400,392.364800,435.192200,380.341300,437.921400,377.391600,-3.697918,0.285541,-0.804946,-3.648642,0.382332,-0.826418,-3.701015,-0.798507,305.248000,0.374924,0.052634,1,0,13.813890,0.019012,0.000031,0.130723,3,4,9,9,4
232,15.105860,0.041309,player,9,5,9.000000,4.780156,818.394800,371.582800,820.876700,372.456800,2.631285,814.061300,369.515100,827.692100,375.398500,814.061300,358.522900,827.692100,361.747000,3.142773,0.280678,-0.242964,3.388886,0.348584,-0.393194,3.221018,-0.295761,305.256300,0.225155,0.287689,1,0,13.694820,0.026368,0.000031,0.143351,3,9,5,5,4
233,15.145990,0.040025,father,1,2,1.102162,2.000000,602.043700,597.289700,601.216600,598.013900,1.099324,601.218400,596.910000,601.214800,599.117700,601.218400,587.951800,601.214800,586.973700,-0.700223,0.228742,-6.049358,-0.700288,0.310092,-6.105732,-0.685322,-6.059053,38.764110,0.377668,0.043997,1,0,13.021030,0.040021,0.000329,0.126398,5,5,3,6,4
233,15.145990,0.040025,mother,7,10,7.000000,9.510162,533.882300,313.876600,534.082900,313.999800,0.235363,533.504300,314.548000,534.661400,313.451700,533.504300,303.481400,534.661400,304.279900,-1.922839,0.282579,1.160590,-1.901947,0.234195,1.188583,-1.916013,1.177732,305.268000,0.887661,0.000894,0,1,13.426500,0.040025,0.000273,0.126053,3,7,10,5,4
233,15.145990,0.040025,older_sister,4,9,3.999999,8.865583,434.306300,390.914600,435.291300,391.343000,1.074089,435.028700,391.453800,435.553800,391.232100,435.028700,380.235600,435.553800,376.898600,-3.700869,0.286451,-0.803156,-3.691390,0.365997,-0.797494,-3.713913,-0.789386,305.267700,0.396046,0.004471,1,0,13.830690,0.016792,0.000068,0.130723,3,4,9,9,4
233,15.145990,0.040025,player,9,5,9.000000,4.803319,817.415600,371.092900,820.176800,372.088800,2.935237,814.118000,369.535900,826.235500,374.641800,814.118000,358.527100,826.235500,360.294100,3.143797,0.281103,-0.243494,3.362586,0.366361,-0.373871,3.203337,-0.283252,305.279100,0.254108,0.253909,1,0,13.717840,0.023019,0.000220,0.143351,3,9,5,5,4
234,15.184430,0.038681,father,1,2,1.141084,2.000000,603.689100,596.467300,603.707800,596.424700,0.046541,602.075000,596.404000,605.340800,596.445400,602.075000,587.438200,605.340800,585.738200,-0.684758,0.228937,-6.036438,-0.625792,0.273400,-6.037494,-0.655614,-6.038054,54.745450,0.426321,-0.047542,1,0,13.059710,0.038681,0.000061,0.128909,5,5,3,6,4
234,15.184430,0.038681,mother,7,10,7.000000,9.549084,532.236900,313.054200,531.020600,312.495700,1.338376,527.829800,311.762800,534.211500,313.228500,527.829800,301.800800,534.211500,303.988100,-2.025295,0.254376,1.231706,-1.910070,0.235949,1.194281,-1.945723,1.198732,305.254200,0.936314,0.115695,0,1,13.465180,0.038681,0.000000,0.131218,3,7,10,5,4
234,15.184430,0.038681,older_sister,4,9,3.999999,8.880591,433.671900,390.597200,434.082300,390.748600,0.437435,434.886400,391.391500,433.278100,390.105700,434.886400,380.141800,433.278100,376.435300,-3.703440,0.287256,-0.801566,-3.732478,0.349064,-0.768732,-3.725369,-0.781283,305.272500,0.414806,-0.042667,1,0,13.845600,0.014916,0.000136,0.136946,3,4,9,9,4
234,15.184430,0.038681,player,9,5,9.000000,4.823561,816.559900,370.665000,819.285000,371.642400,2.895015,814.039700,369.487600,824.530300,373.797200,814.039700,358.471100,824.530300,358.899800,3.142383,0.281300,-0.242261,3.331796,0.380395,-0.352304,3.187887,-0.272327,305.264200,0.279413,0.218189,1,0,13.737960,0.020117,0.000246,0.131214,3,9,5,5,4
235,15.275000,0.085599,father,1,2,1.221583,2.000000,607.092200,594.765600,609.154200,593.813100,2.271357,603.252000,595.788500,615.056500,591.837700,603.252000,586.810800,615.056500,582.452500,-0.663507,0.229240,-6.020720,-0.450368,0.239647,-5.919840,-0.594168,-5.994601,54.732660,0.526943,-0.232268,1,0,13.139710,0.030000,0.000193,0.128909,5,5,3,6,4
235,15.275000,0.085599,mother,7,10,7.000000,9.627498,528.921900,311.396600,526.540600,310.271700,2.633592,519.990700,307.910700,533.090700,312.632800,519.990700,298.581500,533.090700,303.165400,-2.166834,0.238217,1.330068,-1.930307,0.241744,1.209493,-2.005576,1.241059,305.267700,0.034330,0.262735,0,0,13.543110,0.028403,0.000164,0.131218,3,7,10,5,4
235,15.275000,0.085599,older_sister,4,9,4.000000,8.908482,432.492800,390.007900,431.723500,389.555700,0.892407,434.637400,391.284600,428.809500,387.826700,434.637400,379.976800,428.809500,375.368000,-3.707936,0.288739,-0.798836,-3.813161,0.318127,-0.710540,-3.746657,-0.766234,305.257700,0.449667,-0.136892,1,0,13.873320,0.009850,0.000000,0.136946,3,4,9,9,4
235,15.275000,0.085599,player,9,5,9.000000,4.860176,815.012000,369.891200,817.400600,370.850800,2.574214,813.852900,369.432400,820.948400,372.269200,813.852900,358.347900,820.948400,356.761400,3.139011,0.283036,-0.240852,3.267122,0.395982,-0.313288,3.159938,-0.252566,305.261400,0.325182,0.146424,1,0,13.774350,0.012752,0.000110,0.131214,3,9,5,5,4
236,15.313640,0.044043,father,1,2,1.271534,2.000000,609.204000,593.709700,610.635300,593.004000,1.595762,603.649200,595.587400,617.621300,590.420700,603.649200,586.413000,617.621300,581.393900,-0.656334,0.234265,-6.015587,-0.404061,0.230494,-5.883657,-0.556039,-5.967638,54.734840,0.589384,-0.282150,0,0,13.189350,0.049642,0.000220,0.128909,5,5,3,6,4
236,15.313640,0.044043,mother,7,10,7.000000,9.672515,527.018900,310.445200,525.832600,309.741700,1.379219,519.214900,307.269600,532.450300,312.213700,519.214900,298.374600,532.450300,302.464800,-2.180842,0.227128,1.346439,-1.941870,0.248931,1.220193,-2.039937,1.265350,305.258000,0.090601,0.268012,0,0,13.587840,0.044738,0.000000,0.131218,3,7,10,5,4
236,15.313640,0.044043,older_sister,4,9,4.000000,8.924056,431.834400,389.678600,430.545400,388.942000,1.484624,434.550600,391.251500,426.540300,386.632500,434.550600,379.915100,426.540300,374.593200,-3.709503,0.289467,-0.797989,-3.854133,0.307418,-0.680048,-3.758545,-0.757826,305.269600,0.469135,-0.186185,1,0,13.888800,0.015479,0.000068,0.136946,3,4,9,9,4
236,15.313640,0.044043,player,9,5,9.000001,4.879909,814.177900,369.474100,816.226900,370.343600,2.225936,813.697800,369.379200,818.756200,371.308000,813.697800,358.242100,818.756200,355.841200,3.136209,0.284379,-0.239493,3.227542,0.394937,-0.288745,3.144878,-0.241916,305.266100,0.349846,0.103008,1,0,13.793960,0.019610,0.000164,0.131214,3,9,5,5,4
237,15.352890,0.039077,father,1,2,1.310855,2.000000,610.866200,592.878700,611.045300,592.680400,0.267194,603.941300,595.370500,618.149400,589.990400,603.941300,585.809000,618.149400,581.103200,-0.651060,0.244146,-6.010047,-0.394526,0.226929,-5.872670,-0.526027,-5.946421,54.741310,0.638535,-0.288778,0,0,13.228430,0.039077,0.000061,0.128909,5,5,3,6,4
237,15.352890,0.039077,mother,7,10,7.000000,9.704986,525.646100,309.758800,525.411000,309.458500,0.381381,518.840300,307.005000,531.981800,311.911900,518.840300,298.215200,531.981800,301.844900,-2.187605,0.224443,1.353194,-1.950330,0.257055,1.227899,-2.064723,1.282879,305.269100,0.131189,0.266070,0,0,13.620110,0.032270,0.000086,0.131218,3,7,10,5,4
237,15.352890,0.039077,older_sister,4,9,4.000000,8.935505,431.350400,389.436600,429.731800,388.506300,1.866905,434.497500,391.229100,424.966100,385.783500,434.497500,379.877500,424.966100,373.947300,-3.710462,0.289856,-0.797418,-3.882557,0.302231,-0.658368,-3.767284,-0.751647,305.265200,0.483446,-0.220796,1,0,13.900170,0.011378,0.000068,0.136946,3,4,9,9,4
237,15.352890,0.039077,player,9,5,9.000001,4.894053,813.579800,369.175100,815.284700,369.917200,1.859401,813.563200,369.326500,817.006300,370.507900,813.563200,358.156400,817.006300,355.336800,3.133781,0.285223,-0.238149,3.195947,0.387384,-0.268314,3.134081,-0.234282,305.262000,0.367527,0.068174,1,0,13.808010,0.014057,0.000110,0.131214,3,9,5,5,4
238,15.393060,0.040444,father,1,2,1.351551,2.000000,612.586700,592.018500,611.431600,592.390400,1.213480,604.525600,594.930900,618.337500,589.849900,604.525600,584.779700,618.337500,581.012800,-0.640509,0.259205,-5.998823,-0.391128,0.225649,-5.869081,-0.494963,-5.924456,54.736270,0.689404,-0.278526,0,1,13.268870,0.040444,0.000061,0.128909,5,5,3,6,4
238,15.393060,0.040444,mother,7,10,7.000000,9.735583,524.352600,309.112000,525.032700,309.244500,0.692903,518.650000,306.959800,531.415500,311.529200,518.650000,298.178100,531.415500,301.054400,-2.191042,0.224234,1.354349,-1.960554,0.267468,1.237672,-2.088078,1.299394,305.263600,0.169437,0.255556,1,0,13.650520,0.030408,0.000086,0.131218,3,7,10,5,4
238,15.393060,0.040444,older_sister,4,9,4.000000,8.946791,430.873300,389.198200,428.962200,388.084200,2.212006,434.449300,391.205600,423.475100,384.962800,434.449300,379.843400,423.475100,373.263800,-3.711331,0.290128,-0.796818,-3.909477,0.298726,-0.637411,-3.775899,-0.745558,305.250700,0.497553,-0.253815,1,0,13.911390,0.011216,0.000068,0.136946,3,4,9,9,4
238,15.393060,0.040444,player,9,5,9.000001,4.907669,813.004300,368.887200,814.301900,369.457700,1.417468,813.424400,369.270300,815.179300,369.645100,813.424400,358.071300,815.179300,354.946500,3.131275,0.285961,-0.236712,3.162960,0.375320,-0.246284,3.123689,-0.226932,305.270700,0.384546,0.031396,1,0,13.821540,0.013530,0.000220,0.131214,3,9,5,5,4
239,15.431810,0.038749,father,1,2,1.390542,2.000000,614.235000,591.194200,612.243200,591.955900,2.132481,606.115800,594.041600,618.370500,589.870200,606.115800,583.151100,618.370500,580.978300,-0.611799,0.278083,-5.976114,-0.390532,0.227049,-5.869601,-0.465201,-5.903410,54.733570,0.738142,-0.242158,0,1,13.307620,0.038749,0.000136,0.128909,5,5,3,6,4
239,15.431810,0.038749,mother,7,10,7.000000,9.762172,523.228600,308.549800,524.657500,309.017800,1.503560,518.593800,306.952900,530.721300,311.082600,518.593800,298.143300,530.721300,300.229200,-2.192058,0.224948,1.354525,-1.973088,0.277136,1.249075,-2.108372,1.313748,305.273000,0.202671,0.239663,1,0,13.676940,0.026424,0.000246,0.131218,3,7,10,5,4
239,15.431810,0.038749,older_sister,4,9,4.000000,8.957156,430.435100,388.978900,428.303100,387.720500,2.475662,434.414200,391.190300,422.191900,384.250800,434.414200,379.814400,422.191900,372.657200,-3.711965,0.290477,-0.796427,-3.932645,0.296034,-0.619230,-3.783811,-0.739959,305.290200,0.510510,-0.282498,1,0,13.921690,0.010301,0.000136,0.136946,3,4,9,9,4
239,15.431810,0.038749,player,9,5,9.000001,4.919888,812.487700,368.628900,813.363800,369.006200,0.953860,813.309400,369.219600,813.418100,368.792700,813.309400,357.995200,813.418100,354.585900,3.129199,0.286609,-0.235419,3.131160,0.362762,-0.224518,3.114360,-0.220336,305.262800,0.399820,-0.004692,1,0,13.833690,0.012145,0.000193,0.131214,3,9,5,5,4
240,15.470660,0.039214,father,1,2,1.430000,2.000000,615.903100,590.360200,613.894600,591.137100,2.153567,609.137900,592.520500,618.651200,589.753800,609.137900,580.841900,618.651200,580.799500,-0.557232,0.298206,-5.937275,-0.385463,0.228642,-5.866628,-0.435082,-5.882113,54.735490,0.787466,-0.181037,0,1,13.346840,0.039214,0.000086,0.111817,5,5,3,6,4
240,15.470660,0.039214,mother,7,10,7.000000,9.786541,522.198400,308.034800,524.192400,308.797500,2.134972,518.562300,306.960900,529.822600,310.634100,518.562300,298.106900,529.822600,299.214500,-2.192625,0.226083,1.354320,-1.989315,0.291592,1.260528,-2.126974,1.326901,305.262400,0.233133,0.220155,1,0,13.701160,0.024218,0.000164,0.126228,3,7,10,5,4
240,15.470660,0.039214,older_sister,4,9,4.000000,8.967298,430.006400,388.764500,427.705200,387.393300,2.678668,434.394100,391.177700,421.016400,383.609000,434.394100,379.782700,421.016400,372.101600,-3.712330,0.290964,-0.796105,-3.953871,0.293836,-0.602843,-3.791552,-0.734484,305.267500,0.523188,-0.308798,1,0,13.931770,0.010078,0.000136,0.140102,3,4,9,9,4
240,15.470660,0.039214,player,9,5,9.000000,4.931578,811.993500,368.381700,812.416100,368.539200,0.451024,813.198000,369.171100,811.634200,367.907300,813.198000,357.922000,811.634200,354.222700,3.127186,0.287240,-0.234180,3.098952,0.349429,-0.201911,3.105438,-0.214023,305.283000,0.414433,-0.041687,1,0,13.845300,0.011617,0.000329,0.136930,3,9,5,5,4
241,15.559530,0.084477,father,2,2,1.510499,2.000000,619.306200,588.658800,619.085700,588.746200,0.237232,618.569000,588.167200,619.602400,589.325200,618.569000,577.111000,619.602400,580.152800,-0.386948,0.282315,-5.826117,-0.368290,0.234212,-5.855684,-0.373638,-5.838667,54.737090,0.888088,0.001835,0,1,13.426840,0.030000,0.000000,0.111817,5,5,3,6,4
241,15.559530,0.084477,mother,7,10,7.000000,9.829674,520.374900,307.123300,522.440900,307.955600,2.227387,518.013200,306.713100,526.868700,309.198100,518.013200,297.846400,526.868700,296.817200,-2.202539,0.226406,1.360648,-2.042649,0.316137,1.297197,-2.159898,1.350175,305.256300,0.287050,0.167189,1,0,13.744030,0.014955,0.000031,0.126228,3,7,10,5,4
241,15.559530,0.084477,older_sister,4,9,4.000000,9.000000,428.623900,388.073100,426.276200,386.647100,2.746792,434.421600,391.192500,418.130900,382.101700,434.421600,379.649300,418.130900,370.878400,-3.711831,0.294751,-0.796484,-4.005970,0.286579,-0.564355,-3.816513,-0.716830,305.270500,0.564066,-0.374186,0,0,13.964270,0.000000,0.000336,0.140102,3,-1,-1,9,4
241,15.559530,0.084477,player,9,5,9.000000,4.953812,811.053500,367.912000,810.531300,367.589100,0.613954,812.994700,369.082800,808.067700,366.095400,812.994700,357.787000,808.067700,353.406400,3.123515,0.288433,-0.231927,3.034557,0.324007,-0.155645,3.088465,-0.202030,305.245500,0.442225,-0.116671,1,0,13.867400,0.008012,0.000061,0.136930,3,9,5,5,4
242,15.598770,0.043874,father,2,2,1.559151,2.000000,621.363000,587.630300,622.933900,586.768600,1.791765,625.668100,584.509200,620.199600,589.028000,625.668100,574.743300,620.199600,579.768900,-0.258770,0.249365,-5.732709,-0.357507,0.236425,-5.848094,-0.336502,-5.812407,54.734420,0.948902,0.147236,0,1,13.475190,0.048351,0.000086,0.111817,5,5,3,6,4
242,15.598770,0.043874,mother,7,10,7.000000,9.851971,519.432300,306.651800,521.341800,307.481600,2.081996,517.691100,306.577300,524.992500,308.385900,517.691100,297.685900,524.992500,295.709400,-2.208355,0.227035,1.364117,-2.076524,0.323687,1.317934,-2.176917,1.362214,305.275000,0.314920,0.134296,1,0,13.766190,0.022159,0.000164,0.126228,3,7,10,5,4
242,15.598770,0.043874,older_sister,4,9,4.000000,9.000000,428.623900,388.073100,426.276200,386.647100,2.746792,434.421600,391.192500,418.130900,382.101700,434.421600,379.649300,418.130900,370.878400,-3.711831,0.294751,-0.796484,-4.005970,0.286579,-0.564355,-3.816513,-0.716830,305.270500,0.564066,-0.374186,0,0,13.964270,0.000000,0.000336,0.140102,3,-1,-1,9,4
242,15.598770,0.043874,player,9,5,9.000000,4.966442,810.519500,367.644900,809.509400,367.063700,1.165405,812.902300,369.046400,806.116600,365.080900,812.902300,357.726000,806.116600,352.831300,3.121847,0.289061,-0.230996,2.999327,0.312786,-0.129740,3.078825,-0.195209,305.283700,0.458012,-0.158502,1,0,13.879950,0.012551,0.000193,0.136930,3,9,5,5,4
243,15.636260,0.037416,father,2,2,1.596799,2.000000,622.954600,586.834500,625.733600,585.306600,3.171371,630.827800,581.808100,620.639500,588.805100,630.827800,572.137700,620.639500,579.449400,-0.165610,0.246927,-5.663740,-0.349564,0.238893,-5.842405,-0.307764,-5.792086,54.735540,0.995964,0.253351,0,1,13.512600,0.037416,0.000136,0.111817,5,5,3,6,4
243,15.636260,0.037416,mother,7,10,7.000000,9.867558,518.773300,306.322100,520.506000,307.108200,1.902721,517.439800,306.471200,523.572300,307.745100,517.439800,297.555400,523.572300,295.022600,-2.212893,0.227660,1.366824,-2.102166,0.324862,1.334295,-2.188815,1.370633,305.284100,0.334404,0.109175,1,0,13.781680,0.015491,0.000301,0.126228,3,7,10,5,4
243,15.636260,0.037416,older_sister,4,9,4.000000,9.000000,428.623900,388.073100,426.276200,386.647100,2.746792,434.421600,391.192500,418.130900,382.101700,434.421600,379.649300,418.130900,370.878400,-3.711831,0.294751,-0.796484,-4.005970,0.286579,-0.564355,-3.816513,-0.716830,305.270500,0.564066,-0.374186,0,0,13.964270,0.000000,0.000336,0.140102,3,-1,-1,9,4
243,15.636260,0.037416,player,9,5,9.000000,5.000000,809.100900,366.935500,807.146000,365.793100,2.264248,812.750700,368.981000,801.541400,362.605200,812.750700,357.616300,801.541400,350.928600,3.119109,0.290191,-0.229326,2.916719,0.298155,-0.066522,3.053210,-0.177096,305.264300,0.499960,-0.259245,0,0,13.913300,0.000000,0.000214,0.136930,3,-1,-1,5,4
244,15.674830,0.039172,father,2,2,1.636215,2.000000,624.620900,586.001300,626.739700,584.913100,2.381911,632.115200,581.333100,621.364300,588.493300,632.115200,572.118200,621.364300,578.988800,-0.142364,0.235296,-5.651610,-0.336478,0.242691,-5.834442,-0.277678,-5.770811,54.734240,0.045233,0.264053,0,0,13.551770,0.039172,0.000136,0.111817,5,5,3,6,4
244,15.674830,0.039172,mother,7,10,7.000000,9.882598,518.137500,306.004600,519.636100,306.714100,1.658054,517.186500,306.359300,522.085700,307.068800,517.186500,297.421500,522.085700,294.451800,-2.217466,0.228221,1.369682,-2.129008,0.322170,1.351564,-2.200295,1.378738,305.223800,0.353205,0.082712,1,0,13.796630,0.014946,0.000061,0.126228,3,7,10,5,4
244,15.674830,0.039172,older_sister,4,9,4.000000,9.000000,428.623900,388.073100,426.276200,386.647100,2.746792,434.421600,391.192500,418.130900,382.101700,434.421600,379.649300,418.130900,370.878400,-3.711831,0.294751,-0.796484,-4.005970,0.286579,-0.564355,-3.816513,-0.716830,305.270500,0.564066,-0.374186,0,0,13.964270,0.000000,0.000336,0.140102,3,-1,-1,9,4
244,15.674830,0.039172,player,9,5,9.000000,5.000000,809.100900,366.935500,807.146000,365.793100,2.264248,812.750700,368.981000,801.541400,362.605200,812.750700,357.616300,801.541400,350.928600,3.119109,0.290191,-0.229326,2.916719,0.298155,-0.066522,3.053210,-0.177096,305.264300,0.499960,-0.259245,0,0,13.913300,0.000000,0.000214,0.136930,3,-1,-1,5,4
245,15.722920,0.038586,father,2,2,1.675041,2.000000,626.262300,585.180400,627.536100,584.662100,1.375217,633.042100,581.075000,622.030100,588.249300,633.042100,572.193600,622.030100,578.478800,-0.125630,0.226781,-5.645021,-0.324456,0.249485,-5.828212,-0.248042,-5.749850,54.728720,0.093765,0.268110,0,0,13.590360,0.038586,0.000273,0.111817,5,5,3,6,4
245,15.722920,0.038586,mother,7,10,7.000000,9.896345,517.556300,305.713700,518.767200,306.312300,1.350676,516.933800,306.245500,520.600500,306.379000,516.933800,297.292400,520.600500,294.059700,-2.222027,0.228614,1.372587,-2.155824,0.314565,1.369180,-2.210788,1.386166,305.291600,0.370388,0.056005,1,0,13.810290,0.013662,0.000220,0.126228,3,7,10,5,4
245,15.722920,0.038586,older_sister,4,9,4.000000,9.000000,428.623900,388.073100,426.276200,386.647100,2.746792,434.421600,391.192500,418.130900,382.101700,434.421600,379.649300,418.130900,370.878400,-3.711831,0.294751,-0.796484,-4.005970,0.286579,-0.564355,-3.816513,-0.716830,305.270500,0.564066,-0.374186,0,0,13.964270,0.000000,0.000336,0.140102,3,1,10,5,4
245,15.722920,0.038586,player,9,5,9.000000,5.000000,809.100900,366.935500,807.146000,365.793100,2.264248,812.750700,368.981000,801.541400,362.605200,812.750700,357.616300,801.541400,350.928600,3.119109,0.290191,-0.229326,2.916719,0.298155,-0.066522,3.053210,-0.177096,305.264300,0.499960,-0.259245,0,0,13.913300,0.000000,0.000214,0.136930,3,8,3,4,4
246,15.764730,0.046900,father,2,2,1.722233,2.000000,628.257300,584.183000,628.224400,584.389300,0.208845,633.544200,580.854100,622.904700,587.924400,633.544200,572.072900,622.904700,577.635600,-0.116564,0.224222,-5.639381,-0.308664,0.262721,-5.819917,-0.212020,-5.724383,54.740150,0.152756,0.261079,0,0,13.637260,0.046900,0.000136,0.124582,5,5,3,6,4
246,15.764730,0.046900,mother,7,10,7.000000,9.911951,516.896600,305.383900,517.719800,305.812800,0.928266,516.646500,306.113500,518.793200,305.512100,516.646500,297.150500,518.793200,293.687000,-2.227215,0.228863,1.375960,-2.188456,0.301947,1.391316,-2.222700,1.394589,305.265000,0.389895,0.022780,1,0,13.825800,0.015509,0.000164,0.128837,3,7,10,5,4
246,15.764730,0.046900,older_sister,4,9,3.991147,9.000000,428.249600,388.260600,425.657300,387.513100,2.697839,435.628900,390.033100,415.685800,384.993100,435.628900,378.426900,415.685800,373.854000,-3.690033,0.296357,-0.766879,-4.050118,0.284430,-0.638185,-3.823271,-0.721618,286.878200,0.575132,-0.381939,0,0,13.973070,0.008798,0.000000,0.135858,1,1,10,5,4
246,15.764730,0.046900,player,9,5,9.000000,4.991147,809.475200,367.122600,809.316300,365.154400,1.974567,809.915800,370.701900,808.716700,359.606800,809.915800,359.325500,808.716700,348.016800,3.067925,0.290492,-0.273269,3.046274,0.295945,0.010037,3.059968,-0.181873,352.160500,0.511026,-0.283612,1,0,13.922100,0.008798,0.000273,0.139899,7,8,3,4,4
247,15.863150,0.089954,father,2,2,1.802731,2.000000,631.660400,582.481600,629.879200,583.611100,2.109133,633.792900,580.663800,625.965500,586.558400,633.792900,571.802500,625.965500,574.744300,-0.112072,0.226270,-5.634522,-0.253400,0.301668,-5.785037,-0.150576,-5.680938,54.737080,0.253378,0.202292,1,0,13.717260,0.030000,0.000061,0.124582,5,5,3,6,4
247,15.863150,0.089954,mother,7,10,7.000000,9.936078,515.876600,304.874000,515.978200,304.957400,0.131487,516.209700,305.907900,515.746600,304.007000,516.209700,296.942500,515.746600,293.104000,-2.235102,0.228927,1.381209,-2.243464,0.278401,1.429747,-2.241117,1.407608,305.257100,0.420055,-0.034846,1,0,13.849770,0.008616,0.000086,0.128837,3,7,10,5,4
247,15.863150,0.089954,older_sister,4,9,3.935199,9.000000,425.884400,389.443100,425.865900,389.547400,0.105870,436.223400,387.366100,415.508400,391.728700,436.223400,375.135900,415.508400,380.872700,-3.679299,0.312291,-0.698778,-4.053320,0.277201,-0.810174,-3.865976,-0.751815,251.601300,0.645067,-0.390062,0,0,14.028670,0.026841,0.000000,0.135858,1,1,10,5,4
247,15.863150,0.089954,player,9,5,9.000000,4.935199,811.840300,368.305200,814.371500,368.217200,2.532659,803.809900,368.906600,824.932900,367.527700,803.809900,357.266300,824.932900,356.444700,2.957680,0.297230,-0.227428,3.339067,0.282997,-0.192216,3.102673,-0.212070,82.108510,0.580961,-0.382609,0,0,13.977700,0.026841,0.000246,0.139899,7,8,3,4,4
248,15.913640,0.051264,father,2,2,1.864330,2.000000,634.264600,581.179600,632.609100,582.097400,1.892870,634.598100,580.200600,630.620000,583.994100,634.598100,571.289600,630.620000,571.268100,-0.097533,0.227539,-5.622693,-0.169361,0.324951,-5.719558,-0.103556,-5.647692,54.738060,0.330378,0.114571,1,0,13.778480,0.011218,0.000000,0.124582,5,5,3,6,4
248,15.913640,0.051264,mother,7,10,7.000000,9.952969,515.162500,304.516800,514.699200,304.316600,0.504719,515.904000,305.765300,513.494400,302.867900,515.904000,296.797500,513.494400,292.581800,-2.240623,0.228987,1.384850,-2.284128,0.262651,1.458833,-2.254009,1.416729,305.279100,0.441168,-0.078245,1,0,13.866560,0.002959,0.000220,0.128837,3,7,10,5,4
248,15.913640,0.051264,older_sister,4,9,3.873600,8.999999,423.280300,390.745300,425.634800,389.939800,2.488411,433.607500,386.385400,417.662000,393.494300,433.607500,373.122600,417.662000,382.652400,-3.726532,0.338656,-0.673736,-4.014435,0.276843,-0.855259,-3.912995,-0.785064,234.734500,0.722065,-0.339874,0,1,14.089890,0.011218,0.000068,0.135858,1,1,10,5,4
248,15.913640,0.051264,player,9,5,9.000000,4.873600,814.444500,369.607300,814.193500,369.310300,0.388879,805.632900,364.722000,822.754000,373.898600,805.632900,352.328600,822.754000,363.067300,2.990594,0.316458,-0.120575,3.299727,0.276571,-0.354893,3.149692,-0.245319,125.265100,0.657961,-0.387690,0,1,14.038920,0.011218,0.000246,0.139899,7,8,3,4,4
249,15.965120,0.051213,father,2,2,1.915862,2.000000,636.443100,580.090300,635.697600,580.441700,0.824089,635.455600,579.727400,635.939700,581.155900,635.455600,570.763900,635.939700,569.471100,-0.082053,0.228879,-5.610611,-0.073311,0.298363,-5.647087,-0.064222,-5.619875,54.731790,0.394791,0.013924,1,0,13.829690,0.001213,0.000086,0.124582,5,5,3,6,4
249,15.965120,0.051213,mother,7,10,7.000000,10.000000,513.174300,303.522900,511.537300,302.666000,1.847695,515.185400,305.423700,507.889300,299.908300,515.185400,296.456500,507.889300,290.417300,-2.253596,0.228972,1.393572,-2.385333,0.242347,1.534405,-2.289908,1.442108,305.258700,0.499956,-0.188869,0,0,13.913300,0.000000,0.000061,0.128837,3,-1,-1,5,4
249,15.965120,0.051213,older_sister,4,9,3.822068,8.999999,421.101800,391.834200,423.613000,391.050800,2.630582,429.258800,388.733600,417.967200,393.368000,429.258800,374.092700,417.967200,382.440300,-3.805049,0.373847,-0.733696,-4.008925,0.279030,-0.852033,-3.952328,-0.812870,234.743000,0.786480,-0.234789,0,1,14.141100,0.001213,0.000178,0.135858,1,1,10,5,4
249,15.965120,0.051213,player,9,5,9.000000,4.822068,816.623000,370.696700,814.760000,369.392600,2.274066,807.372400,365.265700,822.147600,373.519400,807.372400,351.995800,822.147600,362.677500,3.022001,0.338840,-0.134458,3.288776,0.276844,-0.345213,3.189026,-0.273135,125.267100,0.722376,-0.339501,0,1,14.090130,0.001213,0.000110,0.139899,7,8,3,4,4
250,16.006510,0.049997,father,2,2,1.966171,2.000000,638.569900,579.027000,639.407100,578.584500,0.946939,636.311800,579.271100,642.502400,577.897900,636.311800,570.300600,642.502400,567.984000,-0.066592,0.229057,-5.598960,0.045182,0.253147,-5.563896,-0.025822,-5.592726,54.739780,0.457678,-0.111510,1,0,13.879690,0.049997,0.000000,0.124582,5,5,3,6,4
250,16.006510,0.049997,mother,7,10,7.000000,10.000000,513.174300,303.522900,511.537300,302.666000,1.847695,515.185400,305.423700,507.889300,299.908300,515.185400,296.456500,507.889300,290.417300,-2.253596,0.228972,1.393572,-2.385333,0.242347,1.534405,-2.289908,1.442108,305.258700,0.499956,-0.188869,0,0,13.913300,0.000000,0.000061,0.128837,3,-1,-1,5,4
250,16.006510,0.049997,older_sister,4,9,3.771760,8.999999,418.975000,392.897700,420.312500,392.422400,1.419469,422.731800,391.480400,417.893200,393.364400,422.731800,376.518100,417.893200,382.226100,-3.922899,0.382053,-0.803835,-4.010261,0.284411,-0.851943,-3.990729,-0.840026,234.732600,0.849365,-0.099105,0,1,14.191100,0.049997,0.000097,0.135858,1,1,10,5,4
250,16.006510,0.049997,player,9,5,9.000000,4.771759,818.749900,371.760300,816.860400,370.340900,2.363264,811.837800,367.321800,821.882900,373.359900,811.837800,352.702600,821.882900,362.435000,3.102626,0.373292,-0.186959,3.283996,0.278961,-0.341138,3.227428,-0.300293,125.268400,0.785261,-0.237105,0,1,14.140130,0.049997,0.000000,0.139899,7,8,3,4,4
251,16.046730,0.040275,father,2,2,2.006696,2.000000,640.283100,578.170200,642.108100,577.309900,2.017586,636.885500,578.973100,647.330700,575.646600,636.885500,570.005500,647.330700,566.195600,-0.056234,0.228984,-5.591352,0.132360,0.241327,-5.506409,0.005112,-5.570849,54.730940,0.508335,-0.203024,1,0,13.919960,0.040275,0.000086,0.124582,5,5,3,6,4
251,16.046730,0.040275,mother,7,10,7.000000,10.000000,513.174300,303.522900,511.537300,302.666000,1.847695,515.185400,305.423700,507.889300,299.908300,515.185400,296.456500,507.889300,290.417300,-2.253596,0.228972,1.393572,-2.385333,0.242347,1.534405,-2.289908,1.442108,305.258700,0.499956,-0.188869,0,0,13.913300,0.000000,0.000061,0.128837,3,-1,-1,5,4
251,16.046730,0.040275,older_sister,4,9,3.731234,8.999999,417.261800,393.754200,417.129500,393.939400,0.227575,416.410300,394.507200,417.848500,393.371600,416.410300,380.813200,417.848500,382.074700,-4.037035,0.349670,-0.881123,-4.011068,0.288460,-0.852125,-4.021662,-0.861895,234.740000,0.900023,0.037944,0,1,14.231370,0.040275,0.000178,0.135858,1,1,10,5,4
251,16.046730,0.040275,player,9,5,9.000000,4.731234,820.463100,372.616700,819.073600,371.696700,1.666496,816.288100,370.012600,821.859300,373.380800,816.288100,354.868700,821.859300,362.291700,3.182979,0.386691,-0.255668,3.283570,0.283152,-0.341671,3.258362,-0.322162,125.259100,0.835918,-0.131785,0,1,14.180410,0.040275,0.000136,0.139899,7,8,3,4,4
252,16.094180,0.043576,father,2,2,2.050543,2.000000,642.136800,577.243300,644.243900,576.279400,2.317157,637.355800,578.736400,651.132100,573.822300,637.355800,569.676300,651.132100,564.573900,-0.047743,0.231346,-5.585306,0.200996,0.236152,-5.459827,0.038580,-5.547183,54.734920,0.563143,-0.275539,0,0,13.963540,0.043576,0.000136,0.128195,5,5,3,6,4
252,16.094180,0.043576,mother,7,10,7.000000,10.000000,513.174300,303.522900,511.537300,302.666000,1.847695,515.185400,305.423700,507.889300,299.908300,515.185400,296.456500,507.889300,290.417300,-2.253596,0.228972,1.393572,-2.385333,0.242347,1.534405,-2.289908,1.442108,305.258700,0.499956,-0.188869,0,0,13.913300,0.000000,0.000061,0.128884,3,11,10,5,4
252,16.094180,0.043576,older_sister,4,9,3.687387,8.999999,415.408100,394.681100,413.184900,395.989100,2.579425,408.608500,398.567800,417.761400,393.410400,408.608500,386.365500,417.761400,381.960400,-4.177902,0.311579,-0.984809,-4.012642,0.292370,-0.853116,-4.055131,-0.885562,234.735200,0.954830,0.210966,0,1,14.274950,0.043576,0.000205,0.140119,1,1,10,5,4
252,16.094180,0.043576,player,9,5,9.000000,4.687387,822.316800,373.543600,822.325500,373.421600,0.122321,822.719200,373.403100,821.931800,373.440000,822.719200,359.424600,821.931800,362.169200,3.299096,0.356935,-0.342242,3.284881,0.287794,-0.343185,3.291830,-0.345829,125.265400,0.890726,0.011063,0,1,14.223980,0.043576,0.000110,0.135677,7,8,3,4,4
253,16.195690,0.090450,father,2,2,2.131042,2.000000,645.539900,575.541900,645.040000,575.635400,0.508548,637.977900,578.285600,652.102100,572.985200,637.977900,568.441500,652.102100,564.140600,-0.036510,0.251364,-5.573796,0.218509,0.225840,-5.438451,0.100025,-5.503736,54.736790,0.663765,-0.286364,0,1,14.043540,0.030000,0.000000,0.128195,5,5,3,6,4
253,16.195690,0.090450,mother,7,10,7.025758,9.999999,514.263300,302.978500,514.372700,301.200100,1.781681,513.206700,305.893500,515.538800,296.506900,513.206700,296.909600,515.538800,287.137800,-2.289324,0.229397,1.381577,-2.247216,0.239233,1.621258,-2.270246,1.456010,0.272646,0.532156,-0.239879,1,0,13.938900,0.015600,0.000000,0.128884,5,11,10,5,4
253,16.195690,0.090450,older_sister,4,9,3.606889,8.999999,412.005000,396.382800,409.567300,397.669200,2.756331,401.869900,401.794000,417.264600,393.544400,401.869900,390.566300,417.264600,381.695400,-4.299572,0.286695,-1.067187,-4.021610,0.302557,-0.856538,-4.116576,-0.929016,234.732100,0.055454,0.348574,0,0,14.354950,0.030000,0.000000,0.140119,1,1,10,5,4
253,16.195690,0.090450,player,9,5,9.000000,4.606888,825.719700,375.244900,829.480500,376.863300,4.094206,836.961700,380.244100,821.999200,373.482500,836.961700,368.390700,821.999200,361.900500,3.556252,0.302671,-0.516924,3.286096,0.295738,-0.344268,3.353273,-0.389270,125.261100,0.991350,0.320265,0,1,14.303980,0.030000,0.000273,0.135677,7,8,3,4,4
254,16.252390,0.057435,father,2,2,2.199350,2.000000,648.427600,574.098000,646.365300,574.879300,2.205357,640.495700,576.814800,652.234900,572.943800,640.495700,565.731400,652.234900,564.040300,0.008950,0.283006,-5.536238,0.220908,0.227347,-5.437397,0.152165,-5.466868,54.735680,0.749151,-0.230128,0,1,14.111420,0.017885,0.000061,0.128195,5,5,3,6,4
254,16.252390,0.057435,mother,7,10,7.085916,9.999998,516.806500,301.706800,517.460800,300.988100,0.971937,512.088800,305.140100,522.832700,296.836200,512.088800,295.851700,522.832700,287.886600,-2.309507,0.237174,1.400814,-2.115520,0.228524,1.612848,-2.224327,1.488481,35.205770,0.607351,-0.285086,0,0,13.998680,0.017885,0.000000,0.128884,5,11,10,5,4
254,16.252390,0.057435,older_sister,4,9,3.538580,8.999999,409.117300,397.826600,408.882600,397.746100,0.248114,401.270200,401.822800,416.495000,393.669500,401.270200,390.915500,416.495000,381.132900,-4.310399,0.278511,-1.067920,-4.035508,0.320115,-0.859732,-4.168716,-0.965881,234.737900,0.140839,0.344645,0,0,14.422830,0.017885,0.000097,0.140119,1,1,10,5,4
254,16.252390,0.057435,player,9,5,9.000000,4.538580,828.607500,376.689100,830.539200,377.683900,2.172774,838.645700,381.491800,822.432600,373.876000,838.645700,370.438000,822.432600,361.898500,3.586658,0.282252,-0.548782,3.293922,0.305839,-0.354317,3.405414,-0.426146,125.269400,0.076735,0.351292,0,0,14.371870,0.017885,0.000031,0.135677,7,8,3,4,4
255,16.307480,0.055570,father,2,2,2.255266,2.000000,650.791400,572.916200,649.119100,573.619100,1.813979,645.502600,574.509900,652.735600,572.728400,645.502600,562.503100,652.735600,563.705400,0.099352,0.306585,-5.477384,0.229949,0.230397,-5.431895,0.194845,-5.436690,54.736300,0.819046,-0.132895,0,1,14.166990,0.005570,0.000000,0.128195,5,5,3,6,4
255,16.307480,0.055570,mother,7,10,7.141831,9.999999,519.170300,300.524800,518.318100,300.767600,0.886196,511.320200,303.370200,525.315900,298.164900,511.320200,293.365500,525.315900,289.329500,-2.323385,0.255465,1.446007,-2.070685,0.225608,1.578920,-2.181647,1.518662,54.733650,0.677246,-0.283065,0,1,14.054250,0.005570,0.000086,0.128884,5,11,10,5,4
255,16.307480,0.055570,older_sister,3,9,3.482664,8.999999,406.753400,399.008600,408.396300,397.821400,2.026961,401.901000,401.530200,414.891600,394.112500,401.901000,390.555600,414.891600,380.761400,-4.299010,0.280230,-1.060450,-4.064457,0.340912,-0.871045,-4.211396,-0.996063,234.733800,0.210733,0.300865,1,0,14.478400,0.005570,0.000031,0.140119,1,1,10,5,4
255,16.307480,0.055570,player,9,4,8.999999,4.482664,830.971400,377.871100,830.757300,377.970500,0.236028,838.690200,381.650500,822.824400,374.290600,838.690200,370.740700,822.824400,361.689000,3.587463,0.278577,-0.552834,3.300996,0.321774,-0.364902,3.448094,-0.456329,125.267600,0.146629,0.342401,0,0,14.427440,0.005570,0.000031,0.135677,7,8,3,4,4
256,16.362690,0.055794,father,2,2,2.311407,2.000000,653.164800,571.729400,652.972400,571.803100,0.206028,652.512500,571.196000,653.432300,572.410200,652.512500,560.167400,653.432300,563.236100,0.225921,0.281610,-5.392766,0.242527,0.234255,-5.423770,0.237698,-5.406386,54.733900,0.889223,0.004342,0,1,14.222780,0.005794,0.000136,0.128195,5,5,3,6,4
256,16.362690,0.055794,mother,7,10,7.197973,9.999999,521.543700,299.338000,519.489800,300.118000,2.196994,513.577900,302.078600,525.401700,298.157400,513.577900,291.025000,525.401700,289.255800,-2.282622,0.282248,1.478987,-2.069136,0.227299,1.579113,-2.138794,1.548966,54.733660,0.747423,-0.232116,0,1,14.110050,0.005794,0.000193,0.128884,5,11,10,5,4
256,16.362690,0.055794,older_sister,3,9,3.426522,8.999999,404.380000,400.195400,406.590000,398.707800,2.664028,402.017300,401.459700,411.162800,395.955800,402.017300,390.442500,411.162800,381.028900,-4.296909,0.281319,-1.058651,-4.131783,0.381149,-0.918111,-4.254249,-1.026366,234.734100,0.280911,0.215966,1,0,14.534200,0.005794,0.000068,0.140119,1,1,10,5,4
256,16.362690,0.055794,player,9,4,8.999999,4.426522,833.344700,379.057400,831.065100,378.290200,2.405312,838.055700,381.317900,824.074400,375.262400,838.055700,370.335700,824.074400,361.802400,3.576006,0.280425,-0.544343,3.323566,0.343693,-0.389718,3.490946,-0.486622,125.256900,0.216806,0.295391,1,0,14.483230,0.005794,0.000273,0.135677,7,8,3,4,4
257,16.416000,0.053630,father,2,2,2.365371,2.000000,655.446200,570.588700,657.261500,569.592000,2.070962,660.418600,567.105500,654.104300,572.078500,660.418600,557.429300,654.104300,562.806000,0.368670,0.247078,-5.288318,0.254662,0.236766,-5.415300,0.278889,-5.377261,54.736680,0.956677,0.166400,0,1,14.276410,0.003630,0.000061,0.128195,5,5,3,6,4
257,16.416000,0.053630,mother,7,10,7.251937,9.999999,523.825000,298.197400,522.096400,298.913000,1.870859,518.317800,299.871100,525.875100,297.955000,518.317800,287.892200,525.875100,288.943000,-2.197040,0.305875,1.535355,-2.060588,0.230116,1.584282,-2.097604,1.578091,54.736070,0.814879,-0.139660,0,1,14.163680,0.003630,0.000193,0.128884,5,11,10,5,4
257,16.416000,0.053630,older_sister,3,9,3.372558,8.999999,402.098700,401.335700,403.959700,400.246100,2.156548,401.770800,401.643800,406.148700,398.848300,401.770800,390.509900,406.148700,383.369400,-4.301362,0.284299,-1.063351,-4.222314,0.395247,-0.991971,-4.295440,-1.055484,234.743000,0.348366,0.105752,1,0,14.587830,0.003630,0.000246,0.140119,1,1,10,5,4
257,16.416000,0.053630,player,9,4,8.999999,4.372558,835.626100,380.198200,832.918600,379.220200,2.878750,837.995300,381.298900,827.841800,377.141400,837.995300,370.279500,827.841800,362.150700,3.574916,0.281375,-0.543857,3.391588,0.382778,-0.437697,3.532137,-0.515750,125.265600,0.284262,0.210977,1,0,14.536860,0.003630,0.000164,0.135677,7,8,3,4,4
258,16.471070,0.055345,father,2,2,2.421061,2.000000,657.800400,569.411600,660.221300,568.110200,2.748439,665.522800,564.530000,654.919700,571.690400,665.522800,555.112600,654.919700,562.247700,0.460829,0.240466,-5.222553,0.269383,0.241114,-5.405391,0.321397,-5.347201,54.733570,0.026291,0.261879,0,1,14.331760,0.005345,0.000136,0.132012,5,5,3,6,4
258,16.471070,0.055345,mother,7,10,7.307628,10.000000,526.179300,297.020200,525.870500,297.150600,0.335195,525.174900,296.660200,526.566200,297.641100,525.174900,285.518200,526.566200,288.474100,-2.073232,0.284506,1.617342,-2.048109,0.234072,1.592298,-2.055096,1.608151,54.734090,0.884491,-0.006053,0,1,14.219020,0.005345,0.000220,0.129431,5,11,10,5,4
258,16.471070,0.055345,older_sister,3,9,3.316868,8.999999,399.744300,402.512900,399.978200,402.342600,0.289341,401.293100,401.926800,398.663300,402.758400,401.293100,390.671500,398.663300,389.209700,-4.309986,0.287397,-1.070577,-4.357467,0.345958,-1.091811,-4.337949,-1.085544,234.734400,0.417978,-0.051028,1,0,14.643170,0.005345,0.000178,0.137083,1,1,10,5,4
258,16.471070,0.055345,player,9,4,8.999999,4.316868,837.980400,381.375400,836.000700,380.529300,2.152893,838.352400,381.413500,833.649200,379.645200,838.352400,370.268100,833.649200,364.219800,3.581362,0.284590,-0.546781,3.496444,0.393878,-0.501630,3.574646,-0.545809,125.265600,0.353874,0.095403,1,0,14.592210,0.005345,0.000136,0.134361,7,8,3,4,4
259,16.568850,0.098076,father,3,2,2.501560,2.000000,661.203600,567.710100,661.788000,567.601600,0.594391,667.271100,564.036600,656.304900,571.166700,667.271100,555.243800,656.304900,561.140100,0.492393,0.224520,-5.209955,0.294395,0.256024,-5.392018,0.382842,-5.303755,54.737090,0.126913,0.266778,0,0,14.411760,0.030000,0.000000,0.132012,5,5,3,6,4
259,16.568850,0.098076,mother,7,10,7.388126,10.000000,529.582500,295.318700,532.161900,293.902900,2.942488,536.779100,290.646500,527.544900,297.159300,536.779100,281.057400,527.544900,287.829500,-1.863711,0.244853,1.770898,-2.030440,0.238230,1.604599,-1.993650,1.651596,54.737450,0.985115,0.232145,0,1,14.299020,0.030000,0.000136,0.129431,5,11,10,5,4
259,16.568850,0.098076,older_sister,3,9,3.236370,8.999999,396.341200,404.214700,393.813000,405.268400,2.739023,400.872400,402.167900,386.753600,408.368800,400.872400,390.781300,386.753600,396.829200,-4.317582,0.290752,-1.076735,-4.572504,0.294659,-1.235071,-4.399394,-1.128996,234.733000,0.518601,-0.299558,1,0,14.723170,0.030000,0.000000,0.137083,1,1,10,5,4
259,16.568850,0.098076,player,9,4,9.000000,4.236369,841.383500,383.077200,842.296800,383.605700,1.055144,839.102500,381.729100,845.491000,385.482400,839.102500,370.414000,845.491000,373.151300,3.594906,0.288926,-0.554841,3.710254,0.314868,-0.650680,3.636091,-0.589263,125.267900,0.454496,-0.149514,1,0,14.672200,0.030000,0.000061,0.134361,7,8,3,4,4
260,16.624330,0.055724,father,3,2,2.575820,2.000000,664.342900,566.140400,662.915200,567.106600,1.723932,667.442400,563.860400,658.388000,570.352800,667.442400,555.026800,658.388000,559.230600,0.495487,0.225560,-5.205455,0.332005,0.283999,-5.371236,0.439524,-5.263674,54.735360,0.219738,0.229196,1,0,14.485560,0.023800,0.000061,0.132012,5,5,3,6,4
260,16.624330,0.055724,mother,7,10,7.462387,10.000000,532.721800,293.749100,534.287200,293.043100,1.717252,539.766600,289.456000,528.807900,296.630100,539.766600,280.498500,528.807900,286.964400,-1.809769,0.228725,1.801297,-2.007637,0.246809,1.618111,-1.936968,1.691678,54.734950,0.077938,0.267321,0,0,14.372820,0.023800,0.000136,0.129431,5,11,10,5,4
260,16.624330,0.055724,older_sister,3,9,3.162109,8.999999,393.201900,405.784100,392.122600,406.295300,1.194228,401.091500,402.119800,383.153700,410.470800,401.091500,390.250400,383.153700,399.537800,-4.313627,0.303077,-1.075505,-4.637502,0.279166,-1.288742,-4.456077,-1.169070,234.740400,0.611425,-0.387557,0,0,14.796970,0.023800,0.000246,0.137083,1,1,10,5,4
260,16.624330,0.055724,player,9,4,8.999999,4.162109,844.522900,384.646500,846.972200,386.126300,2.861503,839.325200,381.827000,854.619200,390.425500,839.325200,370.362800,854.619200,379.080600,3.598927,0.292732,-0.557341,3.875069,0.289685,-0.776899,3.692775,-0.629336,125.259000,0.547321,-0.352229,0,0,14.746010,0.023800,0.000246,0.134361,7,8,3,4,4
261,16.676910,0.053651,father,3,2,2.629805,2.000000,666.625100,564.999000,664.826700,566.098500,2.107923,667.955300,563.563200,661.698100,568.633800,667.955300,554.696400,661.698100,556.250700,0.504748,0.226408,-5.197867,0.391771,0.316197,-5.327342,0.480732,-5.234530,54.729810,0.287218,0.167002,1,0,14.539210,0.003651,0.000273,0.132012,5,5,3,6,4
261,16.676910,0.053651,mother,8,10,7.516372,10.000000,535.004000,292.608100,535.138300,292.724300,0.177562,540.510700,289.176200,529.765900,296.272300,540.510700,280.392400,529.765900,286.062100,-1.796334,0.224290,1.808442,-1.990337,0.260711,1.627247,-1.895760,1.720811,54.740330,0.145420,0.263013,0,0,14.426470,0.003651,0.000000,0.129431,5,11,10,5,4
261,16.676910,0.053651,older_sister,3,9,3.108123,8.999999,390.919600,406.925400,392.115800,406.590500,1.242160,400.923500,402.524900,383.308000,410.656000,400.923500,389.859000,383.308000,399.843300,-4.316659,0.323416,-1.085848,-4.634716,0.276095,-1.293473,-4.497284,-1.198215,234.729200,0.678907,-0.379563,0,1,14.850620,0.003651,0.000031,0.137083,1,1,10,5,4
261,16.676910,0.053651,player,9,4,9.000000,4.108123,846.805200,385.787800,847.770100,386.283500,1.084812,839.184900,381.687200,856.355200,390.879800,839.184900,369.786800,856.355200,379.950500,3.596395,0.303871,-0.553772,3.906413,0.279074,-0.788499,3.733983,-0.658477,125.267100,0.614803,-0.388649,0,0,14.799660,0.003651,0.000136,0.134361,7,8,3,4,4
262,16.731610,0.054967,father,3,2,2.685114,2.000000,668.963400,563.830100,667.555800,564.566200,1.588410,668.743300,563.108300,666.368200,566.024000,668.743300,554.167400,666.368200,553.444400,0.518976,0.228301,-5.186252,0.476093,0.321215,-5.260704,0.522950,-5.204684,54.741780,0.356356,0.077995,1,0,14.594180,0.004966,0.000061,0.132012,5,5,3,6,4
262,16.731610,0.054967,mother,8,10,7.571681,10.000000,537.342300,291.438800,536.016200,292.356700,1.612818,540.618000,289.074000,531.414200,295.639400,540.618000,280.248300,531.414200,284.617100,-1.794397,0.225359,1.811052,-1.960576,0.281449,1.643408,-1.853542,1.750668,54.732090,0.214558,0.232477,1,0,14.481440,0.004966,0.000164,0.129431,5,11,10,5,4
262,16.731610,0.054967,older_sister,3,9,3.052814,8.999999,388.581500,408.094300,391.216700,407.221200,2.776108,398.406100,404.119000,384.027400,410.323400,398.406100,390.252700,384.027400,399.463500,-4.362112,0.354068,-1.126554,-4.621727,0.277301,-1.284980,-4.539502,-1.228061,234.741100,0.748043,-0.303444,0,1,14.905590,0.004966,0.000246,0.137083,1,1,10,5,4
262,16.731610,0.054967,player,9,4,9.000000,4.052814,849.143400,386.956800,848.161700,386.181200,1.251129,839.875500,381.689800,856.447800,390.672500,839.875500,368.959000,856.447800,379.859600,3.608865,0.325072,-0.553838,3.908086,0.276101,-0.783205,3.776200,-0.688326,125.261700,0.683939,-0.376738,0,1,14.854620,0.004966,0.000220,0.134361,7,8,3,4,4
263,16.783410,0.052123,father,3,2,2.737562,2.000000,671.180500,562.721500,671.084000,562.736900,0.097775,669.654200,562.616500,672.513800,562.857200,669.654200,553.651000,672.513800,552.013800,0.535423,0.228929,-5.173694,0.587055,0.276881,-5.179840,0.562983,-5.176375,54.733990,0.421915,-0.038608,1,0,14.646300,0.002123,0.000136,0.132012,5,5,3,6,4
263,16.783410,0.052123,mother,8,10,7.624129,10.000000,539.559500,290.330200,537.761900,291.444400,2.114906,541.061300,288.814600,534.462500,294.074100,541.061300,279.950800,534.462500,281.796100,-1.786394,0.226333,1.817676,-1.905538,0.313514,1.683376,-1.813509,1.778977,54.733790,0.280117,0.174820,1,0,14.533560,0.002123,0.000164,0.129431,5,11,10,5,4
263,16.783410,0.052123,older_sister,3,9,3.000366,8.999999,386.364100,409.203200,388.504100,408.491300,2.255275,392.859100,406.721800,384.149000,410.260800,392.859100,391.667100,384.149000,399.257400,-4.462266,0.384411,-1.193014,-4.619531,0.280965,-1.283382,-4.579536,-1.256377,234.728500,0.813604,-0.180578,0,1,14.957710,0.002123,0.000031,0.137083,1,1,10,5,4
263,16.783410,0.052123,player,9,4,9.000000,4.000366,851.360600,388.065300,849.319200,386.594700,2.515951,842.843100,382.860400,855.795300,390.329100,842.843100,368.961900,855.795300,379.466900,3.662444,0.354890,-0.583727,3.896304,0.277358,-0.774437,3.816233,-0.716632,125.262100,0.749498,-0.301051,0,1,14.906750,0.002123,0.000329,0.134361,7,8,3,4,4
264,16.835620,0.052533,father,3,2,2.790423,2.000000,673.415300,561.604200,674.880400,560.888200,1.630661,670.480100,562.178000,679.280500,559.598600,670.480100,553.208200,679.280500,550.035400,0.550335,0.229037,-5.162496,0.709233,0.244191,-5.096633,0.603332,-5.147845,54.737060,0.487991,-0.167766,1,0,14.698830,0.002533,0.000061,0.128952,5,5,3,6,4
264,16.835620,0.052533,mother,8,10,7.676990,10.000000,541.794200,289.212800,540.272100,290.027800,1.726543,541.785900,288.391500,538.758200,291.664000,541.785900,279.461700,538.758200,278.986900,-1.773310,0.228018,1.828478,-1.827976,0.323703,1.744918,-1.773160,1.807507,54.736440,0.346191,0.092878,1,0,14.586100,0.002533,0.000193,0.128048,5,11,10,5,4
264,16.835620,0.052533,older_sister,3,9,2.947505,8.999999,384.129500,410.320300,384.621300,410.214100,0.503121,385.221600,410.140700,384.020800,410.287500,385.221600,395.850400,384.020800,399.049400,-4.600164,0.364895,-1.280314,-4.621846,0.286960,-1.284064,-4.619884,-1.284899,234.743600,0.879679,-0.019869,0,1,15.010250,0.002533,0.000232,0.134862,1,1,10,5,4
264,16.835620,0.052533,player,9,4,8.999999,3.947505,853.595300,389.182800,851.950800,388.014400,2.017248,848.226400,385.754100,855.675200,390.274700,848.226400,370.678300,855.675200,379.264300,3.759645,0.384951,-0.657617,3.894135,0.281147,-0.773050,3.856581,-0.745166,125.267500,0.815575,-0.176457,0,1,14.959280,0.002533,0.000193,0.129215,7,8,3,4,4
265,16.933730,0.098250,father,3,2,2.870921,2.000000,676.818400,559.902700,678.275900,559.187400,1.623596,671.286900,561.769100,685.265000,556.605700,671.286900,552.598700,685.265000,547.571600,0.564901,0.234162,-5.152056,0.817284,0.230680,-5.020210,0.664776,-5.104399,54.736500,0.588614,-0.282191,0,0,14.778830,0.030000,0.000000,0.128952,5,5,3,6,4
265,16.933730,0.098250,mother,8,10,7.757489,10.000000,545.197300,287.511400,545.771200,287.194400,0.655673,543.170500,287.644800,548.372100,286.744000,543.170500,278.675900,548.372100,276.603200,-1.748310,0.229014,1.847547,-1.654394,0.258939,1.870546,-1.711716,1.850953,54.736870,0.446816,-0.089962,1,0,14.666100,0.030000,0.000086,0.128048,5,11,10,5,4
265,16.933730,0.098250,older_sister,3,9,2.867007,8.999999,380.726400,412.022000,377.593800,413.827500,3.615584,371.258300,417.344300,383.929400,410.310700,371.258300,405.485700,383.929400,398.770700,-4.852281,0.302801,-1.464253,-4.623497,0.294668,-1.284656,-4.681329,-1.328353,234.732100,0.980301,0.290492,0,1,15.090250,0.030000,0.000068,0.134862,1,1,10,5,4
265,16.933730,0.098250,player,9,4,8.999999,3.867007,856.998400,390.884500,857.837400,391.187900,0.892165,859.935200,392.031800,855.739500,390.344000,859.935200,378.836300,855.739500,379.003100,3.971051,0.336940,-0.817915,3.895297,0.289584,-0.774817,3.918027,-0.788619,125.267200,0.916197,0.086735,0,1,15.039280,0.030000,0.000031,0.129215,7,8,3,4,4
266,16.985640,0.052879,father,3,2,2.942493,2.000000,679.844100,558.389800,678.970300,558.641600,0.909270,671.977300,561.240600,685.963400,556.042500,671.977300,551.225800,685.963400,547.207300,0.577368,0.255720,-5.138561,0.829894,0.225603,-5.005833,0.719407,-5.065768,54.734460,0.678078,-0.282816,0,1,14.849960,0.021129,0.000000,0.128952,5,5,3,6,4
266,16.985640,0.052879,mother,8,10,7.829061,10.000000,548.223000,285.998300,550.364300,285.015800,2.355946,544.151600,287.135700,556.577100,282.895900,544.151600,278.145900,556.577100,273.538800,-1.730597,0.229549,1.860545,-1.506247,0.238929,1.968806,-1.657084,1.889588,54.732650,0.536280,-0.245684,0,0,14.737230,0.021129,0.000246,0.128048,5,11,10,5,4
266,16.985640,0.052879,older_sister,3,9,2.795435,8.999999,377.700700,413.535100,375.573400,414.599500,2.378729,367.815900,418.733100,383.330700,410.466000,367.815900,407.630100,383.330700,398.534800,-4.914434,0.283509,-1.499715,-4.634305,0.304656,-1.288620,-4.735960,-1.366988,234.731900,0.069767,0.350601,0,0,15.161370,0.021129,0.000110,0.134862,1,1,10,5,4
266,16.985640,0.052879,player,9,4,8.999999,3.795435,860.024100,392.397100,863.838000,394.043800,4.154144,871.808600,397.668900,855.867300,390.418700,871.808600,385.861300,855.867300,378.779400,4.185433,0.301499,-0.961853,3.897605,0.297203,-0.776726,3.972657,-0.827242,125.260100,0.005661,0.341896,0,1,15.110410,0.021129,0.000246,0.129215,7,8,3,4,4
267,17.027360,0.049960,father,3,2,2.992764,2.000000,681.969300,557.327100,679.955600,558.096700,2.155781,673.890100,560.147100,686.021000,556.046400,673.890100,549.207400,686.021000,547.151700,0.611905,0.279339,-5.110639,0.830935,0.227121,-5.005930,0.757779,-5.038634,54.735100,0.740917,-0.239290,0,1,14.899920,0.049960,0.000086,0.128952,5,5,3,6,4
267,17.027360,0.049960,mother,8,10,7.879332,10.000000,550.348200,284.935800,551.496600,284.337700,1.294801,544.508700,286.949200,558.484400,281.726200,544.508700,277.717000,558.484400,272.760200,-1.724147,0.235738,1.865308,-1.471810,0.228942,1.998673,-1.618713,1.916718,54.737690,0.599117,-0.283032,0,0,14.787190,0.049960,0.000164,0.128048,5,11,10,5,4
267,17.027360,0.049960,older_sister,3,9,2.745164,8.999999,375.575400,414.597600,375.078100,414.651800,0.500232,367.383600,418.742300,382.772700,410.561300,367.383600,407.841400,382.772700,398.113100,-4.922241,0.278349,-1.499953,-4.644382,0.317858,-1.291053,-4.774333,-1.394118,234.739500,0.132605,0.347478,0,0,15.211330,0.049960,0.000000,0.134862,1,1,10,5,4
267,17.027360,0.049960,player,9,4,8.999999,3.745164,862.149400,393.460100,864.313000,394.536000,2.416389,872.406700,398.328200,856.219200,390.743700,872.406700,387.215400,856.219200,378.820500,4.196234,0.283759,-0.978690,3.903957,0.304454,-0.785024,4.011030,-0.854385,125.273200,0.068501,0.350454,0,0,15.160370,0.049960,0.000031,0.129215,7,8,3,4,4
268,17.069690,0.042841,father,3,2,3.035872,2.000000,683.791700,556.416000,681.840000,557.182200,2.096778,677.329800,558.456100,686.350200,555.908400,677.329800,546.679100,686.350200,546.940700,0.674010,0.300718,-5.067459,0.836879,0.228984,-5.002406,0.790684,-5.015368,54.737390,0.794802,-0.170541,0,1,14.942760,0.042841,0.000000,0.128952,5,5,3,6,4
268,17.069690,0.042841,mother,8,10,7.922440,10.000000,552.170600,284.024500,551.961200,283.993200,0.211744,544.870500,286.668700,559.051900,281.317700,544.870500,276.950400,559.051900,272.458600,-1.717615,0.248150,1.872471,-1.461563,0.226211,2.009105,-1.585809,1.939988,54.732020,0.653002,-0.287949,0,0,14.830030,0.042841,0.000273,0.128048,5,11,10,5,4
268,17.069690,0.042841,older_sister,3,9,2.702055,8.999999,373.753000,415.508900,374.802400,414.680900,1.336730,367.829600,418.569600,381.775300,410.792200,367.829600,407.629500,381.775300,397.734200,-4.914188,0.279348,-1.495541,-4.662390,0.333427,-1.296950,-4.807237,-1.417388,234.731700,0.186489,0.320250,1,0,15.254170,0.042841,0.000097,0.134862,1,1,10,5,4
268,17.069690,0.042841,player,9,4,8.999999,3.702055,863.971800,394.370900,864.540700,394.845000,0.740534,872.604100,398.659300,856.477300,391.030600,872.604100,387.761600,856.477300,378.685600,4.199796,0.278267,-0.987143,3.908617,0.315223,-0.792351,4.043935,-0.877643,125.253600,0.122385,0.350212,0,0,15.203210,0.042841,0.000273,0.129215,7,8,3,4,4
269,17.113300,0.043501,father,3,2,3.079644,2.000000,685.642200,555.490800,684.532800,555.990800,1.216765,682.197600,556.303400,686.868000,555.678200,682.197600,544.466200,686.868000,546.576500,0.761902,0.302254,-5.012492,0.846227,0.232408,-4.996529,0.824095,-4.991744,54.736130,0.849516,-0.078068,0,1,14.986260,0.043501,0.000000,0.128952,5,5,3,6,4
269,17.113300,0.043501,mother,8,10,7.966212,10.000000,554.021100,283.099500,552.452300,283.666700,1.668107,545.774700,286.066900,559.129900,281.266400,545.774700,275.715800,559.129900,272.407200,-1.701290,0.264309,1.887837,-1.460154,0.226215,2.010414,-1.552397,1.963609,54.740740,0.707718,-0.267661,0,1,14.873530,0.043501,0.000086,0.128048,5,11,10,5,4
269,17.113300,0.043501,older_sister,3,9,2.658283,8.999999,371.902500,416.433900,374.172600,414.944200,2.715238,368.356900,418.311600,379.988300,411.576800,368.356900,407.307600,379.988300,397.538000,-4.904666,0.280980,-1.488953,-4.694657,0.358473,-1.316985,-4.840649,-1.441008,234.741700,0.241203,0.270756,1,0,15.297680,0.043501,0.000097,0.134862,1,1,10,5,4
269,17.113300,0.043501,player,9,4,8.999999,3.658283,865.822300,395.296400,864.653700,394.989300,1.208281,872.286100,398.432700,857.021400,391.545900,872.286100,387.502700,857.021400,378.592500,4.194054,0.279091,-0.981357,3.918442,0.330757,-0.805507,4.077347,-0.901275,125.272300,0.177099,0.326561,1,0,15.246710,0.043501,0.000000,0.129215,7,8,3,4,4
270,17.155320,0.042251,father,3,2,3.122159,2.000000,687.439500,554.592000,687.592300,554.493600,0.181745,687.819100,553.544300,687.365700,555.442900,687.819100,542.846300,687.365700,546.249600,0.863400,0.273169,-4.942040,0.855213,0.234747,-4.990522,0.856547,-4.968795,54.733490,0.902659,0.034677,0,1,15.028520,0.042251,0.000086,0.130067,5,5,3,6,4
270,17.155320,0.042251,mother,8,10,8.008726,10.000000,555.818400,282.200700,553.722700,282.986000,2.238008,548.156600,284.750700,559.288800,281.221300,548.156600,273.473900,559.288800,272.304000,-1.658283,0.287948,1.921445,-1.457285,0.227699,2.011565,-1.519945,1.986558,54.732780,0.760860,-0.216143,0,1,14.915780,0.042251,0.000164,0.118665,5,11,10,5,4
270,17.155320,0.042251,older_sister,3,9,2.615768,8.999999,370.105200,417.332700,372.298900,415.888400,2.626448,368.163000,418.392200,376.434900,413.384600,368.163000,407.362500,376.434900,398.217000,-4.908168,0.281638,-1.491012,-4.758815,0.387297,-1.363146,-4.873100,-1.463958,234.732600,0.294348,0.195770,1,0,15.339930,0.042251,0.000000,0.131517,1,1,10,5,4
270,17.155320,0.042251,player,9,4,8.999999,3.615768,867.619600,396.195200,865.028100,395.258300,2.755637,871.728900,398.147400,858.327300,392.369200,871.728900,387.150300,858.327300,378.591400,4.183994,0.280805,-0.974074,3.942019,0.351809,-0.826530,4.109797,-0.924223,125.266600,0.230244,0.282755,1,0,15.288960,0.042251,0.000086,0.130815,7,8,3,4,4
271,17.247770,0.085607,father,3,2,3.202657,2.000000,690.842600,552.890300,693.630400,551.361200,3.179662,698.893700,547.779900,688.367200,554.942600,698.893700,538.112500,688.367200,545.566800,1.063357,0.246852,-4.794850,0.873297,0.239404,-4.977744,0.917991,-4.925341,54.732060,0.003283,0.260779,0,1,15.108520,0.030000,0.000273,0.130067,5,5,3,6,4
271,17.247770,0.085607,mother,8,10,8.089225,10.000000,559.221500,280.499000,558.379100,280.879700,0.924427,556.586400,280.927900,560.171900,280.831500,556.586400,269.295100,560.171900,271.704000,-1.506080,0.297037,2.019059,-1.441342,0.233066,2.021519,-1.458501,2.030010,54.732980,0.861483,-0.054277,0,1,14.995780,0.030000,0.000301,0.118665,5,11,10,5,4
271,17.247770,0.085607,older_sister,3,9,2.535270,8.999999,366.702100,419.034100,367.630600,418.504700,1.068827,367.633000,418.746200,367.628300,418.263100,367.633000,407.529800,367.628300,403.894000,-4.917737,0.286405,-1.500052,-4.917822,0.366907,-1.487716,-4.934545,-1.507403,234.737100,0.394970,0.007054,1,0,15.419930,0.030000,0.000110,0.131517,1,1,10,5,4
271,17.247770,0.085607,player,9,4,9.000000,3.535270,871.022600,397.896500,868.701100,396.950500,2.506882,872.023300,398.268600,865.378800,395.632400,872.023300,387.171800,865.378800,380.106400,4.189310,0.283350,-0.977168,4.069339,0.396447,-0.909853,4.171242,-0.967665,125.260500,0.330866,0.136821,1,0,15.368960,0.030000,0.000136,0.130815,7,8,3,4,4
272,17.293530,0.046460,father,3,2,3.255048,2.000000,693.057500,551.783000,694.784300,550.969300,1.908901,700.241000,547.383800,689.327700,554.554700,700.241000,538.367900,689.327700,544.942100,1.087684,0.230214,-4.784736,0.890639,0.245454,-4.967842,0.957982,-4.897067,54.738850,0.068771,0.266601,0,0,15.160580,0.002067,0.000136,0.130067,5,5,3,6,4
272,17.293530,0.046460,mother,8,10,8.141616,10.000000,561.436300,279.391600,562.286900,278.932300,0.966641,563.816800,277.321600,560.756800,280.542900,563.816800,267.186600,560.756800,271.315300,-1.375530,0.258791,2.111142,-1.430779,0.235622,2.028888,-1.418510,2.058285,54.738440,0.926971,0.092599,0,1,15.047850,0.002067,0.000273,0.118665,5,11,10,5,4
272,17.293530,0.046460,older_sister,2,9,2.482878,8.999999,364.487200,420.141400,363.307100,420.652600,1.286078,367.223800,418.983900,359.390500,422.321400,367.223800,407.659800,359.390500,410.123700,-4.925127,0.289154,-1.506120,-5.066560,0.311461,-1.591342,-4.974536,-1.535678,234.738300,0.460459,-0.164683,1,0,15.471990,0.002067,0.000205,0.131517,1,1,10,5,4
272,17.293530,0.046460,player,9,3,8.999999,3.482878,873.237500,399.004000,872.261400,398.579700,1.064414,872.507000,398.460500,872.015900,398.698900,872.507000,387.241800,872.015900,384.375700,4.198042,0.286464,-0.982068,4.189174,0.365734,-0.988155,4.211233,-0.995945,125.266000,0.396355,0.003726,1,0,15.421030,0.002067,0.000110,0.130815,7,8,3,4,4
273,17.333960,0.046780,father,3,2,3.302119,2.000000,695.047400,550.788000,695.614700,550.688000,0.576124,701.094300,547.123200,690.135300,554.252900,701.094300,538.330900,690.135300,544.219800,1.103091,0.224505,-4.778080,0.905220,0.256189,-4.960134,0.993911,-4.871660,54.734640,0.127609,0.266671,0,0,15.207360,0.046780,0.000193,0.130067,5,5,3,6,4
273,17.333960,0.046780,mother,8,10,8.188687,10.000000,563.426300,278.396700,566.020000,276.972700,2.958929,570.668900,273.699900,561.371100,280.245600,570.668900,264.106600,561.371100,270.914200,-1.251811,0.244959,2.203622,-1.419688,0.238271,2.036481,-1.382581,2.083691,54.735340,0.985811,0.233571,0,1,15.094630,0.046779,0.000246,0.118665,5,11,10,5,4
273,17.333960,0.046780,older_sister,2,9,2.435807,8.999999,362.497300,421.136400,359.958100,422.193900,2.750535,367.051100,419.078600,352.865100,425.309200,367.051100,407.690800,352.865100,413.774200,-4.928244,0.290781,-1.508538,-5.184380,0.294538,-1.667633,-5.010466,-1.561084,234.736100,0.519299,-0.300987,1,0,15.518770,0.046780,0.000232,0.131517,1,1,10,5,4
273,17.333960,0.046780,player,9,3,9.000000,3.435807,875.227500,399.998900,876.160400,400.538000,1.077428,872.926100,398.640500,879.394800,402.435400,872.926100,387.324400,879.394800,390.121200,4.205612,0.288952,-0.986665,4.322405,0.314437,-1.083565,4.247163,-1.021350,125.262800,0.455193,-0.151306,1,0,15.467810,0.046779,0.000164,0.130815,7,8,3,4,4
274,17.375610,0.042462,father,3,2,3.344845,2.000000,696.853600,549.885100,696.197600,550.434800,0.855945,701.248500,546.980500,691.146800,553.889100,701.248500,538.193400,691.146800,543.287200,1.105875,0.224376,-4.774439,0.923484,0.270713,-4.950844,1.026524,-4.848604,54.741260,0.181017,0.250765,1,0,15.249820,0.042462,0.000000,0.130067,5,5,3,6,4
274,17.375610,0.042462,mother,8,10,8.231414,10.000000,565.232500,277.493600,567.448200,276.336500,2.499602,572.799400,272.756700,562.096900,279.916300,572.799400,263.480300,562.096900,270.433100,-1.213343,0.236870,2.227704,-1.406584,0.242146,2.044890,-1.349968,2.106751,54.736010,0.039219,0.263329,0,0,15.137090,0.042462,0.000164,0.118665,5,11,10,5,4
274,17.375610,0.042462,older_sister,2,9,2.393081,8.999999,360.691100,422.039800,358.187500,423.058400,2.702830,367.104400,419.053200,349.270600,427.063600,367.104400,407.461100,349.270600,415.903900,-4.927282,0.295998,-1.507890,-5.249280,0.284958,-1.712432,-5.043078,-1.584151,234.727600,0.572706,-0.381000,0,0,15.561230,0.042462,0.000043,0.131517,1,1,10,5,4
274,17.375610,0.042462,player,9,3,9.000000,3.393081,877.033800,400.901900,879.136500,402.139500,2.439932,873.113300,398.721800,885.159600,405.557200,873.113300,387.348000,885.159600,393.950400,4.208990,0.290423,-0.988740,4.426494,0.296373,-1.163278,4.279776,-1.044406,125.259700,0.508600,-0.278359,1,0,15.510270,0.042462,0.000301,0.130815,7,8,3,4,4
275,17.415430,0.040002,father,3,2,3.385096,2.000000,698.555200,549.034100,696.902600,550.097300,1.965091,701.257100,546.940700,692.548200,553.253800,701.257100,538.088900,692.548200,541.874000,1.106030,0.226027,-4.773423,0.948786,0.290579,-4.934623,1.057247,-4.826876,54.731220,0.231331,0.221462,1,0,15.289830,0.040002,0.000136,0.130067,5,5,3,6,4
275,17.415430,0.040002,mother,8,10,8.271664,10.000000,566.934100,276.642800,568.287700,276.073800,1.468297,573.788800,272.486400,562.786700,279.661300,573.788800,263.586700,562.786700,269.919700,-1.195480,0.227247,2.234607,-1.394130,0.248745,2.051401,-1.319245,2.128476,54.735970,0.089533,0.267971,0,0,15.177090,0.040002,0.000193,0.118665,5,11,10,5,4
275,17.415430,0.040002,older_sister,2,9,2.352830,8.999999,358.989400,422.890300,358.264400,423.276800,0.821569,367.285000,419.062400,349.243900,427.491200,367.285000,407.080800,349.243900,416.580200,-4.924021,0.305944,-1.508126,-5.249763,0.278607,-1.723350,-5.073802,-1.605868,234.745300,0.623020,-0.390229,0,0,15.601240,0.040002,0.000246,0.131517,1,1,10,5,4
275,17.415430,0.040002,player,9,3,9.000000,3.352830,878.735400,401.752800,881.135600,403.209200,2.807502,873.125700,398.727000,889.145400,407.691400,873.125700,387.210600,889.145400,396.431200,4.209214,0.294065,-0.988872,4.498458,0.287524,-1.217773,4.310499,-1.066134,125.268800,0.558914,-0.368324,0,0,15.550270,0.040002,0.000164,0.130815,7,8,3,4,4
276,17.456810,0.041345,father,3,2,3.426698,2.000000,700.314000,548.154800,698.515000,549.262800,2.112828,701.737800,546.675700,695.292300,551.849900,701.737800,537.810700,695.292300,539.522400,1.114711,0.226361,-4.766654,0.998333,0.314775,-4.898775,1.089003,-4.804423,54.737640,0.283333,0.171301,1,0,15.331170,0.041345,0.000086,0.124428,5,5,3,6,4
276,17.456810,0.041345,mother,8,10,8.313267,10.000000,568.692900,275.763600,568.917600,275.832300,0.234947,574.315900,272.278700,563.519200,279.385900,574.315900,263.493100,563.519200,269.216100,-1.185963,0.224335,2.239910,-1.380902,0.259681,2.058431,-1.287489,2.150925,54.742520,0.141535,0.263939,0,0,15.218430,0.041345,0.000000,0.124794,5,11,10,5,4
276,17.456810,0.041345,older_sister,2,9,2.311227,8.999999,357.230700,423.769800,358.296100,423.482800,1.103354,367.142000,419.391400,349.450100,427.574200,367.142000,406.775700,349.450100,416.760700,-4.926603,0.322136,-1.516526,-5.246039,0.276117,-1.725467,-5.105557,-1.628326,234.731900,0.675022,-0.381450,0,1,15.642580,0.041345,0.000136,0.124104,1,1,10,5,4
276,17.456810,0.041345,player,9,3,9.000000,3.311228,880.494100,402.632300,881.546800,403.189300,1.190971,872.994300,398.603500,890.099200,407.775100,872.994300,386.738700,890.099200,396.841700,4.206841,0.302961,-0.985719,4.515680,0.279177,-1.219910,4.342254,-1.088592,125.268100,0.610918,-0.387377,0,0,15.591610,0.041345,0.000086,0.129216,7,8,3,4,4
277,17.548970,0.086391,father,4,2,3.507197,2.000000,703.717100,546.453200,702.755100,546.923200,1.070639,702.946300,545.986600,702.564000,547.859700,702.946300,537.025200,702.564000,535.873300,1.136531,0.228822,-4.749059,1.129627,0.306065,-4.796887,1.150448,-4.760973,54.734740,0.383957,0.033251,1,0,15.411170,0.030000,0.000136,0.124428,5,5,3,6,4
277,17.548970,0.086391,mother,8,10,8.393764,10.000000,572.096000,274.061900,570.322400,275.178100,2.095628,574.482300,272.118200,566.162400,278.237900,574.482300,263.258000,566.162400,266.636100,-1.182958,0.226241,2.244008,-1.333178,0.296245,2.087746,-1.226044,2.194378,54.732220,0.242157,0.212875,1,0,15.298430,0.030000,0.000193,0.124794,5,11,10,5,4
277,17.548970,0.086391,older_sister,2,9,2.230729,8.999999,353.827600,425.471300,356.430700,424.658400,2.727062,362.551600,422.120600,350.309800,427.196100,362.551600,407.683000,350.309800,416.290300,-5.009486,0.368657,-1.586214,-5.230518,0.278473,-1.715814,-5.167002,-1.671771,234.737300,0.775644,-0.255297,0,1,15.722580,0.030000,0.000246,0.124104,1,1,10,5,4
277,17.548970,0.086391,player,9,3,9.000000,3.230729,883.897200,404.333700,882.218000,403.142500,2.058798,874.531500,398.890500,889.904700,407.394700,874.531500,385.833700,889.904700,396.558200,4.234596,0.333396,-0.993046,4.512167,0.276704,-1.210196,4.403700,-1.132037,125.262200,0.711540,-0.352006,0,1,15.671610,0.030000,0.000136,0.129216,7,8,3,4,4
278,17.595270,0.046703,father,4,2,3.560622,2.000000,705.975600,545.323800,706.650000,544.958200,0.767104,703.867200,545.496400,709.432900,544.419900,703.867200,536.527000,709.432900,534.370200,1.153158,0.229029,-4.736542,1.253648,0.256614,-4.709056,1.191227,-4.732134,54.731860,0.450737,-0.097916,1,0,15.464260,0.003094,0.000273,0.124428,5,5,3,6,4
278,17.595270,0.046703,mother,8,10,8.447190,10.000000,574.354600,272.932400,572.588600,273.955500,2.040878,575.171300,271.733900,570.006000,276.177100,575.171300,262.849300,570.006000,263.542200,-1.170519,0.226863,2.253821,-1.263781,0.322624,2.140368,-1.185265,2.223217,54.732310,0.308939,0.141653,1,0,15.351530,0.003094,0.000329,0.124794,5,11,10,5,4
278,17.595270,0.046703,older_sister,2,9,2.177304,8.999999,351.569000,426.600700,353.094000,426.044800,1.623137,355.906500,424.915100,350.281500,427.174600,355.906500,409.841200,350.281500,416.061400,-5.129466,0.384902,-1.657571,-5.231028,0.283767,-1.715264,-5.207781,-1.700610,234.731900,0.842426,-0.116233,0,1,15.775670,0.003094,0.000110,0.124104,1,1,10,5,4
278,17.595270,0.046703,player,9,3,9.000000,3.177304,886.155800,405.463000,884.220900,404.009800,2.419801,878.908400,400.834400,889.533600,407.185200,878.908400,386.344600,889.533600,396.274400,4.313623,0.369988,-1.042682,4.505467,0.278599,-1.204847,4.444479,-1.160873,125.265500,0.778320,-0.250266,0,1,15.724710,0.003094,0.000136,0.129216,7,8,3,4,4
279,17.634100,0.044898,father,4,2,3.605799,2.000000,707.885500,544.368900,709.693000,543.515600,1.998777,704.513900,545.158600,714.872100,541.872700,704.513900,536.191000,714.872100,532.417200,1.164833,0.228982,-4.727916,1.351857,0.241441,-4.644013,1.225711,-4.707751,54.736240,0.507210,-0.201146,1,0,15.509160,0.044898,0.000220,0.124428,5,5,3,6,4
279,17.634100,0.044898,mother,8,10,8.492367,10.000000,576.264500,271.977500,574.984500,272.633200,1.438159,575.861100,271.340200,574.107800,273.926200,575.861100,262.391100,574.107800,261.498900,-1.158062,0.228510,2.263874,-1.189721,0.317324,2.197841,-1.150781,2.247601,54.735750,0.365410,0.063973,1,0,15.396430,0.044898,0.000301,0.124794,5,11,10,5,4
279,17.634100,0.044898,older_sister,2,9,2.132126,8.999999,349.659100,427.555600,349.563000,427.723300,0.193263,348.919000,428.254300,350.207100,427.192300,348.919000,414.525800,350.207100,415.898500,-5.255630,0.350551,-1.742835,-5.232372,0.288381,-1.715717,-5.242266,-1.724994,234.736500,0.898897,0.034647,0,1,15.820570,0.044898,0.000136,0.124104,1,1,10,5,4
279,17.634100,0.044898,player,9,3,9.000000,3.132127,888.065700,406.417900,886.655000,405.483000,1.692394,883.812400,403.766700,889.497600,407.199300,883.812400,388.615400,889.497600,396.114500,4.402169,0.386879,-1.117558,4.504816,0.283045,-1.205207,4.478963,-1.185256,125.263200,0.834793,-0.134415,0,1,15.769610,0.044898,0.000164,0.129216,7,8,3,4,4
280,17.676160,0.042422,father,4,2,3.648486,2.000000,709.690100,543.466500,711.820400,542.492800,2.342285,704.980200,544.923600,718.660500,540.062000,704.980200,535.872600,718.660500,530.801100,1.173253,0.231112,-4.721917,1.420259,0.236470,-4.597778,1.258293,-4.684710,54.733540,0.560568,-0.273350,0,0,15.551580,0.042422,0.000356,0.124428,5,5,3,6,4
280,17.676160,0.042422,mother,9,10,8.535053,10.000000,578.069000,271.075500,577.890400,271.132300,0.187420,576.605000,270.940500,579.175900,271.324200,576.605000,261.975200,579.175900,260.379600,-1.144632,0.228924,2.274081,-1.098213,0.279463,2.264283,-1.118198,2.270634,54.742680,0.418768,-0.032248,1,0,15.438850,0.042422,0.000086,0.124794,5,11,10,5,4
280,17.676160,0.042422,older_sister,2,9,2.089439,8.999999,347.854600,428.457900,345.732900,429.710100,2.463604,341.340000,432.190300,350.125700,427.229900,341.340000,419.937200,350.125700,415.788100,-5.392472,0.312876,-1.843339,-5.233841,0.292157,-1.716676,-5.274848,-1.748035,234.733800,0.952255,0.202651,0,1,15.863000,0.042422,0.000068,0.124104,1,1,10,5,4
280,17.676160,0.042422,player,9,3,9.000000,3.089440,889.870200,407.320300,889.804100,407.158100,0.175096,890.034200,407.055500,889.574000,407.260800,890.034200,393.000200,889.574000,395.997500,4.514508,0.358892,-1.201535,4.506198,0.287604,-1.206779,4.511546,-1.208297,125.266000,0.888151,0.003756,0,1,15.812030,0.042422,0.000110,0.129216,7,8,3,4,4
281,17.724650,0.048398,father,4,2,3.697185,2.000000,711.748900,542.437400,712.376400,542.047800,0.738605,705.291600,544.730400,719.461200,539.365200,705.291600,535.330300,719.461200,530.438200,1.178875,0.240025,-4.716982,1.434717,0.227944,-4.579985,1.295466,-4.658431,54.741770,0.621443,-0.287993,0,0,15.599980,0.048398,0.000086,0.124428,5,5,3,6,4
281,17.724650,0.048398,mother,9,10,8.583752,10.000000,580.127800,270.046000,581.423100,269.400200,1.447372,577.378200,270.528700,585.468000,268.271600,577.378200,261.556400,585.468000,258.642700,-1.130672,0.229104,2.284595,-0.984606,0.245869,2.342229,-1.081026,2.296921,54.733250,0.479643,-0.152536,1,0,15.487250,0.048398,0.000136,0.124794,5,11,10,5,4
281,17.724650,0.048398,older_sister,2,9,2.040740,8.999999,345.795700,429.487400,342.481200,431.386600,3.820074,334.975000,435.494700,349.987400,427.278500,334.975000,423.778800,349.987400,415.609500,-5.507395,0.299157,-1.927714,-5.236338,0.297961,-1.717918,-5.312021,-1.774321,234.734000,0.013130,0.342443,0,1,15.911390,0.048398,0.000043,0.124104,1,1,10,5,4
281,17.724650,0.048398,player,9,3,9.000000,3.040741,891.929000,408.349500,894.166000,409.284300,2.424468,898.695400,411.274000,889.636700,407.294600,898.695400,398.953300,889.636700,395.863000,4.670889,0.314601,-1.309252,4.507329,0.291898,-1.207641,4.548718,-1.234576,125.258400,0.949026,0.192213,0,1,15.860430,0.048398,0.000301,0.129216,7,8,3,4,4
282,17.771610,0.047380,father,4,2,3.744860,2.000000,713.764300,541.429400,712.814900,541.713100,0.990881,705.841200,544.299200,719.788800,539.126900,705.841200,534.248900,719.788800,530.291900,1.188799,0.256628,-4.705973,1.440630,0.225597,-4.573901,1.331856,-4.632692,54.728290,0.681036,-0.281866,0,1,15.647360,0.047380,0.000329,0.120951,5,5,3,6,4
282,17.771610,0.047380,mother,9,10,8.631427,10.000000,582.143200,269.038500,584.302200,268.049700,2.374631,577.996900,270.212500,590.607600,265.887000,577.996900,261.217800,590.607600,256.538800,-1.119500,0.229675,2.292670,-0.891807,0.238701,2.403118,-1.044636,2.322647,54.741810,0.539236,-0.249682,0,0,15.534630,0.047380,0.000031,0.128651,5,11,10,5,4
282,17.771610,0.047380,older_sister,2,9,1.993066,8.999999,343.780300,430.495100,341.719100,431.513400,2.298997,333.951600,435.647500,349.486600,427.379400,333.951600,424.566400,349.486600,415.429100,-5.525874,0.282950,-1.931615,-5.245380,0.305143,-1.720494,-5.348412,-1.800052,234.737300,0.072723,0.350913,0,0,15.958770,0.047380,0.000068,0.136622,1,1,10,5,4
282,17.771610,0.047380,player,9,3,9.000000,3.000000,893.651400,409.211000,897.598400,410.911500,4.297741,905.557900,414.529700,889.639000,407.293300,905.557900,402.654800,889.639000,395.677000,4.794796,0.303220,-1.392385,4.507370,0.296616,-1.207608,4.579816,-1.256575,125.276600,0.999952,0.341360,0,1,15.900920,0.040489,0.000061,0.143159,7,8,3,4,4
283,17.871130,0.093756,father,4,2,3.825358,2.000000,717.167400,539.728000,715.124000,540.510700,2.188175,710.179200,541.979400,720.068900,539.042100,710.179200,530.381200,720.068900,530.097400,1.267124,0.296154,-4.646739,1.445689,0.228399,-4.571736,1.393301,-4.589251,54.739780,0.781658,-0.189103,0,1,15.727360,0.030000,0.000136,0.120951,5,5,3,6,4
283,17.871130,0.093756,mother,9,10,8.711926,10.000000,585.546300,267.336700,585.690200,267.153700,0.232811,578.586900,269.843800,592.793500,264.463500,578.586900,260.268800,592.793500,255.579200,-1.108848,0.244494,2.302083,-0.852341,0.226856,2.439466,-0.983191,2.366101,54.732200,0.639860,-0.288753,0,0,15.614620,0.030000,0.000136,0.128651,5,11,10,5,4
283,17.871130,0.093756,older_sister,2,9,1.912567,8.999999,340.377200,432.196400,341.073500,431.581300,0.929056,333.878200,435.540800,348.268800,427.621800,333.878200,424.614400,348.268800,414.709500,-5.527200,0.279001,-1.928892,-5.267368,0.329708,-1.726684,-5.409856,-1.843493,234.739300,0.173346,0.328895,1,0,16.038770,0.030000,0.000301,0.136622,1,1,10,5,4
283,17.871130,0.093756,player,9,3,8.996378,3.000000,893.498200,409.287500,893.620900,412.468800,3.183639,893.656100,419.168300,893.585700,405.769200,893.656100,407.346500,893.585700,394.134600,4.579902,0.301863,-1.510829,4.578629,0.297082,-1.168691,4.577051,-1.258528,182.304100,0.004480,0.341810,0,1,15.904520,0.003600,0.000031,0.143159,1,8,3,4,4
284,17.926490,0.054679,father,4,2,3.894219,2.000000,720.078600,538.272300,719.376300,538.589000,0.770414,717.873900,538.495400,720.878600,538.682700,717.873900,526.985700,720.878600,529.543600,1.406057,0.293893,-4.557776,1.460307,0.233361,-4.562557,1.445863,-4.552081,54.733270,0.867735,-0.041533,0,1,15.795800,0.018435,0.000273,0.120951,5,5,3,6,4
284,17.926490,0.054679,mother,9,10,8.780787,10.000000,588.457500,265.881000,586.594700,266.587700,1.992329,580.220900,268.811600,592.968400,264.363900,580.220900,258.159100,592.968400,255.483600,-1.079344,0.272006,2.328441,-0.849181,0.226752,2.442011,-0.930628,2.403271,54.733680,0.725935,-0.253496,0,1,15.683060,0.018435,0.000246,0.128651,5,11,10,5,4
284,17.926490,0.054679,older_sister,2,9,1.843706,9.000000,337.466100,433.652100,339.692100,432.142900,2.689433,334.437400,435.253700,344.946900,429.032200,334.437400,424.243000,344.946900,414.561700,-5.517102,0.281151,-1.921560,-5.327347,0.369496,-1.762697,-5.462419,-1.880664,234.733500,0.259420,0.246655,1,0,16.107210,0.018435,0.000164,0.136622,1,1,10,5,4
284,17.926490,0.054679,player,9,3,8.961001,3.000000,892.002700,410.035100,890.210300,411.946800,2.620575,884.883700,417.618800,895.536900,406.274700,884.883700,406.323500,895.536900,394.460000,4.421512,0.288418,-1.471265,4.613860,0.301682,-1.181600,4.550049,-1.277617,215.562500,0.048700,0.347505,0,0,15.939670,0.013157,0.000220,0.143159,1,8,3,4,4
285,17.987080,0.060695,father,4,2,3.955292,2.000000,722.660500,536.981600,724.072000,536.209700,1.608835,726.541700,534.094300,721.602300,538.325100,726.541700,524.259500,721.602300,529.073500,1.562559,0.251125,-4.445396,1.473375,0.236233,-4.553427,1.492480,-4.519122,54.739470,0.944075,0.135188,0,1,15.856490,0.010695,0.000136,0.120951,5,5,3,6,4
285,17.987080,0.060695,mother,9,10,8.841860,10.000000,591.039400,264.590300,589.160500,265.341200,2.023392,584.913000,266.500600,593.407900,264.181700,584.913000,254.632600,593.407900,255.198900,-0.994626,0.303042,2.387451,-0.841246,0.229370,2.446663,-0.884012,2.436230,54.738430,0.802277,-0.159423,0,1,15.743750,0.010695,0.000110,0.128651,5,11,10,5,4
285,17.987080,0.060695,older_sister,2,9,1.782633,9.000000,334.884200,434.943000,336.877100,433.748100,2.323668,334.197400,435.420100,339.556700,432.076000,334.197400,424.313100,339.556700,416.548200,-5.521435,0.283611,-1.925810,-5.424670,0.396493,-1.840421,-5.509036,-1.913627,234.735700,0.335764,0.128308,1,0,16.167900,0.010695,0.000205,0.136622,1,1,10,5,4
285,17.987080,0.060695,player,9,3,8.902770,3.000001,889.540900,411.266100,888.692300,411.501900,0.880794,880.912500,415.606400,896.471900,407.397400,880.912500,404.708300,896.471900,395.061100,4.349810,0.278278,-1.419878,4.630743,0.315002,-1.210267,4.505599,-1.309051,234.733100,0.121491,0.350400,0,0,15.997550,0.010695,0.000110,0.143159,1,8,3,4,4
286,18.042330,0.055849,father,4,2,4.011489,2.000000,725.036100,535.793600,727.647800,534.370500,2.974165,732.924100,530.789900,722.371500,537.951200,732.924100,521.242700,722.371500,528.544400,1.677794,0.243782,-4.361019,1.487264,0.240198,-4.543881,1.535375,-4.488787,54.732300,0.014322,0.261145,0,1,15.912340,0.005849,0.000273,0.120951,5,5,3,6,4
286,18.042330,0.055849,mother,9,10,8.898057,10.000000,593.415000,263.402300,592.821800,263.668200,0.650069,591.545500,263.463900,594.098200,263.872500,591.545500,252.055500,594.098200,254.725100,-0.874873,0.291305,2.464991,-0.828782,0.233572,2.454558,-0.841118,2.466565,54.732100,0.872522,-0.031607,0,1,15.799600,0.005849,0.000246,0.128651,5,11,10,5,4
286,18.042330,0.055849,older_sister,2,9,1.726436,9.000000,332.508400,436.130800,333.124100,435.766200,0.715550,333.736700,435.699600,332.511400,435.832700,333.736700,424.464900,332.511400,421.837100,-5.529754,0.286871,-1.932947,-5.551877,0.357369,-1.936344,-5.551931,-1.943958,234.736200,0.406010,-0.020026,1,0,16.223750,0.005849,0.000246,0.136622,1,1,10,5,4
286,18.042330,0.055849,player,9,3,8.846573,3.000001,887.165200,412.454100,888.349100,411.545300,1.492445,881.472200,415.399700,895.226000,407.691000,881.472200,404.453100,895.226000,394.570100,4.359914,0.279517,-1.414602,4.608247,0.335034,-1.217762,4.462704,-1.339385,234.733400,0.191738,0.316409,1,0,16.053390,0.005849,0.000000,0.143159,1,8,3,4,4
287,18.100070,0.057986,father,4,2,4.069836,2.000000,727.502800,534.560200,728.898800,533.964100,1.517951,734.396200,530.376300,723.401400,537.551800,734.396200,521.466400,723.401400,527.825700,1.704375,0.227511,-4.350461,1.505858,0.248351,-4.533682,1.579912,-4.457293,54.734110,0.087255,0.267873,0,0,15.970330,0.007986,0.000273,0.120951,5,5,3,6,4
287,18.100070,0.057986,mother,9,10,8.956405,10.000000,595.881700,262.168900,597.339400,261.370800,1.661897,599.884900,259.213800,594.793800,263.527700,599.884900,249.399700,594.793800,254.274100,-0.724300,0.250597,2.573515,-0.816222,0.236286,2.463361,-0.796580,2.498059,54.734290,0.945458,0.138652,0,1,15.857590,0.007986,0.000273,0.128651,5,11,10,5,4
287,18.100070,0.057986,older_sister,2,9,1.668088,9.000000,330.041700,437.364200,328.377700,438.085900,1.813799,333.344300,435.930900,323.411200,440.240900,333.344300,424.583100,323.411200,428.349700,-5.536839,0.289760,-1.938852,-5.716187,0.303635,-2.048907,-5.596468,-1.975451,234.734800,0.478943,-0.209977,1,0,16.281740,0.007986,0.000205,0.136622,1,1,10,5,4
287,18.100070,0.057986,player,9,3,8.788225,3.000000,884.698500,413.687500,886.919300,412.178100,2.685142,881.826900,415.207600,892.011600,409.148700,881.826900,404.195200,892.011600,394.563200,4.366319,0.281194,-1.409694,4.550210,0.372432,-1.254984,4.418167,-1.370879,234.733600,0.264671,0.239468,1,0,16.111380,0.007986,0.000061,0.143159,1,8,3,4,4
288,18.155480,0.055967,father,4,2,4.126152,2.000000,729.883500,533.369800,729.740900,533.636000,0.302038,735.021600,530.111000,724.460100,537.161100,735.021600,521.330700,724.460100,526.818300,1.715668,0.224198,-4.343686,1.524976,0.264098,-4.523706,1.622898,-4.426898,54.736070,0.157650,0.259635,1,0,16.026290,0.005967,0.000273,0.124543,5,5,3,6,4
288,18.155480,0.055967,mother,9,10,9.012720,10.000000,598.262500,260.978500,600.849900,259.570500,2.945719,606.128600,255.990100,595.571000,263.150900,606.128600,246.459600,595.571000,253.739600,-0.611567,0.243355,2.655830,-0.802189,0.240310,2.472984,-0.753595,2.528454,54.735870,0.015850,0.261208,0,1,15.913560,0.005967,0.000273,0.132333,5,11,10,5,4
288,18.155480,0.055967,older_sister,2,9,1.611773,9.000000,327.661000,438.554600,324.874300,439.691900,3.009841,333.223900,435.994400,316.524700,443.389300,333.223900,424.522000,316.524700,432.059500,-5.539012,0.292942,-1.940474,-5.840527,0.289301,-2.129299,-5.639454,-2.005847,234.735300,0.549337,-0.355203,0,0,16.337700,0.005967,0.000205,0.140638,1,1,10,5,4
288,18.155480,0.055967,player,9,3,8.731911,3.000000,882.317800,414.877800,884.317000,413.677500,2.331879,881.610800,415.364300,887.023300,411.990600,881.610800,404.258800,887.023300,396.462400,4.362418,0.283573,-1.413698,4.460142,0.396504,-1.327551,4.375183,-1.401275,234.734800,0.335066,0.129529,1,0,16.167350,0.005967,0.000086,0.133375,1,8,3,4,4
289,18.265740,0.109896,father,4,2,4.206650,2.000000,733.286600,531.668500,731.511400,532.798300,2.104267,735.313200,529.903500,727.709700,535.693100,735.313200,521.042100,727.709700,523.790200,1.720932,0.226271,-4.338387,1.583646,0.303932,-4.486220,1.684341,-4.383456,54.738560,0.258272,0.197443,1,0,16.106290,0.030000,0.000086,0.124543,5,5,3,6,4
289,18.265740,0.109896,mother,9,10,9.093218,10.000000,601.665600,259.277000,602.490100,259.040800,0.857691,608.007200,255.469300,596.973000,262.612500,608.007200,246.660600,596.973000,252.677700,-0.577648,0.224923,2.669130,-0.776877,0.253677,2.486732,-0.692149,2.571900,54.737400,0.116474,0.267976,0,0,15.993560,0.030000,0.000193,0.132333,5,11,10,5,4
289,18.265740,0.109896,older_sister,2,9,1.531274,9.000000,324.257900,440.256400,324.454500,440.295100,0.200396,333.457900,436.092600,315.451100,444.497600,333.457900,423.801600,315.451100,433.652200,-5.534789,0.313841,-1.942980,-5.859910,0.276932,-2.157598,-5.700899,-2.049300,234.732500,0.649962,-0.389370,0,1,16.417700,0.030000,0.000000,0.140638,1,1,10,5,4
289,18.265740,0.109896,player,9,3,8.651412,3.000000,878.914700,416.579100,878.544300,416.706600,0.391742,880.944200,415.762100,876.144300,417.651200,880.944200,404.477100,876.144300,404.740600,4.350382,0.288155,-1.423852,4.263717,0.329665,-1.472091,4.313738,-1.444717,234.739500,0.435688,-0.098613,1,0,16.247350,0.030000,0.000136,0.133375,1,8,3,4,4
290,18.321420,0.056769,father,4,2,4.287148,2.000000,736.689800,529.966900,735.315700,530.681500,1.548765,736.417500,529.269300,734.213900,532.093600,736.417500,520.326000,734.213900,519.549600,1.740873,0.228362,-4.322193,1.701084,0.320303,-4.394310,1.745787,-4.340006,54.735320,0.358894,0.074124,1,0,16.186290,0.030000,0.000086,0.124543,5,5,3,6,4
290,18.321420,0.056769,mother,9,10,9.173717,10.000000,605.068700,257.575700,603.693700,258.517300,1.666463,608.259200,255.252500,599.128100,261.782000,608.259200,246.423100,599.128100,250.712900,-0.573098,0.225453,2.674664,-0.737965,0.282643,2.507937,-0.630705,2.615341,54.739460,0.217098,0.230871,1,0,16.073560,0.030000,0.000031,0.132333,5,11,10,5,4
290,18.321420,0.056769,older_sister,1,9,1.450776,9.000000,320.854800,441.957700,323.500200,441.089200,2.784316,330.600300,438.039900,316.400200,444.138600,330.600300,424.117500,316.400200,433.274700,-5.586384,0.355500,-1.992704,-5.842773,0.277402,-2.148431,-5.762343,-2.092741,234.739400,0.750584,-0.299251,0,1,16.497700,0.030000,0.000205,0.140638,1,1,10,5,4
290,18.321420,0.056769,player,9,3,8.570913,3.000000,875.511600,418.280600,872.768200,419.408100,2.966010,880.626800,415.943600,864.909600,422.872700,880.626800,404.516600,864.909600,411.453100,4.344651,0.291780,-1.428488,4.060868,0.291591,-1.605417,4.252293,-1.488162,234.737200,0.536310,-0.333859,0,0,16.327350,0.030000,0.000220,0.133375,1,8,3,4,4
291,18.373750,0.053071,father,4,2,4.347257,2.000000,739.230800,528.696200,739.454700,528.551400,0.266559,737.462000,528.706600,741.447300,528.396200,737.462000,519.740000,741.447300,517.911500,1.759731,0.228957,-4.307825,1.831688,0.267721,-4.299898,1.791667,-4.307559,54.730800,0.434031,-0.063326,1,0,16.246030,0.009736,0.000273,0.124543,5,5,3,6,4
291,18.373750,0.053071,mother,9,10,9.233824,10.000000,607.609700,256.304900,605.813400,257.390600,2.098964,608.819900,254.924800,602.806800,259.856400,608.819900,246.054900,602.806800,247.404800,-0.562973,0.226489,2.683031,-0.671544,0.317945,2.557106,-0.584824,2.647793,54.728240,0.292233,0.161356,1,0,16.133290,0.009736,0.000273,0.132333,5,11,10,5,4
291,18.373750,0.053071,older_sister,1,9,1.390667,9.000000,318.313800,443.228300,320.228600,442.548600,2.031858,323.954800,441.023200,316.502300,444.074100,323.954800,425.868000,316.502300,433.024200,-5.706371,0.386979,-2.068882,-5.840930,0.282153,-2.146783,-5.808224,-2.125185,234.734500,0.825718,-0.154842,0,1,16.557440,0.009736,0.000164,0.140638,1,1,10,5,4
291,18.373750,0.053071,player,9,3,8.510805,3.000000,872.970600,419.551100,871.892000,420.062100,1.193569,880.860500,415.886100,862.923300,424.238100,880.860500,404.016600,862.923300,413.305100,4.348871,0.303083,-1.427021,4.025003,0.279167,-1.640283,4.206413,-1.520602,234.737100,0.611446,-0.387564,0,0,16.387080,0.009736,0.000273,0.133375,1,8,3,4,4
292,18.432190,0.058850,father,4,2,4.406473,2.000000,741.734100,527.444700,743.554900,526.586300,2.012999,738.343000,528.244000,748.766800,524.928600,738.343000,519.276400,748.766800,515.476500,1.775637,0.228983,-4.296012,1.963846,0.241355,-4.211357,1.836867,-4.275603,54.739970,0.508051,-0.202551,1,0,16.304880,0.008850,0.000136,0.124543,5,5,3,6,4
292,18.432190,0.058850,mother,9,10,9.293041,10.000000,610.113100,255.053400,608.846000,255.701100,1.423066,609.693100,254.423800,607.998900,256.978500,609.693100,245.473900,607.998900,244.568500,-0.547208,0.228528,2.695826,-0.577797,0.316881,2.630592,-0.539625,2.679749,54.739360,0.366253,0.062636,1,0,16.192140,0.008850,0.000123,0.132333,5,11,10,5,4
292,18.432190,0.058850,older_sister,1,9,1.331451,9.000000,315.810400,444.480000,315.687300,444.660800,0.218722,314.987200,445.219400,316.387300,444.102300,314.987200,431.516600,316.387300,432.806100,-5.868286,0.349892,-2.176028,-5.843008,0.288440,-2.147503,-5.853424,-2.157150,234.733400,0.899738,0.037109,0,1,16.616290,0.008850,0.000097,0.140638,1,1,10,5,4
292,18.432190,0.058850,player,8,3,8.451631,3.000000,870.468900,420.802200,871.877400,420.388600,1.468030,880.608400,416.373500,863.146400,424.403800,880.608400,403.623600,863.146400,413.590600,4.344317,0.325560,-1.439465,4.029032,0.276110,-1.644515,4.161244,-1.552551,234.728300,0.685415,-0.375813,0,1,16.445890,0.008809,0.000000,0.133375,1,8,3,4,4
293,18.487400,0.055474,father,4,2,4.462292,2.000000,744.093900,526.264600,745.917500,525.412000,2.013021,738.891700,527.969500,752.943200,522.854600,738.891700,518.849700,752.943200,513.708400,1.785544,0.232870,-4.289003,2.039253,0.233543,-4.158398,1.879474,-4.245471,54.731960,0.577824,-0.282555,0,0,16.360350,0.005474,0.000273,0.124543,5,5,3,6,4
293,18.487400,0.055474,mother,9,10,9.348861,10.000000,612.472900,253.873300,612.751800,253.701300,0.327653,610.664300,253.902700,614.839300,253.500000,610.664300,244.935800,614.839300,243.071800,-0.529673,0.228965,2.709131,-0.454291,0.266276,2.719415,-0.497017,2.709881,54.732340,0.436026,-0.067484,1,0,16.247620,0.005474,0.000259,0.132333,5,11,10,5,4
293,18.487400,0.055474,older_sister,1,9,1.275631,9.000000,313.450600,445.659800,310.660900,447.275300,3.223632,305.034900,450.417100,316.286900,444.133500,305.034900,438.460400,316.286900,432.632900,-6.047980,0.305308,-2.308748,-5.844819,0.293661,-2.148301,-5.896032,-2.187274,234.739000,0.969513,0.258514,0,1,16.671760,0.005474,0.000232,0.140638,1,1,10,5,4
293,18.487400,0.055474,player,8,3,8.396443,3.000000,868.135900,421.968700,870.791700,421.108700,2.791598,877.754600,418.139300,863.828900,424.078000,877.754600,404.133900,863.828900,413.207900,4.292792,0.357620,-1.484554,4.041356,0.277563,-1.636196,4.119121,-1.582335,234.736300,0.754400,-0.292848,0,1,16.500740,0.005304,0.000000,0.133375,1,8,3,4,4
294,18.544410,0.057081,father,5,2,4.519729,2.000000,746.522100,525.050800,746.404700,524.979900,0.137187,739.308200,527.660000,753.501000,522.299800,739.308200,517.980000,753.501000,513.435100,1.793066,0.247172,-4.281100,2.049323,0.226357,-4.144232,1.923315,-4.214476,54.740450,0.649620,-0.288258,0,0,16.417430,0.007081,0.000000,0.120839,5,5,3,6,4
294,18.544410,0.057081,mother,9,10,9.406297,10.000000,614.901000,252.659500,616.718200,251.802500,2.009117,611.515100,253.456100,621.921300,250.149000,611.515100,244.488500,621.921300,240.695900,-0.514311,0.228983,2.720534,-0.326422,0.241379,2.804980,-0.453176,2.740875,54.740440,0.507822,-0.202169,1,0,16.304700,0.007081,0.000098,0.128830,5,11,10,5,4
294,18.544410,0.057081,older_sister,1,9,1.218194,9.000000,311.022400,446.873900,308.286600,448.375400,3.120745,300.659100,452.492900,315.914000,444.257800,300.659100,441.117100,315.914000,432.476800,-6.126988,0.290475,-2.361754,-5.851553,0.300823,-2.151476,-5.939874,-2.218276,234.735000,0.041307,0.346296,0,0,16.728840,0.007081,0.000205,0.143311,1,1,10,5,4
294,18.544410,0.057081,player,8,3,8.342903,2.999999,865.872500,423.100500,867.873400,422.407300,2.117583,871.831100,420.792400,863.915600,424.022300,871.831100,405.663700,863.915600,412.989800,4.185840,0.386302,-1.552299,4.042921,0.281708,-1.634773,4.078253,-1.611235,234.733300,0.821325,-0.164309,0,1,16.553950,0.006424,0.000110,0.129756,1,8,3,4,4
295,18.656420,0.112220,father,5,2,4.600227,2.000000,749.925200,523.349100,747.858200,524.131000,2.209968,742.015700,526.050800,753.700500,522.211200,742.015700,514.948900,753.700500,513.306500,1.841952,0.283481,-4.240010,2.052925,0.227379,-4.141970,1.984760,-4.171023,54.732320,0.750242,-0.228860,0,1,16.497430,0.030000,0.000220,0.120839,5,5,3,6,4
295,18.656420,0.112220,mother,9,10,9.486795,10.000000,618.304100,250.957700,619.236000,250.444700,1.063764,612.204700,253.092400,626.267400,247.797100,612.204700,243.796000,626.267400,238.848700,-0.501861,0.237377,2.729821,-0.247950,0.228493,2.865034,-0.391732,2.784329,54.731740,0.608446,-0.285380,0,0,16.384700,0.030000,0.000259,0.128830,5,11,10,5,4
295,18.656420,0.112220,older_sister,1,9,1.137695,9.000000,307.619300,448.575400,307.418000,448.477000,0.224039,299.817100,452.551200,315.018900,444.402700,299.817100,441.643300,315.018900,431.854100,-6.142191,0.278525,-2.363241,-5.867714,0.320423,-2.155175,-6.001318,-2.261721,234.737100,0.141932,0.344237,0,0,16.808840,0.030000,0.000273,0.143311,1,1,10,5,4
295,18.656420,0.112220,player,8,3,8.276980,2.999999,863.085600,424.493600,862.831700,424.737900,0.352325,861.864000,425.428300,863.799200,424.047400,861.864000,411.846600,863.799200,412.740300,4.005878,0.346801,-1.670676,4.040819,0.288721,-1.635415,4.027934,-1.646807,234.742900,0.903729,0.048886,0,1,16.619460,0.023179,0.000220,0.129756,1,8,3,4,4
296,18.704380,0.048939,father,5,2,4.680726,2.000000,753.328200,521.647600,752.249100,522.134200,1.183728,749.974200,522.417200,754.524000,521.851100,749.974200,510.602200,754.524000,512.746200,1.985646,0.301690,-4.147230,2.067795,0.232488,-4.132772,2.046204,-4.127577,54.737060,0.850866,-0.075422,0,1,16.577430,0.030000,0.000193,0.120839,5,5,3,6,4
296,18.704380,0.048939,mother,10,10,9.567293,10.000000,621.707200,249.256300,620.111600,249.836800,1.697973,613.454200,252.225200,626.768900,247.448500,613.454200,241.857700,626.768900,238.587200,-0.479299,0.264727,2.751965,-0.238896,0.226267,2.873935,-0.330286,2.827775,54.737850,0.709068,-0.266709,0,1,16.464700,0.030000,0.000150,0.128830,5,11,10,5,4
296,18.704380,0.048939,older_sister,1,9,1.057197,9.000000,304.216200,450.277200,306.491300,448.782400,2.722220,300.714700,452.132600,312.267900,445.432300,300.714700,441.128100,312.267900,431.361600,-6.125984,0.280995,-2.352554,-5.917385,0.359287,-2.181464,-6.062763,-2.305175,234.732100,0.242554,0.269101,1,0,16.888840,0.030000,0.000068,0.143311,1,1,10,5,4
296,18.704380,0.048939,player,8,3,8.222281,3.000000,860.773100,425.649900,857.893400,427.314800,3.326322,852.090100,430.551500,863.696600,424.078100,852.090100,418.626700,863.696600,412.568200,3.829404,0.304492,-1.801492,4.038967,0.293899,-1.636197,3.986181,-1.676333,234.733900,0.972103,0.266541,0,1,16.673820,0.019029,0.000164,0.129756,1,8,3,4,4
297,18.746540,0.045258,father,5,2,4.727431,2.000000,755.302700,520.660400,755.635900,520.470500,0.383445,756.208600,519.347300,755.063000,521.593700,756.208600,508.805500,755.063000,512.391000,2.098211,0.269179,-4.068841,2.077527,0.234986,-4.126202,2.081855,-4.102370,54.737390,0.909248,0.050005,0,1,16.623850,0.046417,0.000136,0.120839,5,5,3,6,4
297,18.746540,0.045258,mother,10,10,9.613998,10.000000,623.681700,248.269000,621.586500,249.056800,2.238352,616.205300,250.728700,626.967800,247.384900,616.205300,239.347500,626.967800,238.459500,-0.429627,0.290613,2.790176,-0.235303,0.227906,2.875559,-0.294636,2.852982,54.736860,0.767450,-0.207961,0,1,16.511110,0.046417,0.000136,0.128830,5,11,10,5,4
297,18.746540,0.045258,older_sister,1,9,1.010491,9.000000,302.241700,451.264300,304.423800,449.850500,2.600109,300.504900,452.225400,308.342700,447.475700,300.504900,441.186700,308.342700,432.204400,-6.129771,0.281865,-2.354922,-5.988257,0.389944,-2.233642,-6.098413,-2.330382,234.737000,0.300938,0.185566,1,0,16.935260,0.046417,0.000136,0.143311,1,1,10,5,4
297,18.746540,0.045258,player,8,3,8.195309,3.000000,859.632900,426.220000,856.168900,428.211500,3.995630,848.678000,432.316700,863.660000,424.106400,848.678000,420.511000,863.660000,412.466500,3.767797,0.301451,-1.846564,4.038306,0.297219,-1.636921,3.965594,-1.690890,234.735300,0.005817,0.341907,0,1,16.700630,0.026805,0.000193,0.129756,1,8,3,4,4
298,18.790750,0.044701,father,5,2,4.772411,2.000000,757.204300,519.709700,759.289900,518.565600,2.378748,762.927100,515.822300,755.652700,521.308800,762.927100,506.219400,755.652700,512.020300,2.219517,0.245207,-3.978833,2.088174,0.237180,-4.118928,2.116189,-4.078094,54.736570,0.965473,0.188125,0,1,16.668550,0.044701,0.000086,0.120839,5,5,3,6,4
298,18.790750,0.044701,mother,10,10,9.658978,10.000000,625.583300,247.318300,623.978000,248.005200,1.746020,620.545500,248.819900,627.410500,247.190500,620.545500,236.791200,627.410500,238.154800,-0.351261,0.307148,2.838915,-0.227310,0.230722,2.880522,-0.260302,2.877259,54.736690,0.823675,-0.125228,0,1,16.555810,0.044701,0.000098,0.128830,5,11,10,5,4
298,18.790750,0.044701,older_sister,1,9,1.000000,9.000000,301.798200,451.486000,303.933900,450.143600,2.522553,300.464800,452.258500,307.403000,448.028600,300.464800,441.197800,307.403000,432.600800,-6.130497,0.282430,-2.355769,-6.005223,0.393941,-2.247760,-6.106421,-2.336044,234.738900,0.314051,0.164644,1,0,16.945690,0.010426,0.000205,0.143311,1,1,10,5,4
298,18.790750,0.044701,player,8,3,8.172020,3.000000,858.648400,426.712400,855.780900,428.310200,3.282553,848.190100,432.426500,863.371800,424.194000,848.190100,420.975400,863.371800,412.438500,3.758987,0.292396,-1.849369,4.033103,0.300168,-1.639157,3.947818,-1.703463,234.728100,0.034927,0.345182,0,0,16.723770,0.023145,0.000061,0.129756,1,8,3,4,4
299,18.837170,0.045673,father,5,2,4.818369,2.000000,759.147200,518.738200,761.621800,517.401200,2.812631,766.914000,513.820900,756.329500,520.981500,766.914000,504.367200,756.329500,511.549200,2.291503,0.241394,-3.927727,2.100394,0.240847,-4.110569,2.151269,-4.053286,54.733420,0.022919,0.261605,0,1,16.714220,0.045673,0.000136,0.120839,5,5,3,6,4
299,18.837170,0.045673,mother,10,10,9.704936,10.000000,627.526100,246.346800,627.135600,246.516700,0.425847,626.274100,246.108200,627.997100,246.925200,626.274100,234.889300,627.997100,237.763600,-0.247829,0.286469,2.908158,-0.216719,0.233934,2.887299,-0.225223,2.902066,54.733400,0.881123,-0.013357,0,1,16.601490,0.045673,0.000150,0.128830,5,11,10,5,4
299,18.837170,0.045673,older_sister,1,9,1.000000,9.035971,300.277500,450.725900,302.331700,450.160100,2.130681,300.172600,450.879000,304.490800,449.441100,300.172600,439.723800,304.490800,434.088900,-6.135773,0.284844,-2.320544,-6.057804,0.392009,-2.283827,-6.133878,-2.316634,252.631900,0.359013,0.085374,1,0,16.981430,0.035748,0.000031,0.143311,3,1,10,5,4
299,18.837170,0.045673,player,8,3,8.150685,3.000000,857.746500,427.163400,855.440100,428.354900,2.595930,847.714800,432.483900,863.165500,424.226000,847.714800,421.313100,863.165500,412.343500,3.750406,0.285240,-1.850834,4.029377,0.303410,-1.639973,3.931533,-1.714980,234.732500,0.061594,0.349520,0,0,16.744970,0.021202,0.000000,0.129756,1,8,3,4,4
300,18.881160,0.044272,father,5,2,4.862916,2.000000,761.030400,517.796400,762.583900,517.098100,1.703230,768.064500,513.510700,757.103300,520.685500,768.064500,504.556900,757.103300,511.015700,2.312274,0.228630,-3.919807,2.114366,0.246914,-4.103013,2.185272,-4.029238,54.730830,0.078604,0.267368,0,0,16.758500,0.044272,0.000273,0.131203,5,5,3,6,4
300,18.881160,0.044272,mother,10,10,9.749484,10.000000,629.409300,245.405000,630.575900,244.771200,1.327683,632.644100,242.873700,628.507800,246.668700,632.644100,232.920200,628.507800,237.427600,-0.132815,0.254159,2.990749,-0.207497,0.235967,2.893845,-0.191221,2.926113,54.730130,0.936806,0.116928,0,1,16.645760,0.044272,0.000315,0.131238,5,11,10,5,4
300,18.881160,0.044272,older_sister,1,9,1.000000,9.080443,298.397500,449.785500,298.864300,449.741400,0.468936,300.031200,449.937500,297.697500,449.545200,300.031200,438.688100,297.697500,435.867000,-6.138326,0.287247,-2.296503,-6.180462,0.349264,-2.286485,-6.167824,-2.292621,269.975800,0.414602,-0.042131,1,0,17.025630,0.044197,0.000341,0.136938,3,1,10,5,4
300,18.881160,0.044272,player,8,3,8.132038,2.999999,856.958100,427.557400,855.176400,428.386600,1.965206,847.377400,432.522700,862.975400,424.250500,847.377400,421.516800,862.975400,412.213400,3.744314,0.281031,-1.851826,4.025944,0.307362,-1.640601,3.917299,-1.725040,234.750100,0.084904,0.351898,0,0,16.763500,0.018532,0.000220,0.135049,1,8,3,4,4
301,18.976580,0.092300,father,5,2,4.943414,2.000000,764.433500,516.095000,763.816200,516.623300,0.812530,768.887000,513.162300,758.745200,520.084200,768.887000,504.376200,758.745200,509.502100,2.327127,0.224347,-3.910910,2.144011,0.270207,-4.087657,2.246716,-3.985797,54.739630,0.179226,0.251557,1,0,16.838500,0.030000,0.000086,0.131203,5,5,3,6,4
301,18.976580,0.092300,mother,10,10,9.829983,10.000000,632.812400,243.703700,635.056700,242.526400,2.534332,640.400900,238.946800,629.712500,246.105900,640.400900,229.651200,629.712500,236.628600,0.007238,0.237359,3.091019,-0.185747,0.241996,2.908218,-0.129776,2.969555,54.739910,0.037430,0.263109,0,0,16.725760,0.030000,0.000123,0.131238,5,11,10,5,4
301,18.976580,0.092300,older_sister,1,9,1.000000,9.160941,294.994400,448.084200,292.791600,446.780300,2.559686,299.125400,450.368700,286.457900,443.191900,299.125400,438.987000,286.457900,431.629800,-6.154681,0.290626,-2.307513,-6.383399,0.295232,-2.124258,-6.229269,-2.249179,305.260400,0.515226,-0.292549,1,0,17.105630,0.030000,0.000136,0.136938,3,1,10,5,4
301,18.976580,0.092300,player,8,3,8.102378,3.000000,855.704200,428.184200,854.870100,428.412000,0.864641,847.092800,432.515300,862.647700,424.308700,847.092800,421.617400,862.647700,411.967600,3.739174,0.278271,-1.851636,4.020027,0.315123,-1.642087,3.894659,-1.741046,234.739300,0.121979,0.350299,0,0,16.792980,0.010427,0.000273,0.135049,1,8,3,4,4
302,19.024200,0.048278,father,5,2,5.000000,2.000000,766.825700,514.898700,765.040600,516.027000,2.111780,769.031500,513.044000,761.049700,519.010100,769.031500,504.182700,761.049700,507.259300,2.329735,0.226269,-3.907890,2.185618,0.300047,-4.060229,2.289909,-3.955249,54.729900,0.249960,0.205628,1,0,16.894730,0.006235,0.000273,0.131203,5,5,3,6,4
302,19.024200,0.048278,mother,10,10,9.890938,10.000000,635.389300,242.415200,636.274000,242.143400,0.925453,641.794100,238.569200,630.753800,245.717600,641.794100,229.754200,630.753800,235.805800,0.032393,0.225088,3.100661,-0.166944,0.253093,2.918132,-0.083248,3.002458,54.733080,0.113623,0.268143,0,0,16.786340,0.010578,0.000150,0.131238,5,11,10,5,4
302,19.024200,0.048278,older_sister,1,9,1.000000,9.221897,292.417500,446.795700,290.869500,445.894500,1.791157,299.261400,450.454300,282.477700,441.334800,299.261400,438.746700,282.477700,430.349600,-6.152225,0.298945,-2.309698,-6.455264,0.280501,-2.076838,-6.275795,-2.216277,305.266600,0.591419,-0.381873,0,0,17.166210,0.010578,0.000205,0.136938,3,1,10,5,4
302,19.024200,0.048278,player,8,3,8.082591,2.999999,854.867700,428.602500,854.808800,428.425400,0.186699,847.259400,432.487600,862.358300,424.363100,847.259400,421.577800,862.358300,411.760600,3.742183,0.278577,-1.850931,4.014802,0.321797,-1.643474,3.879556,-1.751727,234.732800,0.146711,0.342368,0,0,16.812640,0.003248,0.000246,0.135049,1,8,3,4,4
303,19.070440,0.048257,father,5,2,5.000000,2.009373,766.429400,514.700900,765.665400,516.301500,1.773537,766.930200,512.520000,764.400700,520.082900,766.930200,503.658300,764.400700,508.120000,2.291795,0.226278,-3.894508,2.246124,0.305466,-4.087625,2.282754,-3.950198,25.370600,0.261677,0.194061,1,0,16.904050,0.009315,0.000000,0.131203,3,5,3,6,4
303,19.070440,0.048257,mother,10,10,9.939495,10.000000,637.442100,241.388700,636.931600,241.857400,0.692979,642.055400,238.379100,631.807900,245.335600,642.055400,229.595600,631.807900,234.807200,0.037112,0.224283,3.105516,-0.147914,0.268836,2.927886,-0.046184,3.028668,54.734050,0.174318,0.253629,1,0,16.834590,0.048257,0.000246,0.131238,5,11,10,5,4
303,19.070440,0.048257,older_sister,1,9,1.000000,9.270454,290.364700,445.769200,290.442400,445.954300,0.200780,299.036300,450.553300,281.848400,441.355300,299.036300,438.235100,281.848400,430.514000,-6.156288,0.314537,-2.312227,-6.466626,0.276826,-2.077360,-6.312860,-2.190066,305.267000,0.652115,-0.388991,0,1,17.214460,0.048257,0.000273,0.136938,3,1,10,5,4
303,19.070440,0.048257,player,8,3,8.068068,2.999999,854.253800,428.909700,854.714700,428.433000,0.663114,847.394200,432.433300,862.035300,424.432700,847.394200,421.514000,862.035300,411.617200,3.744617,0.278817,-1.849543,4.008971,0.327236,-1.645252,3.868471,-1.759570,234.717700,0.164866,0.333795,1,0,16.827080,0.014433,0.000061,0.135049,1,8,3,4,4
304,19.116370,0.045445,father,5,2,5.000000,2.035339,765.331700,514.151700,765.635100,515.804300,1.680198,764.354200,512.720800,766.916000,518.887800,764.354200,503.849500,766.916000,506.411400,2.245283,0.226523,-3.899637,2.291539,0.318578,-4.057108,2.262934,-3.936175,357.722000,0.294132,0.159185,1,0,16.929850,0.025805,0.000273,0.131203,3,5,3,6,4
304,19.116370,0.045445,mother,10,10,9.985223,10.000000,639.375200,240.422300,637.720000,241.486300,1.967744,642.072700,238.331400,633.367200,244.641200,642.072700,229.479300,633.367200,233.258000,0.037423,0.226032,3.106735,-0.119758,0.290662,2.945618,-0.011281,3.053345,54.738870,0.231478,0.221357,1,0,16.880040,0.045445,0.000150,0.131238,5,11,10,5,4
304,19.116370,0.045445,older_sister,1,9,1.000001,9.316183,288.431500,444.802700,290.061900,445.965800,2.002736,297.808400,450.242100,282.315300,441.689600,297.808400,437.217300,282.315300,430.855400,-6.178459,0.332580,-2.304280,-6.458196,0.276644,-2.085897,-6.347764,-2.165389,305.259700,0.709274,-0.354486,0,1,17.259910,0.045445,0.000164,0.136938,3,1,10,5,4
304,19.116370,0.045445,player,8,3,8.055197,2.999999,853.709600,429.181600,854.613200,428.442300,1.167485,847.541000,432.360900,861.685200,424.523600,847.541000,421.427000,861.685200,411.528100,3.747268,0.279190,-1.847694,4.002651,0.331833,-1.647573,3.858645,-1.766513,234.757800,0.180956,0.324052,1,0,16.839870,0.012792,0.000246,0.135049,1,8,3,4,4
305,19.175070,0.054497,father,5,2,5.000000,2.086233,763.180200,513.076100,764.208700,514.056400,1.420838,762.179000,513.254200,766.238400,514.858600,762.179000,504.311900,766.238400,502.297800,2.206009,0.228335,-3.913255,2.279305,0.320733,-3.954225,2.224086,-3.908709,324.565900,0.357750,0.075875,1,0,16.980430,0.004497,0.000136,0.131203,3,5,3,6,4
305,19.175070,0.054497,mother,10,10,10.040060,10.000000,641.693500,239.263100,639.905400,240.322100,2.078167,642.719000,237.969000,637.091800,242.675400,642.719000,229.092800,637.091800,230.127300,0.049093,0.226646,3.115989,-0.052509,0.320407,2.995814,0.030577,3.082943,54.735650,0.300022,0.152340,1,0,16.934530,0.004497,0.000179,0.131238,5,11,10,5,4
305,19.175070,0.054497,older_sister,1,9,1.000001,9.371020,286.113300,443.643600,288.051200,445.099000,2.423609,293.384700,448.285600,282.717800,441.912500,293.384700,433.805500,282.717800,431.002700,-6.258332,0.369740,-2.254321,-6.450929,0.278575,-2.091588,-6.389621,-2.135790,305.265600,0.777821,-0.251209,0,1,17.314410,0.004497,0.000164,0.136938,3,1,10,5,4
305,19.175070,0.054497,player,8,3,8.040559,2.999999,853.090800,429.491100,854.461100,428.468200,1.709983,847.731300,432.271100,861.190700,424.665200,847.731300,421.313400,861.190700,411.459900,3.750705,0.279799,-1.845401,3.993721,0.337191,-1.651190,3.847473,-1.774417,234.718800,0.199253,0.310556,1,0,16.854420,0.001160,0.000086,0.135049,1,8,3,4,4
306,19.230140,0.054839,father,5,2,5.000000,2.141413,760.847400,511.909600,760.773700,511.906100,0.073817,761.309100,513.010900,760.238300,510.801200,761.309100,504.045100,760.238300,500.106100,2.190303,0.228937,-3.907044,2.170970,0.273092,-3.850621,2.181967,-3.878924,305.266100,0.426725,-0.048362,1,0,17.035270,0.004839,0.000246,0.128909,3,5,3,6,4
306,19.230140,0.054839,mother,10,10,10.095240,10.000000,644.026200,238.096600,642.802600,238.718300,1.372500,643.551700,237.492000,642.053300,239.944600,643.551700,228.539900,642.053300,227.593900,0.064129,0.228585,3.128169,0.037075,0.315368,3.065542,0.072696,3.112729,54.732460,0.368998,0.058249,1,0,16.989370,0.004839,0.000273,0.128571,5,11,10,5,4
306,19.230140,0.054839,older_sister,1,9,1.000001,9.426201,283.780500,442.477100,284.924500,443.247100,1.378935,287.129600,444.620300,282.719300,441.873800,287.129600,429.613500,282.719300,430.744800,-6.371271,0.383189,-2.160731,-6.450901,0.284174,-2.090601,-6.431741,-2.106005,305.266100,0.846794,-0.105508,0,1,17.369240,0.004839,0.000246,0.132140,3,1,10,5,4
306,19.230140,0.054839,player,8,3,8.000000,3.000000,851.376100,430.348500,853.643100,428.840800,2.722583,848.089600,432.089300,859.196500,425.592300,848.089600,421.082000,859.196500,411.343800,3.757173,0.281065,-1.840760,3.957714,0.363825,-1.674861,3.816513,-1.796309,234.735200,0.249952,0.259523,0,0,16.894730,0.000000,0.000061,0.131027,1,-1,-1,4,4
307,19.352780,0.124371,father,5,2,5.000000,2.221912,757.444300,510.208300,755.483600,509.149000,2.228562,760.098200,512.432500,750.869100,505.865600,760.098200,503.454300,750.869100,496.481700,2.168439,0.229252,-3.892275,2.001803,0.239612,-3.724592,2.120522,-3.835483,305.260500,0.527348,-0.232866,1,0,17.115270,0.030000,0.000031,0.128909,3,5,3,6,4
307,19.352780,0.124371,mother,10,10,10.175740,10.000000,647.429300,236.395200,648.520300,235.838100,1.224969,644.904200,236.768500,652.136300,234.907700,644.904200,227.795900,652.136300,225.167800,0.088549,0.229110,3.146642,0.219128,0.248704,3.194156,0.134141,3.156174,54.737240,0.469620,-0.134050,1,0,17.069370,0.030000,0.000164,0.128571,5,11,10,5,4
307,19.352780,0.124371,older_sister,1,10,1.000000,9.506700,280.377400,440.775600,278.212600,439.872300,2.345647,273.805400,437.938400,282.619900,441.806300,273.805400,425.582100,282.619900,430.379600,-6.611847,0.315510,-1.990112,-6.452695,0.291774,-2.088876,-6.493186,-2.062560,305.262500,0.947416,0.186969,0,1,17.449240,0.030000,0.000164,0.132140,3,1,10,5,4
307,19.352780,0.124371,player,8,3,8.000000,3.000000,851.376100,430.348500,853.643100,428.840800,2.722583,848.089600,432.089300,859.196500,425.592300,848.089600,421.082000,859.196500,411.343800,3.757173,0.281065,-1.840760,3.957714,0.363825,-1.674861,3.816513,-1.796309,234.735200,0.249952,0.259523,0,0,16.894730,0.000000,0.000061,0.131027,1,-1,-1,4,4
308,19.404120,0.052480,father,5,2,5.000000,2.302410,754.041200,508.506700,753.463100,508.307000,0.611656,759.415200,512.141300,747.510900,504.472600,759.415200,502.682700,747.510900,495.561300,2.156108,0.241519,-3.884840,1.941168,0.227544,-3.689024,2.059078,-3.792032,305.265700,0.627972,-0.288553,0,0,17.195270,0.030000,0.000110,0.128909,3,5,3,6,4
308,19.404120,0.052480,mother,10,10,10.256240,10.000000,650.832500,234.693800,652.841300,233.769500,2.211260,645.852100,236.287200,659.830600,231.251700,645.852100,227.199500,659.830600,222.043400,0.105664,0.232050,3.158930,0.358052,0.235131,3.287509,0.195586,3.199620,54.736940,0.570244,-0.280310,0,0,17.149370,0.030000,0.000098,0.128571,5,11,10,5,4
308,19.404120,0.052480,older_sister,1,10,1.000000,9.586765,276.992600,439.083300,274.247000,437.815100,3.024328,266.200400,434.081900,282.293500,441.548200,266.200400,422.774200,282.293500,429.739300,-6.749159,0.288737,-1.891640,-6.458589,0.301534,-2.082287,-6.554301,-2.019347,305.263100,0.047501,0.347320,0,0,17.528810,0.029570,0.000068,0.132140,3,1,10,5,4
308,19.404120,0.052480,player,8,3,8.000000,3.000000,851.376100,430.348500,853.643100,428.840800,2.722583,848.089600,432.089300,859.196500,425.592300,848.089600,421.082000,859.196500,411.343800,3.757173,0.281065,-1.840760,3.957714,0.363825,-1.674861,3.816513,-1.796309,234.735200,0.249952,0.259523,0,0,16.894730,0.000000,0.000061,0.131027,1,-1,-1,4,4
309,19.452650,0.049432,father,5,2,5.000000,2.369106,751.221600,507.096700,752.570500,507.988900,1.617254,757.934600,511.614800,747.206300,504.363000,757.934600,501.218000,747.206300,495.498500,2.129375,0.265475,-3.871396,1.935669,0.226349,-3.686226,2.008168,-3.756030,305.267700,0.711340,-0.265070,0,1,17.261550,0.016283,0.000273,0.128909,3,5,3,6,4
309,19.452650,0.049432,mother,10,10,10.322930,10.000000,653.652000,233.283800,653.426000,233.259600,0.227307,646.336400,235.934000,660.515600,230.585200,646.336400,226.208700,660.515600,221.727100,0.114408,0.248329,3.167952,0.370421,0.226187,3.304529,0.246495,3.235623,54.732410,0.653612,-0.287885,0,1,17.215650,0.016283,0.000259,0.128571,5,11,10,5,4
309,19.452650,0.049432,older_sister,1,10,1.000000,9.649800,274.327700,437.750900,273.884500,437.336200,0.606972,265.837200,433.537100,281.931800,441.135300,265.837200,422.639600,281.931800,428.751700,-6.755717,0.278262,-1.877727,-6.465121,0.316208,-2.071744,-6.602416,-1.985324,305.265500,0.126291,0.349287,0,0,17.591460,0.014743,0.000110,0.132140,3,1,10,5,4
309,19.452650,0.049432,player,8,3,8.000000,3.000000,851.376100,430.348500,853.643100,428.840800,2.722583,848.089600,432.089300,859.196500,425.592300,848.089600,421.082000,859.196500,411.343800,3.757173,0.281065,-1.840760,3.957714,0.363825,-1.674861,3.816513,-1.796309,234.735200,0.249952,0.259523,0,0,16.894730,0.000000,0.000061,0.131027,1,-1,-1,4,4
310,19.496710,0.045662,father,5,2,5.000000,2.415053,749.279200,506.125700,751.027500,507.258200,2.083082,755.013100,510.268600,747.041900,504.247900,755.013100,498.866600,747.041900,495.320800,2.076626,0.291146,-3.837023,1.932701,0.227948,-3.683285,1.973098,-3.731234,305.261100,0.768772,-0.206272,0,1,17.307210,0.045662,0.000136,0.128909,3,5,3,6,4
310,19.496710,0.045662,mother,10,10,10.368880,10.000000,655.594500,232.312700,653.960800,232.911800,1.740072,647.333500,235.281900,660.588100,230.541700,647.333500,224.889000,660.588100,221.677700,0.132411,0.265375,3.184602,0.371729,0.226339,3.305638,0.281567,3.260418,54.740540,0.711044,-0.265286,0,1,17.261320,0.045662,0.000150,0.128571,5,11,10,5,4
310,19.496710,0.045662,older_sister,1,10,1.000000,9.689325,272.656800,436.915300,273.782000,437.204600,1.161774,266.132200,433.748700,281.431900,440.660400,266.132200,422.820100,281.431900,427.722400,-6.750391,0.279056,-1.883132,-6.474147,0.330366,-2.059618,-6.632585,-1.963988,305.267900,0.175697,0.327445,1,0,17.630740,0.039280,0.000205,0.132140,3,1,10,5,4
310,19.496710,0.045662,player,8,3,8.000000,3.000000,851.376100,430.348500,853.643100,428.840800,2.722583,848.089600,432.089300,859.196500,425.592300,848.089600,421.082000,859.196500,411.343800,3.757173,0.281065,-1.840760,3.957714,0.363825,-1.674861,3.816513,-1.796309,234.735200,0.249952,0.259523,0,0,16.894730,0.000000,0.000061,0.131027,1,7,3,2,4
311,19.540700,0.043864,father,5,2,5.000000,2.459190,747.413300,505.192900,748.861700,506.031600,1.673694,751.082800,508.042500,746.640600,504.020700,751.082800,496.012800,746.640600,494.984300,2.005662,0.307170,-3.780179,1.925454,0.230740,-3.677485,1.939407,-3.707416,305.259800,0.823944,-0.124777,0,1,17.351080,0.043864,0.000000,0.128909,3,5,3,6,4
311,19.540700,0.043864,mother,10,10,10.413020,10.000000,657.460400,231.379700,655.363800,232.167300,2.239596,649.947000,233.856700,660.780600,230.477900,649.947000,222.495000,660.780600,221.554000,0.179598,0.290113,3.220994,0.375207,0.227866,3.307270,0.315257,3.284241,54.734590,0.766216,-0.209525,0,1,17.305180,0.043864,0.000136,0.128571,5,11,10,5,4
311,19.540700,0.043864,older_sister,1,10,1.000000,9.724107,271.186400,436.180300,273.524400,436.976800,2.469918,266.582200,433.973800,280.466500,439.979900,266.582200,422.988600,280.466500,426.469200,-6.742265,0.280499,-1.888878,-6.491577,0.344986,-2.042239,-6.659134,-1.945220,305.256500,0.219175,0.293232,1,0,17.665300,0.034566,0.000043,0.132140,3,1,10,5,4
311,19.540700,0.043864,player,8,3,7.992256,3.000000,851.048700,430.512300,853.274000,429.002900,2.688912,848.026400,432.110900,858.521700,425.895000,848.026400,421.100200,858.521700,411.419700,3.756032,0.281153,-1.841311,3.945531,0.369617,-1.682591,3.810602,-1.800490,234.727300,0.259632,0.246365,1,0,16.902420,0.007696,0.000031,0.131027,1,7,3,2,4
312,19.581500,0.041147,father,5,3,5.000000,2.500594,745.663000,504.317400,746.144400,504.586700,0.551668,746.147200,505.429400,746.141600,503.744100,746.147200,494.090400,746.141600,494.591400,1.916548,0.289534,-3.713455,1.916446,0.233707,-3.670421,1.907804,-3.685061,305.273400,0.875698,-0.024934,0,1,17.392220,0.041147,0.000273,0.129084,3,5,3,6,4
312,19.581500,0.041147,mother,10,10,10.454420,10.000000,659.210800,230.504400,657.523700,231.210800,1.829001,653.865100,232.119200,661.182300,230.302400,653.865100,220.119000,661.182300,221.282300,0.250341,0.306417,3.265359,0.382458,0.230324,3.311749,0.346861,3.306592,54.731760,0.817970,-0.134653,0,1,17.346330,0.041147,0.000273,0.120728,5,11,10,5,4
312,19.581500,0.041147,older_sister,1,10,1.000000,9.753500,269.943800,435.558800,272.702300,436.548800,2.930735,266.697400,434.025700,278.707200,439.072000,266.697400,423.016200,278.707200,424.681800,-6.740186,0.281119,-1.890203,-6.523343,0.367445,-2.019058,-6.681570,-1.929351,305.273300,0.255917,0.251442,1,0,17.694520,0.029211,0.000205,0.131078,3,1,10,5,4
312,19.581500,0.041147,player,8,3,7.970912,3.000000,850.146400,430.963400,852.350300,429.490200,2.650994,847.953100,432.144700,856.747500,426.835600,847.953100,421.123600,856.747500,411.807700,3.754709,0.281420,-1.842175,3.913497,0.383729,-1.706609,3.794310,-1.812011,234.735000,0.286312,0.207919,1,0,16.923630,0.021212,0.000000,0.131318,1,7,3,2,4
313,19.674420,0.089584,father,5,3,5.000000,2.580776,742.273300,502.622700,739.748800,501.474700,2.773247,734.315300,499.698500,745.182200,503.250900,734.315300,490.135200,745.182200,493.941300,1.702916,0.244193,-3.567120,1.899122,0.237714,-3.657827,1.846600,-3.641787,305.262300,0.975925,0.212573,0,1,17.471910,0.029686,0.000136,0.129084,3,5,3,6,4
313,19.674420,0.089584,mother,11,10,10.534920,10.000000,662.613800,228.803000,663.213500,228.476100,0.682994,664.288100,227.099500,662.138800,229.852600,664.288100,216.781600,662.138800,220.636600,0.438536,0.263462,3.393533,0.399728,0.235324,3.323236,0.408305,3.350037,54.737230,0.918593,0.072271,0,1,17.426330,0.030000,0.000179,0.120728,5,11,10,5,4
313,19.674420,0.089584,older_sister,1,10,1.000000,9.802738,267.862300,434.518000,270.331500,435.490100,2.653752,266.485400,433.939700,274.177600,437.040600,266.485400,422.872000,274.177600,421.582800,-6.744012,0.282608,-1.888009,-6.605126,0.394706,-1.967187,-6.719153,-1.902774,305.266100,0.317463,0.159113,1,0,17.743450,0.017046,0.000246,0.131078,3,1,10,5,4
313,19.674420,0.089584,player,8,3,7.896850,3.000000,847.015400,432.528700,848.338700,431.779400,1.520702,847.514600,432.448600,849.162900,431.110100,847.514600,421.259400,849.162900,416.249300,3.746791,0.285712,-1.849935,3.776552,0.379463,-1.815757,3.737779,-1.851978,234.740200,0.378891,0.044031,1,0,16.997240,0.030000,0.000246,0.131318,1,7,3,2,4
314,19.720660,0.047194,father,5,3,5.000000,2.635693,739.951700,501.462000,737.780800,500.407600,2.413418,731.216200,498.019300,744.345200,502.796000,731.216200,488.797900,744.345200,493.294000,1.646959,0.235463,-3.524241,1.884012,0.242627,-3.646213,1.804682,-3.612151,305.260500,0.044571,0.263976,0,0,17.526490,0.006348,0.000000,0.129084,3,5,3,6,4
314,19.720660,0.047194,mother,11,10,10.591710,9.999999,665.014600,227.602600,667.682200,226.136800,3.043780,672.501000,222.777300,662.863300,229.496400,672.501000,213.158100,662.863300,220.156300,0.586824,0.245621,3.503899,0.412810,0.238493,3.332331,0.451652,3.380688,54.734910,0.989580,0.241137,0,1,17.482770,0.006590,0.000179,0.120728,5,11,10,5,4
314,19.720660,0.047194,older_sister,1,10,1.000000,9.832176,266.617800,433.895900,268.590700,434.739300,2.145632,266.256200,433.863300,270.925200,435.615400,266.256200,422.717200,270.925200,420.194600,-6.748152,0.284610,-1.886056,-6.663851,0.393760,-1.930795,-6.741623,-1.886889,305.257500,0.354260,0.094663,1,0,17.772700,0.003319,0.000136,0.131078,3,1,10,5,4
314,19.720660,0.047194,player,8,3,7.839718,3.000000,844.600200,433.736300,843.720100,434.108300,0.955438,847.035800,432.723600,840.404400,435.493000,847.035800,421.414800,840.404400,423.052200,3.738146,0.288765,-1.856955,3.618413,0.317666,-1.927669,3.694169,-1.882816,234.734400,0.450306,-0.138588,1,0,17.054020,0.006778,0.000246,0.131318,1,7,3,2,4
315,19.765870,0.047695,father,5,3,5.000000,2.678199,738.154700,500.563400,737.128300,499.921000,1.210859,730.511400,497.441800,743.745200,502.400100,730.511400,488.576400,743.745200,492.602500,1.634232,0.226372,-3.509497,1.873178,0.250177,-3.636105,1.772237,-3.589205,305.268300,0.097702,0.268194,0,0,17.568730,0.042243,0.000136,0.129084,3,5,3,6,4
315,19.765870,0.047695,mother,11,10,10.637360,9.999999,666.944500,226.637800,669.040500,225.565900,2.354246,674.421800,221.986100,663.659300,229.145800,674.421800,212.784800,663.659300,219.635900,0.621504,0.234948,3.524103,0.427182,0.242830,3.341282,0.486497,3.405324,54.739490,0.046640,0.264212,0,0,17.528130,0.045366,0.000046,0.120728,5,11,10,5,4
315,19.765870,0.047695,older_sister,1,10,1.000000,9.853852,265.701400,433.437600,267.080400,434.043600,1.506253,266.038300,433.777200,268.122400,434.310100,266.038300,422.583600,268.122400,419.518800,-6.752086,0.285820,-1.883858,-6.714457,0.377687,-1.897466,-6.758169,-1.875186,305.272500,0.381355,0.038579,1,0,17.794240,0.021542,0.000232,0.131078,3,1,10,5,4
315,19.765870,0.047695,player,8,3,7.791726,3.000000,842.571300,434.750900,840.187500,435.752100,2.585528,846.838300,432.837200,833.536900,438.667000,846.838300,421.461500,833.536900,427.072000,3.734579,0.290471,-1.859856,3.494416,0.296071,-2.008717,3.657537,-1.908721,234.733700,0.510296,-0.282037,1,0,17.101710,0.047695,0.000136,0.131318,1,7,3,2,4
316,19.808990,0.043605,father,5,3,5.000000,2.713839,736.647900,499.809900,736.682000,499.645600,0.167799,730.147200,497.234100,743.216700,502.057000,730.147200,488.448800,743.216700,491.879900,1.627657,0.224327,-3.504193,1.863636,0.259869,-3.627344,1.745032,-3.569964,305.270600,0.142252,0.263773,0,0,17.604150,0.035419,0.000301,0.129084,3,5,3,6,4
316,19.808990,0.043605,mother,11,10,10.676360,10.000000,668.593100,225.813500,669.835900,225.315000,1.339072,675.344200,221.728900,664.327600,228.901200,675.344200,212.854200,664.327600,219.119400,0.638159,0.226610,3.530670,0.439249,0.249772,3.347529,0.516264,3.426373,54.735240,0.095390,0.268146,0,0,17.566890,0.038757,0.000110,0.120728,5,11,10,5,4
316,19.808990,0.043605,older_sister,1,10,1.000000,9.871821,264.941800,433.058000,265.699800,433.378600,0.823038,265.868800,433.703000,265.530600,433.054300,265.868800,422.472000,265.530600,418.983300,-6.755146,0.286777,-1.881963,-6.761252,0.359294,-1.865400,-6.771884,-1.865492,305.250800,0.403816,-0.014547,1,0,17.812100,0.017858,0.000031,0.131078,3,1,10,5,4
316,19.808990,0.043605,player,8,3,7.747849,3.000000,840.716400,435.678300,838.049100,436.761600,2.878953,846.847500,432.832600,829.250600,440.690600,846.847500,421.283400,829.250600,429.475100,3.734746,0.294901,-1.859739,3.417025,0.286381,-2.060389,3.624046,-1.932402,234.735100,0.565144,-0.375264,0,0,17.145320,0.043605,0.000110,0.131318,1,7,3,2,4
317,19.856720,0.047353,father,5,3,5.000000,2.748733,735.172900,499.072500,736.235800,499.376100,1.105508,729.990500,497.192600,742.481200,501.559600,729.990500,488.401900,742.481200,490.902800,1.624828,0.224467,-3.503134,1.850355,0.272117,-3.614643,1.718399,-3.551135,305.259600,0.185869,0.248525,1,0,17.638820,0.034677,0.000164,0.129084,3,5,3,6,4
317,19.856720,0.047353,mother,11,10,10.715140,10.000000,670.232600,224.993600,670.402800,225.090800,0.196022,675.784900,221.539800,665.020700,228.641700,675.784900,212.755300,665.020700,218.447700,0.646117,0.224308,3.535498,0.451762,0.260297,3.354155,0.545867,3.447307,54.732650,0.143868,0.263390,0,0,17.605430,0.038543,0.000233,0.120728,5,11,10,5,4
317,19.856720,0.047353,older_sister,1,10,1.000000,9.889629,264.189000,432.681500,264.222500,432.644400,0.049995,265.699900,433.629100,262.745100,431.659700,265.699900,422.360100,262.745100,418.414600,-6.758196,0.287749,-1.880078,-6.811546,0.338207,-1.829789,-6.785477,-1.855880,305.267700,0.426077,-0.072595,1,0,17.829800,0.017697,0.000136,0.131078,3,1,10,5,4
317,19.856720,0.047353,player,8,3,7.700201,3.000000,838.702100,436.685400,838.032600,437.051700,0.763137,847.055800,432.833700,829.009400,441.269600,847.055800,420.834700,829.009400,430.362900,3.738507,0.306388,-1.859767,3.412669,0.278497,-2.075173,3.587677,-1.958118,234.737800,0.624701,-0.390411,0,0,17.192670,0.047353,0.000193,0.131318,1,7,3,2,4
318,19.899800,0.043449,father,5,3,5.000000,2.777261,733.966800,498.469500,735.765100,499.118000,1.911695,729.953700,497.194900,741.576500,501.041100,729.953700,488.358300,741.576500,489.880800,1.624164,0.225636,-3.503192,1.834021,0.284971,-3.601402,1.696623,-3.535738,305.261900,0.221529,0.228051,1,0,17.667180,0.028352,0.000136,0.125824,3,5,3,6,4
318,19.899800,0.043449,mother,11,10,10.747130,10.000000,671.585000,224.317600,670.868300,224.901200,0.924285,675.886400,221.458000,665.850200,228.344400,675.886400,212.668800,665.850200,217.710600,0.647948,0.224427,3.537587,0.466739,0.271528,3.361748,0.570285,3.464569,54.742980,0.183855,0.249473,1,0,17.637220,0.031791,0.000031,0.124746,5,11,10,5,4
318,19.899800,0.043449,older_sister,1,10,1.000000,9.904595,263.556200,432.364900,262.946700,431.996100,0.712456,265.565700,433.572600,260.327700,430.419600,265.565700,422.272600,260.327700,417.813400,-6.760620,0.288541,-1.878635,-6.855194,0.321892,-1.798125,-6.796901,-1.847797,305.282500,0.444786,-0.123706,1,0,17.844680,0.014874,0.000301,0.138148,3,1,10,5,4
318,19.899800,0.043449,player,8,3,7.656481,3.000000,836.853800,437.609700,838.064800,437.269300,1.258004,846.868000,433.207100,829.261500,441.331500,846.868000,420.535500,829.261500,430.518800,3.735117,0.323562,-1.869301,3.417222,0.276094,-2.076753,3.554305,-1.981719,234.731300,0.679352,-0.379331,0,1,17.236120,0.043449,0.000061,0.124225,1,7,3,2,4
319,20.002760,0.100604,father,5,3,5.000000,2.822144,732.069400,497.520500,734.159000,498.345200,2.246446,729.490200,496.993300,738.827800,499.697200,729.490200,488.130000,738.827800,487.459100,1.615796,0.226318,-3.498044,1.784390,0.312493,-3.567086,1.662364,-3.511508,305.271000,0.277632,0.177514,1,0,17.711780,0.015531,0.000356,0.125824,3,5,3,6,4
319,20.002760,0.100604,mother,11,10,10.797580,10.000000,673.718000,223.250900,671.932400,224.376300,2.110654,675.991000,221.362800,667.873800,227.389800,675.991000,212.501600,667.873800,215.696500,0.649838,0.226265,3.540018,0.503278,0.298584,3.386121,0.608798,3.491807,54.730760,0.246925,0.208522,1,0,17.687370,0.017456,0.000179,0.124746,5,11,10,5,4
319,20.002760,0.100604,older_sister,1,10,1.000001,9.929524,262.502400,431.838300,261.054100,431.010300,1.668227,265.425000,433.515800,256.683200,428.504900,265.425000,422.171000,256.683200,416.571400,-6.763159,0.289682,-1.877184,-6.920998,0.304716,-1.749234,-6.815929,-1.834349,305.248300,0.475946,-0.202743,1,0,17.869450,0.008878,0.000000,0.138148,3,1,10,5,4
319,20.002760,0.100604,player,8,3,7.575983,3.000000,833.450700,439.311100,836.019800,438.510400,2.690991,841.952200,436.060800,830.087300,440.959900,841.952200,421.539400,830.087300,430.046000,3.646359,0.370796,-1.942169,3.432131,0.278680,-2.067265,3.492860,-2.025164,234.737200,0.779974,-0.247140,0,1,17.316120,0.030000,0.000164,0.124225,1,7,3,2,4
320,20.048100,0.046024,father,5,3,5.000000,2.853262,730.753800,496.863100,732.651500,497.690000,2.069994,729.047000,496.807900,736.256100,498.572100,729.047000,487.914600,736.256100,485.886400,1.607793,0.227085,-3.493310,1.737957,0.323924,-3.538359,1.638611,-3.494719,305.252700,0.316530,0.132295,1,0,17.742710,0.007186,0.000061,0.125824,3,5,3,6,4
320,20.048100,0.046024,mother,11,10,10.832350,10.000000,675.187700,222.516000,673.390200,223.607100,2.102691,676.442300,221.115500,670.338100,226.098600,676.442300,212.246800,670.338100,213.671900,0.657986,0.226457,3.546333,0.547771,0.317310,3.419091,0.635333,3.510571,54.733630,0.290381,0.163455,1,0,17.721920,0.008017,0.000246,0.124746,5,11,10,5,4
320,20.048100,0.046024,older_sister,1,10,1.000001,9.948318,261.707800,431.440900,259.762600,430.304300,2.252939,265.341100,433.478500,254.184100,427.130000,265.341100,422.114400,254.184100,415.448500,-6.764675,0.290177,-1.876233,-6.966119,0.298281,-1.714126,-6.830275,-1.824203,305.271600,0.499437,-0.258073,1,0,17.888130,0.004479,0.000136,0.138148,3,1,10,5,4
320,20.048100,0.046024,player,8,3,7.508939,3.000000,830.616400,440.728500,831.557600,440.424400,0.989114,833.131800,439.885900,829.983400,440.963000,833.131800,425.203600,829.983400,429.775100,3.487103,0.374903,-2.039840,3.430256,0.285676,-2.067343,3.441684,-2.061354,234.732900,0.863777,-0.062294,0,1,17.382750,0.016628,0.000000,0.124225,1,7,3,2,4
321,20.092900,0.046918,father,5,3,5.000000,2.872529,729.939300,496.455700,731.601900,497.220600,1.830188,728.733400,496.674100,734.470500,497.767200,728.733400,487.750900,734.470500,485.061400,1.602130,0.227848,-3.489894,1.705718,0.324436,-3.517805,1.623904,-3.484317,305.271400,0.340614,0.100690,1,0,17.761850,0.019148,0.000164,0.125824,3,5,3,6,4
321,20.092900,0.046918,mother,11,10,10.853670,10.000000,676.088900,222.065400,674.355700,223.052300,1.994438,676.720500,220.951200,671.990900,225.153500,676.720500,212.057300,671.990900,212.465000,0.663009,0.227101,3.550528,0.577614,0.323993,3.443225,0.651605,3.522076,54.737800,0.317028,0.131675,1,0,17.743100,0.021186,0.000233,0.124746,5,11,10,5,4
321,20.092900,0.046918,older_sister,1,10,1.000000,9.960794,261.180400,431.177400,258.980000,429.875600,2.556659,265.306000,433.458200,252.654000,426.293100,265.306000,422.076700,252.654000,414.729700,-6.765308,0.290619,-1.875712,-6.993747,0.295264,-1.692756,-6.839798,-1.817473,305.247900,0.515034,-0.292144,1,0,17.900530,0.012399,0.000043,0.138148,3,1,10,5,4
321,20.092900,0.046918,player,7,3,7.461728,3.000000,828.620600,441.726400,827.696200,442.308100,1.092174,825.408900,443.660000,829.983600,440.956200,825.408900,430.667500,829.983600,429.597600,3.347660,0.331755,-2.136210,3.430261,0.290034,-2.067170,3.405650,-2.086837,234.733800,0.922791,0.107305,0,1,17.429660,0.046918,0.000000,0.124225,1,7,3,2,4
322,20.144910,0.050335,father,5,3,5.000000,2.891398,729.141600,496.056900,730.463700,496.700000,1.470237,728.403600,496.525900,732.523800,496.874100,728.403600,487.577800,732.523800,484.422800,1.596177,0.228484,-3.486110,1.670569,0.317937,-3.495000,1.609501,-3.474135,305.257300,0.364203,0.065878,0,0,17.780610,0.000124,0.000086,0.125824,3,5,3,6,4
322,20.144910,0.050335,mother,11,10,10.874400,10.000000,676.965600,221.627300,675.412300,222.464900,1.764714,677.026400,220.773700,673.798300,224.155900,677.026400,211.847800,673.798300,211.460400,0.668531,0.227919,3.555059,0.610246,0.324175,3.468696,0.667434,3.533265,54.744580,0.342949,0.097445,0,0,17.763710,0.000136,0.000046,0.124746,5,11,10,5,4
322,20.144910,0.050335,older_sister,1,10,1.000000,10.000000,259.523000,430.348500,257.175000,428.922500,2.747152,265.320000,433.467400,249.029900,424.377500,265.320000,421.924300,249.029900,413.154100,-6.765055,0.294748,-1.875949,-7.059182,0.286584,-1.643844,-6.869724,-1.796309,305.268300,0.564041,-0.374161,0,0,17.939490,0.000000,0.000061,0.138148,3,-1,-1,5,4
322,20.144910,0.050335,player,7,3,7.411296,3.000000,826.488500,442.792000,823.207300,444.682400,3.786770,816.529800,448.374600,829.884800,440.990200,816.529800,436.527200,829.884800,429.429400,3.187345,0.302516,-2.256593,3.428475,0.295197,-2.068038,3.367153,-2.114047,234.746500,0.985830,0.305742,0,0,17.479780,0.000333,0.000356,0.124225,1,7,3,2,4
323,20.187130,0.044475,father,5,3,5.000000,2.906581,728.499800,495.736100,729.462800,496.227700,1.081304,728.119600,496.397600,730.806000,496.057800,728.119600,487.436500,730.806000,484.051400,1.591048,0.228815,-3.482833,1.639553,0.306578,-3.474158,1.597912,-3.465941,305.263300,0.383181,0.034597,1,0,17.795700,0.015089,0.000061,0.125824,3,5,3,6,4
323,20.187130,0.044475,mother,11,10,10.890930,10.000000,677.664300,221.277700,676.357500,221.950300,1.469704,677.296800,220.624000,675.418400,223.276600,677.296800,211.676400,675.418400,210.813900,0.673413,0.228471,3.558883,0.639498,0.318228,3.491149,0.680051,3.542191,54.721200,0.363611,0.066806,1,0,17.780140,0.016427,0.000259,0.124746,5,11,10,5,4
323,20.187130,0.044475,older_sister,1,10,1.000000,10.000000,259.523000,430.348500,257.175000,428.922500,2.747152,265.320000,433.467400,249.029900,424.377500,265.320000,421.924300,249.029900,413.154100,-6.765055,0.294748,-1.875949,-7.059182,0.286584,-1.643844,-6.869724,-1.796309,305.268300,0.564041,-0.374161,0,0,17.939490,0.000000,0.000061,0.138148,3,-1,-1,5,4
323,20.187130,0.044475,player,7,3,7.368478,3.000000,824.678400,443.697400,821.902300,445.228700,3.170429,814.286700,449.346400,829.517900,441.111000,814.286700,437.948000,829.517900,429.338000,3.146844,0.291054,-2.281410,3.421853,0.300617,-2.071123,3.334471,-2.137164,234.726300,0.039352,0.345955,0,0,17.522340,0.042553,0.000110,0.124225,1,7,3,2,4
324,20.230270,0.038184,father,5,3,5.000000,2.918693,727.987700,495.479800,728.625600,495.822900,0.724273,727.901400,496.294900,729.349900,495.350800,727.901400,487.331100,729.349900,483.769700,1.587108,0.228885,-3.480212,1.613262,0.295718,-3.456105,1.588668,-3.459399,305.284400,0.398319,0.007424,1,0,17.807730,0.012036,0.000246,0.128861,3,5,3,6,4
324,20.230270,0.038184,mother,11,10,10.904000,10.000000,678.216800,221.001600,677.180400,221.513300,1.155812,677.526200,220.497000,676.834700,222.529600,677.526200,211.537500,676.834700,210.442000,0.677555,0.228776,3.562125,0.665071,0.308651,3.510224,0.690025,3.549240,54.752250,0.379946,0.040148,1,0,17.793130,0.012987,0.000110,0.128751,5,11,10,5,4
324,20.230270,0.038184,older_sister,1,10,1.000000,10.000000,259.523000,430.348500,257.175000,428.922500,2.747152,265.320000,433.467400,249.029900,424.377500,265.320000,421.924300,249.029900,413.154100,-6.765055,0.294748,-1.875949,-7.059182,0.286584,-1.643844,-6.869724,-1.796309,305.268300,0.564041,-0.374161,0,0,17.939490,0.000000,0.000068,0.138256,3,4,7,7,4
324,20.230270,0.038184,player,7,3,7.333955,3.000000,823.218900,444.427000,821.381500,445.293700,2.031623,813.588300,449.430500,829.174600,441.157000,813.588300,438.411400,829.174600,429.137800,3.134233,0.281364,-2.283555,3.415652,0.306904,-2.072298,3.308119,-2.155795,234.739700,0.082506,0.351747,0,0,17.556650,0.034309,0.000164,0.135375,1,7,3,2,4
325,20.334830,0.103345,father,5,3,5.000000,2.942116,726.997600,494.984900,726.901000,494.969900,0.097713,727.476400,496.095000,726.325600,493.844800,727.476400,487.129100,726.325600,483.175600,1.579436,0.228939,-3.475107,1.558657,0.272433,-3.417650,1.570789,-3.446761,305.255800,0.427599,-0.050133,1,0,17.831010,0.008393,0.000110,0.128861,3,5,3,6,4
325,20.334830,0.103345,mother,11,10,10.928990,10.000000,679.273100,220.473300,678.901500,220.628900,0.402894,677.958700,220.266700,679.844300,220.991000,677.958700,211.301900,679.844300,209.800000,0.685367,0.228912,3.568005,0.719411,0.285757,3.549511,0.709099,3.562729,54.730760,0.411182,-0.017117,1,0,17.817960,0.008900,0.000220,0.128751,5,11,10,5,4
325,20.334830,0.103345,older_sister,1,10,1.025760,10.000000,260.611900,429.804100,260.979400,428.558400,1.298832,259.090500,435.932100,262.868400,421.184700,259.090500,424.188900,262.868400,410.227900,-6.877533,0.299856,-1.938882,-6.809320,0.279776,-1.562317,-6.850062,-1.782408,8.120115,0.596241,-0.382425,0,0,17.965090,0.015600,0.000000,0.138256,5,4,7,7,4
325,20.334830,0.103345,player,7,3,7.269282,3.000000,820.484900,445.794100,820.903600,445.342200,0.616036,813.560100,449.347400,828.247100,441.337000,813.560100,438.429300,828.247100,428.539500,3.133722,0.278788,-2.281435,3.398907,0.326777,-2.076894,3.258754,-2.190703,234.734500,0.163347,0.334614,1,0,17.620920,0.022634,0.000136,0.135375,1,7,3,2,4
326,20.377770,0.043529,father,5,3,5.000000,2.960102,726.237200,494.604700,725.540900,494.285200,0.766101,727.156500,495.945800,723.925400,492.624500,727.156500,486.976500,723.925400,482.560300,1.573659,0.229026,-3.471298,1.515319,0.256985,-3.386490,1.557060,-3.437052,305.267800,0.450081,-0.096600,1,0,17.848880,0.004363,0.000136,0.128861,3,5,3,6,4
326,20.377770,0.043529,mother,11,10,10.947890,9.999999,680.072100,220.073700,680.317400,219.918400,0.290379,678.287900,220.091600,682.347000,219.745100,678.287900,211.124800,682.347000,209.282500,0.691309,0.228961,3.572478,0.764599,0.267156,3.581324,0.723525,3.572933,54.729650,0.434809,-0.064945,1,0,17.836740,0.004553,0.000287,0.128751,5,11,10,5,4
326,20.377770,0.043529,older_sister,1,10,1.084899,10.000000,263.112100,428.554000,262.377200,428.985600,0.852287,256.039100,435.017900,268.715200,422.953200,256.039100,422.465000,268.715200,412.137000,-6.932627,0.320530,-1.915538,-6.703753,0.276186,-1.607475,-6.804920,-1.750487,34.593140,0.670166,-0.383540,0,1,18.023860,0.016874,0.000000,0.138256,5,4,7,7,4
326,20.377770,0.043529,player,7,3,7.223962,3.000000,818.569000,446.752000,820.431200,445.449100,2.272784,814.129300,449.067000,826.733200,441.831200,814.129300,438.080900,826.733200,428.302200,3.144001,0.280524,-2.274275,3.371571,0.345455,-2.089513,3.224162,-2.215163,234.736500,0.219996,0.292482,1,0,17.665960,0.010603,0.000164,0.135375,1,7,3,2,4
327,20.416230,0.042238,father,5,3,5.000000,2.970928,725.779500,494.376000,724.788500,493.899200,1.099709,726.987200,495.866400,722.590000,491.932000,726.987200,486.894700,722.590000,482.112200,1.570601,0.229086,-3.469269,1.491208,0.250743,-3.368806,1.548796,-3.431212,305.250000,0.463614,-0.122818,1,0,17.859640,0.010759,0.000000,0.128861,3,5,3,6,4
327,20.416230,0.042238,mother,11,10,10.959140,9.999999,680.547700,219.836000,681.175000,219.493200,0.714881,678.478400,219.989600,683.871700,218.996800,678.478400,211.020500,683.871700,208.904900,0.694749,0.229022,3.575081,0.792128,0.257692,3.600432,0.732112,3.579003,54.742010,0.448868,-0.094150,1,0,17.847920,0.011179,0.000220,0.128751,5,11,10,5,4
327,20.416230,0.042238,older_sister,1,10,1.127401,10.000000,264.908900,427.655400,262.534000,428.468600,2.510257,254.593600,432.005200,270.474400,424.932000,254.593600,418.713800,270.474400,414.089800,-6.958726,0.339390,-1.838613,-6.671990,0.276849,-1.658002,-6.772479,-1.727542,54.728740,0.723291,-0.338393,0,1,18.066100,0.042238,0.000232,0.138256,5,4,7,7,4
327,20.416230,0.042238,player,7,3,7.199327,3.000000,817.527500,447.272700,819.791000,445.764500,2.719907,814.263600,449.001100,825.318500,442.528000,814.263600,437.993400,825.318500,428.259400,3.146427,0.281073,-2.272591,3.346027,0.364340,-2.107304,3.205358,-2.228458,234.737700,0.250790,0.258401,1,0,17.690440,0.024482,0.000220,0.135375,1,7,3,2,4
328,20.455670,0.039512,father,5,3,5.000000,3.000000,724.550500,493.761200,722.913900,492.904000,1.847514,726.560700,495.662400,719.267000,490.145600,726.560700,486.695200,719.267000,480.654600,1.562902,0.228971,-3.464060,1.431209,0.242347,-3.323192,1.526606,-3.415514,305.275400,0.499954,-0.188865,0,0,17.888540,0.000000,0.000275,0.128861,3,-1,-1,6,4
328,20.455670,0.039512,mother,11,10,10.969300,9.999999,680.977200,219.621300,681.900000,219.139600,1.040891,678.632900,219.906800,685.166900,218.372500,678.632900,210.935600,685.166900,208.522200,0.697540,0.229076,3.577194,0.815512,0.251521,3.616374,0.739867,3.584485,54.744180,0.461569,-0.118950,1,0,17.858020,0.010097,0.000150,0.128751,5,11,10,5,4
328,20.455670,0.039512,older_sister,1,10,1.167159,10.000000,266.589700,426.815200,263.968400,427.635200,2.746495,257.733600,430.226600,270.203200,425.043900,257.733600,415.841400,270.203200,414.142800,-6.902032,0.367316,-1.793195,-6.676886,0.278353,-1.660858,-6.742131,-1.706088,54.742000,0.772991,-0.260239,0,1,18.105610,0.039512,0.000068,0.138256,5,4,7,7,4
328,20.455670,0.039512,player,7,3,7.178388,3.000000,816.642300,447.715300,818.855800,446.219400,2.671596,814.155000,449.041300,823.556600,443.397400,814.155000,438.025900,823.556600,428.549600,3.144465,0.281273,-2.273619,3.314218,0.379130,-2.129504,3.189375,-2.239760,234.734300,0.276964,0.221809,1,0,17.711250,0.020809,0.000164,0.135375,1,7,3,2,4
329,20.494830,0.039428,father,5,3,5.000000,3.000000,724.550500,493.761200,722.913900,492.904000,1.847514,726.560700,495.662400,719.267000,490.145600,726.560700,486.695200,719.267000,480.654600,1.562902,0.228971,-3.464060,1.431209,0.242347,-3.323192,1.526606,-3.415514,305.275400,0.499954,-0.188865,0,0,17.888540,0.000000,0.000275,0.128861,3,-1,-1,6,4
329,20.494830,0.039428,mother,11,10,11.000000,10.000000,682.275300,218.972400,683.963500,218.166900,1.870542,679.070500,219.679100,688.856400,216.654700,679.070500,210.711900,688.856400,207.163700,0.705440,0.228972,3.583009,0.882130,0.242348,3.660237,0.763303,3.601056,54.737490,0.499949,-0.188856,0,0,17.888530,0.000000,0.000137,0.128751,5,-1,-1,5,4
329,20.494830,0.039428,older_sister,1,10,1.206833,10.000000,268.266900,425.976600,266.290000,426.666200,2.093696,262.398100,428.255700,270.181900,425.076800,262.398100,413.117900,270.181900,414.039400,-6.817812,0.386535,-1.742870,-6.677270,0.281835,-1.661700,-6.711848,-1.684676,54.737370,0.822584,-0.161616,0,1,18.145040,0.039428,0.000031,0.138256,5,4,7,7,4
329,20.494830,0.039428,player,7,3,7.159426,3.000000,815.840700,448.116300,818.022900,446.700800,2.601125,814.095800,449.081700,821.950100,444.319900,814.095800,438.043500,821.950100,429.052600,3.143396,0.281855,-2.274650,3.285209,0.389842,-2.153061,3.174901,-2.249999,234.723200,0.300665,0.185993,1,0,17.730090,0.018845,0.000031,0.135375,1,7,3,2,4
330,20.533230,0.038514,father,5,3,5.000000,3.000000,724.550500,493.761200,722.913900,492.904000,1.847514,726.560700,495.662400,719.267000,490.145600,726.560700,486.695200,719.267000,480.654600,1.562902,0.228971,-3.464060,1.431209,0.242347,-3.323192,1.526606,-3.415514,305.275400,0.499954,-0.188865,0,0,17.888540,0.000000,0.000275,0.128883,3,-1,-1,6,4
330,20.533230,0.038514,mother,11,10,11.000000,10.000000,682.275300,218.972400,683.963500,218.166900,1.870542,679.070500,219.679100,688.856400,216.654700,679.070500,210.711900,688.856400,207.163700,0.705440,0.228972,3.583009,0.882130,0.242348,3.660237,0.763303,3.601056,54.737490,0.499949,-0.188856,0,0,17.888530,0.000000,0.000137,0.128884,5,-1,-1,5,4
330,20.533230,0.038514,older_sister,1,10,1.245587,10.000000,269.905200,425.157400,269.165200,425.374100,0.771136,268.028900,425.704300,270.301400,425.043900,268.028900,411.192300,270.301400,413.832600,-6.716145,0.370556,-1.677722,-6.675114,0.286275,-1.660859,-6.682267,-1.663756,54.732120,0.871027,-0.043238,0,1,18.183560,0.038514,0.000097,0.134190,5,4,7,7,4
330,20.533230,0.038514,player,7,3,7.142512,3.000000,815.125700,448.473800,817.221900,447.179000,2.463896,814.026600,449.139300,820.417200,445.218800,814.026600,438.062200,820.417200,429.729500,3.142147,0.282847,-2.276121,3.257532,0.395509,-2.176011,3.161991,-2.259127,234.738300,0.321808,0.152009,1,0,17.746900,0.016809,0.000031,0.132670,1,7,3,2,4
331,20.637680,0.089488,father,5,3,5.000000,3.000000,724.550500,493.761200,722.913900,492.904000,1.847514,726.560700,495.662400,719.267000,490.145600,726.560700,486.695200,719.267000,480.654600,1.562902,0.228971,-3.464060,1.431209,0.242347,-3.323192,1.526606,-3.415514,305.275400,0.499954,-0.188865,0,0,17.888540,0.000000,0.000275,0.128883,3,2,2,5,4
331,20.637680,0.089488,mother,11,10,11.000000,10.000000,682.275300,218.972400,683.963500,218.166900,1.870542,679.070500,219.679100,688.856400,216.654700,679.070500,210.711900,688.856400,207.163700,0.705440,0.228972,3.583009,0.882130,0.242348,3.660237,0.763303,3.601056,54.737490,0.499949,-0.188856,0,0,17.888530,0.000000,0.000137,0.128884,5,7,7,8,4
331,20.637680,0.089488,older_sister,1,10,1.326085,10.000000,273.308300,423.455600,276.172500,421.799200,3.308700,281.944900,418.578700,270.400100,425.019600,281.944900,406.648700,270.400100,413.511300,-6.464885,0.304627,-1.495775,-6.673330,0.293858,-1.660238,-6.620822,-1.620303,54.732520,0.971649,0.265149,0,1,18.263560,0.030000,0.000273,0.134190,5,4,7,7,4
331,20.637680,0.089488,player,7,3,7.111335,2.999999,813.807700,449.132800,815.487100,448.167100,1.937293,813.822500,449.278800,817.151900,447.055300,813.822500,438.120300,817.151900,431.735000,3.138461,0.284925,-2.279682,3.198575,0.391196,-2.222908,3.138194,-2.275954,234.736000,0.360779,0.081862,1,0,17.777890,0.010937,0.000086,0.132670,1,7,3,2,4
332,20.692430,0.057997,father,5,3,5.000000,2.986462,725.122800,494.047500,725.331500,492.403600,1.657030,723.879900,496.599500,726.783100,488.207700,723.879900,487.629600,726.783100,478.786400,1.514498,0.229040,-3.487989,1.566918,0.240569,-3.273710,1.536940,-3.422824,3.271634,0.516876,-0.216921,1,0,17.901990,0.003455,0.000164,0.128883,7,2,2,5,4
332,20.692430,0.057997,mother,11,10,11.000000,9.986462,682.847600,219.258500,685.141200,218.952600,2.313948,679.036500,219.108200,691.245800,218.796900,679.036500,210.138400,691.245800,209.375500,0.704825,0.229040,3.597587,0.925273,0.240569,3.605536,0.773637,3.593750,77.459680,0.516872,-0.216915,1,0,17.901990,0.003455,0.000164,0.128884,7,7,7,8,4
332,20.692430,0.057997,older_sister,1,10,1.393991,10.000000,276.179000,422.020200,278.593900,420.750500,2.728315,286.296600,416.625200,270.891100,424.875800,286.296600,405.407800,270.891100,413.021100,-6.386312,0.286431,-1.445894,-6.664465,0.302702,-1.656567,-6.568990,-1.583652,54.734910,0.056532,0.348744,0,0,18.331040,0.017486,0.000301,0.134190,5,4,7,7,4
332,20.692430,0.057997,player,7,3,7.088485,2.999999,812.841700,449.615800,813.916900,449.006400,1.235911,813.621100,449.401200,814.212600,448.611700,813.621100,438.194000,814.212600,434.060400,3.134825,0.286167,-2.282807,3.145507,0.371559,-2.262649,3.120752,-2.288287,234.736400,0.389341,0.020359,1,0,17.800590,0.005559,0.000086,0.132670,1,7,3,2,4
333,20.743090,0.050155,father,5,3,5.000000,2.952921,726.540600,494.756500,728.651400,493.743100,2.341431,721.926600,496.264000,735.376200,491.222200,721.926600,487.219000,735.376200,481.953200,1.479229,0.230960,-3.479423,1.722071,0.236678,-3.350682,1.562540,-3.440928,53.425340,0.558802,-0.271734,0,0,17.935320,0.000134,0.000086,0.128883,7,2,2,5,4
333,20.743090,0.050155,mother,11,10,11.000000,9.952921,684.265500,219.967400,686.781700,220.265400,2.533821,679.456300,218.804100,694.107100,221.726600,679.456300,209.759100,694.107100,212.457600,0.712406,0.230960,3.605352,0.976934,0.236678,3.530727,0.799239,3.575649,97.109260,0.558798,-0.271730,0,0,17.935320,0.000134,0.000233,0.128884,7,7,7,8,4
333,20.743090,0.050155,older_sister,1,10,1.444458,10.000000,278.312500,420.953600,279.216200,420.687100,0.942128,287.006400,416.580700,271.426100,424.793500,287.006400,405.681100,271.426100,412.475200,-6.373496,0.278314,-1.444755,-6.654808,0.314542,-1.654466,-6.530468,-1.556415,54.738000,0.119616,0.350766,0,0,18.381200,0.000155,0.000232,0.134190,5,4,7,7,4
333,20.743090,0.050155,player,7,3,7.072979,3.000000,812.186200,449.943700,812.718900,449.621600,0.622544,813.487100,449.477200,811.950700,449.765900,813.487100,438.237900,811.950700,435.867400,3.132406,0.286988,-2.284748,3.104664,0.354892,-2.292122,3.108916,-2.296660,234.722400,0.408724,-0.026906,0,0,17.816000,0.000047,0.000086,0.132670,1,7,3,2,4
334,20.793270,0.051234,father,5,3,5.000000,2.902510,728.671900,495.822100,729.487200,495.908100,0.819837,722.021500,493.802400,736.952900,498.013900,722.021500,484.399100,736.952900,489.087900,1.480943,0.240107,-3.416566,1.750539,0.227921,-3.524105,1.601020,-3.468138,104.658600,0.621815,-0.288034,0,0,17.985420,0.001234,0.000086,0.128883,7,2,2,5,4
334,20.793270,0.051234,mother,11,10,11.000000,9.902511,686.396600,221.033000,687.166100,221.242200,0.797476,680.525800,218.039900,693.806500,224.444700,680.525800,208.636600,693.806500,215.518600,0.731715,0.240107,3.624866,0.971507,0.227922,3.461324,0.837717,3.548440,117.206600,0.621811,-0.288034,0,0,17.985420,0.001234,0.000150,0.128884,7,7,7,8,4
334,20.793270,0.051234,older_sister,1,10,1.496012,10.000000,280.491900,419.864000,279.506200,420.653400,1.262835,286.523000,416.750800,272.489400,424.556000,286.523000,405.813500,272.489400,411.525900,-6.382224,0.279276,-1.449099,-6.635608,0.332716,-1.648401,-6.491117,-1.528594,54.739780,0.184055,0.321953,1,0,18.432430,0.001234,0.000068,0.134190,5,4,7,7,4
334,20.793270,0.051234,player,7,3,7.058177,3.000000,811.560400,450.256400,811.483500,450.240700,0.078482,813.359100,449.550200,809.607700,450.931200,813.359100,438.279300,809.607700,437.727100,3.130096,0.287797,-2.286613,3.062361,0.337160,-2.321877,3.097618,-2.304645,234.752600,0.427227,-0.075667,0,0,17.830720,0.000348,0.000110,0.132670,1,7,3,2,4
335,20.844890,0.051932,father,5,3,5.000000,2.850255,730.881000,496.926500,730.049700,496.308700,1.035679,724.335300,492.542200,735.764100,500.075300,724.335300,482.418400,735.764100,491.239200,1.522721,0.258506,-3.384388,1.729074,0.225626,-3.576741,1.640906,-3.496340,125.262600,0.687134,-0.279540,0,1,18.037350,0.001932,0.000164,0.128883,7,2,2,5,4
335,20.844890,0.051932,mother,11,10,11.000000,9.850255,688.605700,222.137600,687.774700,221.519800,1.035514,682.060500,217.753000,693.488800,225.286600,682.060500,207.629300,693.488800,216.450500,0.759425,0.258504,3.632191,0.965770,0.225625,3.439826,0.877603,3.520234,125.265800,0.687128,-0.279543,0,1,18.037350,0.001932,0.000123,0.128884,7,7,7,8,4
335,20.844890,0.051932,older_sister,2,10,1.548268,10.000000,282.701100,418.759200,280.432100,420.266700,2.724100,286.003200,417.009700,274.860900,423.523600,286.003200,406.002600,274.860900,409.289100,-6.391609,0.281060,-1.455710,-6.592789,0.363470,-1.622040,-6.451231,-1.500384,54.730480,0.249374,0.260295,1,0,18.484360,0.001932,0.000273,0.134190,5,4,7,7,4
335,20.844890,0.051932,player,7,3,7.044057,3.000000,810.963400,450.555000,810.265600,450.840200,0.753865,813.245200,449.615800,807.286100,452.064700,813.245200,438.315600,807.286100,439.461300,3.128039,0.288544,-2.288288,3.020443,0.321819,-2.350819,3.086840,-2.312270,234.719400,0.444876,-0.123951,0,0,17.844750,0.000508,0.000031,0.132670,1,7,3,2,4
336,20.886870,0.049009,father,5,3,5.000000,2.800941,732.965700,497.968800,731.237400,496.855400,2.055817,726.689500,493.583500,735.785200,500.127400,726.689500,482.506600,735.785200,491.224300,1.565228,0.282842,-3.410977,1.729456,0.227336,-3.578072,1.678547,-3.522952,125.259500,0.748777,-0.230561,0,1,18.086360,0.049009,0.000301,0.123122,7,2,2,5,4
336,20.886870,0.049009,mother,11,10,11.000000,9.800941,690.690600,223.180000,688.962300,222.066600,2.055791,684.414600,218.794400,693.510100,225.338900,684.414600,207.717600,693.510100,216.435700,0.801931,0.282840,3.605601,0.966154,0.227336,3.438492,0.915246,3.493618,125.263100,0.748772,-0.230568,0,1,18.086360,0.049009,0.000150,0.123122,7,7,7,8,4
336,20.886870,0.049009,older_sister,2,10,1.597582,10.000000,284.785800,417.716900,282.636800,419.076900,2.543152,286.211700,416.901800,279.062000,421.252000,286.211700,405.846800,279.062000,405.854200,-6.387845,0.282282,-1.452954,-6.516936,0.393173,-1.564035,-6.413589,-1.473769,54.737190,0.311018,0.169535,1,0,18.533370,0.049009,0.000232,0.132123,5,4,7,7,4
336,20.886870,0.049009,player,7,3,7.031343,3.000000,810.426000,450.823500,809.236900,451.338100,1.295638,813.172600,449.662200,805.301200,453.014100,813.172600,438.337700,805.301200,440.822800,3.126728,0.289165,-2.289473,2.984605,0.311299,-2.375062,3.077135,-2.319125,234.764500,0.460770,-0.165464,1,0,17.857380,0.012635,0.000220,0.138720,1,7,3,2,4
337,20.991130,0.093141,father,5,3,5.000000,2.720443,736.368800,499.670500,735.330000,499.096200,1.186988,734.129800,497.641000,736.530200,500.551500,734.129800,485.801900,736.530200,491.450000,1.699566,0.302303,-3.514583,1.742905,0.232401,-3.588899,1.739992,-3.566405,125.267900,0.849400,-0.078295,0,1,18.166360,0.030000,0.000110,0.123122,7,2,2,5,4
337,20.991130,0.093141,mother,11,10,11.000000,9.720442,694.093600,224.881500,693.054700,224.307300,1.187027,691.854200,222.852000,694.255100,225.762500,691.854200,211.012900,694.255100,216.661000,0.936258,0.302304,3.501992,0.979607,0.232402,3.427674,0.976691,3.450169,125.265300,0.849396,-0.078303,0,1,18.166360,0.030000,0.000136,0.123122,7,7,7,8,4
337,20.991130,0.093141,older_sister,2,10,1.678080,10.000000,288.188900,416.015200,287.748000,416.290300,0.519793,286.809800,416.519300,288.686000,416.061400,286.809800,405.275000,288.686000,402.270800,-6.377045,0.287117,-1.443189,-6.343169,0.352133,-1.431495,-6.352144,-1.430316,54.732520,0.411640,-0.034410,1,0,18.613370,0.030000,0.000409,0.132123,5,4,7,7,4
337,20.991130,0.093141,player,7,3,7.000000,3.000000,809.100900,451.486000,806.926300,452.408400,2.362158,813.044300,449.734800,800.808200,455.082000,813.044300,438.370100,800.808200,443.405300,3.124411,0.290191,-2.291326,2.903481,0.298158,-2.427865,3.053210,-2.336044,234.734000,0.499949,-0.259219,0,0,17.888530,0.000000,0.000193,0.138720,1,9,5,5,4
338,21.045510,0.056278,father,5,3,5.000000,2.650591,739.321800,501.147100,740.552400,501.712300,1.354174,743.766500,502.456400,737.338400,500.968100,743.766500,492.501300,737.338400,491.727100,1.873562,0.254198,-3.637541,1.757499,0.235964,-3.599540,1.793311,-3.604110,125.266000,0.936716,0.116704,0,1,18.235780,0.019419,0.000031,0.123122,7,2,2,5,4
338,21.045510,0.056278,mother,11,10,11.000000,9.650591,697.046600,226.357800,698.277000,226.922900,1.353994,701.490800,227.666600,695.063200,226.179100,701.490800,217.711400,695.063200,216.938100,1.110252,0.254201,3.379053,0.994198,0.235964,3.417037,1.030008,3.412472,125.261200,0.936710,0.116689,0,1,18.235780,0.019419,0.000259,0.123122,7,7,7,8,4
338,21.045510,0.056278,older_sister,2,10,1.747932,10.000000,291.141900,414.539000,293.295400,413.625000,2.339427,287.229000,416.274600,299.361900,410.975400,287.229000,404.910900,299.361900,399.289500,-6.369477,0.290164,-1.436939,-6.150409,0.298395,-1.301629,-6.298826,-1.392623,54.741710,0.498957,-0.256991,1,0,18.682790,0.019419,0.000097,0.132123,5,4,7,7,4
338,21.045510,0.056278,player,7,3,7.012748,3.000000,809.639800,451.216700,809.481300,453.253700,2.043206,809.751300,447.491000,809.211400,459.016400,809.751300,436.108400,809.211400,447.458600,3.064955,0.290648,-2.234033,3.055205,0.295121,-2.528327,3.062941,-2.329165,178.459400,0.515883,-0.293925,1,0,17.901200,0.002669,0.000086,0.138720,5,9,5,5,4
339,21.100790,0.055776,father,5,3,5.000000,2.594467,741.694500,502.333300,744.597500,503.655400,3.189971,751.128100,505.973300,738.067000,501.337600,751.128100,496.344600,738.067000,491.951700,2.006480,0.245863,-3.727343,1.770653,0.239663,-3.608973,1.836150,-3.634398,125.261400,0.006870,0.260895,0,1,18.291560,0.005776,0.000164,0.123122,7,2,2,5,4
339,21.100790,0.055776,mother,11,10,11.000000,9.594466,699.419300,227.544500,702.322100,228.867100,3.189926,708.852000,231.185800,695.792100,226.548300,708.852000,221.557000,695.792100,217.162500,1.243162,0.245864,3.289194,1.007357,0.239663,3.407608,1.072848,3.382171,125.272000,0.006865,0.260895,0,1,18.291560,0.005776,0.000015,0.123122,7,7,7,8,4
339,21.100790,0.055776,older_sister,2,10,1.804056,10.000000,293.514600,413.352400,296.107700,412.298700,2.799078,287.236800,416.272100,304.978700,408.325300,287.236800,404.700700,304.978700,397.138500,-6.369336,0.295468,-1.436875,-6.048996,0.285648,-1.233960,-6.255987,-1.362323,54.728160,0.569111,-0.378707,0,0,18.738570,0.005776,0.000369,0.132123,5,4,7,7,4
339,21.100790,0.055776,player,7,3,7.050538,3.000000,811.237300,450.417700,813.685500,451.773900,2.798766,805.282500,447.502400,822.088600,456.045300,805.282500,435.964100,822.088600,444.815300,2.984266,0.294621,-2.234323,3.287710,0.286753,-2.452462,3.091785,-2.308764,122.686800,0.563120,-0.373195,0,0,17.938760,0.005044,0.000301,0.138720,5,9,5,5,4
340,21.154720,0.053859,father,5,3,5.000000,2.540272,743.985500,503.478900,745.520300,504.313600,1.747093,752.126300,506.765900,738.914400,501.861300,752.126300,497.788800,738.914400,492.215600,2.024502,0.229226,-3.747583,1.785955,0.246296,-3.622345,1.877516,-3.663649,125.265100,0.074614,0.267079,0,0,18.345420,0.003859,0.000110,0.123122,7,2,2,5,4
340,21.154720,0.053859,mother,11,10,11.000000,9.540272,701.710300,228.690000,703.245300,229.524800,1.747268,709.851200,231.977100,696.639300,227.072500,709.851200,222.999900,696.639300,217.426900,1.261203,0.229227,3.268989,1.022654,0.246295,3.394223,1.114215,3.352921,125.264300,0.074610,0.267078,0,0,18.345420,0.003859,0.000015,0.123122,7,7,7,8,4
340,21.154720,0.053859,older_sister,2,10,1.858251,10.000000,295.805700,412.207300,296.063000,411.996800,0.332442,287.032000,416.217700,305.094000,407.775900,287.032000,404.085000,305.094000,396.899900,-6.373032,0.309800,-1.435486,-6.046914,0.277712,-1.219932,-6.214620,-1.333083,54.746330,0.636854,-0.390727,0,0,18.792430,0.003859,0.000031,0.132123,5,4,7,7,4
340,21.154720,0.053859,player,7,3,7.104057,3.000000,813.499900,449.286500,814.079200,449.080600,0.614857,803.866700,451.621500,824.291700,446.539600,803.866700,439.565600,824.291700,435.646500,2.958705,0.307841,-2.339502,3.327489,0.278151,-2.209740,3.132637,-2.279880,68.831090,0.630020,-0.390758,0,0,17.991950,0.003859,0.000220,0.138720,5,9,5,5,4
341,21.209110,0.055215,father,5,2,5.000000,2.484714,746.334300,504.653300,746.256800,504.796800,0.163172,752.784400,507.200700,739.729100,502.393000,752.784400,498.416300,739.729100,492.197000,2.036386,0.224305,-3.758685,1.800664,0.260348,-3.635921,1.919925,-3.693636,125.264100,0.144064,0.263343,0,0,18.400630,0.005215,0.000110,0.123122,7,2,2,5,4
341,21.209110,0.055215,mother,11,9,11.000000,9.484712,704.059100,229.864300,703.981700,230.008000,0.163195,710.509500,232.411700,697.453900,227.604200,710.509500,223.627200,697.453900,217.408300,1.273088,0.224306,3.257891,1.037362,0.260347,3.380646,1.156622,3.322937,125.262000,0.144058,0.263344,0,0,18.400630,0.005215,0.000098,0.123122,7,7,7,8,4
341,21.209110,0.055215,older_sister,2,10,1.913810,10.000000,298.154400,411.032600,296.135400,411.698700,2.126094,287.785100,415.478600,304.485700,407.918800,287.785100,402.490700,304.485700,397.088100,-6.359436,0.331639,-1.416616,-6.057896,0.276554,-1.223579,-6.172211,-1.303088,54.728610,0.706305,-0.357654,0,1,18.847640,0.005215,0.000273,0.132123,5,4,7,7,4
341,21.209110,0.055215,player,7,3,7.159616,3.000000,815.848700,448.112100,814.018600,448.695100,1.920690,805.524200,452.562900,822.513100,444.827300,805.524200,439.647600,822.513100,434.005300,2.988631,0.329784,-2.363541,3.295376,0.276333,-2.166016,3.175046,-2.249892,54.735160,0.699471,-0.364497,0,1,18.047160,0.005215,0.000164,0.138720,5,9,5,5,4
342,21.267070,0.055885,father,5,2,5.000000,2.428480,748.711500,505.841800,747.049400,505.265500,1.759202,752.963000,507.240900,741.135900,503.290100,752.963000,498.415500,741.135900,492.271300,2.039611,0.225351,-3.759711,1.826063,0.281359,-3.658830,1.962847,-3.723986,125.263500,0.214356,0.232605,1,0,18.456520,0.005885,0.000136,0.125568,7,2,2,5,4
342,21.267070,0.055885,mother,11,9,11.000000,9.428478,706.436400,231.053000,704.774400,230.476700,1.759072,710.687900,232.452300,698.860800,228.501100,710.687900,223.626800,698.860800,217.482300,1.276310,0.225351,3.256855,1.062765,0.281358,3.357745,1.199546,3.292584,125.265400,0.214352,0.232607,1,0,18.456520,0.005885,0.000046,0.125568,7,7,7,8,4
342,21.267070,0.055885,older_sister,2,10,1.970043,10.000000,300.531700,409.844000,297.935700,410.654300,2.719522,291.856000,413.172600,304.015400,408.135900,291.856000,398.716400,304.015400,397.228400,-6.285934,0.369133,-1.357734,-6.066388,0.278517,-1.229123,-6.129288,-1.272739,54.736850,0.776596,-0.253513,0,1,18.903530,0.005885,0.000205,0.126719,5,4,7,7,4
342,21.267070,0.055885,player,7,3,7.215850,3.000000,818.226000,446.923500,815.586500,447.752000,2.766446,809.216300,450.409200,821.956800,445.094900,809.216300,436.088700,821.956800,434.199300,3.055295,0.365665,-2.308547,3.285330,0.278213,-2.172849,3.217970,-2.219542,54.737450,0.769762,-0.266169,0,1,18.103050,0.005885,0.000136,0.126443,5,9,5,5,4
343,21.382000,0.117463,father,5,2,5.000000,2.347982,752.114700,507.543400,750.205400,506.714000,2.081694,753.854700,507.617000,746.556200,505.810900,753.854700,498.725700,746.556200,493.134000,2.055710,0.227036,-3.769315,1.923931,0.323695,-3.723195,2.024293,-3.767435,125.264500,0.314978,0.134225,1,0,18.536520,0.030000,0.000136,0.125568,7,2,2,5,4
343,21.382000,0.117463,mother,11,9,11.000000,9.347980,709.839500,232.754500,707.930200,231.925000,2.081676,711.579500,232.828100,704.280700,231.021900,711.579500,223.936700,704.280700,218.345100,1.292408,0.227036,3.247257,1.160624,0.323695,3.293377,1.260991,3.249138,125.263100,0.314974,0.134230,1,0,18.536520,0.030000,0.000110,0.125568,7,7,7,8,4
343,21.382000,0.117463,older_sister,2,10,2.050542,10.000000,303.934800,408.142500,303.371200,408.281100,0.580379,302.616700,408.428600,304.125600,408.133500,302.616700,394.074000,304.125600,396.902900,-6.091642,0.366537,-1.236598,-6.064398,0.286768,-1.229063,-6.067843,-1.229293,54.737110,0.877218,-0.026595,0,1,18.983530,0.030000,0.000110,0.126719,5,4,7,7,4
343,21.382000,0.117463,player,7,3,7.296348,3.000000,821.629100,445.221800,820.871000,445.446400,0.790691,819.695600,445.795300,822.046500,445.097500,819.695600,431.267500,822.046500,433.888200,3.244503,0.370960,-2.190733,3.286950,0.286222,-2.172916,3.279414,-2.176089,54.732670,0.870384,-0.044945,0,1,18.183050,0.030000,0.000301,0.126443,5,9,5,5,4
344,21.436180,0.055073,father,5,2,5.000000,2.267483,755.517700,509.245000,755.299700,509.104400,0.259401,755.270400,508.255700,755.329100,509.953000,755.270400,499.290600,755.329100,498.905300,2.081271,0.228919,-3.785623,2.082331,0.282096,-3.828964,2.085737,-3.810885,125.266200,0.415602,-0.025890,1,0,18.616520,0.030000,0.000031,0.125568,7,2,2,5,4
344,21.436180,0.055073,mother,11,9,11.000000,9.267481,713.242600,234.456100,713.024400,234.315300,0.259588,712.995300,233.466800,713.053600,235.163800,712.995300,224.501700,713.053600,224.115900,1.317971,0.228920,3.230949,1.319023,0.282102,3.187616,1.322435,3.205688,125.265400,0.415596,-0.025878,1,0,18.616520,0.030000,0.000046,0.125568,7,7,7,8,4
344,21.436180,0.055073,older_sister,2,10,2.131040,10.000000,307.337900,406.440800,310.399400,404.675600,3.533892,316.579200,401.240100,304.219500,408.111000,316.579200,389.368500,304.219500,396.580000,-5.839543,0.303136,-1.053044,-6.062702,0.294435,-1.228486,-6.006399,-1.185839,54.732140,0.977842,0.283501,0,1,19.063530,0.030000,0.000301,0.126719,5,4,7,7,4
344,21.436180,0.055073,player,7,3,7.376847,3.000000,825.032200,443.520500,827.874500,441.876300,3.283507,833.603500,438.679700,822.145500,445.073000,833.603500,426.742000,822.145500,433.567000,3.495618,0.304824,-2.009042,3.288738,0.293798,-2.172289,3.340859,-2.132648,54.739380,0.971006,0.263167,0,1,18.263050,0.030000,0.000086,0.126443,5,9,5,5,4
345,21.498080,0.061617,father,5,2,5.000000,2.192868,758.672100,510.822000,760.434600,511.756400,1.994861,756.456700,508.818400,764.412600,514.694300,756.456700,499.850600,764.412600,505.245400,2.102690,0.228986,-3.799991,2.246339,0.241275,-3.950031,2.142691,-3.851153,125.261300,0.508869,-0.203912,1,0,18.690670,0.024153,0.000246,0.125568,7,2,2,5,4
345,21.498080,0.061617,mother,11,9,11.000000,9.192866,716.397000,236.033200,718.159300,236.967500,1.994678,714.181800,234.029600,722.137000,239.905500,714.181800,225.061800,722.137000,230.456500,1.339393,0.228985,3.216579,1.483028,0.241275,3.066540,1.379389,3.165417,125.263400,0.508863,-0.203902,1,0,18.690670,0.024153,0.000086,0.125568,7,7,7,8,4
345,21.498080,0.061617,older_sister,2,10,2.205655,10.000000,310.492300,404.863800,312.589800,403.820500,2.342636,320.352400,399.687100,304.827100,407.953800,320.352400,388.594200,304.827100,396.014000,-5.771415,0.283250,-1.013388,-6.051732,0.304875,-1.224473,-5.949445,-1.145572,54.739060,0.071110,0.350747,0,0,19.137680,0.024153,0.000136,0.126719,5,4,7,7,4
345,21.498080,0.061617,player,7,3,7.451461,3.000000,828.186600,441.943300,830.434900,440.793600,2.525220,838.172000,436.663300,822.697800,444.923900,838.172000,425.515800,822.697800,433.026000,3.578105,0.284644,-1.957553,3.298710,0.303804,-2.168482,3.397813,-2.092376,54.736210,0.064274,0.349905,0,0,18.337200,0.024153,0.000031,0.126443,5,9,5,5,4
346,21.560360,0.063670,father,5,2,5.000000,2.128801,761.380600,512.176100,762.810700,512.903000,1.604179,757.037900,509.105600,768.583400,516.700500,757.037900,499.933300,768.583400,507.669600,2.113184,0.234207,-3.807324,2.321645,0.230597,-4.001256,2.191594,-3.885730,125.261700,0.588953,-0.282172,0,0,18.754340,0.013670,0.000329,0.125568,7,2,2,5,4
346,21.560360,0.063670,mother,11,9,11.000000,9.128798,719.105300,237.387300,720.535500,238.114300,1.604343,714.762900,234.316700,726.308100,241.911900,714.762900,225.144500,726.308100,232.881000,1.349885,0.234207,3.209246,1.558341,0.230598,3.015310,1.428292,3.130840,125.262800,0.588949,-0.282172,0,0,18.754340,0.013670,0.000136,0.125568,7,7,7,8,4
346,21.560360,0.063670,older_sister,2,10,2.269722,10.000000,313.200700,403.509500,313.128500,403.761000,0.261605,320.627200,399.711900,305.629800,407.810000,320.627200,388.800300,305.629800,395.155800,-5.766453,0.278622,-1.014022,-6.037240,0.323117,-1.220801,-5.900542,-1.110991,54.734320,0.151194,0.340481,1,0,19.201350,0.013670,0.000178,0.126719,5,4,7,7,4
346,21.560360,0.063670,player,8,3,7.515529,3.000000,830.895000,440.589200,831.023600,440.727500,0.188837,838.598900,436.659400,823.448100,444.795700,838.598900,425.750500,823.448100,432.219800,3.585814,0.278553,-1.957454,3.312257,0.321117,-2.165209,3.446715,-2.057799,54.737540,0.144360,0.343305,0,0,18.400870,0.013670,0.000031,0.126443,5,9,5,5,4
347,21.623630,0.063959,father,5,2,5.000000,2.064444,764.101300,513.536800,763.676800,513.157300,0.569414,757.821700,509.342300,769.531900,516.972300,757.821700,499.431300,769.531900,508.133000,2.127335,0.253071,-3.813367,2.338770,0.225704,-4.008195,2.240717,-3.920474,125.271400,0.669399,-0.285125,0,1,18.818300,0.013959,0.000000,0.125568,7,2,2,5,4
347,21.623630,0.063959,mother,11,9,11.000000,9.064441,721.826100,238.747900,721.401700,238.368300,0.569389,715.546100,234.553600,727.257100,242.183000,715.546100,224.642700,727.257100,233.343900,1.364027,0.253070,3.203198,1.575477,0.225704,3.008385,1.477416,3.096101,125.267400,0.669395,-0.285125,0,1,18.818300,0.013959,0.000015,0.125568,7,7,7,8,4
347,21.623630,0.063959,older_sister,2,10,2.334080,10.000000,315.921400,402.149000,313.779300,403.577300,2.574630,319.833300,400.089200,307.725200,407.065300,319.833300,389.090900,307.725200,393.252800,-5.780787,0.280836,-1.023656,-5.999406,0.352694,-1.201787,-5.851418,-1.076252,54.732600,0.231640,0.281347,1,0,19.265310,0.013959,0.000301,0.126719,5,4,7,7,4
347,21.623630,0.063959,player,8,3,7.579886,3.000001,833.615700,439.228700,831.631600,440.587900,2.405049,837.833400,437.021400,825.429700,444.154400,837.833400,426.029600,825.429700,430.511500,3.571993,0.280668,-1.966696,3.348038,0.348365,-2.148836,3.495839,-2.023059,54.732270,0.224806,0.288018,1,0,18.464830,0.013959,0.000136,0.126443,5,9,5,5,4
348,21.682660,0.058972,father,5,2,5.000000,2.000000,766.825700,514.898700,765.094600,513.782200,2.059913,760.579200,510.524100,769.610000,517.040300,760.579200,499.427000,769.610000,508.135900,2.177124,0.283356,-3.843544,2.340181,0.227370,-4.009934,2.289909,-3.955249,125.257500,0.749954,-0.229196,0,1,18.882350,0.014045,0.000273,0.123154,7,2,2,5,4
348,21.682660,0.058972,mother,11,9,11.000000,9.005102,724.334700,240.002200,722.624000,238.905900,2.031816,717.936500,235.574700,727.311700,242.237100,717.936500,224.588200,727.311700,233.339700,1.407186,0.280533,3.177126,1.576461,0.227192,3.007004,1.522710,3.064072,125.264700,0.743570,-0.236432,0,1,18.877270,0.008972,0.000015,0.122985,7,7,7,8,4
348,21.682660,0.058972,older_sister,2,10,2.393420,10.000000,318.430100,400.894700,316.261200,402.283300,2.575274,320.015600,400.005000,312.506800,404.561500,320.015600,388.958800,312.506800,389.223300,-5.777496,0.282058,-1.021506,-5.913071,0.391652,-1.137854,-5.806124,-1.044223,54.735340,0.305817,0.177870,1,0,19.324280,0.008972,0.000341,0.131908,5,4,7,7,4
348,21.682660,0.058972,player,8,3,7.639226,3.000001,836.124300,437.974300,833.938100,439.397700,2.608707,837.921800,436.984300,829.954500,441.811200,837.921800,425.948400,829.954500,426.569200,3.573588,0.281794,-1.965749,3.429734,0.389195,-2.089001,3.541132,-1.991030,54.734340,0.298983,0.188617,1,0,18.523800,0.008972,0.000164,0.131661,5,9,5,5,4
349,21.782340,0.094673,father,5,2,4.974241,2.000000,765.736700,515.443500,766.124900,513.825300,1.664192,767.538900,510.180600,764.710800,517.469800,767.538900,498.575300,764.710800,508.524400,2.302786,0.296335,-3.834775,2.251722,0.228419,-4.020902,2.270246,-3.969161,182.830000,0.782154,-0.188421,0,1,18.907950,0.015600,0.000000,0.123154,1,2,2,5,4
349,21.782340,0.094673,mother,11,9,11.000000,8.924603,727.737700,241.703600,726.593600,241.069600,1.308064,725.167800,239.498400,728.019500,242.640700,725.167800,227.580300,728.019500,233.551700,1.537751,0.304322,3.076935,1.589240,0.232081,2.996700,1.584153,3.020627,125.263500,0.844194,-0.088363,0,1,18.957270,0.030000,0.000031,0.122985,7,7,7,8,4
349,21.782340,0.094673,older_sister,2,10,2.473919,10.000000,321.833200,399.193400,321.230400,399.551400,0.701080,320.593300,399.630100,321.867500,399.472700,320.593300,388.394700,321.867500,385.492200,-5.767065,0.286889,-1.011932,-5.744059,0.356984,-1.007913,-5.744678,-1.000781,54.739770,0.406439,-0.021106,1,0,19.404280,0.030000,0.000097,0.131908,5,4,7,7,4
349,21.782340,0.094673,player,8,3,7.719725,3.000001,839.527500,436.272900,838.726300,436.734400,0.924573,838.471700,436.621100,838.981000,436.847800,838.471700,425.397000,838.981000,422.633700,3.583517,0.286600,-1.956475,3.592711,0.362948,-1.962264,3.602579,-1.947585,54.737820,0.399605,-0.004165,1,0,18.603800,0.030000,0.000000,0.131661,5,9,5,5,4
350,21.833580,0.051720,father,5,2,4.915584,2.000000,763.257000,516.683000,763.953600,516.029300,0.955361,765.800900,515.348200,762.106400,516.710300,765.800900,503.610600,762.106400,507.595200,2.271405,0.299714,-3.966726,2.204699,0.232751,-4.001507,2.225473,-4.000812,214.282300,0.855475,-0.066313,0,1,18.966240,0.016393,0.000329,0.123154,1,2,2,5,4
350,21.833580,0.051720,mother,11,9,11.000000,8.857797,730.562100,243.115700,731.481700,243.540500,1.012967,734.180200,244.043000,728.783300,243.037900,734.180200,233.922400,728.783300,233.809300,1.700475,0.258421,2.960893,1.603031,0.235647,2.986556,1.635148,2.984570,125.262500,0.927702,0.094381,0,1,19.023660,0.016393,0.000123,0.122985,7,7,7,8,4
350,21.833580,0.051720,older_sister,3,10,2.540726,10.000000,324.657500,397.781200,326.601100,396.947500,2.114860,321.021300,399.379500,332.180900,394.515500,321.021300,388.023300,332.180900,382.746200,-5.759338,0.289975,-1.005535,-5.557845,0.300524,-0.881335,-5.693684,-0.964721,54.734360,0.489948,-0.236226,1,0,19.470680,0.016393,0.000178,0.131908,5,4,7,7,4
350,21.833580,0.051720,player,8,3,7.786532,3.000001,842.351700,434.860800,844.123000,434.095300,1.929650,838.922700,436.356400,849.323400,431.834200,838.922700,425.005000,849.323400,419.994200,3.591659,0.289850,-1.949716,3.779449,0.302328,-1.834246,3.653572,-1.911529,54.736760,0.483112,-0.219997,1,0,18.670190,0.016393,0.000031,0.131661,5,9,5,5,4
351,21.884570,0.051875,father,5,2,4.863386,2.000000,761.050300,517.786600,760.388100,518.146400,0.753634,759.198100,519.581800,761.577900,516.710900,759.198100,509.312900,761.577900,507.492000,2.152189,0.262211,-4.074829,2.195157,0.235399,-4.001521,2.185630,-4.028990,234.730900,0.920721,0.077410,0,1,19.018110,0.001875,0.000136,0.123154,1,2,2,5,4
351,21.884570,0.051875,mother,11,9,11.000000,8.805598,732.768700,244.219300,735.678000,245.538500,3.194427,741.911900,247.705100,729.444100,243.372000,741.911900,238.059400,729.444100,234.023800,1.840075,0.246297,2.867383,1.614963,0.238700,2.978026,1.674991,2.956391,125.270300,0.992949,0.247679,0,1,19.075540,0.001875,0.000123,0.122985,7,7,7,8,4
351,21.884570,0.051875,older_sister,3,10,2.592925,10.000000,326.864200,396.677600,329.631100,395.550800,2.987538,321.094100,399.342300,338.168000,391.759300,321.094100,387.843900,338.168000,380.472400,-5.758022,0.293603,-1.004582,-5.449744,0.288207,-0.810958,-5.653841,-0.936541,54.728710,0.555195,-0.363495,0,0,19.522550,0.001875,0.000382,0.131908,5,4,7,7,4
351,21.884570,0.051875,player,8,3,7.838731,3.000001,844.558400,433.757300,847.346500,432.618700,3.011621,839.030200,436.300700,855.662900,428.936700,839.030200,424.832300,855.662900,417.599600,3.593600,0.292839,-1.948294,3.893914,0.289486,-1.760258,3.693416,-1.883349,54.729980,0.548359,-0.353765,0,0,18.722070,0.001875,0.000164,0.131661,5,9,5,5,4
352,21.926150,0.049141,father,5,2,4.813940,2.000000,758.959900,518.831800,756.435200,520.216800,2.879610,751.938500,523.411400,760.932000,517.022200,751.938500,513.835600,760.932000,507.698200,2.021112,0.244514,-4.172616,2.183494,0.238082,-4.009469,2.147887,-4.055678,234.735700,0.982529,0.226777,0,1,19.067260,0.049140,0.000136,0.123154,1,2,2,5,4
352,21.926150,0.049141,mother,11,9,11.000000,8.756151,734.859100,245.264500,736.817700,246.246800,2.191209,743.396900,248.659500,730.238600,243.834100,743.396900,239.532300,730.238600,234.290000,1.866888,0.233057,2.843012,1.629309,0.243703,2.966227,1.712734,2.929703,125.263900,0.054758,0.265120,0,0,19.124680,0.049141,0.000098,0.122985,7,7,7,8,4
352,21.926150,0.049141,older_sister,3,10,2.642372,10.000000,328.954500,395.632400,329.871600,395.177200,1.023868,320.870300,399.377100,338.873000,390.977400,320.870300,387.455700,338.873000,380.051600,-5.762064,0.304406,-1.005472,-5.437016,0.278982,-0.790990,-5.616098,-0.909855,54.737540,0.617003,-0.389232,0,0,19.571690,0.049141,0.000369,0.131908,5,4,7,7,4
352,21.926150,0.049141,player,8,3,7.888177,3.000001,846.648700,432.712100,847.763300,432.188800,1.231372,838.803700,436.358400,856.722900,428.019200,838.803700,424.500200,856.722900,417.085200,3.589512,0.302790,-1.949767,3.913051,0.279192,-1.736831,3.731157,-1.856662,54.735740,0.610169,-0.387107,0,0,18.771210,0.049140,0.000193,0.131661,5,9,5,5,4
353,21.968510,0.042575,father,5,2,4.771099,2.000000,757.148800,519.737300,754.883200,520.930100,2.560411,749.544700,524.509700,760.221600,517.350400,749.544700,515.199600,760.221600,507.877500,1.977892,0.237730,-4.200660,2.170668,0.241885,-4.017850,2.115187,-4.078799,234.737800,0.036081,0.262945,0,0,19.109830,0.042575,0.000136,0.123154,1,2,2,5,4
353,21.968510,0.042575,mother,11,9,11.000000,8.713311,736.670200,246.169900,737.452100,246.718900,0.955413,744.063700,249.206700,730.840500,244.231300,744.063700,240.377500,730.840500,234.359500,1.878928,0.225449,2.829041,1.640177,0.252069,2.956085,1.745435,2.906583,125.261400,0.108309,0.268291,0,0,19.167260,0.042575,0.000015,0.122985,7,7,7,8,4
353,21.968510,0.042575,older_sister,3,10,2.685212,10.000000,330.765600,394.727100,329.852200,394.958100,0.942153,320.966700,399.075300,338.737700,390.840900,320.966700,386.517400,338.737700,380.024900,-5.760324,0.320659,-0.997767,-5.439458,0.276179,-0.787505,-5.583399,-0.886738,54.741700,0.670553,-0.383382,0,1,19.614270,0.042575,0.000178,0.131908,5,4,7,7,4
353,21.968510,0.042575,player,8,3,7.931018,3.000001,848.459800,431.806600,847.779100,431.950800,0.695883,838.841600,436.104100,856.716600,427.797500,838.841600,423.635400,856.716600,416.974300,3.590195,0.318379,-1.943274,3.912938,0.276364,-1.731170,3.763858,-1.833541,54.738500,0.663719,-0.385977,0,1,18.813790,0.042575,0.000110,0.131661,5,9,5,5,4
354,22.014160,0.045437,father,5,2,4.725379,2.000000,755.216000,520.703600,753.931900,521.228100,1.387062,748.425700,524.814600,759.438200,517.641600,748.425700,515.931000,759.438200,507.874700,1.957686,0.226839,-4.208447,2.156523,0.249391,-4.025286,2.080289,-4.103472,234.739300,0.093231,0.268096,0,0,19.155270,0.045437,0.000273,0.129013,1,2,2,5,4
354,22.014160,0.045437,mother,11,9,11.000000,8.667591,738.603000,247.136200,738.016200,247.046100,0.593605,744.427400,249.352400,731.605000,244.739800,744.427400,240.571800,731.605000,234.309400,1.885493,0.224207,2.825320,1.653979,0.266332,2.943100,1.780332,2.881908,125.263000,0.165459,0.257032,1,0,19.212690,0.045437,0.000110,0.124538,7,7,7,8,4
354,22.014160,0.045437,older_sister,3,10,2.730932,10.000000,332.698400,393.760700,330.255400,394.597900,2.582470,322.432600,398.066200,338.078300,391.129500,322.432600,384.667700,338.078300,380.286600,-5.733856,0.342121,-0.971999,-5.451364,0.276868,-0.794876,-5.548500,-0.862059,54.734170,0.727703,-0.332916,0,1,19.659700,0.045437,0.000205,0.125306,5,4,7,7,4
354,22.014160,0.045437,player,8,3,7.976737,3.000001,850.392600,430.840300,848.058800,431.637800,2.466315,840.055100,435.209800,856.062500,428.065900,840.055100,421.974500,856.062500,417.224200,3.612105,0.337956,-1.920440,3.901128,0.276836,-1.738023,3.798755,-1.808867,54.737830,0.720869,-0.341305,0,1,18.859220,0.045437,0.000061,0.125313,5,9,5,5,4
355,22.111640,0.089904,father,5,2,4.644881,2.000000,751.812900,522.405300,752.736800,521.706800,1.158260,747.843400,525.106400,757.630100,518.307200,747.843400,516.307900,757.630100,507.555600,1.947173,0.224666,-4.215897,2.123878,0.274536,-4.042283,2.018844,-4.146926,234.732100,0.193853,0.244518,1,0,19.235270,0.030000,0.000136,0.129013,1,2,2,5,4
355,22.111640,0.089904,mother,11,9,11.000000,8.587093,742.006100,248.838000,739.906100,248.026500,2.251309,744.856100,249.508400,734.956100,246.544500,744.856100,240.646300,734.956100,234.504600,1.893235,0.226288,2.821336,1.714486,0.307433,2.897017,1.841776,2.838456,125.267100,0.266081,0.189641,1,0,19.292690,0.030000,0.000098,0.124538,7,7,7,8,4
355,22.111640,0.089904,older_sister,3,10,2.811431,10.000000,336.101500,392.058900,334.240600,392.727900,1.977522,330.653700,394.198200,337.827500,391.257500,330.653700,379.035000,337.827500,380.197200,-5.585418,0.387184,-0.873234,-5.455893,0.282416,-0.798143,-5.487056,-0.818607,54.732760,0.828327,-0.149110,0,1,19.739700,0.030000,0.000409,0.125306,5,4,7,7,4
355,22.111640,0.089904,player,8,3,8.057237,3.000001,853.795800,429.138600,851.798100,429.831300,2.114376,847.849100,431.443000,855.747100,428.219700,847.849100,416.313000,855.747100,417.186500,3.752830,0.386335,-1.824255,3.895434,0.281725,-1.741950,3.860201,-1.765414,54.733050,0.821491,-0.163954,0,1,18.939220,0.030000,0.000164,0.125313,5,9,5,5,4
356,22.162470,0.052649,father,5,2,4.581938,2.000000,749.152000,523.735700,750.942600,522.610700,2.114690,747.464700,525.338000,754.420700,519.883600,747.464700,516.475400,754.420700,507.731300,1.940334,0.226299,-4.221807,2.065927,0.310303,-4.082534,1.970800,-4.180895,234.737900,0.272532,0.182954,1,0,19.297820,0.012553,0.000220,0.129013,1,2,2,5,4
356,22.162470,0.052649,mother,11,9,11.000000,8.524150,744.667100,250.168300,743.054800,249.419300,1.777716,745.788300,249.904500,740.321200,248.934300,745.788300,240.976300,740.321200,236.248400,1.910067,0.227974,2.811224,1.811355,0.323927,2.835996,1.889822,2.804486,125.261500,0.344761,0.094903,1,0,19.355250,0.012553,0.000046,0.124538,7,7,7,8,4
356,22.162470,0.052649,older_sister,3,10,2.874373,10.000000,338.762500,390.728700,339.126700,390.430200,0.470956,340.316200,389.629600,337.937200,391.230800,340.316200,376.146200,337.937200,379.914600,-5.410957,0.344291,-0.756575,-5.453912,0.288951,-0.797461,-5.439011,-0.784641,54.741360,0.907005,0.058677,0,1,19.802260,0.012553,0.000136,0.125306,5,4,7,7,4
356,22.162470,0.052649,player,8,3,8.120179,3.000001,856.456700,427.808200,856.593800,427.620700,0.232268,857.322800,427.048000,855.864900,428.193500,857.322800,413.358500,855.864900,416.896100,3.923883,0.349554,-1.712032,3.897560,0.288471,-1.741281,3.908246,-1.731445,54.737790,0.900171,0.038379,0,1,19.001780,0.012553,0.000086,0.125313,5,9,5,5,4
357,22.203310,0.047578,father,5,2,4.534064,2.000000,747.128200,524.747900,748.768900,523.841800,1.874302,746.838700,525.706900,750.699200,521.976600,746.838700,516.793500,750.699200,509.251400,1.929033,0.227599,-4.231229,1.998734,0.324930,-4.135979,1.934258,-4.206740,234.729700,0.332377,0.111908,1,0,19.345400,0.047578,0.000061,0.129013,1,2,2,5,4
357,22.203310,0.047578,mother,11,8,11.000000,8.476275,746.690900,251.180500,746.198400,250.906700,0.563465,746.655200,250.301500,745.741700,251.511900,746.655200,241.337400,745.741700,240.117100,1.925718,0.228896,2.801084,1.909225,0.290960,2.770179,1.926363,2.778641,125.270600,0.404604,-0.004381,1,0,19.402820,0.047578,0.000150,0.124538,7,7,7,8,4
357,22.203310,0.047578,older_sister,3,10,2.922248,10.000000,340.786400,389.716800,343.478600,388.154000,3.112993,348.918000,385.111700,338.039200,391.196300,348.918000,373.117900,338.039200,379.705200,-5.255647,0.306256,-0.641215,-5.452069,0.293419,-0.796579,-5.402468,-0.758803,54.736860,0.966850,0.250078,0,1,19.849840,0.047578,0.000068,0.125306,5,4,7,7,4
357,22.203310,0.047578,player,8,3,8.168054,3.000001,858.480600,426.796100,860.909100,425.375700,2.813386,865.858600,422.595900,855.959700,428.155600,865.858600,410.490300,855.959700,416.688200,4.078002,0.309110,-1.598351,3.899272,0.292813,-1.740314,3.944789,-1.705600,54.730350,0.960014,0.227896,0,1,19.049350,0.047578,0.000246,0.125313,5,9,5,5,4
358,22.245510,0.042096,father,4,2,4.491705,2.000000,745.337400,525.643100,746.273400,525.187700,1.040930,746.135400,526.096700,746.411400,524.278700,746.135400,517.134900,746.411400,512.328400,1.916333,0.228834,-4.241184,1.921317,0.305146,-4.194762,1.901925,-4.229601,234.737600,0.385323,0.030870,1,0,19.387500,0.042096,0.000061,0.129013,1,2,2,5,4
358,22.245510,0.042096,mother,11,8,11.000000,8.433917,748.481600,252.075600,749.348000,252.484700,0.958181,747.405900,250.653200,751.290200,254.316300,747.405900,241.682600,751.290200,244.400100,1.939272,0.229057,2.792105,2.009406,0.253204,2.698570,1.958696,2.755784,125.259300,0.457550,-0.111264,1,0,19.444920,0.042096,0.000015,0.124538,7,7,7,8,4
358,22.245510,0.042096,older_sister,3,10,2.964606,10.000000,342.577100,388.821200,345.755200,387.008300,3.658867,353.278400,382.897200,338.232100,391.119500,353.278400,371.263300,338.232100,379.423800,-5.176919,0.297065,-0.584668,-5.448587,0.298642,-0.794619,-5.370136,-0.735935,54.728750,0.019796,0.343033,0,1,19.891930,0.042096,0.000301,0.125306,5,4,7,7,4
358,22.245510,0.042096,player,8,3,8.210412,3.000001,860.271300,425.900900,863.589600,423.999900,3.824268,871.096100,419.892500,856.083100,428.107200,871.096100,408.174600,856.083100,416.438900,4.172569,0.299210,-1.529320,3.901500,0.297944,-1.739080,3.977121,-1.682742,54.740890,0.012962,0.342431,0,1,19.091450,0.042096,0.000086,0.125313,5,9,5,5,4
359,22.310860,0.058812,father,4,2,4.432528,2.000000,742.835600,526.893900,741.962500,527.353000,0.986456,745.129300,526.632600,738.795700,528.073400,745.129300,517.661700,738.795700,518.186900,1.898168,0.229065,-4.254866,1.783810,0.252447,-4.291656,1.856754,-4.261538,234.738800,0.459295,-0.114616,1,0,19.446310,0.008812,0.000220,0.129013,1,2,2,5,4
359,22.310860,0.058812,mother,11,8,11.000000,8.374740,750.983400,253.326500,752.976400,254.406800,2.266954,748.227700,251.050700,757.725200,257.762800,748.227700,242.067600,757.725200,248.392000,1.954111,0.229377,2.781955,2.125594,0.239281,2.610564,2.003867,2.723843,125.263900,0.531523,-0.238968,1,0,19.503730,0.008812,0.000000,0.124538,7,7,7,8,4
359,22.310860,0.058812,older_sister,3,10,3.023784,10.000000,345.078900,387.570500,346.648400,386.880600,1.714486,354.458200,382.744700,338.838700,391.016500,354.458200,371.780700,338.838700,378.911000,-5.155616,0.279959,-0.580774,-5.437635,0.309105,-0.791989,-5.324965,-0.703998,54.738680,0.093769,0.352213,0,0,19.950740,0.008812,0.000164,0.125306,5,4,7,7,4
359,22.310860,0.058812,player,8,3,8.269590,3.000001,862.773100,424.650000,864.506700,423.852200,1.908424,872.307700,419.714600,856.705600,427.989700,872.307700,408.719100,856.705600,415.937100,4.194445,0.280764,-1.524779,3.912740,0.307756,-1.736079,4.022291,-1.650802,54.735860,0.086933,0.352006,0,0,19.150260,0.008812,0.000086,0.125313,5,9,5,5,4
360,22.353210,0.049541,father,4,2,4.382678,2.000000,740.728200,527.947400,738.721600,528.878400,2.212064,744.438800,526.989000,733.004400,530.767800,744.438800,518.016300,733.004400,521.362900,1.885702,0.229112,-4.263967,1.679246,0.240151,-4.360457,1.818704,-4.288439,234.739900,0.521608,-0.224282,1,0,19.495850,0.049541,0.000356,0.128726,1,2,2,5,4
360,22.353210,0.049541,mother,11,8,11.000000,8.324890,753.090800,254.380100,754.390400,255.022000,1.449476,748.605900,251.235800,760.174900,258.808300,748.605900,242.036500,760.174900,249.817300,1.960940,0.234899,2.777229,2.169826,0.229579,2.583869,2.041918,2.696942,125.259800,0.593836,-0.282188,0,0,19.553270,0.049541,0.000150,0.122869,7,7,7,8,4
360,22.353210,0.049541,older_sister,3,10,3.073634,10.000000,347.186200,386.516800,346.973200,386.849200,0.394769,354.412900,382.816400,339.533500,390.882000,354.412900,371.902600,339.533500,378.170400,-5.156434,0.278679,-0.582605,-5.425089,0.324581,-0.788554,-5.286915,-0.677093,54.736150,0.156080,0.338261,1,0,20.000280,0.049541,0.000136,0.129197,5,4,7,7,4
360,22.353210,0.049541,player,8,3,8.319439,3.000001,864.880400,423.596000,864.865000,423.815200,0.219721,872.385600,419.759700,857.344400,427.870700,872.385600,408.848800,857.344400,415.239100,4.195849,0.278603,-1.525930,3.924273,0.322541,-1.733040,4.060341,-1.623889,54.727950,0.149246,0.341318,1,0,19.199800,0.049541,0.000356,0.129178,5,9,5,5,4
361,22.449200,0.090441,father,4,2,4.302179,2.000000,737.325100,529.649400,736.717800,530.030700,0.717156,743.803600,527.345900,729.632000,532.715500,743.803600,517.939000,729.632000,523.790500,1.874231,0.240199,-4.273079,1.618354,0.227895,-4.410190,1.757259,-4.331896,234.729900,0.622231,-0.288079,0,0,19.575850,0.030000,0.000000,0.128726,1,2,2,5,4
361,22.449200,0.090441,mother,11,8,11.000000,8.244392,756.493900,256.081800,755.502600,255.374600,1.217714,749.875600,251.642100,761.129500,259.107100,749.875600,241.432700,761.129500,250.266400,1.983866,0.260693,2.766853,2.187060,0.225741,2.576239,2.103362,2.653488,125.267900,0.694458,-0.275960,0,1,19.633270,0.030000,0.000000,0.122869,7,7,7,8,4
361,22.449200,0.090441,older_sister,3,10,3.154132,10.000000,350.589400,384.815100,348.353700,386.324300,2.697396,353.693700,383.172900,343.013800,389.475800,353.693700,372.163200,343.013800,375.067300,-5.169420,0.281126,-0.591708,-5.362252,0.367912,-0.752647,-5.225470,-0.633639,54.732140,0.256704,0.250366,1,0,20.080280,0.030000,0.000314,0.129197,5,4,7,7,4
361,22.449200,0.090441,player,8,3,8.399938,3.000001,868.283600,421.894700,866.016200,423.402300,2.722820,871.572600,420.152900,860.459700,426.651700,871.572600,409.145600,860.459700,412.405200,4.181171,0.281065,-1.535969,3.980522,0.363774,-1.701913,4.121786,-1.580447,54.739570,0.249868,0.259635,1,0,19.279800,0.030000,0.000110,0.129178,5,9,5,5,4
362,22.496930,0.047774,father,4,2,4.243602,2.000000,734.848800,530.887500,736.145300,530.451500,1.367906,742.985900,527.951100,729.304800,532.951800,742.985900,517.731100,729.304800,524.110200,1.859468,0.260964,-4.288535,1.612448,0.225766,-4.416225,1.712548,-4.363513,234.735500,0.695452,-0.275413,0,1,19.634060,0.008215,0.000000,0.128726,1,2,2,5,4
362,22.496930,0.047774,mother,11,8,11.000000,8.185815,758.970300,257.320000,757.221600,256.186100,2.084120,753.205000,253.159200,761.238200,259.212900,753.205000,241.774400,761.238200,250.287100,2.043980,0.290706,2.728114,2.189022,0.227914,2.573539,2.148074,2.621872,125.264500,0.767679,-0.207671,0,1,19.691490,0.008215,0.000000,0.122869,7,7,7,8,4
362,22.496930,0.047774,older_sister,3,10,3.212710,10.000000,353.065700,383.576900,351.023100,384.816000,2.389117,353.923200,383.021200,348.122900,386.610900,353.923200,371.926400,348.122900,371.086700,-5.165275,0.283299,-0.587834,-5.270002,0.396401,-0.679496,-5.180758,-0.602023,54.735890,0.329926,0.138430,1,0,20.138500,0.008215,0.000314,0.129197,5,4,7,7,4
362,22.496930,0.047774,player,8,3,8.458515,3.000000,870.759900,420.656600,868.671300,421.943000,2.453064,871.820600,420.008500,865.521900,423.877600,871.820600,408.928500,865.521900,408.380600,4.185649,0.282919,-1.532282,4.071924,0.395705,-1.631077,4.166499,-1.548831,54.736180,0.323090,0.149896,1,0,19.338020,0.008215,0.000110,0.129178,5,9,5,5,4
363,22.539150,0.048037,father,4,2,4.195266,2.000000,732.805300,531.909200,734.891600,531.125500,2.228640,740.590500,529.288800,729.192700,532.962200,740.590500,518.092700,729.192700,524.050800,1.816217,0.285887,-4.322692,1.610424,0.227545,-4.416487,1.675652,-4.389601,234.736100,0.755871,-0.222182,0,1,19.682100,0.048037,0.000086,0.128726,1,2,2,5,4
363,22.539150,0.048037,mother,11,8,11.000000,8.137479,761.013700,258.341400,759.610800,257.540400,1.615472,757.540200,255.618500,761.681600,259.462200,757.540200,243.581400,761.681600,250.414400,2.122252,0.307359,2.665319,2.197028,0.231030,2.567171,2.184970,2.595792,125.255200,0.828098,-0.117714,0,1,19.739520,0.048037,0.000273,0.122869,7,7,7,8,4
363,22.539150,0.048037,older_sister,3,10,3.261045,10.000000,355.109200,382.555500,354.059300,383.150700,1.206881,354.302700,382.783100,353.815900,383.518300,354.302700,371.574300,353.815900,368.998800,-5.158423,0.286211,-0.581754,-5.167213,0.370746,-0.600528,-5.143862,-0.575943,54.744860,0.390345,0.018015,1,0,20.186530,0.048037,0.000031,0.129197,5,4,7,7,4
363,22.539150,0.048037,player,9,3,8.506851,3.000000,872.803300,419.634700,871.585800,420.323700,1.398999,872.180500,419.773900,870.991100,420.873500,872.180500,408.576600,870.991100,406.144300,4.192148,0.285915,-1.526291,4.170672,0.376103,-1.554370,4.203393,-1.522739,54.731530,0.383509,0.033747,1,0,19.386050,0.048037,0.000246,0.129178,5,9,5,5,4
364,22.581700,0.043243,father,4,2,4.151753,2.000000,730.965800,532.828900,732.752800,532.099700,1.930036,736.706900,531.067300,728.798700,533.132200,736.706900,519.124000,728.798700,524.131600,1.746097,0.304968,-4.368105,1.603310,0.229824,-4.420829,1.642438,-4.413085,234.737700,0.810263,-0.147027,0,1,19.725340,0.043243,0.000086,0.128726,1,2,2,5,4
364,22.581700,0.043243,mother,11,8,11.000000,8.093966,762.853300,259.261500,762.528900,259.074500,0.374378,762.853100,258.397800,762.204700,259.751300,762.853100,247.209500,762.204700,250.587500,2.218181,0.285684,2.594352,2.206474,0.233991,2.559791,2.218184,2.572296,125.275500,0.882490,-0.010401,0,1,19.782770,0.043243,0.000031,0.122869,7,7,7,8,4
364,22.581700,0.043243,older_sister,3,10,3.304559,10.000000,356.948700,381.635800,357.641700,381.353100,0.748443,354.670400,382.572700,360.612900,380.133500,354.670400,371.272700,360.612900,367.525800,-5.151784,0.288538,-0.576381,-5.044488,0.321933,-0.514100,-5.110649,-0.552459,54.737270,0.444735,-0.123565,1,0,20.229780,0.043243,0.000031,0.129197,5,4,7,7,4
364,22.581700,0.043243,player,9,3,8.550364,3.000000,874.642900,418.715000,875.092800,418.549200,0.479423,872.553000,419.561200,877.632600,417.537200,872.553000,408.272500,877.632600,404.702800,4.198874,0.288249,-1.520861,4.290588,0.327720,-1.469180,4.236609,-1.499255,54.739280,0.437901,-0.104723,1,0,19.429300,0.043243,0.000136,0.129178,5,9,5,5,4
365,22.623430,0.041606,father,4,2,4.109888,2.000000,729.196000,533.713900,730.013700,533.344400,0.897245,731.755200,533.321100,728.272100,533.367600,731.755200,521.709300,728.272100,524.238000,1.656691,0.296503,-4.425654,1.593802,0.233120,-4.426840,1.610484,-4.435683,234.732700,0.862593,-0.052032,0,1,19.766950,0.041606,0.000000,0.128726,1,2,2,5,4
365,22.623430,0.041606,mother,11,8,11.000000,8.052101,764.623000,260.146100,765.785500,260.680800,1.279539,768.889800,261.373600,762.681300,259.988000,768.889800,251.385100,762.681300,250.749500,2.327176,0.255049,2.518366,2.215080,0.235898,2.553746,2.250138,2.549710,125.254300,0.934820,0.111959,0,1,19.824370,0.041606,0.000246,0.122869,7,7,7,8,4
365,22.623430,0.041606,older_sister,3,10,3.346423,10.000000,358.718600,380.750800,360.830100,379.852500,2.294701,354.864500,382.457600,366.795800,377.247400,354.864500,371.095800,366.795800,365.544000,-5.148280,0.290117,-0.573443,-4.932853,0.298841,-0.440404,-5.078693,-0.529861,54.733150,0.497065,-0.252705,1,0,20.271380,0.041606,0.000031,0.129197,5,4,7,7,4
365,22.623430,0.041606,player,9,3,8.592230,3.000000,876.412700,417.830000,878.363200,416.993700,2.122197,872.768100,419.432800,883.958400,414.554500,872.768100,408.076400,883.958400,402.787900,4.202756,0.289979,-1.517583,4.404804,0.300454,-1.393018,4.268563,-1.476657,54.731800,0.490231,-0.236888,1,0,19.470900,0.041606,0.000246,0.129178,5,9,5,5,4
366,22.664970,0.041895,father,4,2,4.067732,2.000000,727.413800,534.604900,726.909900,534.882200,0.575188,726.013900,536.168200,727.806000,533.596200,726.013900,525.772000,727.806000,524.384900,1.553028,0.265459,-4.498351,1.585387,0.235205,-4.432678,1.578305,-4.458434,234.739300,0.915287,0.064334,0,1,19.808840,0.041895,0.000136,0.130494,1,2,2,5,4
366,22.664970,0.041895,mother,11,8,11.000000,8.009945,766.405200,261.037500,769.205200,262.308700,3.075101,775.196600,264.356300,763.213600,260.261100,775.196600,254.751900,763.213600,250.925800,2.441050,0.245242,2.442204,2.224691,0.238371,2.546772,2.282316,2.526947,125.275100,0.987515,0.237022,0,1,19.866270,0.041895,0.000086,0.132436,7,7,7,8,4
366,22.664970,0.041895,older_sister,3,10,3.388579,10.000000,360.500600,379.859300,363.286200,378.722300,3.008699,354.923600,382.427800,371.648900,375.016700,354.923600,370.953600,371.648900,363.690000,-5.147214,0.292987,-0.572681,-4.845227,0.289221,-0.383445,-5.046516,-0.507098,54.724040,0.549761,-0.355823,0,0,20.313280,0.041895,0.000382,0.140570,5,4,7,7,4
366,22.664970,0.041895,player,9,3,8.634385,3.000000,878.194900,416.939000,880.978500,415.799700,3.007717,872.854700,419.387900,889.102200,412.211400,872.854700,407.940100,889.102200,400.835100,4.204320,0.292315,-1.516438,4.497679,0.290485,-1.333188,4.300741,-1.453906,54.738590,0.542925,-0.345327,0,0,19.512800,0.041895,0.000164,0.140665,5,9,5,5,4
367,22.755480,0.086051,father,4,2,3.987234,2.000000,724.010700,536.306300,721.424300,537.713700,2.944554,716.145400,541.294100,726.703200,534.133400,716.145400,531.764300,726.703200,524.722000,1.374848,0.243338,-4.629240,1.565475,0.240314,-4.446394,1.516861,-4.501879,234.736500,0.015909,0.261211,0,1,19.888840,0.030000,0.000193,0.130494,1,2,2,5,4
367,22.755480,0.086051,mother,11,8,11.000000,7.929447,769.808300,262.739000,771.049000,263.463500,1.436706,777.665500,265.933400,764.432400,260.993500,777.665500,257.027500,764.432400,251.261400,2.485627,0.227408,2.401933,2.246696,0.248503,2.528072,2.343760,2.483502,125.262900,0.088139,0.267913,0,0,19.946270,0.030000,0.000000,0.132436,7,7,7,8,4
367,22.755480,0.086051,older_sister,3,10,3.469078,10.000000,363.903800,378.158100,363.692300,378.124900,0.214033,354.689600,382.325600,372.695100,373.924200,354.689600,370.029400,372.695100,363.079600,-5.151439,0.313977,-0.570073,-4.826339,0.276911,-0.355548,-4.985071,-0.463657,54.739770,0.650383,-0.389300,0,1,20.393280,0.030000,0.000136,0.140570,5,4,7,7,4
367,22.755480,0.086051,player,9,3,8.714884,3.000000,881.598000,415.237600,881.625400,415.114300,0.126270,872.605000,419.328900,890.645800,410.899700,872.605000,407.117200,890.645800,400.040200,4.199811,0.311819,-1.514931,4.525549,0.277291,-1.299695,4.362185,-1.410460,54.736820,0.643549,-0.390230,0,0,19.592800,0.030000,0.000086,0.140665,5,9,5,5,4
368,22.800960,0.046172,father,4,2,3.934685,2.000000,721.789200,537.417200,720.289700,538.080300,1.639610,714.802800,541.667800,725.776700,534.492600,714.802800,532.730200,725.776700,524.803800,1.350605,0.228218,-4.638783,1.548745,0.247399,-4.455567,1.476750,-4.530245,234.732400,0.081596,0.267563,0,0,19.941060,0.002223,0.000061,0.130494,1,2,2,5,4
368,22.800960,0.046172,mother,11,8,11.000000,7.876898,772.029800,263.849700,771.718400,263.884900,0.313376,778.199800,266.247800,765.236900,261.521900,778.199800,257.466900,765.236900,251.221400,2.495275,0.224215,2.393906,2.261221,0.263019,2.514579,2.383871,2.455140,125.263800,0.153824,0.260775,1,0,19.998490,0.002223,0.000000,0.132436,7,7,7,8,4
368,22.800960,0.046172,older_sister,4,10,3.521626,10.000000,366.125200,377.047100,363.881300,377.809500,2.369962,355.758300,381.452300,372.004200,374.166800,355.758300,368.318100,372.004200,363.326900,-5.132142,0.335372,-0.547773,-4.838812,0.276790,-0.361743,-4.944961,-0.435291,54.731950,0.716068,-0.346907,0,1,20.445500,0.002223,0.000273,0.140570,5,4,7,7,4
368,22.800960,0.046172,player,9,3,8.767432,3.000000,883.819500,414.126700,881.726100,414.825400,2.206926,873.441200,418.564800,890.011100,411.086100,873.441200,405.540500,890.011100,400.252000,4.214911,0.332566,-1.495418,4.514090,0.276642,-1.304454,4.402297,-1.382094,54.732600,0.709234,-0.354531,0,1,19.645020,0.002223,0.000193,0.140665,5,9,5,5,4
369,22.840430,0.043737,father,4,2,3.890676,2.000000,719.928700,538.347500,719.584700,538.338700,0.344106,714.155600,541.898000,725.013800,534.779300,714.155600,533.110600,725.013800,524.659300,1.338922,0.224382,-4.644660,1.534972,0.258408,-4.462887,1.443158,-4.554000,234.734300,0.136608,0.265021,0,0,19.984800,0.043737,0.000086,0.130494,1,2,2,5,4
369,22.840430,0.043737,mother,11,8,11.000000,7.832889,773.890300,264.779700,772.334500,264.254500,1.642045,778.322600,266.271200,766.346400,262.237800,778.322600,257.453200,766.346400,251.304700,2.497492,0.225162,2.393309,2.281255,0.279169,2.496300,2.417464,2.431393,125.256500,0.208836,0.236024,1,0,20.042230,0.043737,0.000273,0.132436,7,7,7,8,4
369,22.840430,0.043737,older_sister,4,10,3.565636,10.000000,367.985800,376.117200,365.353100,376.942200,2.758893,359.037600,379.572100,371.668600,374.312200,359.037600,365.225100,371.668600,363.414400,-5.072932,0.366342,-0.499764,-4.844872,0.278270,-0.365456,-4.911368,-0.411544,54.743830,0.771082,-0.263757,0,1,20.489240,0.043737,0.000000,0.140570,5,4,7,7,4
369,22.840430,0.043737,player,9,3,8.811441,3.000000,885.680000,413.196400,883.021000,414.037100,2.788743,876.427900,416.805500,889.614200,411.268800,876.427900,402.596300,889.614200,400.382200,4.268836,0.362822,-1.450496,4.506922,0.277982,-1.309120,4.435889,-1.358340,54.734940,0.764246,-0.276020,0,1,19.688760,0.043737,0.000220,0.140665,5,9,5,5,4
370,22.881280,0.041341,father,4,2,3.849077,2.000000,718.170200,539.226700,718.986700,538.587600,1.036865,714.026200,542.011000,723.947200,535.164200,714.026200,533.218000,723.947200,524.475200,1.336583,0.224527,-4.647547,1.515714,0.272937,-4.472715,1.411406,-4.576449,234.739300,0.188606,0.247196,1,0,20.026140,0.041341,0.000136,0.130494,1,2,2,5,4
370,22.881280,0.041341,mother,11,8,11.000000,7.791291,775.648900,265.659100,773.550800,264.852300,2.247881,778.620500,266.392800,768.481100,263.311700,778.620500,257.531300,768.481100,251.363500,2.502869,0.226275,2.390202,2.319799,0.305090,2.468876,2.449216,2.408936,125.270700,0.260836,0.194894,1,0,20.083570,0.041341,0.000110,0.132436,7,7,7,8,4
370,22.881280,0.041341,older_sister,4,10,3.607235,10.000000,369.744400,375.237700,367.777300,375.926000,2.084025,363.911700,377.505800,371.642900,374.346300,363.911700,362.364700,371.642900,363.306900,-4.984927,0.386618,-0.447001,-4.845336,0.281886,-0.366326,-4.879615,-0.389087,54.730240,0.823080,-0.160551,0,1,20.530580,0.041341,0.000164,0.140570,5,4,7,7,4
370,22.881280,0.041341,player,9,3,8.853041,3.000000,887.438600,412.317200,885.344500,413.022500,2.209639,881.123700,414.738600,889.565400,411.306500,881.123700,399.655800,889.565400,400.293500,4.353621,0.385129,-1.397718,4.506042,0.281210,-1.310082,4.467641,-1.335891,54.738360,0.816246,-0.175049,0,1,19.730100,0.041341,0.000110,0.140665,5,9,5,5,4
371,22.920290,0.038794,father,4,2,3.810042,2.000000,716.519900,540.051900,718.257600,538.953100,2.055974,714.005900,542.057100,722.509200,535.849100,714.005900,533.199100,722.509200,524.340100,1.336218,0.226183,-4.648721,1.489750,0.293873,-4.490204,1.381610,-4.597521,234.731200,0.237400,0.216882,1,0,20.064940,0.038794,0.000000,0.130494,1,2,2,5,4
371,22.920290,0.038794,mother,11,8,11.000000,7.752255,777.299100,266.484400,775.351300,265.648600,2.119581,779.154300,266.621400,771.548300,264.675800,779.154300,257.736100,771.548300,252.035600,2.512508,0.226880,2.384368,2.375177,0.322761,2.434046,2.479012,2.387864,125.268600,0.309629,0.140809,1,0,20.122360,0.038794,0.000000,0.132436,7,7,7,8,4
371,22.920290,0.038794,older_sister,4,10,3.646271,10.000000,371.394700,374.412400,370.678400,374.618700,0.745357,369.593900,374.924300,371.762800,374.313200,369.593900,360.433200,371.762800,363.099200,-4.882332,0.370020,-0.381083,-4.843171,0.286343,-0.365481,-4.849819,-0.368015,54.731510,0.871874,-0.040983,0,1,20.569370,0.038794,0.000273,0.140570,5,4,7,7,4
371,22.920290,0.038794,player,9,3,8.892076,3.000000,889.088800,411.492100,888.182300,411.781100,0.951516,886.683700,412.283700,889.680900,411.278600,886.683700,397.629600,889.680900,400.086500,4.454010,0.374183,-1.335034,4.508127,0.285782,-1.309369,4.497437,-1.314822,54.736360,0.865040,-0.059004,0,1,19.768890,0.038794,0.000136,0.140665,5,9,5,5,4
372,22.957640,0.037636,father,4,2,3.772171,2.000000,714.918900,540.852100,716.718300,539.747300,2.111477,713.528600,542.315200,719.907900,537.179400,713.528600,533.449800,719.907900,524.831300,1.327600,0.226376,-4.655313,1.442782,0.315301,-4.524172,1.352702,-4.617952,234.748300,0.284739,0.169751,1,0,20.102570,0.037636,0.000329,0.124559,1,2,2,5,4
372,22.957640,0.037636,mother,11,8,11.000000,7.714385,778.900100,267.284800,777.458800,266.595400,1.597703,779.777200,266.890900,775.140500,266.300000,779.777200,257.949300,775.140500,253.728400,2.523754,0.228317,2.377486,2.440037,0.321009,2.392573,2.507919,2.367428,125.258200,0.356966,0.077069,1,0,20.160000,0.037636,0.000136,0.128322,7,7,7,8,4
372,22.957640,0.037636,older_sister,4,10,3.684141,10.000000,372.995600,373.612100,373.788500,373.098600,0.944655,375.824300,371.875000,371.752700,374.322300,375.824300,358.773700,371.752700,362.973300,-4.769838,0.334535,-0.303222,-4.843354,0.289789,-0.365712,-4.820912,-0.347579,54.740780,0.919212,0.096103,0,1,20.607010,0.037636,0.000136,0.137623,5,4,7,7,4
372,22.957640,0.037636,player,9,3,8.929947,3.000000,890.689800,410.691400,891.239000,410.301000,0.673754,892.797300,409.316500,889.680500,411.285400,892.797300,396.000400,889.680500,399.954800,4.564395,0.340019,-1.259270,4.508121,0.289322,-1.309545,4.526344,-1.294375,54.726900,0.912376,0.074976,0,1,19.806530,0.037636,0.000329,0.137167,5,9,5,5,4
373,23.045880,0.084440,father,4,2,3.691673,2.000000,711.515800,542.553800,712.451000,542.098800,1.040057,712.314600,543.007100,712.587400,541.190600,712.314600,534.045200,712.587400,529.241200,1.305681,0.228835,-4.672979,1.310606,0.305120,-4.626595,1.291258,-4.661406,234.732100,0.385361,0.030803,1,0,20.182570,0.030000,0.000136,0.124559,1,2,2,5,4
373,23.045880,0.084440,mother,11,8,11.000000,7.633886,782.303200,268.986500,783.170300,269.396100,0.958990,781.226800,267.563400,785.113800,271.228800,781.226800,258.592900,785.113800,261.313300,2.549929,0.229057,2.360311,2.620111,0.253186,2.266720,2.569363,2.323976,125.267700,0.457590,-0.111341,1,0,20.240000,0.030000,0.000086,0.128322,7,7,7,8,4
373,23.045880,0.084440,older_sister,4,10,3.764640,10.000000,376.398700,371.910400,379.576300,370.098200,3.657947,387.099900,365.987500,372.052600,374.208900,387.099900,354.354000,372.052600,362.513100,-4.566251,0.297053,-0.152888,-4.837939,0.298646,-0.362818,-4.759467,-0.304127,54.733190,0.019835,0.343036,0,1,20.687010,0.030000,0.000314,0.137623,5,4,7,7,4
373,23.045880,0.084440,player,9,3,9.000000,3.000000,893.651400,409.211000,897.234000,407.146300,4.135039,904.710600,403.045800,889.757600,411.246800,904.710600,391.170900,889.757600,399.630500,4.779496,0.303219,-1.099150,4.509511,0.296615,-1.308558,4.579816,-1.256575,54.742950,0.999945,0.341341,0,1,19.876150,0.019619,0.000061,0.137167,5,9,5,5,4
374,23.086470,0.042856,father,4,2,3.644082,2.000000,709.503900,543.559700,708.982200,543.851200,0.597588,711.490400,543.445600,706.474100,544.256800,711.490400,534.477100,706.474100,534.067000,1.290799,0.229004,-4.684176,1.200226,0.260188,-4.704889,1.254932,-4.687090,234.737300,0.444851,-0.085912,1,0,20.229870,0.047296,0.000220,0.124559,1,2,2,5,4
374,23.086470,0.042856,mother,11,8,11.000000,7.586295,784.315100,269.992400,786.178500,270.989800,2.113578,781.907800,267.892500,790.449200,274.087100,781.907800,258.922600,790.449200,264.666400,2.562224,0.229042,2.351908,2.716444,0.240551,2.193733,2.605690,2.298290,125.262400,0.517078,-0.217241,1,0,20.287290,0.047296,0.000031,0.128322,7,7,7,8,4
374,23.086470,0.042856,older_sister,4,10,3.812231,10.000000,378.410600,370.904700,380.321700,369.988600,2.119277,388.107800,365.852800,372.535700,374.124400,388.107800,354.815200,372.535700,362.128500,-4.548054,0.281838,-0.149448,-4.829216,0.306309,-0.360661,-4.723141,-0.278445,54.740920,0.079323,0.351511,0,0,20.734310,0.047296,0.000068,0.137623,5,4,7,7,4
374,23.086470,0.042856,player,9,3,9.000000,3.009004,893.270800,409.020500,895.089100,406.250700,3.313371,899.277600,400.231000,890.900400,412.270500,899.277600,388.491200,890.900400,400.609200,4.681403,0.299767,-1.027275,4.530147,0.297765,-1.334697,4.572944,-1.251712,28.681920,0.011198,0.342296,0,1,19.885100,0.008948,0.000110,0.137167,3,9,5,5,4
375,23.125850,0.039795,father,4,2,3.604039,2.000000,707.811200,544.406400,706.212800,545.176100,1.774091,710.901000,543.755900,701.524500,546.596300,710.901000,534.788300,701.524500,537.075900,1.280157,0.228983,-4.692100,1.110858,0.243098,-4.764628,1.224367,-4.708708,234.728900,0.494904,-0.180101,1,0,20.269660,0.039795,0.000061,0.124559,1,2,2,5,4
375,23.125850,0.039795,mother,11,8,11.000000,7.546253,786.007900,270.838500,787.953400,271.896100,2.214372,782.310900,268.093800,793.595900,275.698500,782.310900,259.018600,793.595900,266.471300,2.569503,0.231730,2.346769,2.773260,0.235610,2.152588,2.636254,2.276684,125.256700,0.567131,-0.278472,0,0,20.327090,0.039795,0.000273,0.128322,7,7,7,8,4
375,23.125850,0.039795,older_sister,4,10,3.852274,10.000000,380.103500,370.058300,380.705300,369.951400,0.611293,388.428600,365.856700,372.982100,374.046100,388.428600,354.957900,372.982100,361.631300,-4.542261,0.278294,-0.149549,-4.821157,0.317006,-0.358661,-4.692576,-0.256835,54.738680,0.129377,0.348447,0,0,20.774100,0.039795,0.000000,0.137623,5,4,7,7,4
375,23.125850,0.039795,player,9,3,9.000000,3.030529,892.360800,408.565600,892.467200,406.051100,2.516745,892.856700,399.282000,892.077800,412.820300,892.856700,387.868800,892.077800,401.052400,4.565468,0.291429,-1.003043,4.551404,0.300488,-1.348737,4.556514,-1.240096,4.482586,0.038103,0.345736,0,0,19.906490,0.021392,0.000061,0.137167,3,9,5,5,4
376,23.168170,0.042056,father,4,2,3.561721,2.000000,706.022100,545.300800,703.843800,546.295900,2.394879,710.389300,544.016500,697.298200,548.575300,710.389300,535.003600,697.298200,539.258800,1.270917,0.230141,-4.698755,1.034551,0.237891,-4.815159,1.192066,-4.731547,234.738100,0.547800,-0.260200,0,0,20.311720,0.042056,0.000086,0.124559,1,2,2,5,4
376,23.168170,0.042056,mother,11,8,11.000000,7.503935,787.796900,271.733100,788.557100,272.040400,0.819903,782.622400,268.213200,794.491600,275.867600,782.622400,258.825300,794.491600,266.937200,2.575127,0.239715,2.343720,2.789432,0.228033,2.148269,2.668556,2.253842,125.265800,0.620028,-0.287824,0,0,20.369140,0.042056,0.000193,0.128322,7,7,7,8,4
376,23.168170,0.042056,older_sister,4,10,3.894592,10.000000,381.892500,369.163800,380.954100,369.924700,1.208104,388.001300,366.011400,373.906800,373.838000,388.001300,355.076000,373.906800,360.827900,-4.549975,0.279227,-0.153497,-4.804460,0.332207,-0.353347,-4.660275,-0.233993,54.734330,0.182274,0.323170,1,0,20.816160,0.042056,0.000068,0.137623,5,4,7,7,4
376,23.168170,0.042056,player,9,3,9.000000,3.067063,890.816300,407.793100,890.097400,406.346200,1.615641,886.333000,399.988900,893.861600,412.703600,886.333000,388.976800,893.861600,400.674900,4.447680,0.281186,-1.021093,4.583612,0.307145,-1.345757,4.528627,-1.220371,338.908500,0.083771,0.351829,0,0,19.942790,0.036307,0.000301,0.137167,3,9,5,5,4
377,23.208140,0.040523,father,4,2,3.520946,2.000000,704.298300,546.162700,703.141400,546.764200,1.303999,710.127900,544.153900,696.154700,549.374400,710.127900,534.924000,696.154700,540.407200,1.266198,0.235680,-4.702260,1.013905,0.228972,-4.835565,1.160942,-4.753554,234.736700,0.598770,-0.282960,0,0,20.352240,0.040523,0.000086,0.124559,1,2,2,5,4
377,23.208140,0.040523,mother,11,7,11.000000,7.463160,789.520800,272.595300,789.058700,272.193700,0.612184,783.213600,268.381600,794.903700,276.005700,783.213600,258.451600,794.903700,267.167600,2.585802,0.253557,2.339420,2.796873,0.225676,2.144744,2.699680,2.231827,125.272900,0.670998,-0.284740,0,1,20.409670,0.040523,0.000031,0.128322,7,7,7,8,4
377,23.208140,0.040523,older_sister,4,10,3.935367,10.000000,383.616300,368.301600,381.443200,369.743700,2.608035,387.460000,366.274400,375.426300,373.212900,387.460000,355.274900,375.426300,359.361000,-4.559750,0.280868,-0.160216,-4.777024,0.353700,-0.337384,-4.629151,-0.211978,54.726890,0.233244,0.279695,1,0,20.856680,0.040523,0.000301,0.137623,5,4,7,7,4
377,23.208140,0.040523,player,9,3,9.000001,3.107839,889.092500,406.931400,888.987500,406.637300,0.312244,881.903200,402.048100,896.071800,411.226500,881.903200,391.145500,896.071800,398.755800,4.367696,0.278392,-1.073675,4.623518,0.318431,-1.308040,4.497503,-1.198367,314.222000,0.134741,0.346789,0,0,19.983320,0.040523,0.000110,0.137167,3,9,5,5,4
378,23.247590,0.039432,father,3,2,3.481268,2.000001,702.620900,547.001200,702.704500,547.086700,0.119557,709.802400,544.404900,695.606600,549.768300,709.802400,534.738900,695.606600,540.901200,1.260321,0.246816,-4.708672,1.004007,0.226415,-4.845623,1.130656,-4.774965,234.741100,0.648369,-0.288352,0,0,20.391680,0.039432,0.000273,0.120918,1,2,2,5,4
378,23.247590,0.039432,mother,11,7,11.000000,7.423482,791.198100,273.433800,789.703100,272.464900,1.781511,784.508100,268.911500,794.898200,276.018300,784.508100,258.363500,794.898200,267.143300,2.609173,0.269337,2.325890,2.796773,0.226618,2.144421,2.729966,2.210415,125.260600,0.720596,-0.257943,0,1,20.449100,0.039432,0.000061,0.122461,7,7,7,8,4
378,23.247590,0.039432,older_sister,4,10,3.975044,10.000000,385.293600,367.463100,383.085400,368.945700,2.659775,387.595800,366.228700,378.575100,371.662800,387.595800,355.210300,378.575100,356.698700,-4.557298,0.281350,-0.159047,-4.720171,0.382099,-0.297803,-4.598865,-0.190566,54.739620,0.282841,0.213094,1,0,20.896110,0.039432,0.000164,0.131256,5,4,7,7,4
378,23.247590,0.039432,player,9,3,9.000001,3.147516,887.415100,406.092900,888.804800,406.490200,1.445396,881.265400,403.117000,896.344100,409.863500,881.265400,392.179400,896.344100,396.830200,4.356181,0.279285,-1.100968,4.628437,0.332798,-1.273235,4.467216,-1.176955,305.258200,0.184340,0.321756,1,0,20.022750,0.039432,0.000031,0.129682,3,9,5,5,4
379,23.342990,0.088189,father,3,2,3.400770,2.000000,699.217800,548.702900,701.279300,547.921700,2.204536,707.152700,545.983600,695.405900,549.859700,707.152700,534.903100,695.405900,540.956400,1.212479,0.282936,-4.748984,1.000385,0.227342,-4.847957,1.069211,-4.818419,234.732000,0.748991,-0.230314,0,1,20.471680,0.030000,0.000061,0.120918,1,2,2,5,4
379,23.342990,0.088189,mother,11,7,11.000000,7.342984,794.601200,275.135100,793.126200,274.272800,1.708544,790.808700,272.204300,795.443800,276.341300,790.808700,260.185800,795.443800,267.312400,2.722934,0.306886,2.241810,2.806624,0.230550,2.136173,2.791411,2.166973,125.260400,0.821219,-0.129320,0,1,20.529100,0.030000,0.000301,0.122461,7,7,7,8,4
379,23.342990,0.088189,older_sister,4,10,4.000000,9.978266,387.267500,367.395100,384.760300,367.651700,2.520274,388.019000,367.248900,381.501600,368.054500,388.019000,356.130400,381.501600,352.537200,-4.549658,0.283905,-0.185099,-4.667331,0.396226,-0.205669,-4.563226,-0.188830,86.496600,0.341206,0.118711,1,0,20.942510,0.021600,0.000068,0.131256,6,4,7,7,4
379,23.342990,0.088189,player,9,3,9.000001,3.228014,884.012000,404.391100,886.716600,405.369200,2.876093,881.664400,403.301300,891.768800,407.437200,881.664400,392.281300,891.768800,392.433700,4.363385,0.281390,-1.105674,4.545825,0.383107,-1.211283,4.405772,-1.133502,305.268100,0.284962,0.209933,1,0,20.102750,0.030000,0.000164,0.129682,3,9,5,5,4
380,23.391870,0.046674,father,3,2,3.345565,2.000000,696.884100,549.869600,698.571000,549.163400,1.828794,702.228800,548.255900,694.913200,550.070900,702.228800,536.255600,694.913200,541.050700,1.123575,0.306421,-4.807005,0.991488,0.230326,-4.853350,1.027074,-4.848208,234.741600,0.817997,-0.134610,0,1,20.526540,0.004863,0.000273,0.120918,1,2,2,5,4
380,23.391870,0.046674,mother,11,7,11.000000,7.287779,796.934900,276.302200,796.797200,276.211000,0.165202,797.503500,275.727300,796.090800,276.694700,797.503500,264.723200,796.090800,267.519100,2.843813,0.280984,2.151852,2.818307,0.234294,2.127151,2.833548,2.137173,125.268900,0.890225,0.006562,0,1,20.583960,0.004863,0.000164,0.122461,7,7,7,8,4
380,23.391870,0.046674,older_sister,4,10,4.000000,9.924671,389.533100,368.528000,388.819500,368.455500,0.717349,388.194300,368.149800,389.444600,368.761300,388.194300,356.911400,389.444600,354.843500,-4.546493,0.286966,-0.208102,-4.523915,0.355380,-0.223715,-4.522317,-0.217758,103.299300,0.408197,-0.025563,1,0,20.995780,0.004863,0.000068,0.131256,7,4,7,7,4
380,23.391870,0.046674,player,9,3,9.000001,3.283220,881.678200,403.224000,883.656100,404.069500,2.151049,881.308700,403.187300,886.003400,404.951800,881.308700,392.041700,886.003400,389.527600,4.356963,0.284594,-1.102763,4.441728,0.393850,-1.147820,4.363633,-1.103701,305.267800,0.353968,0.095224,1,0,20.157610,0.004863,0.000301,0.129682,3,9,5,5,4
381,23.434160,0.049334,father,3,2,3.295924,2.000000,694.785500,550.918900,695.202000,550.736600,0.454633,696.116000,551.119100,694.287800,550.354100,696.116000,539.876300,694.287800,541.194300,1.013205,0.287077,-4.880116,0.980197,0.233889,-4.860581,0.989182,-4.875002,234.734600,0.880047,-0.015672,0,1,20.575870,0.049334,0.000273,0.120918,1,2,2,5,4
381,23.434160,0.049334,mother,11,7,11.000000,7.238139,799.033600,277.351500,800.821400,278.163100,1.963440,804.938100,279.322200,796.704700,277.004100,804.938100,269.598300,796.704700,267.739300,2.978050,0.248294,2.060059,2.829390,0.236570,2.119251,2.871440,2.110379,125.264900,0.952276,0.155554,0,1,20.633300,0.049334,0.000110,0.122461,7,7,7,8,4
381,23.434160,0.049334,older_sister,4,10,4.000000,9.875030,391.631800,369.577300,393.021300,370.258800,1.547660,388.724700,368.133600,397.318000,372.384000,388.724700,356.795900,397.318000,360.362700,-4.536915,0.289504,-0.207689,-4.381759,0.306957,-0.316219,-4.484426,-0.244552,121.072300,0.470249,-0.188909,1,0,21.045110,0.049334,0.000031,0.131256,7,4,7,7,4
381,23.434160,0.049334,player,9,3,9.000001,3.332861,879.579600,402.175100,879.950000,402.306600,0.393004,880.826300,402.985600,879.073600,401.627600,880.826300,391.733700,879.073600,388.003800,4.348252,0.287311,-1.097613,4.316607,0.347878,-1.062938,4.325743,-1.076919,305.254100,0.416019,-0.045855,1,0,20.206950,0.049334,0.000031,0.129682,3,9,5,5,4
382,23.478240,0.044769,father,3,2,3.250876,2.000000,692.881100,551.871300,691.729400,552.496700,1.310537,689.686000,554.380800,693.772800,550.612500,689.686000,544.419500,693.772800,541.372000,0.897109,0.254357,-4.963401,0.970898,0.235951,-4.867180,0.954797,-4.899321,234.729900,0.936358,0.115805,0,1,20.620640,0.044769,0.000061,0.120918,1,2,2,5,4
382,23.478240,0.044769,mother,11,7,11.000000,7.193091,800.938000,278.303400,803.810100,279.612600,3.156434,810.341500,281.931400,797.278700,277.293800,810.341500,272.321400,797.278700,267.903200,3.075611,0.245384,1.993435,2.839756,0.239785,2.111852,2.905824,2.086072,125.256700,0.008585,0.260949,0,1,20.678070,0.044769,0.000382,0.122461,7,7,7,8,4
382,23.478240,0.044769,older_sister,4,10,4.000000,9.829982,393.536200,370.529400,395.872000,371.924200,2.720589,389.037900,368.061000,402.706100,375.787400,389.037900,356.658700,402.706100,364.304400,-4.531259,0.291151,-0.205834,-4.284474,0.293213,-0.403125,-4.450041,-0.268863,125.262100,0.526560,-0.315404,1,0,21.089880,0.044769,0.000136,0.131256,7,4,7,7,4
382,23.478240,0.044769,player,9,3,9.000001,3.377909,877.675200,401.222800,876.311300,400.443100,1.570996,880.488000,402.845200,872.134800,398.041000,880.488000,391.504800,872.134800,386.052500,4.342144,0.289573,-1.094029,4.191322,0.306120,-0.971357,4.291358,-1.052601,305.269800,0.472328,-0.193972,1,0,20.251720,0.044769,0.000136,0.129682,3,9,5,5,4
383,23.541920,0.057017,father,3,2,3.193504,2.000000,690.455600,553.083900,687.744100,554.566900,3.090528,682.475000,558.147600,693.013200,550.986200,682.475000,548.532000,693.013200,541.596900,0.766910,0.245528,-5.059584,0.957184,0.239749,-4.876721,0.911004,-4.930285,234.737700,0.008072,0.260933,0,1,20.677660,0.007017,0.000136,0.120918,1,2,2,5,4
383,23.541920,0.057017,mother,11,7,11.000000,7.135718,803.363400,279.516400,804.775300,280.305800,1.617564,811.386200,282.766800,798.164400,277.844700,811.386200,273.822300,798.164400,268.164200,3.094473,0.228393,1.972102,2.855745,0.247187,2.097785,2.949617,2.055100,125.269800,0.080299,0.267481,0,0,20.735080,0.007017,0.000164,0.122461,7,7,7,8,4
383,23.541920,0.057017,older_sister,4,10,4.000000,9.772610,395.961600,371.741900,397.307400,372.503800,1.546472,388.873200,367.950300,405.741400,377.057300,388.873200,356.191300,405.741400,366.107700,-4.534234,0.300259,-0.203007,-4.229668,0.279591,-0.435549,-4.406249,-0.299823,125.258500,0.598274,-0.382934,0,0,21.146900,0.007017,0.000341,0.131256,7,4,7,7,4
383,23.541920,0.057017,player,9,3,9.000001,3.435281,875.249800,400.010100,872.800600,398.532300,2.860442,880.333700,402.772900,865.267500,394.291800,880.333700,391.321000,865.267500,382.923200,4.339359,0.292417,-1.092183,4.067329,0.290289,-0.875622,4.247566,-1.021636,305.262800,0.544043,-0.347143,0,0,20.308730,0.007017,0.000086,0.129682,3,9,5,5,4
384,23.602930,0.061399,father,3,2,3.131722,2.000000,687.843800,554.389900,686.411700,555.009200,1.560194,680.917700,558.597000,691.905800,551.421400,680.917700,549.677800,691.905800,541.708400,0.738792,0.227746,-5.071058,0.937189,0.248018,-4.887835,0.863846,-4.963633,234.733900,0.085300,0.267776,0,0,20.739060,0.011399,0.000136,0.130356,1,2,2,5,4
384,23.602930,0.061399,mother,11,7,11.000000,7.073936,805.975200,280.822300,805.575600,280.817200,0.399690,812.036600,283.163100,799.114400,278.471300,812.036600,274.382900,799.114400,268.129800,3.106217,0.224198,1.961983,2.872900,0.264063,2.081787,2.996774,2.021756,125.263500,0.157528,0.259672,1,0,20.796480,0.011399,0.000193,0.124544,7,7,7,8,4
384,23.602930,0.061399,older_sister,4,10,3.999999,9.710828,398.573500,373.048000,397.822400,372.424600,0.976103,389.425100,367.892100,406.219700,376.957000,389.425100,355.270200,406.219700,366.143600,-4.524268,0.322293,-0.201521,-4.221033,0.276112,-0.432988,-4.359090,-0.333175,125.269400,0.675501,-0.381229,0,1,21.208300,0.011399,0.000136,0.124114,7,4,7,7,4
384,23.602930,0.061399,player,9,3,9.000001,3.497063,872.637900,398.703900,871.834200,398.318400,0.891407,880.454700,402.925100,863.213700,393.711700,880.454700,390.961400,863.213700,382.796200,4.341544,0.305487,-1.096069,4.030248,0.278721,-0.860808,4.200407,-0.988284,305.269100,0.621271,-0.390001,0,0,20.370130,0.011399,0.000301,0.128976,3,9,5,5,4
385,23.698150,0.095871,father,3,2,3.051224,2.000000,684.440700,556.091600,685.201000,555.483500,0.973589,680.208300,558.918800,690.193800,552.048200,680.208300,550.128100,690.193800,541.390800,0.725982,0.224468,-5.079276,0.906278,0.272132,-4.903840,0.802401,-5.007083,234.734400,0.185923,0.248499,1,0,20.819060,0.030000,0.000000,0.130356,1,2,2,5,4
385,23.698150,0.095871,mother,11,7,11.000000,7.000000,809.100900,282.385400,807.001600,281.571100,2.251634,812.309100,283.238100,801.694200,279.904000,812.309100,274.376800,801.694200,268.153500,3.111136,0.226269,1.960068,2.919478,0.300041,2.045203,3.053210,1.981843,125.268600,0.249949,0.205639,1,0,20.869960,0.023478,0.000061,0.124544,7,7,7,8,4
385,23.698150,0.095871,older_sister,4,10,3.999999,9.630329,401.976600,374.749500,400.027800,373.287000,2.436511,394.623500,370.063100,405.432100,376.511000,394.623500,355.616100,405.432100,365.604300,-4.430409,0.368896,-0.256956,-4.235253,0.278495,-0.421599,-4.297646,-0.376620,125.262800,0.776123,-0.254400,0,1,21.288300,0.030000,0.000205,0.124114,7,4,7,7,4
385,23.698150,0.095871,player,9,4,9.000001,3.577562,869.234700,397.002500,871.091200,398.302100,2.266108,878.493000,402.434400,863.689300,394.169700,878.493000,389.175600,863.689300,383.327800,4.306124,0.338555,-1.083539,4.038834,0.276842,-0.872505,4.138961,-0.944839,305.262400,0.721893,-0.340081,0,1,20.450130,0.030000,0.000164,0.128976,3,9,5,5,4
386,23.752450,0.047121,father,3,2,2.987839,2.000000,681.761200,557.431300,683.541800,556.301500,2.108833,679.895000,559.118500,687.188500,553.484400,679.895000,550.256500,687.188500,541.460800,0.720327,0.226286,-5.084375,0.852014,0.307018,-4.940512,0.754021,-5.041293,234.735800,0.265154,0.190581,1,0,20.882050,0.012992,0.000000,0.130356,1,2,2,5,4
386,23.752450,0.047121,mother,11,7,10.984030,7.000001,808.425800,282.722600,807.137500,281.294900,1.922989,810.424900,284.205800,803.850200,278.383900,810.424900,275.343400,803.850200,266.277000,3.077116,0.226295,1.935359,2.958407,0.309145,2.084016,3.041020,1.973233,153.932400,0.269911,0.185699,1,0,20.885830,0.005872,0.000273,0.124544,1,7,7,8,4
386,23.752450,0.047121,older_sister,4,10,4.000000,9.566945,404.656100,376.089200,403.728100,375.442000,1.131453,402.003500,374.318600,405.452800,376.565400,402.003500,359.467200,405.452800,365.405900,-4.297159,0.379222,-0.365618,-4.234880,0.284950,-0.422989,-4.249264,-0.410831,125.264300,0.855354,-0.083973,0,1,21.351290,0.012992,0.000246,0.124114,7,4,7,7,4
386,23.752450,0.047121,player,9,4,9.000001,3.640946,866.555200,395.662800,868.331300,396.971200,2.205995,872.687100,399.609800,863.975500,394.332600,872.687100,384.715900,863.975500,383.368300,4.201294,0.380307,-1.011414,4.044003,0.279968,-0.876664,4.090581,-0.910628,305.264900,0.801125,-0.206226,0,1,20.513120,0.012992,0.000164,0.128976,3,9,5,5,4
387,23.806250,0.052588,father,3,2,2.934924,2.000000,679.524000,558.549800,681.173000,557.637500,1.884501,679.210800,559.519700,683.135100,555.755200,679.210800,550.607500,683.135100,543.029400,0.707973,0.227567,-5.094618,0.778829,0.324947,-4.998496,0.713629,-5.069853,234.736300,0.331297,0.113350,1,0,20.934640,0.002588,0.000061,0.130356,1,2,2,5,4
387,23.806250,0.052588,mother,11,7,10.946230,7.000000,806.827900,283.521500,806.918900,281.950100,1.574078,807.598400,284.588900,806.239600,279.311200,807.598400,275.694900,806.239600,266.622000,3.026082,0.227105,1.925575,3.001548,0.324011,2.060340,3.012169,1.952832,185.922200,0.317158,0.131514,1,0,20.923400,0.002366,0.000273,0.124544,1,7,7,8,4
387,23.806250,0.052588,older_sister,4,10,4.000000,9.514030,406.893200,377.207900,407.927600,377.606800,1.108699,410.400300,378.636100,405.455000,376.577500,410.400300,365.604800,405.455000,365.222300,-4.145550,0.332747,-0.475863,-4.234839,0.289946,-0.423297,-4.208873,-0.439396,125.268400,0.921499,0.103253,0,1,21.403880,0.002588,0.000136,0.124114,7,4,7,7,4
387,23.806250,0.052588,player,9,4,9.000000,3.693862,864.318200,394.544200,864.949700,395.020100,0.790694,865.989700,395.783500,863.909800,394.256700,865.989700,381.180700,863.909800,383.057400,4.080370,0.372872,-0.913711,4.042815,0.285968,-0.874725,4.050190,-0.882068,305.263800,0.867268,-0.053172,0,1,20.565710,0.002588,0.000220,0.128976,3,9,5,5,4
388,23.862540,0.057082,father,3,2,2.877486,2.000000,677.095900,559.763600,677.659600,559.508500,0.618710,678.249600,560.047100,677.069600,558.970000,678.249600,551.083100,677.069600,547.530300,0.690618,0.228892,-5.108087,0.669313,0.292104,-5.080581,0.669788,-5.100848,234.740900,0.403093,-0.001518,1,0,20.991720,0.007082,0.000273,0.130356,1,2,2,5,4
388,23.862540,0.057082,mother,11,7,10.889150,7.000001,804.414800,284.728000,805.117500,284.169200,0.897841,805.396200,284.990200,804.838800,283.348100,805.396200,276.027500,804.838800,271.484300,2.986321,0.228856,1.915331,2.976256,0.302936,1.957259,2.968601,1.922025,220.645500,0.388506,0.025256,1,0,20.980120,0.007082,0.000301,0.124544,1,7,7,8,4
388,23.862540,0.057082,older_sister,4,9,3.999999,9.456592,409.321300,378.422000,413.128600,380.060500,4.144949,420.722000,383.496800,405.535300,376.624300,420.722000,371.638900,405.535300,365.034800,-3.959187,0.302784,-0.599977,-4.233390,0.295932,-0.424493,-4.165032,-0.470397,125.265200,0.993294,0.325202,0,1,21.460960,0.007082,0.000068,0.124114,7,4,7,7,4
388,23.862540,0.057082,player,9,4,9.000001,3.751299,861.890000,393.330000,860.112800,392.594100,1.923521,856.343600,390.951500,863.881900,394.236800,856.343600,378.395800,863.881900,382.834100,3.906204,0.320602,-0.790330,4.042313,0.291160,-0.874218,4.006348,-0.851062,305.268500,0.939064,0.159565,0,1,20.622790,0.007082,0.000329,0.128976,3,9,5,5,4
389,23.917980,0.055451,father,3,2,2.821690,2.000000,674.737100,560.943200,673.580600,561.529200,1.296403,677.334600,560.534500,669.826700,562.523900,677.334600,551.561700,669.826700,552.822100,0.674097,0.229117,-5.120533,0.538537,0.247727,-5.171328,0.627197,-5.130969,234.730900,0.472837,-0.140008,1,0,21.047170,0.005451,0.000136,0.130356,1,2,2,5,4
389,23.917980,0.055451,mother,11,7,10.833360,7.000001,802.056000,285.907700,801.206100,286.356100,0.960986,804.326700,285.657200,798.085400,287.055100,804.326700,276.686500,798.085400,277.151000,2.967008,0.229061,1.898299,2.854321,0.252895,1.862603,2.926011,1.891903,234.730800,0.458252,-0.112615,1,0,21.035570,0.005451,0.000110,0.124544,1,7,7,8,4
389,23.917980,0.055451,older_sister,4,9,4.000000,9.400795,411.680100,379.601200,413.997300,380.728100,2.576615,422.081200,384.505600,405.913300,376.950700,422.081200,373.347500,405.913300,365.060000,-3.934644,0.284915,-0.625736,-4.226566,0.303621,-0.432826,-4.122442,-0.500506,125.258400,0.063040,0.349731,0,0,21.516410,0.005451,0.000273,0.124114,7,4,7,7,4
389,23.917980,0.055451,player,9,4,9.000000,3.807096,859.531200,392.150800,855.791600,390.533800,4.074179,847.817000,386.905100,863.766200,394.162500,847.817000,375.136000,863.766200,382.510700,3.752251,0.300518,-0.687007,4.040223,0.297523,-0.872322,3.963757,-0.820953,305.258500,0.008808,0.342121,0,1,20.678240,0.005451,0.000136,0.128976,3,9,5,5,4
390,23.978780,0.062411,father,3,2,2.758890,2.000000,672.082200,562.270400,669.908800,563.262900,2.389266,676.543000,560.939600,663.274700,565.586100,676.543000,551.917300,663.274700,556.285000,0.659803,0.230379,-5.130875,0.420238,0.237500,-5.249522,0.579262,-5.164858,234.740400,0.551336,-0.264109,0,0,21.109580,0.012411,0.000273,0.128589,1,2,2,5,4
390,23.978780,0.062411,mother,11,7,10.770560,7.000000,799.401100,287.234800,797.256500,288.218300,2.359349,803.484600,286.092000,791.028400,290.344700,803.484600,277.101500,791.028400,280.989000,2.951806,0.229568,1.887197,2.726902,0.238893,1.778605,2.878075,1.858013,234.740100,0.536751,-0.246332,0,0,21.097980,0.012411,0.000329,0.128657,1,7,7,8,4
390,23.978780,0.062411,older_sister,4,9,3.999999,9.337996,414.335000,380.928900,414.283500,381.101700,0.180344,422.251600,384.813700,406.315300,377.389700,422.251600,373.906000,406.315300,364.845400,-3.931567,0.278521,-0.633604,-4.219307,0.320312,-0.444037,-4.074506,-0.534408,125.269500,0.141539,0.344384,0,0,21.578820,0.012411,0.000068,0.129213,7,4,7,7,4
390,23.978780,0.062411,player,9,4,9.000001,3.869896,856.876300,390.823100,855.245500,389.937200,1.855915,847.128600,386.114700,863.362300,393.759600,847.128600,375.121100,863.362300,381.704200,3.739823,0.280716,-0.666826,4.032930,0.307828,-0.862032,3.915822,-0.787051,305.269600,0.087307,0.352023,0,0,20.740650,0.012411,0.000301,0.134617,3,9,5,5,4
