frame,seconds,dt,member,cellX,cellY,gridX,gridY,rootX,rootY,footMidX,footMidY,footMidErrorPx,leftGroundX,leftGroundY,rightGroundX,rightGroundY,leftActualX,leftActualY,rightActualX,rightActualY,leftWorldX,leftWorldY,leftWorldZ,rightWorldX,rightWorldY,rightWorldZ,rootWorldX,rootWorldZ,yaw,phase,footLead,leftContact,rightContact,gaitDistance,displacement,pathErrorPx,lowestMeshY,direction,destinationX,destinationY,pathCount,hostCount
0,0.004861,0.333333,father,1,9,1.025760,9.000001,302.887200,450.941700,304.862500,449.429700,2.487509,309.189500,445.232100,300.535500,453.627300,309.189500,435.879500,300.535500,444.166500,-5.972968,0.238814,-2.176354,-6.129220,0.241576,-2.390720,-6.086759,-2.322143,44.390670,0.032199,0.262488,0,1,0.025600,0.015600,0.000068,0.131835,5,4,5,8,4
0,0.004861,0.333333,mother,9,6,8.974240,6.000000,765.736700,346.342400,763.059100,347.149800,2.796687,756.680700,349.726500,769.437400,344.573100,756.680700,340.373900,769.437400,335.112400,2.106735,0.238813,0.262327,2.337064,0.241576,0.393914,2.270246,0.348737,248.563000,0.032199,0.262488,0,1,0.025600,0.015600,0.000193,0.131835,1,8,11,7,4
0,0.004861,0.333333,older_sister,10,4,9.974240,4.000000,892.562400,367.479900,889.169000,368.575300,3.565782,880.419400,371.287700,897.918600,365.863000,880.419400,359.803600,897.918600,354.118100,4.340906,0.293240,-0.288226,4.656864,0.299899,-0.149709,4.560154,-0.190998,248.588200,0.032199,0.344719,0,0,0.025600,0.015600,0.000273,0.143359,1,4,9,12,4
0,0.004861,0.333333,player,1,2,1.025759,2.000000,598.813800,598.905000,601.274500,596.922500,3.159906,607.684100,591.913300,594.864900,601.931900,607.684100,580.429200,594.864900,590.187000,-0.583482,0.293239,-5.921769,-0.814940,0.299899,-6.177589,-0.743640,-6.100298,44.398790,0.032199,0.344719,0,0,0.025600,0.015600,0.000000,0.143359,5,8,4,10,4
1,0.187943,0.199767,father,1,9,1.098108,9.000001,305.945700,449.412400,306.632700,449.252000,0.705479,312.133500,445.684700,301.131900,452.819300,312.133500,436.887100,301.131900,442.831600,-5.919812,0.224641,-2.187908,-6.118452,0.255031,-2.370087,-6.031536,-2.283095,54.736750,0.122634,0.267369,0,0,0.097500,0.030000,0.000043,0.131835,5,4,5,8,4
1,0.187943,0.199767,mother,9,6,8.901893,6.000000,762.678200,347.871600,761.991200,348.032100,0.705443,756.490400,351.599400,767.492000,344.464800,756.490400,342.801800,767.492000,334.477100,2.103299,0.224641,0.214503,2.301938,0.255030,0.396682,2.215022,0.309690,234.736800,0.122634,0.267369,0,0,0.097500,0.030000,0.000246,0.131835,1,8,11,7,4
1,0.187943,0.199767,older_sister,10,4,9.901893,4.000000,889.503800,369.009100,888.689600,369.226200,0.842656,880.916400,373.328900,896.462900,365.123500,880.916400,362.431300,896.462900,352.776000,4.349879,0.278265,-0.340348,4.630580,0.315286,-0.130827,4.504930,-0.230045,234.736900,0.122634,0.350158,0,0,0.097500,0.030000,0.000356,0.143359,1,4,9,12,4
1,0.187943,0.199767,player,1,2,1.098107,2.000000,601.872300,597.375700,602.686500,597.158700,0.842641,610.459700,593.056000,594.913300,601.261400,610.459700,582.158300,594.913300,588.913900,-0.533365,0.278265,-5.950947,-0.814065,0.315285,-6.160469,-0.688416,-6.061251,54.736590,0.122634,0.350158,0,0,0.097500,0.030000,0.000000,0.143359,5,8,4,10,4
2,0.272450,0.085331,father,1,9,1.178606,9.000001,309.348800,447.710700,307.849500,448.709000,1.801202,312.325700,445.488500,303.373300,451.929400,312.325700,436.649000,303.373300,440.731300,-5.916341,0.225711,-2.182901,-6.077982,0.285938,-2.347364,-5.970092,-2.239642,54.732100,0.223257,0.226934,1,0,0.177500,0.030000,0.000246,0.131835,5,4,5,8,4
2,0.272450,0.085331,mother,9,6,8.821394,6.000000,759.275000,349.573400,760.774300,348.575100,1.801185,756.298200,351.795500,765.250500,345.354700,756.298200,342.956100,765.250500,334.156600,2.099827,0.225711,0.209495,2.261468,0.285938,0.373958,2.153577,0.266236,234.732100,0.223257,0.226935,1,0,0.177500,0.030000,0.000110,0.131835,1,8,11,7,4
2,0.272450,0.085331,older_sister,10,4,9.821395,4.000000,886.100800,370.710900,888.045800,369.369300,2.362851,881.811600,372.952800,894.280000,365.785800,881.811600,361.962800,894.280000,352.180500,4.366044,0.280623,-0.330742,4.591166,0.347404,-0.147738,4.443486,-0.273497,234.732800,0.223257,0.289470,1,0,0.177500,0.030000,0.000136,0.143359,1,4,9,12,4
2,0.272450,0.085331,player,1,2,1.178606,2.000000,605.275400,595.673900,603.330400,597.015600,2.362818,609.564300,593.431900,597.096500,600.599200,609.564300,582.441800,597.096500,586.993900,-0.549534,0.280624,-5.960546,-0.774646,0.347405,-6.143561,-0.626972,-6.017794,54.729960,0.223257,0.289470,1,0,0.177500,0.030000,0.000273,0.143359,5,8,4,10,4
3,0.354737,0.082682,father,1,9,1.259104,9.000001,312.751800,446.009200,311.054700,446.962500,1.946556,313.229400,444.964800,308.879900,448.960200,313.229400,436.062000,308.879900,436.243600,-5.900024,0.227328,-2.169527,-5.978558,0.324710,-2.271547,-5.908647,-2.196196,54.736670,0.323880,0.123023,1,0,0.257500,0.030000,0.000164,0.131835,5,4,5,8,4
3,0.354737,0.082682,mother,9,6,8.740895,6.000000,755.871900,351.274800,757.569200,350.321600,1.946636,755.394400,352.319300,759.744000,348.323900,755.394400,343.416400,759.744000,335.607300,2.083510,0.227329,0.196122,2.162044,0.324711,0.298141,2.092133,0.222791,234.737200,0.323880,0.123023,1,0,0.257500,0.030000,0.000164,0.131835,1,8,11,7,4
3,0.354737,0.082682,older_sister,10,4,9.740896,3.999999,882.697800,372.412400,884.781700,371.131100,2.446327,881.660800,373.049700,887.902700,369.212600,881.660800,361.968000,887.902700,353.711300,4.363319,0.282963,-0.333218,4.476020,0.395816,-0.235238,4.382043,-0.316943,234.736500,0.323880,0.148588,1,0,0.257500,0.030000,0.000193,0.143359,1,4,9,12,4
3,0.354737,0.082682,player,1,2,1.259104,2.000000,608.678500,593.972600,606.594400,595.253700,2.446331,609.715500,593.335300,603.473300,597.172100,609.715500,582.253600,603.473300,581.670800,-0.546804,0.282964,-5.958079,-0.659509,0.395816,-6.056052,-0.565528,-5.974352,54.739460,0.323880,0.148588,1,0,0.257500,0.030000,0.000061,0.143359,5,8,4,10,4
4,0.436754,0.083092,father,1,9,1.339602,9.000001,316.154900,444.307500,316.126100,444.288700,0.034408,314.577100,444.227100,317.675100,444.350300,314.577100,435.261400,317.675100,433.587900,-5.875691,0.228933,-2.150691,-5.819755,0.274812,-2.153838,-5.847202,-2.152743,54.732670,0.424503,-0.043854,1,0,0.337500,0.030000,0.000341,0.131835,5,4,5,8,4
4,0.436754,0.083092,mother,9,6,8.660397,6.000000,752.468900,352.976600,752.497700,352.995400,0.034383,754.046700,353.056900,750.948700,352.933700,754.046700,344.091200,750.948700,342.171300,2.059177,0.228934,0.177285,2.003241,0.274812,0.180431,2.030688,0.179337,234.732000,0.424503,-0.043853,1,0,0.337500,0.030000,0.000031,0.131835,1,8,11,7,4
4,0.436754,0.083092,older_sister,10,4,9.660398,3.999999,879.294700,374.114100,879.309400,374.053100,0.062767,881.019000,373.443100,877.600000,374.663100,881.019000,362.176700,877.600000,361.360700,4.351732,0.287681,-0.343262,4.289999,0.339668,-0.374416,4.320598,-0.360397,234.732100,0.424503,-0.068391,1,0,0.337500,0.030000,0.000000,0.143359,1,4,9,12,4
4,0.436754,0.083092,player,1,2,1.339603,2.000000,612.081500,592.271100,612.066700,592.332100,0.062752,610.357100,592.942000,613.776300,591.722200,610.357100,581.675600,613.776300,578.419700,-0.535219,0.287682,-5.948039,-0.473483,0.339669,-5.916890,-0.504084,-5.930907,54.736800,0.424503,-0.068392,1,0,0.337500,0.030000,0.000000,0.143359,5,8,4,10,4
5,0.513238,0.076859,father,1,9,1.420101,9.000001,319.558000,442.606200,321.602000,441.660900,2.251989,315.762000,443.606900,327.442000,439.714900,315.762000,434.631000,327.442000,430.323200,-5.854297,0.229193,-2.134853,-5.643409,0.239811,-2.035474,-5.785758,-2.109302,54.739490,0.525126,-0.229569,1,0,0.417500,0.030000,0.000136,0.131835,5,4,5,8,4
5,0.513238,0.076859,mother,9,6,8.579899,6.000000,749.065800,354.677900,747.021800,355.623200,2.252029,752.861800,353.677200,741.181800,357.569200,752.861800,344.701400,741.181800,348.177500,2.037782,0.229193,0.161446,1.826894,0.239811,0.062068,1.969243,0.135895,234.739600,0.525126,-0.229569,1,0,0.417500,0.030000,0.000193,0.131835,1,8,11,7,4
5,0.513238,0.076859,older_sister,10,4,9.579900,3.999999,875.891600,375.815600,873.271400,376.901400,2.836332,880.635300,373.663200,865.907300,380.139600,880.635300,362.264100,865.907300,368.646500,4.344803,0.291069,-0.348883,4.078882,0.293472,-0.514255,4.259153,-0.403842,234.737200,0.525126,-0.312602,1,0,0.417500,0.030000,0.000086,0.143359,1,4,9,12,4
5,0.513238,0.076859,player,1,2,1.420101,2.000000,615.484700,590.569300,618.104900,589.483300,2.836323,610.741300,592.721900,625.468500,586.244700,610.741300,581.322800,625.468500,574.751500,-0.528283,0.291069,-5.942419,-0.262374,0.293472,-5.777026,-0.442637,-5.887453,54.732650,0.525126,-0.312602,1,0,0.417500,0.030000,0.000193,0.143359,5,8,4,10,4
6,0.593859,0.081353,father,2,9,1.500599,9.000001,322.961100,440.904700,323.478100,440.561300,0.620678,316.385000,443.249600,330.571300,437.873000,316.385000,433.811300,330.571300,428.956400,-5.843048,0.240999,-2.125730,-5.586908,0.227679,-1.988442,-5.724313,-2.065856,54.737110,0.625749,-0.288402,0,0,0.497500,0.030000,0.000043,0.123853,5,4,5,8,4
6,0.593859,0.081353,mother,8,6,8.499400,6.000000,745.662700,356.379400,745.145800,356.722800,0.620653,752.238800,354.034500,738.052600,359.411100,752.238800,344.596300,738.052600,350.494500,2.026534,0.240999,0.152323,1.770394,0.227679,0.015036,1.907799,0.092450,234.737100,0.625749,-0.288401,0,0,0.497500,0.030000,0.000246,0.123853,1,8,11,7,4
6,0.593859,0.081353,older_sister,9,4,9.499402,3.999998,872.488500,377.517300,871.854000,377.870700,0.726310,880.878400,373.650700,862.829600,382.090800,880.878400,361.640600,862.829600,371.186700,4.349193,0.306670,-0.348563,4.023312,0.278429,-0.564077,4.197710,-0.447296,234.731500,0.625749,-0.390507,0,0,0.497500,0.030000,0.000110,0.128808,1,4,9,12,4
6,0.593859,0.081353,player,2,2,1.500600,2.000000,618.887800,588.867900,619.522500,588.514500,0.726425,610.497500,592.733900,628.547400,584.295100,610.497500,580.723900,628.547400,573.391000,-0.532685,0.306670,-5.942726,-0.206783,0.278429,-5.727244,-0.381193,-5.844008,54.737080,0.625749,-0.390506,0,0,0.497500,0.030000,0.000136,0.128808,5,8,4,10,4
7,0.716256,0.121388,father,2,9,1.581098,9.000001,326.364200,439.203000,324.495900,439.912100,1.998381,318.130300,442.131500,330.861500,437.692800,318.130300,431.470200,330.861500,428.812100,-5.811535,0.272230,-2.097181,-5.581668,0.226762,-1.983841,-5.662868,-2.022403,54.732010,0.726371,-0.253120,0,1,0.577500,0.030000,0.000232,0.123853,5,4,5,8,4
7,0.716256,0.121388,mother,8,6,8.418901,6.000000,742.259600,358.081100,744.127900,357.371900,1.998341,750.493500,355.152600,737.762400,359.591300,750.493500,344.491200,737.762400,350.710600,1.995021,0.272231,0.123775,1.765154,0.226763,0.010435,1.846354,0.048996,234.732100,0.726371,-0.253120,0,1,0.577500,0.030000,0.000110,0.123853,1,8,11,7,4
7,0.716256,0.121388,older_sister,9,4,9.418903,3.999998,869.085400,379.218600,871.508900,378.388300,2.561758,879.368500,374.899800,863.649400,381.876800,879.368500,361.534000,863.649400,371.034100,4.321932,0.341288,-0.380458,4.038115,0.276863,-0.558613,4.136265,-0.490737,234.739500,0.726371,-0.334594,0,1,0.577500,0.030000,0.000110,0.128808,1,4,9,12,4
7,0.716256,0.121388,player,2,2,1.581098,2.000000,622.290800,587.166100,619.867500,587.996700,2.561721,612.008500,591.485900,627.726400,584.507500,612.008500,578.120100,627.726400,573.664700,-0.505401,0.341288,-5.910857,-0.221607,0.276863,-5.732667,-0.319749,-5.800555,54.732360,0.726371,-0.334594,0,1,0.577500,0.030000,0.000273,0.128808,5,8,4,10,4
8,0.796061,0.079986,father,2,9,1.661596,9.000001,329.767300,437.501500,328.213600,438.174700,1.693308,324.915500,438.933200,331.511700,437.416100,324.915500,426.896900,331.511700,428.371300,-5.689025,0.307342,-2.015515,-5.569928,0.230954,-1.976777,-5.601424,-1.978957,54.737110,0.826994,-0.119609,0,1,0.657500,0.030000,0.000136,0.123853,5,4,5,8,4
8,0.796061,0.079986,mother,8,6,8.338403,6.000000,738.856500,359.782600,740.410200,359.109400,1.693224,743.708300,358.350900,737.112100,359.868000,743.708300,346.314500,737.112100,350.823100,1.872510,0.307342,0.042109,1.753413,0.230955,0.003371,1.784909,0.005551,234.737100,0.826994,-0.119609,0,1,0.657500,0.030000,0.000164,0.123853,1,8,11,7,4
8,0.796061,0.079986,older_sister,9,4,9.338406,3.999998,865.682400,380.920000,867.571100,380.245500,2.005589,871.229500,378.746900,863.912800,381.744000,871.229500,363.586900,863.912800,370.689100,4.174977,0.387100,-0.478691,4.042870,0.282282,-0.555222,4.074821,-0.534183,234.737200,0.826994,-0.152050,0,1,0.657500,0.030000,0.000193,0.128808,1,4,9,12,4
8,0.796061,0.079986,player,2,2,1.661596,2.000000,625.693900,585.464800,623.805100,586.139400,2.005693,620.146600,587.637900,627.463400,584.640900,620.146600,572.478000,627.463400,573.586000,-0.358463,0.387101,-5.812601,-0.226354,0.282282,-5.736075,-0.258305,-5.757113,54.739150,0.826994,-0.152050,0,1,0.657500,0.030000,0.000086,0.128808,5,8,4,10,4
9,0.875281,0.079638,father,2,9,1.742095,9.000001,333.170400,435.799800,334.040600,435.329700,0.989039,335.605500,433.700600,332.475700,436.958800,335.605500,423.578400,332.475700,427.730200,-5.496012,0.258464,-1.881902,-5.552521,0.235645,-1.965098,-5.539979,-1.935504,54.732590,0.927617,0.094174,0,1,0.737500,0.030000,0.000314,0.123853,5,4,5,8,4
9,0.875281,0.079638,mother,8,6,8.257905,6.000000,735.453400,361.484300,734.583100,361.954400,0.989161,733.018200,363.583500,736.148100,360.325300,733.018200,353.461300,736.148100,351.096800,1.679497,0.258464,-0.091503,1.736006,0.235645,-0.008308,1.723464,-0.037901,234.733000,0.927617,0.094174,0,1,0.737500,0.030000,0.000000,0.123853,1,8,11,7,4
9,0.875281,0.079638,older_sister,9,4,9.257907,3.999998,862.279300,382.621800,861.172700,383.300100,1.297890,858.544600,384.827900,863.800800,381.772300,858.544600,371.973800,863.800800,370.400700,3.945944,0.328224,-0.633968,4.040848,0.290366,-0.555943,4.013376,-0.577636,234.732100,0.927617,0.122537,0,1,0.737500,0.030000,0.000031,0.128808,1,4,9,12,4
9,0.875281,0.079638,player,2,2,1.742095,2.000000,629.097000,583.763400,630.203700,583.085100,1.297978,632.832000,581.557500,627.575400,584.612800,632.832000,568.703400,627.575400,573.241300,-0.129422,0.328223,-5.657341,-0.224333,0.290366,-5.735356,-0.196859,-5.713667,54.737390,0.927617,0.122537,0,1,0.737500,0.030000,0.000000,0.128808,5,8,4,10,4
10,0.952935,0.078415,father,2,9,1.822593,9.000001,336.573500,434.098300,338.963500,432.818200,2.711224,344.271700,429.238300,333.655200,436.398200,344.271700,419.842100,333.655200,426.949400,-5.339538,0.239924,-1.767959,-5.531226,0.241267,-1.950783,-5.478534,-1.892059,54.737190,0.028240,0.262065,0,1,0.817500,0.030000,0.000205,0.123853,5,4,5,8,4
10,0.952935,0.078415,mother,8,6,8.177406,6.000000,732.050300,363.185800,729.660300,364.465900,2.711182,724.352100,368.045800,734.968600,360.885900,724.352100,358.649700,734.968600,351.437200,1.523024,0.239923,-0.205447,1.714711,0.241266,-0.022622,1.662020,-0.081347,234.737100,0.028240,0.262065,0,1,0.817500,0.030000,0.000086,0.123853,1,8,11,7,4
10,0.952935,0.078415,older_sister,9,4,9.177408,3.999998,858.876200,384.323300,855.871000,386.018900,3.450547,848.314300,390.132300,863.427800,381.905500,848.314300,378.600100,863.427800,370.175800,3.761230,0.294468,-0.769412,4.034113,0.299509,-0.559344,3.951931,-0.621082,234.737100,0.028240,0.344090,0,1,0.817500,0.030000,0.000061,0.128808,1,4,9,12,4
10,0.952935,0.078415,player,2,2,1.822593,2.000000,632.500100,582.061600,635.505100,580.365800,3.450424,643.061400,576.252000,627.948800,584.479700,643.061400,564.719800,627.948800,572.750100,0.055274,0.294467,-5.521868,-0.217591,0.299509,-5.731958,-0.135415,-5.670214,54.732340,0.028240,0.344090,0,1,0.817500,0.030000,0.000136,0.128808,5,8,4,10,4
11,1.030575,0.077652,father,2,9,1.903092,9.000001,339.976600,432.397000,340.513100,432.312200,0.543161,345.986800,428.748300,335.039400,435.876200,345.986800,419.957000,335.039400,425.831300,-5.308572,0.224480,-1.755448,-5.506234,0.256490,-1.937455,-5.417089,-1.848616,54.739110,0.128863,0.266470,0,0,0.897500,0.030000,0.000000,0.123853,5,4,5,8,4
11,1.030575,0.077652,mother,8,6,8.096908,6.000000,728.647200,364.887100,728.110700,364.971900,0.543161,722.637100,368.535900,733.584500,361.407900,722.637100,359.744500,733.584500,351.363000,1.492058,0.224481,-0.217959,1.689718,0.256491,-0.035951,1.600575,-0.124790,234.738700,0.128863,0.266470,0,0,0.897500,0.030000,0.000301,0.123853,1,8,11,7,4
11,1.030575,0.077652,older_sister,9,4,9.096910,3.999998,855.473100,386.025000,854.854700,386.140400,0.629075,847.127600,390.236200,862.581700,382.044500,847.127600,379.337700,862.581700,369.634900,3.739804,0.278286,-0.772065,4.018836,0.316871,-0.562895,3.890486,-0.664534,234.733000,0.128863,0.348594,0,0,0.897500,0.030000,0.000086,0.128808,1,4,9,12,4
11,1.030575,0.077652,player,2,2,1.903092,2.000000,635.903200,580.360200,636.521700,580.244900,0.629124,644.249100,576.149400,628.794200,584.340300,644.249100,565.250900,628.794200,571.930700,0.076720,0.278287,-5.519248,-0.202327,0.316872,-5.728399,-0.073970,-5.626769,54.737090,0.128863,0.348594,0,0,0.897500,0.030000,0.000136,0.128808,5,8,4,10,4
12,1.106482,0.076604,father,2,9,1.983590,9.000001,343.379700,430.695300,341.759300,431.745000,1.930707,346.142700,428.573400,337.375800,434.916600,346.142700,419.724000,337.375800,423.578100,-5.305756,0.225962,-1.750981,-5.464047,0.289523,-1.912954,-5.355645,-1.805163,54.732520,0.229486,0.222761,1,0,0.977500,0.030000,0.000205,0.126119,5,4,5,8,4
12,1.106482,0.076604,mother,8,6,8.016410,6.000000,725.244100,366.588800,726.864600,365.539100,1.930733,722.481100,368.710700,731.248000,362.367400,722.481100,359.861400,731.248000,351.028900,1.489241,0.225962,-0.222424,1.647534,0.289522,-0.060453,1.539130,-0.168242,234.732900,0.229486,0.222762,1,0,0.977500,0.030000,0.000110,0.126119,1,8,11,7,4
12,1.106482,0.076604,older_sister,9,4,9.016412,3.999998,852.070000,387.726300,854.166300,386.318200,2.525300,848.063700,389.831100,860.268900,382.805300,848.063700,378.834700,860.268900,369.046300,3.756706,0.280788,-0.761721,3.977077,0.351327,-0.582320,3.829042,-0.707976,234.739600,0.229486,0.283508,1,0,0.977500,0.030000,0.000110,0.130801,1,4,9,12,4
12,1.106482,0.076604,player,2,2,1.983590,2.000000,639.306300,578.658400,637.210300,580.066700,2.525165,643.312100,576.553200,631.108300,583.580300,643.312100,565.556700,631.108300,569.821200,0.059803,0.280788,-5.529560,-0.160544,0.351328,-5.708991,-0.012526,-5.583315,54.731750,0.229486,0.283508,1,0,0.977500,0.030000,0.000273,0.130802,5,8,4,10,4
13,1.229944,0.119318,father,2,9,2.064089,9.000001,346.782800,428.993800,345.125400,429.913100,1.895280,347.122200,428.012100,343.128500,431.814100,347.122200,419.101300,343.128500,419.088100,-5.288071,0.227531,-1.736650,-5.360179,0.324951,-1.833732,-5.294200,-1.761718,54.737190,0.330109,0.114926,1,0,1.057500,0.030000,0.000110,0.126119,5,4,5,8,4
13,1.229944,0.119318,mother,8,6,8.000000,6.021735,723.631600,366.476000,726.024900,366.461900,2.393353,721.007400,366.917800,731.042400,366.005900,721.007400,358.054700,731.042400,353.775400,1.462633,0.226316,-0.176644,1.643821,0.312298,-0.153357,1.510015,-0.165362,275.648900,0.277166,0.178016,1,0,1.015408,0.021600,0.000273,0.126119,2,8,11,7,4
13,1.229944,0.119318,older_sister,9,4,8.935913,3.999998,848.666900,389.427800,850.708100,388.189900,2.387195,847.814800,389.981000,853.601600,386.398900,847.814800,378.885700,853.601600,370.874300,3.752212,0.283310,-0.765548,3.856694,0.396412,-0.674082,3.767597,-0.751423,234.736300,0.330109,0.138117,1,0,1.057500,0.030000,0.000193,0.130801,1,4,9,12,4
13,1.229944,0.119318,player,2,2,2.064088,2.000000,642.709400,576.957200,640.668000,578.194900,2.387252,643.561500,576.403900,637.774500,579.985800,643.561500,565.308700,637.774500,564.461200,0.064305,0.283310,-5.525748,-0.040182,0.396412,-5.617209,0.048919,-5.539873,54.739460,0.330109,0.138117,1,0,1.057500,0.030000,0.000061,0.130802,5,8,4,10,4
14,1.313249,0.079587,father,2,9,2.144588,9.000001,350.185900,427.292100,350.320300,427.191700,0.167768,348.483100,427.271100,352.157500,427.112300,348.483100,418.304900,352.157500,416.533200,-5.263499,0.228947,-1.717729,-5.197155,0.270131,-1.713675,-5.232755,-1.718265,54.732520,0.430732,-0.056508,1,0,1.137500,0.030000,0.000273,0.126119,5,4,5,8,4
14,1.313249,0.079587,mother,8,6,8.000000,6.100623,720.296600,364.808600,721.419000,365.350800,1.246454,719.789200,365.401200,723.048800,365.300300,719.789200,356.444200,723.048800,353.109500,1.440639,0.228713,-0.137919,1.499492,0.311284,-0.135342,1.449800,-0.122787,304.309800,0.375776,0.047161,1,0,1.093808,0.030000,0.000193,0.126119,3,8,11,7,4
14,1.313249,0.079587,older_sister,9,4,8.855414,3.999998,845.263800,391.129500,845.068200,391.172100,0.200137,847.158100,390.377000,842.978400,391.967100,847.158100,379.100300,842.978400,378.884600,3.740355,0.287944,-0.775661,3.664887,0.334056,-0.816263,3.706152,-0.794875,234.733000,0.430732,-0.085060,1,0,1.137500,0.030000,0.000031,0.130801,1,4,9,12,4
14,1.313249,0.079587,player,2,2,2.144587,2.000000,646.112400,575.255700,646.308000,575.213100,0.200203,644.218100,576.008000,648.397900,574.418200,644.218100,564.731300,648.397900,561.335600,0.076160,0.287945,-5.515639,0.151631,0.334056,-5.475042,0.110364,-5.496428,54.737380,0.430732,-0.085060,1,0,1.137500,0.030000,0.000000,0.130802,5,8,4,10,4
15,1.397729,0.084943,father,2,9,2.225086,9.000001,353.588900,425.590600,355.692200,424.622600,2.315355,349.640000,426.667000,361.744400,422.578200,349.640000,417.684200,361.744400,413.206800,-5.242610,0.229371,-1.702304,-5.024059,0.239294,-1.597898,-5.171310,-1.674819,54.736750,0.531355,-0.238726,1,0,1.217500,0.030000,0.000205,0.126119,5,4,5,8,4
15,1.397729,0.084943,mother,8,6,8.000000,6.181121,716.893400,363.107300,715.660500,362.493800,1.377128,718.382600,364.743000,712.938500,360.244600,718.382600,355.770200,712.938500,350.582900,1.415241,0.229116,-0.121111,1.316946,0.246705,-0.006248,1.388354,-0.079344,305.260700,0.476399,-0.146572,1,0,1.173808,0.030000,0.000086,0.126119,3,8,11,7,4
15,1.397729,0.084943,older_sister,9,4,8.774916,3.999998,841.860700,392.831000,839.165700,393.942400,2.915211,846.810200,390.576400,831.521200,397.308600,846.810200,379.162800,831.521200,385.857500,3.734073,0.291439,-0.780751,3.458022,0.292396,-0.952653,3.644708,-0.838320,234.737000,0.531355,-0.324643,0,0,1.217500,0.030000,0.000110,0.130801,1,4,9,12,4
15,1.397729,0.084943,player,2,2,2.225085,2.000000,649.515500,573.554000,652.210400,572.442300,2.915213,644.566300,575.808800,659.854600,569.075700,644.566300,564.395300,659.854600,557.624600,0.082448,0.291440,-5.510552,0.358485,0.292397,-5.338626,0.171808,-5.452975,54.732350,0.531355,-0.324644,0,0,1.217500,0.030000,0.000136,0.130802,5,8,4,10,4
16,1.466250,0.069103,father,2,9,2.305584,9.000001,356.992000,423.889300,357.345600,423.615700,0.447036,350.244300,426.307000,364.446700,420.924300,350.244300,416.810600,364.446700,412.022400,-5.231699,0.242486,-1.693112,-4.975267,0.227305,-1.555669,-5.109866,-1.631377,54.739350,0.631978,-0.288731,0,0,1.297500,0.030000,0.000031,0.126119,5,4,5,8,4
16,1.466250,0.069103,mother,8,6,8.000000,6.261620,713.490400,361.405600,711.725700,360.461000,2.001553,717.473100,364.293700,705.978300,356.628300,717.473100,355.177300,705.978300,347.474200,1.398820,0.232782,-0.109639,1.191274,0.233744,0.086094,1.326909,-0.035892,305.267000,0.577022,-0.282469,0,0,1.253808,0.030000,0.000110,0.126119,3,8,11,7,4
16,1.466250,0.069103,older_sister,9,4,8.694418,3.999998,838.457600,394.532700,838.033300,394.807000,0.505220,847.063800,390.583000,829.002800,399.030900,847.063800,378.505600,829.002800,388.142700,3.738652,0.308391,-0.780921,3.412551,0.278024,-0.996633,3.583263,-0.881774,234.732100,0.631978,-0.390801,0,0,1.297500,0.030000,0.000110,0.130801,1,4,9,12,4
16,1.466250,0.069103,player,2,2,2.305584,2.000000,652.918600,571.852500,653.343000,571.578200,0.505220,644.312000,575.801600,662.374000,567.354900,644.312000,563.724100,662.374000,556.466600,0.077855,0.308391,-5.510368,0.403975,0.278025,-5.294685,0.233253,-5.409529,54.737090,0.631978,-0.390801,0,0,1.297500,0.030000,0.000086,0.130802,5,8,4,10,4
17,1.533859,0.068269,father,2,9,2.386083,9.000001,360.395100,422.187600,358.455400,422.927800,2.076133,352.211200,425.078800,364.699700,420.776700,352.211200,414.292500,364.699700,411.890200,-5.196187,0.275421,-1.661750,-4.970699,0.226912,-1.551898,-5.048421,-1.587924,54.732590,0.732601,-0.247531,0,1,1.377500,0.030000,0.000136,0.126119,5,4,5,8,4
17,1.533859,0.068269,mother,8,6,8.000000,6.342118,710.087300,359.704100,710.704300,360.196800,0.789591,716.504000,363.993600,704.904500,356.400100,716.504000,353.984000,704.904500,347.564700,1.381322,0.255588,-0.101975,1.171888,0.225606,0.091921,1.265465,0.007553,305.262900,0.677645,-0.282946,0,1,1.333808,0.030000,0.000061,0.126119,3,8,11,7,4
17,1.533859,0.068269,older_sister,9,4,8.613919,3.999998,835.054600,396.234200,837.562700,395.376200,2.650853,845.247700,391.986700,829.877800,398.765800,845.247700,378.468300,829.877800,387.921500,3.705860,0.345183,-0.816761,3.428349,0.276902,-0.989864,3.521818,-0.925219,234.737200,0.732601,-0.326528,0,1,1.377500,0.030000,0.000000,0.130801,1,4,9,12,4
17,1.533859,0.068269,player,2,2,2.386082,2.000000,656.321700,570.150700,653.813600,571.008800,2.650845,646.129200,574.398900,661.498200,567.618800,646.129200,560.880600,661.498200,556.774500,0.110665,0.345183,-5.474549,0.388162,0.276902,-5.301423,0.294698,-5.366076,54.732340,0.732601,-0.326528,0,1,1.377500,0.030000,0.000273,0.130802,5,8,4,10,4
18,1.602089,0.068927,father,2,9,2.466581,9.000001,363.798200,420.486100,362.350500,421.125700,1.582739,359.310000,421.772500,365.390900,420.478900,359.310000,409.746400,365.390900,411.417600,-5.068014,0.307080,-1.577326,-4.958219,0.231376,-1.544294,-4.986977,-1.544479,54.737110,0.833224,-0.108719,0,1,1.457500,0.030000,0.000068,0.126388,5,4,5,8,4
18,1.602089,0.068927,mother,8,6,8.000000,6.422617,706.684300,358.002400,708.418000,359.114400,2.059745,712.126000,361.976800,704.710100,356.252000,712.126000,350.428200,704.710100,347.312300,1.302275,0.294887,-0.050478,1.168376,0.228272,0.095702,1.204021,0.051007,305.268500,0.778268,-0.193729,0,1,1.413808,0.030000,0.000246,0.112044,3,8,11,7,4
18,1.602089,0.068927,older_sister,9,4,8.533421,3.999998,831.651500,397.935500,833.404900,397.294900,1.866751,836.726900,395.934800,830.082900,398.655100,836.726900,380.775900,830.082900,387.576100,3.552013,0.387072,-0.917575,3.432052,0.282896,-0.987036,3.460373,-0.968661,234.739500,0.833224,-0.138053,0,1,1.457500,0.030000,0.000220,0.130902,1,4,9,12,4
18,1.602089,0.068927,player,2,2,2.466581,2.000000,659.724800,568.449400,657.971300,569.090000,1.866818,654.649400,570.450100,661.293400,567.729800,654.649400,555.291300,661.293400,556.650800,0.264503,0.387073,-5.373720,0.384464,0.282896,-5.304259,0.356142,-5.322634,54.739460,0.833224,-0.138052,0,1,1.457500,0.030000,0.000086,0.130903,5,8,4,10,4
19,1.715050,0.113341,father,3,9,2.547080,9.000001,367.201300,418.784300,368.269700,418.205600,1.215095,370.174900,416.396000,366.364600,420.015100,370.174900,406.390200,366.364600,410.778000,-4.871841,0.255495,-1.440041,-4.940640,0.235864,-1.532452,-4.925532,-1.501025,54.732140,0.933846,0.109530,0,1,1.537500,0.030000,0.000273,0.126388,5,4,5,8,4
19,1.715050,0.113341,mother,8,7,8.000000,6.503115,703.281100,356.300900,703.689700,356.531800,0.469314,703.540200,357.297000,703.839400,355.766700,703.540200,346.028600,703.839400,346.608800,1.147253,0.287732,0.069019,1.152655,0.233841,0.108094,1.142575,0.094453,305.262300,0.878891,-0.018148,0,1,1.493808,0.030000,0.000164,0.112044,3,8,11,7,4
19,1.715050,0.113341,older_sister,8,4,8.452922,3.999998,828.248400,399.637200,826.893900,400.452200,1.580716,823.822900,402.214600,829.964900,398.689800,823.822900,389.525500,829.964900,387.301400,3.319024,0.324008,-1.077926,3.429923,0.290796,-0.987923,3.398929,-1.012115,234.732000,0.933846,0.142512,0,1,1.537500,0.030000,0.000000,0.130902,1,4,9,12,4
19,1.715050,0.113341,player,3,2,2.547079,2.000000,663.127900,566.748000,664.482500,565.933100,1.580773,667.553700,564.170900,661.411200,567.695300,667.553700,551.481800,661.411200,556.306900,0.497498,0.324008,-5.213384,0.386592,0.290797,-5.303378,0.417587,-5.279189,54.737090,0.933846,0.142512,0,1,1.537500,0.030000,0.000061,0.130903,5,8,4,10,4
20,1.779953,0.065591,father,3,9,2.627578,9.000001,370.604400,417.082900,372.895600,415.871900,2.591519,378.227400,412.292100,367.563800,419.451600,378.227400,402.964400,367.563800,409.983800,-4.726450,0.238178,-1.335250,-4.918986,0.241755,-1.518064,-4.864087,-1.457579,54.737190,0.034469,0.262752,0,0,1.617500,0.030000,0.000205,0.126388,5,4,5,8,4
20,1.779953,0.065591,mother,8,7,8.000000,6.583614,699.878100,354.599600,697.262600,353.410600,2.873041,691.650300,351.548700,702.874900,355.272600,691.650300,341.982900,702.874900,345.955200,0.932573,0.244258,0.215798,1.135241,0.237913,0.120710,1.081132,0.137894,305.261100,0.979514,0.220379,0,1,1.573808,0.030000,0.000061,0.112044,3,8,11,7,4
20,1.779953,0.065591,older_sister,8,4,8.372424,3.999998,824.845300,401.338700,821.968100,402.943000,3.294248,814.378800,407.058300,829.557400,398.827800,814.378800,395.601700,829.557400,387.074100,3.148506,0.292538,-1.201606,3.422563,0.300123,-0.991445,3.337484,-1.055560,234.737200,0.034469,0.345103,0,0,1.617500,0.030000,0.000110,0.130902,1,4,9,12,4
20,1.779953,0.065591,player,3,2,2.627578,2.000000,666.531000,565.046200,669.408000,563.441800,3.294148,676.996800,559.326000,661.819200,567.557400,676.996800,547.869400,661.819200,555.803800,0.667998,0.292538,-5.089674,0.393958,0.300123,-5.299858,0.479032,-5.235736,54.732640,0.034469,0.345103,0,0,1.617500,0.030000,0.000136,0.130903,5,8,4,10,4
21,1.845314,0.065736,father,3,9,2.708077,9.000001,374.007500,415.381200,374.389000,415.371700,0.381587,379.827200,411.811000,368.950800,418.932300,379.827200,403.023000,368.950800,408.827300,-4.697564,0.224397,-1.322965,-4.893944,0.258025,-1.504804,-4.802642,-1.414127,54.732590,0.135092,0.265330,0,0,1.697500,0.030000,0.000341,0.126388,5,4,5,8,4
21,1.845314,0.065736,mother,8,7,8.000000,6.664112,696.475000,352.897900,695.059600,352.107200,1.621279,688.448600,349.646500,701.670500,354.567900,688.448600,340.701100,701.670500,344.888300,0.874767,0.228416,0.264369,1.113495,0.247161,0.138705,1.019687,0.181348,305.267900,0.080137,0.267470,0,0,1.653808,0.030000,0.000136,0.112044,3,8,11,7,4
21,1.845314,0.065736,older_sister,8,4,8.291925,3.999998,821.442200,403.040400,821.025500,403.054100,0.416971,813.355400,407.141800,828.695600,398.966400,813.355400,396.238800,828.695600,386.492000,3.130028,0.278400,-1.203738,3.407003,0.318528,-0.994986,3.276039,-1.099014,234.732100,0.135092,0.346672,0,0,1.697500,0.030000,0.000110,0.130902,1,4,9,12,4
21,1.845314,0.065736,player,3,2,2.708076,2.000000,669.934100,563.344700,670.350800,563.331100,0.416970,678.021200,559.243800,662.680300,567.418300,678.021200,548.340900,662.680300,554.943900,0.686495,0.278400,-5.087575,0.409505,0.318528,-5.296307,0.540477,-5.192289,54.736520,0.135092,0.346672,0,0,1.697500,0.030000,0.000136,0.130903,5,8,4,10,4
22,1.911420,0.066543,father,3,9,2.788575,9.000001,377.410600,413.679800,375.692400,414.770100,2.034837,379.974700,411.651500,371.410200,417.888600,379.974700,402.794800,371.410200,406.414100,-4.694901,0.226149,-1.318892,-4.849538,0.292997,-1.478153,-4.741198,-1.370685,54.739490,0.235715,0.218207,1,0,1.777500,0.030000,0.000136,0.126388,5,4,5,8,4
22,1.911420,0.066543,mother,8,7,8.000000,6.744611,693.071900,351.196400,694.017600,351.447800,0.978585,687.725800,349.230900,700.309600,353.664600,687.725800,340.443900,700.309600,343.065600,0.861714,0.224372,0.274981,1.088923,0.270641,0.161768,0.958243,0.224793,305.262800,0.180760,0.250880,1,0,1.733808,0.030000,0.000086,0.112044,3,8,11,7,4
22,1.911420,0.066543,older_sister,8,4,8.211427,3.999998,818.039100,404.741900,820.253900,403.281500,2.652956,814.295000,406.719600,826.212700,399.843500,814.295000,395.718300,826.212700,385.932100,3.146994,0.280910,-1.192958,3.362174,0.355220,-1.017381,3.214595,-1.142459,234.737200,0.235715,0.277063,1,0,1.777500,0.030000,0.000000,0.130902,1,4,9,12,4
22,1.911420,0.066543,player,3,2,2.788574,2.000000,673.337200,561.643000,671.122500,563.103500,2.652888,677.081000,559.665100,665.164100,566.541900,677.081000,548.663900,665.164100,552.630500,0.669517,0.280910,-5.098331,0.454352,0.355219,-5.273927,0.601921,-5.148837,54.732640,0.235715,0.277063,1,0,1.777500,0.030000,0.000273,0.130903,5,8,4,10,4
23,1.977432,0.066734,father,3,9,2.869074,9.000001,380.813700,411.978400,379.203700,412.859700,1.835383,381.016700,411.058900,377.390700,414.660600,381.016700,402.140800,377.390700,401.941800,-4.676087,0.227718,-1.303761,-4.741556,0.324767,-1.395727,-4.679753,-1.327239,54.736750,0.336338,0.106552,1,0,1.857500,0.030000,0.000068,0.126388,5,4,5,8,4
23,1.977432,0.066734,mother,8,7,8.000000,6.825109,689.668800,349.494700,691.750600,350.323000,2.240520,687.177000,349.014200,696.324400,351.631700,687.177000,340.150000,696.324400,339.333900,0.851806,0.226343,0.280514,1.016968,0.314019,0.213678,0.896798,0.268247,305.267900,0.281383,0.173439,1,0,1.813808,0.030000,0.000246,0.112044,3,8,11,7,4
23,1.977432,0.066734,older_sister,8,4,8.130928,3.999998,814.636000,406.443200,816.623800,405.252900,2.316927,813.965900,406.912500,819.281700,403.593200,813.965900,395.804400,819.281700,388.065800,3.141051,0.283641,-1.197886,3.237030,0.396482,-1.113127,3.153150,-1.185901,234.739400,0.336338,0.127302,1,0,1.857500,0.030000,0.000220,0.130902,1,4,9,12,4
23,1.977432,0.066734,player,3,2,2.869073,2.000000,676.740200,559.941700,674.752500,561.132100,2.316906,677.410300,559.472400,672.094600,562.791700,677.410300,548.364200,672.094600,547.264400,0.675465,0.283642,-5.093410,0.579486,0.396482,-5.178168,0.663366,-5.105395,54.739460,0.336338,0.127301,1,0,1.857500,0.030000,0.000061,0.130903,5,8,4,10,4
24,2.041605,0.065025,father,3,9,2.949572,9.000001,384.216800,410.276600,384.521500,410.091900,0.356420,382.389500,410.314900,386.653700,409.868800,382.389500,401.347800,386.653700,399.466900,-4.651301,0.228970,-1.284763,-4.574308,0.265606,-1.273372,-4.618308,-1.283787,54.733040,0.436961,-0.069440,1,0,1.937500,0.030000,0.000232,0.128927,5,4,5,8,4
24,2.041605,0.065025,mother,8,7,8.000000,6.905608,686.265700,347.793200,687.252500,348.295300,1.107157,685.862900,348.442800,688.642100,348.147800,685.862900,339.482300,688.642100,336.111400,0.828080,0.228802,0.295105,0.878260,0.307343,0.302637,0.835353,0.311692,305.262800,0.382006,0.036624,1,0,1.893808,0.030000,0.000164,0.128776,3,8,11,7,4
24,2.041605,0.065025,older_sister,8,4,8.050430,3.999998,811.232900,408.145000,810.816900,408.294600,0.442095,813.297100,407.311000,808.336700,409.278100,813.297100,396.023900,808.336700,396.411400,3.128974,0.288210,-1.208059,3.039412,0.328544,-1.258289,3.091705,-1.229355,234.732100,0.436961,-0.102127,1,0,1.937500,0.030000,0.000000,0.137850,1,4,9,12,4
24,2.041605,0.065025,player,3,2,2.949571,2.000000,680.143400,558.240300,680.559400,558.090700,0.442153,678.079200,559.074200,683.039800,557.107300,678.079200,547.787000,683.039800,544.240600,0.687540,0.288210,-5.083241,0.777107,0.328544,-5.033020,0.724811,-5.061949,54.737090,0.436961,-0.102127,1,0,1.937500,0.030000,0.000086,0.137849,5,8,4,10,4
25,2.147335,0.106155,father,3,9,3.030071,9.000001,387.619900,408.575200,389.769500,407.589700,2.364806,383.515400,409.728700,396.023600,405.450600,383.515400,400.736800,396.023600,396.097400,-4.630971,0.229601,-1.269794,-4.405130,0.238829,-1.160557,-4.556864,-1.240340,54.736100,0.537584,-0.247468,0,0,2.017500,0.030000,0.000136,0.128927,5,4,5,8,4
25,2.147335,0.106155,mother,8,7,8.000000,6.986106,682.862600,346.091400,681.515300,345.410900,1.509454,684.488000,347.797100,678.542400,343.024700,684.488000,338.825500,678.542400,333.421900,0.803257,0.229085,0.311592,0.695905,0.245203,0.433453,0.773909,0.355145,305.267000,0.482629,-0.158011,1,0,1.973808,0.030000,0.000356,0.128776,3,8,11,7,4
25,2.147335,0.106155,older_sister,8,4,7.969932,3.999998,807.829800,409.846400,805.076200,410.977200,2.976747,812.988000,407.488000,797.164400,414.466300,812.988000,396.057300,797.164400,403.054900,3.123394,0.291876,-1.212580,2.837692,0.291384,-1.390767,3.030261,-1.272800,234.737200,0.537584,-0.336152,0,0,2.017500,0.030000,0.000110,0.137850,1,4,9,12,4
25,2.147335,0.106155,player,3,2,3.030070,2.000000,683.546400,556.538500,686.299900,555.407600,2.976681,678.388500,558.897200,694.211200,551.917900,678.388500,547.466600,694.211200,540.506500,0.693127,0.291875,-5.078724,0.978814,0.291383,-4.900512,0.786255,-5.018496,54.732340,0.537584,-0.336152,0,0,2.017500,0.030000,0.000136,0.137849,5,8,4,10,4
26,2.210940,0.063689,father,3,9,3.110569,9.000000,391.023000,406.873400,391.210800,406.671400,0.275814,384.107300,409.362300,398.314300,403.980500,384.107300,399.804100,398.314300,395.092600,-4.620285,0.244062,-1.260438,-4.363769,0.226948,-1.123018,-4.495418,-1.196887,54.733380,0.638207,-0.288783,0,0,2.097500,0.030000,0.000341,0.128927,5,4,5,8,4
26,2.210940,0.063689,mother,8,7,8.000000,7.066605,679.459500,344.390100,677.864500,343.555500,1.800187,683.630900,347.373000,672.098300,339.738100,683.630900,338.228800,672.098300,330.648700,0.787779,0.233491,0.322422,0.579551,0.232093,0.517375,0.712464,0.398588,305.261300,0.583252,-0.282572,0,0,2.053808,0.030000,0.000136,0.128776,3,8,11,7,4
26,2.210940,0.063689,older_sister,8,4,7.889433,3.999998,804.426800,411.548200,804.215900,411.740900,0.285670,813.244300,407.519600,795.187600,415.962300,813.244300,395.371200,795.187600,405.089700,3.128022,0.310200,-1.213385,2.801998,0.277626,-1.428965,2.968816,-1.316253,234.732600,0.638207,-0.390662,0,0,2.097500,0.030000,0.000110,0.137850,1,4,9,12,4
26,2.210940,0.063689,player,3,2,3.110569,2.000000,686.949500,554.837000,687.160300,554.644300,0.285649,678.131600,558.865200,696.189200,550.423500,678.131600,546.716900,696.189200,539.550800,0.688486,0.310200,-5.077906,1.014527,0.277626,-4.862351,0.847700,-4.975050,54.737090,0.638207,-0.390662,0,0,2.097500,0.030000,0.000086,0.137849,5,8,4,10,4
27,2.272535,0.062942,father,3,9,3.191068,9.000000,394.426100,405.172100,392.428400,405.935900,2.138677,386.315900,408.012600,398.541000,403.859200,386.315900,397.109800,398.541000,394.966600,-4.580408,0.278396,-1.225974,-4.359677,0.227067,-1.119919,-4.433973,-1.153446,54.739570,0.738830,-0.241460,0,1,2.177500,0.030000,0.000136,0.128927,5,4,5,8,4
27,2.272535,0.062942,mother,8,7,8.000000,7.147103,676.056500,342.688700,676.815200,343.264600,0.952567,682.562000,347.043200,671.068500,339.486000,682.562000,336.958700,671.068500,330.650700,0.768481,0.257502,0.330844,0.560958,0.225604,0.523812,0.651019,0.442033,305.262900,0.683874,-0.280851,0,1,2.133808,0.030000,0.000061,0.128776,3,8,11,7,4
27,2.272535,0.062942,older_sister,8,4,7.808935,3.999998,801.023600,413.249600,803.598100,412.374500,2.719145,811.094200,409.091500,796.101900,415.657500,811.094200,395.429900,796.101900,404.809200,3.089201,0.348840,-1.253523,2.818507,0.277004,-1.421182,2.907371,-1.359699,234.737100,0.738830,-0.317819,0,1,2.177500,0.030000,0.000000,0.137850,1,4,9,12,4
27,2.272535,0.062942,player,3,2,3.191067,2.000000,690.352700,553.135300,687.778300,554.010600,2.719079,680.282600,557.294000,695.274000,550.727100,680.282600,543.632400,695.274000,539.878800,0.727324,0.348840,-5.037787,0.998004,0.277005,-4.870106,0.909145,-4.931597,54.732340,0.738830,-0.317819,0,1,2.177500,0.030000,0.000220,0.137849,5,8,4,10,4
28,2.333500,0.061548,father,3,9,3.271566,9.000000,397.829200,403.470700,396.502100,404.064000,1.453738,393.726200,404.589000,399.278000,403.539100,393.726200,392.611800,399.278000,394.461900,-4.446610,0.305831,-1.138554,-4.346370,0.231780,-1.111746,-4.372529,-1.110000,54.737190,0.839453,-0.097324,0,1,2.257500,0.030000,0.000000,0.128927,5,4,5,8,4
28,2.333500,0.061548,mother,8,7,8.000000,7.227602,672.653300,340.987000,674.369300,342.078300,2.033604,677.889900,344.838300,670.848600,339.318500,677.889900,333.200000,670.848600,330.369100,0.684123,0.297176,0.387145,0.556989,0.228515,0.528090,0.589574,0.485485,305.267000,0.784497,-0.185181,0,1,2.213808,0.030000,0.000193,0.128776,3,8,11,7,4
28,2.333500,0.061548,older_sister,8,4,7.728436,3.999998,797.620500,414.950900,799.222700,414.364100,1.706238,802.201500,413.157400,796.244000,415.570900,802.201500,398.046300,796.244000,404.468700,2.928638,0.385854,-1.357344,2.821073,0.283487,-1.418971,2.845927,-1.403140,234.739400,0.839453,-0.123408,0,1,2.257500,0.030000,0.000246,0.137850,1,4,9,12,4
28,2.333500,0.061548,player,3,2,3.271565,2.000000,693.755700,551.434000,692.153600,552.020800,1.706227,689.174800,553.227500,695.132200,550.814000,689.174800,538.116300,695.132200,539.711900,0.887878,0.385854,-4.933951,0.995443,0.283488,-4.872324,0.970589,-4.888156,54.739750,0.839453,-0.123408,0,1,2.257500,0.030000,0.000000,0.137849,5,8,4,10,4
29,2.394170,0.061062,father,3,9,3.352065,9.000000,401.232200,401.769000,402.509000,401.073100,1.454054,404.757700,399.077600,400.260300,403.068600,404.757700,389.179400,400.260300,393.822800,-4.247431,0.252746,-0.997825,-4.328634,0.236084,-1.099732,-4.311085,-1.066547,54.731730,0.940075,0.125140,0,1,2.337500,0.030000,0.000205,0.128927,5,4,5,8,4
29,2.394170,0.061062,mother,8,7,8.000000,7.308100,669.250200,339.285500,669.512100,339.440100,0.304092,669.059200,340.051800,669.964900,338.828500,669.059200,328.924400,669.964900,329.660600,0.524680,0.284130,0.509365,0.541034,0.234097,0.540601,0.528130,0.528931,305.262800,0.885120,-0.004680,0,1,2.293808,0.030000,0.000136,0.128776,3,8,11,7,4
29,2.394170,0.061062,older_sister,8,4,7.647938,3.999998,794.217500,416.652600,792.601200,417.617000,1.882120,789.082000,419.622300,796.120400,415.611800,789.082000,407.091800,796.120400,404.206300,2.691759,0.319958,-1.522421,2.818840,0.291232,-1.420015,2.784482,-1.446593,234.732600,0.940075,0.162886,0,1,2.337500,0.030000,0.000061,0.137850,1,4,9,12,4
29,2.394170,0.061062,player,3,2,3.352064,2.000000,697.158800,549.732400,698.775100,548.768000,1.882136,702.294400,546.762800,695.255900,550.773200,702.294400,534.232400,695.255900,539.367700,1.124759,0.319958,-4.768880,0.997676,0.291232,-4.871283,1.032034,-4.844706,54.734150,0.940075,0.162886,0,1,2.337500,0.030000,0.000061,0.137849,5,8,4,10,4
30,2.455297,0.061334,father,3,9,3.432563,9.000000,404.635300,400.067500,406.827300,398.927400,2.470771,412.184900,395.347700,401.469800,402.507100,412.184900,386.086700,401.469800,393.019000,-4.113328,0.236473,-0.902584,-4.306796,0.242274,-1.085395,-4.249640,-1.023101,54.737110,0.040698,0.263510,0,0,2.417500,0.030000,0.000164,0.131594,5,4,5,8,4
30,2.455297,0.061334,mother,8,7,8.000000,7.388598,665.847200,337.583700,663.085600,336.329800,3.032961,657.175500,334.322700,668.995700,338.336900,657.175500,324.729900,668.995700,329.005600,0.310113,0.244949,0.655653,0.523533,0.238267,0.553155,0.466685,0.572385,305.267900,0.985743,0.233431,0,1,2.373808,0.030000,0.000329,0.132374,3,8,11,7,4
30,2.455297,0.061334,older_sister,8,4,7.567439,3.999998,790.814300,418.354100,788.065800,419.864700,3.136307,780.441500,423.981800,795.690100,415.747600,780.441500,412.599000,795.690100,403.969100,2.535750,0.290654,-1.633740,2.811071,0.300757,-1.423483,2.723037,-1.490039,234.737100,0.040698,0.346190,0,0,2.417500,0.030000,0.000136,0.143313,1,4,9,12,4
30,2.455297,0.061334,player,3,2,3.432563,2.000000,700.561900,548.030800,703.310400,546.520100,3.136365,710.934400,542.402800,695.686300,550.637400,710.934400,531.019900,695.686300,538.858900,1.280761,0.290655,-4.657548,1.005448,0.300758,-4.867815,1.093479,-4.801257,54.734990,0.040698,0.346190,0,0,2.417500,0.030000,0.000136,0.143313,5,8,4,10,4
31,2.560384,0.105535,father,4,9,3.513062,9.000000,408.038500,398.365800,408.268200,398.431800,0.239011,413.667100,394.877300,402.869400,401.986300,413.667100,386.091600,402.869400,391.818700,-4.086567,0.224337,-0.890572,-4.281525,0.259625,-1.072098,-4.188194,-0.979648,54.732780,0.141321,0.263988,0,0,2.497500,0.030000,0.000273,0.131594,5,4,5,8,4
31,2.560384,0.105535,mother,8,7,8.000000,7.469097,662.444100,335.882400,661.164300,335.143100,1.478001,654.548600,332.675300,667.780200,337.611000,654.548600,323.761100,667.780200,327.890800,0.262682,0.227618,0.697720,0.501586,0.248199,0.571690,0.405240,0.615826,305.260500,0.086365,0.267830,0,0,2.453808,0.030000,0.000136,0.132374,3,8,11,7,4
31,2.560384,0.105535,older_sister,7,4,7.486941,3.999998,787.411300,420.055800,787.191400,419.967500,0.236936,779.584600,424.043600,794.798200,415.891400,779.584600,413.136000,794.798200,403.349500,2.520277,0.278518,-1.635316,2.794967,0.320251,-1.427155,2.661592,-1.533492,234.732100,0.141321,0.344466,0,0,2.497500,0.030000,0.000031,0.143313,1,4,9,12,4
31,2.560384,0.105535,player,4,2,3.513061,2.000000,703.965000,546.329300,704.184900,546.417700,0.237004,711.792100,542.342100,696.577600,550.493300,711.792100,531.434600,696.577600,537.951400,1.296248,0.278517,-4.655999,1.021540,0.320251,-4.864137,1.154924,-4.757811,54.737110,0.141321,0.344466,0,0,2.497500,0.030000,0.000061,0.143313,5,8,4,10,4
32,2.620002,0.060642,father,4,9,3.593560,9.000000,411.441500,396.664400,409.668700,397.779900,2.094541,413.833600,394.718400,405.503900,400.841400,413.833600,385.858200,405.503900,389.243700,-4.083561,0.226239,-0.886515,-4.233957,0.296140,-1.042863,-4.126750,-0.936206,54.739140,0.241944,0.213063,1,0,2.577500,0.030000,0.000110,0.131594,5,4,5,8,4
32,2.620002,0.060642,mother,8,8,8.000000,7.549595,659.041000,334.181000,660.129200,334.496000,1.132821,653.894700,332.319700,666.363500,336.672300,653.894700,323.527900,666.363500,326.002400,0.250878,0.224492,0.706800,0.476008,0.272450,0.595657,0.343796,0.659272,305.262800,0.186988,0.247987,1,0,2.533808,0.030000,0.000086,0.132374,3,8,11,7,4
32,2.620002,0.060642,older_sister,7,4,7.406442,3.999998,784.008200,421.757300,786.281400,420.264800,2.719432,780.487000,423.622700,792.075800,416.906800,780.487000,412.618400,792.075800,402.850600,2.536571,0.280988,-1.624570,2.745813,0.358918,-1.453084,2.600148,-1.576938,234.737100,0.241944,0.269853,1,0,2.577500,0.030000,0.000031,0.143313,1,4,9,12,4
32,2.620002,0.060642,player,4,2,3.593560,2.000000,707.368100,544.627600,705.095100,546.120200,2.719278,710.889000,542.762000,699.301100,549.478600,710.889000,531.757600,699.301100,535.422200,1.279942,0.280988,-4.666719,1.070714,0.358918,-4.838224,1.216368,-4.714357,54.732030,0.241944,0.269853,1,0,2.577500,0.030000,0.000193,0.143313,5,8,4,10,4
33,2.677531,0.058392,father,4,9,3.674059,9.000000,414.844600,394.963000,413.288000,395.803300,1.768994,414.913400,394.105700,411.662600,397.501000,414.913400,385.180100,411.662600,384.803600,-4.064063,0.227908,-0.870869,-4.122759,0.324222,-0.957568,-4.065305,-0.892760,54.737160,0.342567,0.097980,1,0,2.657500,0.030000,0.000031,0.131594,5,4,5,8,4
33,2.677531,0.058392,mother,8,8,8.000000,7.630094,655.637900,332.479200,657.701900,333.312200,2.225759,653.289200,332.075600,662.114500,334.548800,653.289200,323.208600,662.114500,322.160100,0.239944,0.226415,0.713032,0.399290,0.316337,0.649880,0.282351,0.702725,305.267900,0.287611,0.166564,1,0,2.613808,0.030000,0.000220,0.132374,3,8,11,7,4
33,2.677531,0.058392,older_sister,7,4,7.325944,3.999998,780.605100,423.458600,782.531800,422.318500,2.238719,780.113600,423.844300,784.950000,420.792800,780.113600,412.722800,784.950000,405.280400,2.529830,0.283980,-1.630227,2.617152,0.396101,-1.552310,2.538703,-1.620379,234.739600,0.342567,0.116282,1,0,2.657500,0.030000,0.000273,0.143313,1,4,9,12,4
33,2.677531,0.058392,player,4,2,3.674058,2.000000,710.771200,542.926300,708.844500,544.066300,2.238735,711.262600,542.540600,706.426300,545.592000,711.262600,531.419200,706.426300,530.079600,1.286686,0.283980,-4.661069,1.199364,0.396100,-4.738984,1.277813,-4.670916,54.739780,0.342567,0.116282,1,0,2.657500,0.030000,0.000061,0.143313,5,8,4,10,4
34,2.736350,0.059064,father,4,9,3.754557,9.000000,418.247700,393.261200,418.724400,392.991700,0.547594,416.295100,393.359300,421.153700,392.624200,416.295100,384.391100,421.153700,382.391700,-4.039116,0.228996,-0.851811,-3.951391,0.261281,-0.833041,-4.003860,-0.849307,54.732140,0.443189,-0.082462,1,0,2.737500,0.030000,0.000205,0.131594,5,4,5,8,4
34,2.736350,0.059064,mother,8,8,8.000000,7.710592,652.234800,330.777800,653.093300,331.222700,0.966944,651.952500,331.490500,654.234100,330.954800,651.952500,322.527900,654.234100,319.083400,0.215809,0.228855,0.727971,0.257006,0.303129,0.741652,0.220906,0.746171,305.262800,0.388234,0.025739,1,0,2.693808,0.030000,0.000164,0.132374,3,8,11,7,4
34,2.736350,0.059064,older_sister,7,4,7.245445,3.999998,777.202000,425.160400,776.563200,425.417200,0.688538,779.437200,424.244100,773.689100,426.590300,779.437200,412.946600,773.689100,413.932800,2.517616,0.288474,-1.640436,2.413832,0.323201,-1.700345,2.477258,-1.663833,234.732100,0.443189,-0.119327,1,0,2.737500,0.030000,0.000031,0.143313,1,4,9,12,4
34,2.736350,0.059064,player,4,2,3.754556,2.000000,714.174300,541.224700,714.813100,540.967900,0.688527,711.939000,542.140900,717.687300,539.794900,711.939000,530.843400,717.687300,527.137400,1.298899,0.288474,-4.650862,1.402686,0.323201,-4.590957,1.339258,-4.627467,54.734690,0.443189,-0.119328,1,0,2.737500,0.030000,0.000136,0.143313,5,8,4,10,4
35,2.795008,0.059080,father,4,9,3.835056,9.000000,421.650800,391.559800,423.826600,390.564900,2.392405,417.387500,392.792300,430.265600,388.337600,417.387500,383.788600,430.265600,379.004900,-4.019392,0.229903,-0.837332,-3.786871,0.238304,-0.723586,-3.942416,-0.805861,54.737050,0.543812,-0.255525,0,0,2.817500,0.030000,0.000136,0.131594,5,4,5,8,4
35,2.795008,0.059080,mother,8,8,8.000000,7.791090,648.831700,329.076000,647.373800,328.328800,1.638291,650.594100,330.851300,644.153400,325.806200,650.594100,321.881900,644.153400,316.248800,0.191283,0.229029,0.744294,0.074993,0.244044,0.873115,0.159461,0.789624,305.267900,0.488857,-0.169327,1,0,2.773808,0.030000,0.000356,0.132374,3,8,11,7,4
35,2.795008,0.059080,older_sister,7,4,7.164947,3.999998,773.798900,426.861800,771.012600,428.001800,3.010445,779.169600,424.397600,762.855800,431.606000,779.169600,412.946600,762.855800,420.235900,2.512784,0.292395,-1.644356,2.218229,0.290329,-1.828418,2.415813,-1.707278,234.737100,0.543812,-0.346772,0,0,2.817500,0.030000,0.000164,0.143313,1,4,9,12,4
35,2.795008,0.059080,player,4,2,3.835055,2.000000,717.577400,539.523100,720.363500,538.383100,3.010344,712.206900,541.987500,728.520200,534.778600,712.206900,530.536400,728.520200,523.408400,1.303735,0.292395,-4.646944,1.598282,0.290329,-4.462869,1.400702,-4.584017,54.734740,0.543812,-0.346772,0,0,2.817500,0.030000,0.000136,0.143313,5,8,4,10,4
36,2.853123,0.059113,father,4,9,3.915554,9.000000,425.053900,389.858000,425.076100,389.727100,0.132762,417.975100,392.413900,432.177100,387.040300,417.975100,382.790900,432.177100,378.165700,-4.008783,0.245720,-0.827672,-3.752358,0.226609,-0.690460,-3.880971,-0.762408,54.732140,0.644435,-0.288588,0,0,2.897500,0.030000,0.000341,0.121238,5,4,5,8,4
36,2.853123,0.059113,mother,8,8,8.000000,7.871589,645.428600,327.374700,644.013400,326.657600,1.586561,649.787000,330.453300,638.239800,322.861800,649.787000,321.278300,638.239800,313.835900,0.176710,0.234278,0.754457,-0.031782,0.230471,0.948300,0.098017,0.833066,305.260500,0.589479,-0.282145,0,0,2.853807,0.030000,0.000110,0.123428,3,8,11,7,4
36,2.853123,0.059113,older_sister,7,4,7.084448,3.999998,770.395800,428.563600,770.399000,428.675300,0.111802,779.417100,424.461600,761.380900,432.889000,779.417100,412.239200,761.380900,422.031600,2.517253,0.312093,-1.645991,2.191599,0.277238,-1.861180,2.354369,-1.750731,234.732600,0.644435,-0.390134,0,0,2.897500,0.030000,0.000031,0.125702,1,4,9,12,4
36,2.853123,0.059113,player,4,2,3.915553,2.000000,720.980500,537.821700,720.977200,537.709900,0.111802,711.958700,541.923100,729.995800,533.496700,711.958700,529.700600,729.995800,522.639200,1.299254,0.312094,-4.645299,1.624925,0.277238,-4.430137,1.462147,-4.540572,54.737360,0.644435,-0.390134,0,0,2.897500,0.030000,0.000000,0.125703,5,8,4,10,4
37,2.953858,0.101318,father,4,9,3.965866,9.000000,427.180800,388.794800,425.620100,389.358000,1.659231,418.936600,391.761700,432.303600,386.954400,418.936600,381.415200,432.303600,378.095800,-3.991422,0.264191,-0.811016,-3.750074,0.226200,-0.688266,-3.842568,-0.735259,54.742030,0.707324,-0.267935,0,1,2.947500,0.050000,0.000136,0.121238,5,4,5,8,4
37,2.953858,0.101318,mother,8,8,8.000000,7.952087,642.025500,325.673200,642.921600,326.327900,1.109762,648.603100,330.081700,637.240100,322.574100,648.603100,319.922100,637.240100,313.736700,0.155334,0.259420,0.763946,-0.049832,0.225658,0.955647,0.036572,0.876512,305.262800,0.690102,-0.278195,0,1,2.933807,0.030000,0.000031,0.123428,3,8,11,7,4
37,2.953858,0.101318,older_sister,7,4,7.003950,3.999998,766.992700,430.265000,769.612700,429.387900,2.762903,776.904400,426.224400,762.321200,432.551500,776.904400,412.424500,762.321200,421.696000,2.471884,0.352371,-1.691002,2.208576,0.277189,-1.852561,2.292924,-1.794177,234.737100,0.745058,-0.308267,0,1,2.977499,0.030000,0.000061,0.125702,1,4,9,12,4
37,2.953858,0.101318,player,4,2,3.996052,2.000000,724.383500,536.119900,721.763600,536.997100,2.762904,714.472400,540.161100,729.054900,533.833100,714.472400,526.361300,729.054900,522.977500,1.344641,0.352371,-4.600310,1.607935,0.277190,-4.438727,1.523592,-4.497118,54.732070,0.745058,-0.308268,0,1,2.977499,0.030000,0.000273,0.125703,5,8,4,10,4
38,3.011529,0.054348,father,4,9,4.000000,8.978266,429.542700,388.532600,427.224000,388.783200,2.332229,421.703800,389.022200,432.744100,388.544300,421.703800,377.490100,432.744100,379.606000,-3.941459,0.294464,-0.741065,-3.742121,0.228232,-0.728862,-3.799923,-0.728565,74.328960,0.777160,-0.195225,0,1,3.003022,0.021600,0.000178,0.121238,6,4,5,8,4
38,3.011529,0.054348,mother,8,8,8.000000,8.032586,638.622400,323.971500,640.314300,325.037500,1.999688,643.643600,327.691700,636.985000,322.383300,643.643600,315.968900,636.985000,313.423300,0.065787,0.299334,0.824973,-0.054436,0.228789,0.960519,-0.024873,0.919965,305.267900,0.790725,-0.176422,0,1,3.013807,0.030000,0.000220,0.123428,3,8,11,7,4
38,3.011529,0.054348,older_sister,7,4,6.923451,3.999998,763.589600,431.966800,765.027700,431.447700,1.528931,767.656800,430.404900,762.398600,432.490400,767.656800,415.379900,762.398600,421.365400,2.304914,0.383655,-1.797749,2.209975,0.284071,-1.851001,2.231479,-1.837631,234.732100,0.845681,-0.108262,0,1,3.057499,0.030000,0.000110,0.125702,1,4,9,12,4
38,3.011529,0.054348,player,4,2,4.076550,2.000000,727.786600,534.418600,726.348500,534.937600,1.528890,723.719200,535.980100,728.977700,533.895000,723.719200,520.955000,728.977700,522.770000,1.511596,0.383656,-4.493549,1.606543,0.284071,-4.440309,1.585037,-4.453677,54.739490,0.845681,-0.108263,0,1,3.057499,0.030000,0.000000,0.125703,5,8,4,10,4
39,3.074701,0.060255,father,4,9,4.000000,8.899378,432.877700,390.200300,432.273600,390.131900,0.608019,431.693000,389.398000,432.854200,390.865800,431.693000,378.060600,432.854200,381.713000,-3.761099,0.289494,-0.750661,-3.740132,0.233710,-0.788140,-3.739707,-0.771148,96.020810,0.875770,-0.024782,0,1,3.081422,0.030000,0.000031,0.121238,7,4,5,8,4
39,3.074701,0.060255,mother,8,8,8.000000,8.113084,635.219400,322.270100,635.329400,322.347100,0.134343,634.566800,322.802500,636.092000,321.891800,634.566800,311.826100,636.092000,312.714500,-0.098099,0.280276,0.949815,-0.070562,0.234336,0.973069,-0.086317,0.963411,305.262800,0.891348,0.009060,0,1,3.093807,0.030000,0.000136,0.123428,3,8,11,7,4
39,3.074701,0.060255,older_sister,7,4,6.842953,3.999998,760.186500,433.668100,758.306800,434.783500,2.185816,754.338500,437.033300,762.274800,432.533800,754.338500,424.651800,762.274800,421.110400,2.064446,0.316154,-1.967001,2.207740,0.291689,-1.852109,2.170035,-1.881072,234.739600,0.946303,0.183331,0,1,3.137499,0.030000,0.000110,0.125702,1,4,9,12,4
39,3.074701,0.060255,player,4,2,4.157049,2.000000,731.189700,532.716700,733.069300,531.601000,2.185805,737.037000,529.350800,729.101700,533.851200,737.037000,516.969300,729.101700,522.427800,1.752056,0.316155,-4.324274,1.608781,0.291690,-4.439189,1.646481,-4.410220,54.730250,0.946303,0.183331,0,1,3.137499,0.030000,0.000356,0.125703,5,8,4,10,4
40,3.137010,0.062749,father,4,9,4.000000,8.818879,436.280800,391.901700,438.988600,392.840700,2.866012,444.700600,394.171400,433.276400,391.510100,444.700600,384.608400,433.276400,382.199500,-3.526238,0.244185,-0.872547,-3.732508,0.237741,-0.804594,-3.678264,-0.814594,118.641100,0.976393,0.213602,0,1,3.161422,0.030000,0.000068,0.121238,7,4,5,8,4
40,3.137010,0.062749,mother,8,8,8.000000,8.193583,631.816300,320.568300,628.925500,319.257400,3.174075,622.734100,317.112200,635.116900,321.402700,622.734100,307.474300,635.116900,312.056900,-0.311746,0.246097,1.095114,-0.088166,0.238641,0.985558,-0.147761,1.006863,305.267400,0.991971,0.245802,0,1,3.173807,0.030000,0.000382,0.123428,3,8,11,7,4
40,3.137010,0.062749,older_sister,7,4,6.762455,3.999998,756.783400,435.369500,754.165000,436.785800,2.976887,746.507900,440.905200,761.822300,432.666300,746.507900,429.591400,761.822300,420.860200,1.923058,0.288891,-2.065868,2.199569,0.301463,-1.855493,2.108590,-1.924518,234.737200,0.046926,0.347230,0,0,3.217499,0.030000,0.000193,0.125702,1,4,9,12,4
40,3.137010,0.062749,player,4,2,4.237547,2.000000,734.592800,531.015400,737.211300,529.599200,2.976882,744.868800,525.480000,729.553800,533.718500,744.868800,514.166200,729.553800,521.912300,1.893464,0.288891,-4.225436,1.616944,0.301463,-4.435800,1.707926,-4.366778,54.739490,0.046926,0.347230,0,0,3.217499,0.030000,0.000136,0.125703,5,8,4,10,4
41,3.209805,0.073079,father,4,9,3.999999,8.738381,439.683800,393.603000,441.166900,394.418600,1.692569,447.775500,396.874300,434.558400,391.963000,447.775500,387.911500,434.558400,382.302900,-3.470721,0.228860,-0.941565,-3.709363,0.246664,-0.816158,-3.616820,-0.858035,125.260600,0.077016,0.267257,0,0,3.241422,0.030000,0.000301,0.121238,7,4,5,8,4
41,3.209805,0.073079,mother,8,8,8.000000,8.274081,628.413100,318.867000,627.271400,318.180500,1.332302,620.653400,315.706300,633.889300,320.654600,620.653400,306.819900,633.889300,310.892100,-0.349313,0.226909,1.131011,-0.110332,0.249280,1.004660,-0.209207,1.050305,305.260200,0.092594,0.268078,0,0,3.253807,0.030000,0.000110,0.123428,3,8,11,7,4
41,3.209805,0.073079,older_sister,7,4,6.681956,3.999998,753.380400,437.071300,753.346200,436.880200,0.194104,745.806000,440.940200,760.886300,432.820300,745.806000,430.030000,760.886300,420.208200,1.910386,0.278585,-2.066762,2.182669,0.322042,-1.859423,2.047145,-1.967971,234.732400,0.147549,0.342026,0,0,3.297499,0.030000,0.000031,0.125702,1,4,9,12,4
41,3.209805,0.073079,player,4,2,4.318046,2.000000,737.995900,529.313900,738.030100,529.504900,0.194074,745.570700,525.445400,730.489500,533.564500,745.570700,514.535200,730.489500,520.952500,1.906137,0.278585,-4.224552,1.633839,0.322042,-4.431870,1.769371,-4.323332,54.736760,0.147549,0.342026,0,0,3.297499,0.030000,0.000061,0.125703,5,8,4,10,4
42,3.284816,0.075854,father,4,9,3.999999,8.657883,443.086900,395.304800,442.214000,395.085800,0.899968,448.532300,397.322600,435.895600,392.849100,448.532300,388.537400,435.895600,382.284400,-3.457055,0.224325,-0.953012,-3.685218,0.269763,-0.838783,-3.555375,-0.901489,125.267900,0.177639,0.252242,1,0,3.321422,0.030000,0.000110,0.124643,7,4,5,8,4
42,3.284816,0.075854,mother,8,8,8.000000,8.354580,625.010100,317.165600,626.235400,317.542500,1.282004,620.064800,315.408800,632.406100,319.676200,620.064800,306.610900,632.406100,308.931900,-0.359941,0.224649,1.138610,-0.137113,0.274349,1.029643,-0.270652,1.093750,305.262800,0.193216,0.244852,1,0,3.333807,0.030000,0.000031,0.124952,3,8,11,7,4
42,3.284816,0.075854,older_sister,7,4,6.601458,3.999998,749.977300,438.772700,752.250600,437.266700,2.726943,746.641600,440.539900,757.859600,433.993300,746.641600,429.533300,757.859600,419.787800,1.925474,0.281049,-2.056542,2.128020,0.362730,-1.889378,1.985701,-2.011416,234.737200,0.248172,0.261890,1,0,3.377499,0.030000,0.000061,0.131012,1,4,9,12,4
42,3.284816,0.075854,player,4,2,4.398544,2.000000,741.399000,527.612200,739.125900,529.118300,2.726841,744.734400,525.844700,733.517200,532.392000,744.734400,514.838100,733.517200,518.186400,1.891038,0.281049,-4.234749,1.688506,0.362730,-4.401929,1.830815,-4.279879,54.732370,0.248172,0.261889,1,0,3.377499,0.030000,0.000220,0.131012,5,8,4,10,4
43,3.404190,0.119976,father,4,9,3.999999,8.577385,446.490000,397.006300,444.401400,396.181100,2.245705,449.054500,397.525400,439.748200,394.836800,449.054500,388.662000,439.748200,382.588400,-3.447627,0.226322,-0.958190,-3.615657,0.312755,-0.889539,-3.493931,-0.944934,125.263100,0.278262,0.176833,1,0,3.401422,0.030000,0.000136,0.124643,7,4,5,8,4
43,3.404190,0.119976,mother,8,8,8.000000,8.435078,621.607000,315.463800,623.646200,316.300700,2.204222,619.400100,315.136300,627.892200,317.465000,619.400100,306.265200,627.892200,304.992400,-0.371942,0.226519,1.145567,-0.218613,0.318482,1.086105,-0.332096,1.137204,305.267900,0.293839,0.159521,1,0,3.413807,0.030000,0.000193,0.124952,3,8,11,7,4
43,3.404190,0.119976,older_sister,7,4,6.520959,3.999998,746.574200,440.474500,748.429600,439.388500,2.149920,746.258300,440.776900,750.601100,438.000000,746.258300,429.642100,750.601100,422.524400,1.918553,0.284322,-2.062592,1.996963,0.395161,-1.991686,1.924256,-2.054870,234.732100,0.348795,0.104960,1,0,3.457499,0.030000,0.000086,0.131012,1,4,9,12,4
43,3.404190,0.119976,player,4,2,4.479043,2.000000,744.802100,525.910700,742.946500,526.996600,2.150017,745.118000,525.608300,740.774900,528.384900,745.118000,514.473400,740.774900,512.909200,1.897964,0.284322,-4.228712,1.819548,0.395161,-4.299610,1.892260,-4.236434,54.737060,0.348795,0.104960,1,0,3.457499,0.030000,0.000136,0.131012,5,8,4,10,4
44,3.475901,0.072365,father,4,8,3.999999,8.496886,449.893100,398.708000,448.844200,398.178700,1.174803,450.355700,398.090000,447.332800,398.267400,450.355700,389.131200,447.332800,386.153500,-3.424134,0.228760,-0.972607,-3.478713,0.309322,-0.977137,-3.432486,-0.988387,125.267000,0.378884,0.041948,1,0,3.481422,0.030000,0.000000,0.124643,7,4,5,8,4
44,3.475901,0.072365,mother,8,9,8.000000,8.515576,618.203900,313.762400,618.928100,314.145600,0.819391,618.042800,314.538300,619.813400,313.752900,618.042800,305.574800,619.813400,302.058500,-0.396449,0.228879,1.160836,-0.364480,0.298609,1.180892,-0.393542,1.180649,305.262500,0.394462,0.014524,1,0,3.493807,0.030000,0.000136,0.124952,3,8,11,7,4
44,3.475901,0.072365,older_sister,6,4,6.440461,3.999998,743.171100,442.175800,742.319800,442.534000,0.923569,745.581400,441.175400,739.058100,443.892600,745.581400,429.868000,739.058100,431.426700,1.906331,0.288729,-2.072768,1.788549,0.318309,-2.142149,1.862811,-2.098311,234.739400,0.449417,-0.136226,1,0,3.537499,0.030000,0.000136,0.131012,1,4,9,12,4
44,3.475901,0.072365,player,5,2,4.559541,2.000000,748.205200,524.209000,749.056500,523.850600,0.923604,745.795000,525.209500,752.317900,522.491800,745.795000,513.902100,752.317900,510.025900,1.910188,0.288729,-4.218530,2.027962,0.318309,-4.149134,1.953705,-4.192980,54.732370,0.449417,-0.136227,1,0,3.537499,0.030000,0.000273,0.131012,5,8,4,10,4
45,3.550890,0.075509,father,4,8,3.999999,8.416388,453.296200,400.409500,454.586500,401.056300,1.443373,451.739000,398.738800,457.434000,403.373800,451.739000,389.766400,457.434000,393.743600,-3.399157,0.229106,-0.989174,-3.296330,0.245902,-1.107525,-3.371041,-1.031833,125.263600,0.479507,-0.152287,1,0,3.561422,0.030000,0.000068,0.124643,7,4,5,8,4
45,3.550890,0.075509,mother,8,9,8.000000,8.596075,614.800800,312.060600,613.239000,311.249600,1.759800,616.701600,313.906000,609.776400,308.593200,616.701600,304.938400,609.776400,299.073800,-0.420666,0.228983,1.176982,-0.545705,0.243072,1.312641,-0.454986,1.224103,305.268200,0.495085,-0.180420,1,0,3.573807,0.030000,0.000301,0.124952,3,8,11,7,4
45,3.550890,0.075509,older_sister,6,4,6.359962,3.999998,739.768000,443.877200,736.982500,445.013500,3.008314,745.355800,441.304800,728.609500,448.722200,745.355800,429.829400,728.609500,437.397600,1.902257,0.293017,-2.076072,1.599892,0.289167,-2.265471,1.801366,-2.141757,234.737200,0.550040,-0.356230,0,0,3.617499,0.030000,0.000193,0.131012,1,4,9,12,4
45,3.550890,0.075509,player,5,2,4.640039,2.000000,751.608300,522.507700,754.393800,521.371500,3.008348,746.020400,525.079900,762.767100,517.663000,746.020400,513.604600,762.767100,506.338300,1.914256,0.293017,-4.215220,2.216628,0.289168,-4.025833,2.015149,-4.149539,54.739440,0.550040,-0.356230,0,0,3.617499,0.030000,0.000061,0.131012,5,8,4,10,4
46,3.619556,0.058169,father,4,8,3.999999,8.335889,456.699200,402.111200,458.382400,403.003300,1.904946,452.623000,399.175900,464.141900,406.830600,452.623000,390.046000,464.141900,397.707900,-3.383197,0.233128,-1.000336,-3.175216,0.232941,-1.195792,-3.309597,-1.075286,125.267100,0.580130,-0.282664,0,0,3.641422,0.030000,0.000136,0.124643,7,4,5,8,4
46,3.619556,0.058169,mother,8,9,8.000000,8.676574,611.397700,310.359300,610.142400,309.745700,1.397258,615.935200,313.531200,604.349600,305.960100,615.935200,304.320600,604.349600,296.980000,-0.434504,0.235188,1.186551,-0.643688,0.229303,1.379875,-0.516430,1.267544,305.260500,0.595707,-0.282411,0,0,3.653807,0.030000,0.000110,0.124952,3,8,11,7,4
46,3.619556,0.058169,older_sister,6,4,6.279464,3.999998,736.364900,445.579000,736.586200,445.608400,0.223317,745.587300,441.407500,727.585200,449.809200,745.587300,429.107700,727.585200,438.965100,1.906438,0.314068,-2.078694,1.581399,0.276897,-2.293227,1.739922,-2.185210,234.732000,0.650663,-0.389253,0,1,3.697499,0.030000,0.000031,0.131012,1,4,9,12,4
46,3.619556,0.058169,player,5,2,4.720538,2.000000,755.011400,520.806200,754.790000,520.776900,0.223252,745.788500,524.977100,763.791600,516.576500,745.788500,512.677400,763.791600,505.732500,1.910069,0.314068,-4.212595,2.235126,0.276897,-3.998091,2.076594,-4.106093,54.737110,0.650663,-0.389253,0,1,3.697499,0.030000,0.000000,0.131012,5,8,4,10,4
47,3.677475,0.068979,father,4,8,3.999999,8.255391,460.102400,403.812500,459.414100,403.277900,0.871523,453.639200,399.489700,465.188900,407.066100,453.639200,389.442800,465.188900,398.231100,-3.364847,0.256541,-1.008347,-3.156311,0.225597,-1.201807,-3.248152,-1.118727,125.260500,0.680753,-0.281961,0,1,3.721422,0.030000,0.000097,0.124643,7,4,5,8,4
47,3.677475,0.068979,mother,8,9,8.000000,8.757071,607.994600,308.657800,609.027700,309.387400,1.264698,614.629800,313.109400,603.425600,305.665300,614.629800,302.879900,603.425600,296.822700,-0.458073,0.261202,1.197323,-0.660371,0.225793,1.387402,-0.577875,1.310990,305.262800,0.696330,-0.274917,0,1,3.733807,0.030000,0.000031,0.124952,3,8,11,7,4
47,3.677475,0.068979,older_sister,6,4,6.198966,3.999998,732.961800,447.280400,735.609500,446.413400,2.786044,742.684400,443.378600,728.534500,449.448200,742.684400,429.440800,728.534500,438.583200,1.854024,0.355894,-2.129025,1.598540,0.277431,-2.284009,1.678477,-2.228656,234.737200,0.751286,-0.298083,0,1,3.777499,0.030000,0.000136,0.131012,1,4,9,12,4
47,3.677475,0.068979,player,5,2,4.801036,2.000000,758.414400,519.104500,755.766900,519.971600,2.785908,748.692300,523.006800,762.841500,516.936500,748.692300,509.069000,762.841500,506.071400,1.962500,0.355894,-4.162284,2.217971,0.277432,-4.007280,2.138039,-4.062640,54.732670,0.751286,-0.298082,0,1,3.777499,0.030000,0.000136,0.131012,5,8,4,10,4
48,3.734303,0.058192,father,4,8,3.999999,8.174892,463.505400,405.513900,461.779700,404.411800,2.047646,458.164300,401.600300,465.395100,407.223200,458.164300,390.006200,465.395100,398.278900,-3.283144,0.296050,-1.062242,-3.152588,0.228388,-1.205818,-3.186707,-1.162173,125.262800,0.781375,-0.189491,0,1,3.801422,0.030000,0.000164,0.111714,7,4,5,8,4
48,3.734303,0.058192,mother,8,9,8.000000,8.837570,604.591600,306.956100,606.252000,307.990200,1.956069,609.385400,310.533700,603.118400,305.446700,609.385400,298.729100,603.118400,296.474800,-0.552762,0.301423,1.263093,-0.665917,0.229091,1.392985,-0.639319,1.354444,305.268200,0.796953,-0.167387,0,1,3.813807,0.030000,0.000220,0.113620,3,8,11,7,4
48,3.734303,0.058192,older_sister,6,4,6.118467,3.999998,729.558700,448.982200,730.826100,448.537700,1.343089,733.099100,447.666100,728.553200,449.409200,733.099100,432.750200,728.553200,438.261800,1.680956,0.380870,-2.238504,1.598876,0.284642,-2.283013,1.617032,-2.272109,234.732500,0.851908,-0.092714,0,1,3.857499,0.030000,0.000061,0.132593,1,4,9,12,4
48,3.734303,0.058192,player,5,2,4.881535,2.000000,761.817600,517.403000,760.550000,517.847500,1.343184,758.277000,518.718900,762.823100,516.976100,758.277000,503.802900,762.823100,505.828600,2.135557,0.380870,-4.052795,2.217640,0.284642,-4.008292,2.199483,-4.019195,54.737010,0.851908,-0.092714,0,1,3.857499,0.030000,0.000086,0.132594,5,8,4,10,4
49,3.836278,0.102055,father,4,8,3.999999,8.094394,466.908500,407.215700,466.572500,407.022700,0.387496,466.872700,406.333800,466.272400,407.711600,466.872700,395.134500,466.272400,398.548700,-3.125910,0.285968,-1.183107,-3.136748,0.233970,-1.218289,-3.125262,-1.205626,125.267900,0.881999,-0.011465,0,1,3.881422,0.030000,0.000000,0.111714,7,4,5,8,4
49,3.836278,0.102055,mother,8,9,8.000000,8.918069,601.188400,305.254700,601.140600,305.252300,0.047847,600.062000,305.548900,602.219300,304.955800,600.062000,294.727000,602.219300,295.769600,-0.721104,0.276331,1.390376,-0.682152,0.234564,1.405520,-0.700764,1.397889,305.262500,0.897576,0.023062,0,1,3.893806,0.030000,0.000110,0.113620,3,8,11,7,4
49,3.836278,0.102055,older_sister,6,4,6.037969,3.999998,726.155600,450.683500,724.022900,451.941500,2.476054,719.610100,454.431900,728.435700,449.451000,719.610100,442.184300,728.435700,438.008500,1.437405,0.312735,-2.411264,1.596756,0.292179,-2.284081,1.555588,-2.315551,234.739400,0.952531,0.203538,0,1,3.937499,0.030000,0.000136,0.132593,1,4,9,12,4
49,3.836278,0.102055,player,5,2,4.962033,2.000000,765.220600,515.701200,767.353000,514.443100,2.475900,771.765400,511.952200,762.940700,516.933900,771.765400,499.704700,762.940700,505.491300,2.379098,0.312735,-3.880012,2.219764,0.292180,-4.007216,2.260928,-3.975741,54.732070,0.952531,0.203538,0,1,3.937499,0.030000,0.000273,0.132594,5,8,4,10,4
50,3.891688,0.056186,father,4,8,3.999999,8.013895,470.311600,408.917200,473.002000,410.139500,2.955036,478.765000,412.074400,467.239100,408.204500,478.765000,402.498200,467.239100,398.880400,-2.911188,0.244524,-1.329691,-3.119295,0.238087,-1.230876,-3.063818,-1.249072,125.262900,0.982621,0.226971,0,1,3.961421,0.030000,0.000043,0.111714,7,4,5,8,4
50,3.891688,0.056186,mother,8,9,8.000000,8.998568,597.785300,303.552900,594.785100,302.192400,3.294316,588.330100,299.916000,601.240100,304.468700,588.330100,290.227600,601.240100,295.107200,-0.932929,0.247388,1.534207,-0.699831,0.239041,1.417958,-0.762209,1.441343,305.267900,0.998199,0.257438,0,1,3.973806,0.030000,0.000329,0.113620,3,8,11,7,4
50,3.891688,0.056186,older_sister,6,4,5.957470,3.999998,722.752600,452.384900,720.265800,453.706500,2.816097,712.578700,457.829300,727.952800,449.583600,712.578700,446.579000,727.952800,437.746600,1.310450,0.287268,-2.498015,1.588037,0.302251,-2.287467,1.494143,-2.358996,234.737200,0.053154,0.348208,0,0,4.017498,0.030000,0.000220,0.132593,1,4,9,12,4
50,3.891688,0.056186,player,5,2,5.042532,2.000000,768.623700,513.999900,771.110500,512.678500,2.816094,778.797700,508.555900,763.423300,516.801100,778.797700,497.305600,763.423300,504.964100,2.506071,0.287269,-3.793288,2.228477,0.302252,-4.003825,2.322373,-3.932299,54.739490,0.053154,0.348208,0,0,4.017498,0.030000,0.000086,0.132594,5,8,4,10,4
51,3.947851,0.056744,father,4,8,3.999999,7.933397,473.714700,410.618500,475.062700,411.383600,1.550020,481.676600,413.847800,468.448900,408.919500,481.676600,404.918500,468.448900,399.220000,-2.858618,0.228004,-1.374972,-3.097450,0.247671,-1.249132,-3.002373,-1.292513,125.260400,0.083244,0.267662,0,0,4.041421,0.030000,0.000273,0.111714,7,4,5,8,4
51,3.947851,0.056744,mother,8,9,8.000000,9.079065,594.382300,301.851600,593.381200,301.218900,1.184202,586.764000,298.739400,599.998400,303.698500,586.764000,289.878300,599.998400,293.893200,-0.961204,0.226262,1.564253,-0.722251,0.250373,1.437624,-0.823654,1.484784,305.260500,0.098822,0.268216,0,0,4.053806,0.030000,0.000110,0.113620,3,8,11,7,4
51,3.947851,0.056744,older_sister,6,4,5.876972,3.999998,719.349400,454.086700,719.496400,453.792400,0.328941,712.028700,457.833400,726.964100,449.751500,712.028700,446.920600,726.964100,437.067000,1.300518,0.278651,-2.498120,1.570184,0.323889,-2.291752,1.432698,-2.402450,234.732000,0.153777,0.339329,1,0,4.097498,0.030000,0.000061,0.132593,1,4,9,12,4
51,3.947851,0.056744,player,5,2,5.123030,2.000000,772.026900,512.298500,771.879900,512.592800,0.328914,779.348100,508.552300,764.411700,516.633200,779.348100,497.639500,764.411700,503.948800,2.516007,0.278651,-3.793196,2.246322,0.323889,-3.999539,2.383818,-3.888854,54.737260,0.153777,0.339329,1,0,4.097498,0.030000,0.000061,0.132594,5,8,4,10,4
52,4.002349,0.055552,father,4,8,3.999999,7.852899,477.117800,412.320200,476.100500,412.036900,1.056050,482.364200,414.234100,469.836800,409.839600,482.364200,405.444900,469.836800,399.205600,-2.846202,0.224427,-1.384838,-3.072392,0.271531,-1.272625,-2.940928,-1.335967,125.267900,0.183867,0.249467,1,0,4.121421,0.030000,0.000110,0.111714,7,4,5,8,4
52,4.002349,0.055552,mother,8,9,8.000000,9.159564,590.979100,300.150100,592.339500,300.587300,1.428861,586.237500,298.498900,598.441500,302.675600,586.237500,289.693500,598.441500,291.860000,-0.970711,0.224840,1.570392,-0.750362,0.276170,1.463744,-0.885099,1.528230,305.262500,0.199444,0.241489,1,0,4.133806,0.030000,0.000000,0.113620,3,8,11,7,4
52,4.002349,0.055552,older_sister,6,4,5.796473,3.999998,715.946400,455.788200,718.192700,454.279000,2.706280,712.779500,457.463800,723.606000,451.094200,712.779500,446.454900,723.606000,436.739600,1.314073,0.281106,-2.488682,1.509553,0.366536,-2.326037,1.371253,-2.445895,234.737100,0.254400,0.253511,1,0,4.177498,0.030000,0.000110,0.132593,1,4,9,12,4
52,4.002349,0.055552,player,5,2,5.203529,2.000000,775.429900,510.596700,773.183700,512.106000,2.706179,778.596700,508.920900,767.770900,515.291200,778.596700,497.912000,767.770900,500.936600,2.502439,0.281106,-3.802608,2.306973,0.366537,-3.965270,2.445262,-3.845400,54.732070,0.254400,0.253511,1,0,4.177498,0.030000,0.000164,0.132594,5,8,4,10,4
53,4.054685,0.052889,father,4,8,3.999999,7.772400,480.520900,414.021700,478.447100,413.190900,2.234040,482.941100,414.463400,473.953100,411.918300,482.941100,405.598000,473.953100,399.573800,-2.835786,0.226374,-1.390693,-2.998070,0.315210,-1.325705,-2.879484,-1.379413,125.262800,0.284490,0.170026,1,0,4.201421,0.030000,0.000178,0.111714,7,4,5,8,4
53,4.054685,0.052889,mother,8,9,8.000000,9.240062,587.576000,298.448400,589.583800,299.287600,2.176057,585.509600,298.196600,593.658000,300.378500,585.509600,289.320500,593.658000,287.829900,-0.983853,0.226647,1.578111,-0.836731,0.320420,1.522399,-0.946543,1.571682,305.267300,0.300067,0.152288,1,0,4.213806,0.030000,0.000136,0.113620,3,8,11,7,4
53,4.054685,0.052889,older_sister,6,4,5.715975,3.999998,712.543300,457.489900,714.314500,456.463500,2.047103,712.400300,457.710100,716.228600,455.216900,712.400300,446.562500,716.228600,439.805700,1.307227,0.284648,-2.494971,1.376349,0.393515,-2.431308,1.309809,-2.489348,234.732600,0.355022,0.093194,1,0,4.257498,0.030000,0.000061,0.132593,1,4,9,12,4
53,4.054685,0.052889,player,5,2,5.284027,2.000000,778.833000,508.895300,777.061800,509.921600,2.047079,778.976000,508.675100,775.147500,511.168100,778.976000,497.527400,775.147500,495.756900,2.509289,0.284649,-3.796332,2.440162,0.393516,-3.859989,2.506707,-3.801955,54.737160,0.355022,0.093194,1,0,4.257498,0.030000,0.000110,0.132594,5,8,4,10,4
54,4.106685,0.052413,father,4,8,3.999999,7.691902,483.924000,415.723400,483.000500,415.249200,1.038117,484.266900,415.042300,481.734000,415.456100,484.266900,406.080600,481.734000,403.500200,-2.811847,0.228833,-1.405474,-2.857579,0.305289,-1.416041,-2.818039,-1.422866,125.267400,0.385112,0.031238,1,0,4.281421,0.030000,0.000000,0.128806,7,4,5,8,4
54,4.106685,0.052413,mother,8,9,8.000000,9.320560,584.173000,296.746900,584.756900,297.064200,0.664546,584.133100,297.586200,585.380700,296.542300,584.133100,288.622300,585.380700,285.031300,-1.008708,0.228889,1.593699,-0.986183,0.293927,1.620354,-1.007988,1.615128,305.262900,0.400690,0.003004,1,0,4.293806,0.030000,0.000110,0.128867,3,8,11,7,4
54,4.106685,0.052413,older_sister,6,4,5.635476,3.999998,709.140100,459.191300,708.097000,459.639800,1.135396,711.731900,458.103500,704.462200,461.176000,711.731900,446.786700,704.462200,448.872500,1.295159,0.288970,-2.505018,1.163901,0.314163,-2.583470,1.248364,-2.532794,234.737100,0.455645,-0.152467,1,0,4.337498,0.030000,0.000061,0.138540,1,4,9,12,4
54,4.106685,0.052413,player,5,2,5.364526,2.000000,782.236100,507.193500,783.279100,506.745100,1.135364,779.644500,508.281500,786.913800,505.208600,779.644500,496.964600,786.913800,492.905100,2.521359,0.288970,-3.786282,2.652611,0.314163,-3.707818,2.568152,-3.758502,54.732520,0.455645,-0.152467,1,0,4.337498,0.030000,0.000273,0.138541,5,8,4,10,4
55,4.204032,0.097638,father,4,8,3.999999,7.611403,487.327100,417.424900,488.730300,418.138800,1.574417,485.633200,415.684600,491.827400,420.593000,485.633200,406.714100,491.827400,411.014100,-2.787178,0.229058,-1.421875,-2.675339,0.244592,-1.547208,-2.756594,-1.466312,125.263400,0.485735,-0.163677,1,0,4.361421,0.030000,0.000097,0.128806,7,4,5,8,4
55,4.204032,0.097638,mother,8,9,8.000000,9.401059,580.769900,295.045200,579.113200,294.175900,1.870867,582.811400,296.961900,575.415000,291.390000,582.811400,287.994600,575.415000,281.906700,-1.032571,0.228974,1.609641,-1.166118,0.242151,1.751914,-1.069433,1.658581,305.267900,0.501313,-0.191184,1,0,4.373806,0.030000,0.000301,0.128867,3,8,11,7,4
55,4.204032,0.097638,older_sister,6,4,5.554978,3.999998,705.737100,460.892600,702.976000,462.016100,2.980925,711.546100,458.209400,694.405800,465.822900,711.546100,446.705900,694.405800,454.543600,1.291805,0.293734,-2.507720,0.982327,0.288010,-2.702126,1.186919,-2.576236,234.739100,0.556268,-0.364930,0,0,4.417498,0.030000,0.000273,0.138540,1,4,9,12,4
55,4.204032,0.097638,player,5,2,5.445024,2.000000,785.639200,505.492200,788.400300,504.368800,2.980970,779.830100,508.175500,796.970500,500.562100,779.830100,496.672000,796.970500,489.282800,2.524710,0.293735,-3.783575,2.834190,0.288010,-3.589171,2.629596,-3.715060,54.739490,0.556268,-0.364930,0,0,4.417498,0.030000,0.000061,0.138541,5,8,4,10,4
56,4.256035,0.053003,father,4,8,3.999999,7.530905,490.730200,419.126600,492.234700,419.902400,1.692794,486.465500,416.095600,498.004000,423.709200,486.465500,406.936500,498.004000,414.652600,-2.772151,0.233871,-1.432369,-2.563817,0.231256,-1.626777,-2.695150,-1.509765,125.267500,0.586358,-0.282348,0,0,4.441421,0.030000,0.000097,0.128806,7,4,5,8,4
56,4.256035,0.053003,mother,8,9,8.000000,9.481558,577.366800,293.343900,576.244800,292.814500,1.240696,582.074500,296.606000,570.415000,289.022900,582.074500,287.355200,570.415000,280.064500,-1.045879,0.236212,1.618728,-1.256395,0.228746,1.812357,-1.130877,1.702023,305.260800,0.601935,-0.283675,0,0,4.453806,0.030000,0.000086,0.128867,3,8,11,7,4
56,4.256035,0.053003,older_sister,5,4,5.474479,3.999998,702.334000,462.594400,702.775900,462.540300,0.445191,711.752000,458.358400,693.799700,466.722300,711.752000,445.978900,693.799700,455.889200,1.295522,0.316104,-2.511525,0.971385,0.276615,-2.725091,1.125475,-2.619689,234.732500,0.656891,-0.387959,0,1,4.497498,0.030000,0.000061,0.138540,1,4,9,12,4
56,4.256035,0.053003,player,6,2,5.525523,2.000000,789.042300,503.790600,788.600400,503.844700,0.445191,779.624000,508.026400,797.576800,499.663100,779.624000,495.646900,797.576800,488.830000,2.520989,0.316104,-3.779768,2.845135,0.276615,-3.566215,2.691041,-3.671611,54.734890,0.656891,-0.387959,0,1,4.497498,0.030000,0.000110,0.138541,5,8,4,10,4
57,4.307044,0.051816,father,4,7,3.999999,7.450406,494.133300,420.827900,493.305400,420.212100,1.031862,487.589100,416.445100,499.021500,423.979100,487.589100,406.323100,499.021500,415.143000,-2.751863,0.258459,-1.441293,-2.545444,0.225624,-1.633669,-2.633705,-1.553206,125.260400,0.686981,-0.279606,0,1,4.521421,0.030000,0.000110,0.128806,7,4,5,8,4
57,4.307044,0.051816,mother,8,10,8.000000,9.562056,573.963700,291.642400,575.134700,292.443900,1.419036,580.645100,296.129100,569.624200,288.758800,580.645100,285.835000,569.624200,279.907400,-1.071685,0.262852,1.630906,-1.270674,0.226013,1.819102,-1.192322,1.745468,305.262500,0.702559,-0.271128,0,1,4.533806,0.030000,0.000031,0.128867,3,8,11,7,4
57,4.307044,0.051816,older_sister,5,4,5.393981,3.999998,698.931000,464.295800,701.591700,463.442900,2.794084,708.440300,460.538600,694.743000,466.347100,708.440300,446.467000,694.743000,455.471700,1.235729,0.359310,-2.567195,0.988415,0.277698,-2.715513,1.064031,-2.663134,234.736500,0.757514,-0.287563,0,1,4.577498,0.030000,0.000136,0.138540,1,4,9,12,4
57,4.307044,0.051816,player,6,2,5.606021,2.000000,792.445400,502.089100,789.784700,502.942100,2.794103,782.936200,505.846600,796.633200,500.037600,782.936200,491.775000,796.633200,489.162200,2.580792,0.359310,-3.724107,2.828100,0.277699,-3.575780,2.752486,-3.628161,54.734340,0.757514,-0.287563,0,1,4.577498,0.030000,0.000136,0.138541,5,8,4,10,4
58,4.360002,0.053491,father,4,7,3.999999,7.369908,497.536300,422.529400,495.831400,421.449900,2.017909,492.405500,418.742300,499.257400,424.157500,492.405500,407.061900,499.257400,415.203000,-2.664901,0.298254,-1.499952,-2.541187,0.228648,-1.638226,-2.572260,-1.596652,125.262800,0.787603,-0.180844,0,1,4.601421,0.030000,0.000232,0.128806,7,4,5,8,4
58,4.360002,0.053491,mother,8,10,8.000000,9.642554,570.560600,289.940700,572.181900,290.937200,1.903100,575.114000,293.365400,569.249900,288.509100,575.114000,281.487500,569.249900,279.524400,-1.171553,0.303295,1.701474,-1.277433,0.229419,1.825477,-1.253767,1.788922,305.267900,0.803181,-0.158046,0,1,4.613806,0.030000,0.000136,0.128867,3,8,11,7,4
58,4.360002,0.053491,older_sister,5,4,5.313482,3.999998,695.527800,465.997600,696.623800,465.627300,1.156796,698.533000,464.929700,694.714500,466.325000,698.533000,450.130700,694.714500,455.156000,1.056846,0.377885,-2.679320,0.987901,0.285194,-2.714946,1.002585,-2.706588,234.732800,0.858136,-0.076861,0,1,4.657498,0.030000,0.000031,0.138540,1,4,9,12,4
58,4.360002,0.053491,player,6,2,5.686520,2.000000,795.848400,500.387600,794.752500,500.757800,1.156777,792.843100,501.455300,796.661700,500.060300,792.843100,486.656200,796.661700,488.891300,2.759668,0.377885,-3.611979,2.828615,0.285194,-3.576358,2.813931,-3.584715,54.737110,0.858136,-0.076861,0,1,4.657498,0.030000,0.000086,0.138541,5,8,4,10,4
59,4.410668,0.051136,father,4,7,3.999999,7.318098,499.726600,423.624600,498.749400,423.084700,1.116395,497.679900,421.696400,499.818900,424.473100,497.679900,409.906300,499.818900,415.364800,-2.569669,0.301052,-1.575381,-2.531048,0.232575,-1.646286,-2.532714,-1.624617,125.266600,0.852365,-0.072473,0,1,4.652909,0.001488,0.000136,0.128806,7,4,5,8,4
59,4.410668,0.051136,mother,8,10,8.000000,9.694364,568.370400,288.845800,569.022300,289.206000,0.744837,569.388700,290.233900,568.655900,288.178200,569.388700,278.728400,568.655900,279.038700,-1.274925,0.293785,1.781436,-1.288158,0.233371,1.833926,-1.293313,1.816879,305.258700,0.867942,-0.041106,0,1,4.665294,0.001488,0.000031,0.128867,3,8,11,7,4
59,4.410668,0.051136,older_sister,5,4,5.261673,3.999998,693.337500,467.092500,692.409100,467.676200,1.096640,690.113900,469.031700,694.704300,466.320600,690.113900,456.042500,694.704300,454.961800,0.904834,0.331674,-2.784063,0.987718,0.290041,-2.714836,0.963039,-2.734545,234.741300,0.922898,0.107642,0,1,4.708986,0.001488,0.000164,0.138540,1,4,9,12,4
59,4.410668,0.051136,player,6,2,5.738329,2.000000,798.038700,499.292400,798.967000,498.708600,1.096637,801.262100,497.352800,796.672100,500.064400,801.262100,484.363500,796.672100,488.705600,2.911676,0.331674,-3.507225,2.828801,0.290041,-3.576463,2.853477,-3.556750,54.733790,0.922898,0.107642,0,1,4.708986,0.001488,0.000164,0.138541,5,8,4,10,4
60,4.460722,0.050401,father,4,7,3.999998,7.267384,501.870600,424.696700,502.422100,424.946800,0.605609,504.461000,425.128100,500.383200,424.765400,504.461000,414.743300,500.383200,415.553500,-2.447232,0.265171,-1.663010,-2.520858,0.235222,-1.653749,-2.494004,-1.651992,125.266200,0.915758,0.065461,0,0,4.703310,0.000401,0.000068,0.130509,7,4,5,8,4
60,4.460722,0.050401,mother,8,10,8.000000,9.745079,566.226400,287.773700,565.186100,287.293600,1.145739,562.282500,286.693700,568.089700,287.893500,562.282500,276.642000,568.089700,278.659800,-1.403233,0.256666,1.871831,-1.298380,0.235776,1.841196,-1.332024,1.844254,305.266900,0.931336,0.103297,0,0,4.715695,0.000401,0.000000,0.131032,3,8,11,7,4
60,4.460722,0.050401,older_sister,5,4,5.210958,3.999998,691.193600,468.164600,687.901600,470.062200,3.799825,681.197500,473.769800,694.605500,466.354600,681.197500,461.922500,694.605500,454.792100,0.743844,0.302516,-2.905046,0.985933,0.295242,-2.715703,0.924329,-2.761920,234.733200,0.986291,0.306982,0,0,4.759387,0.000401,0.000110,0.142138,1,4,9,12,4
60,4.460722,0.050401,player,6,2,5.789043,2.000000,800.182600,498.220300,803.474700,496.322700,3.799893,810.178800,492.615100,796.770800,500.030200,810.178800,480.767700,796.770800,488.467700,3.072671,0.302516,-3.386249,2.830583,0.295242,-3.575591,2.892187,-3.529376,54.733150,0.986291,0.306982,0,0,4.759387,0.000401,0.000246,0.142138,5,8,4,10,4
61,4.555630,0.094546,father,4,7,3.999998,7.186885,505.273700,426.398100,508.003800,427.649700,3.003332,514.537600,429.975800,501.470000,425.323600,514.537600,420.451100,501.470000,415.910800,-2.265294,0.243206,-1.786792,-2.501236,0.240349,-1.668000,-2.432559,-1.695437,125.262800,0.016381,0.261232,0,1,4.783310,0.030000,0.000205,0.130509,7,4,5,8,4
61,4.555630,0.094546,mother,8,10,8.000000,9.825577,562.823300,286.072000,560.394200,284.931000,2.683735,553.847200,282.576300,566.941100,287.285700,553.847200,273.221000,566.941100,277.825600,-1.555538,0.238882,1.976967,-1.319119,0.241558,1.856715,-1.393468,1.887707,305.267000,0.031959,0.262461,0,1,4.795695,0.030000,0.000193,0.131032,3,8,11,7,4
61,4.555630,0.094546,older_sister,5,4,5.130459,3.999998,687.790500,469.866300,686.056600,470.664600,1.908855,678.255900,474.802500,693.857200,466.526600,678.255900,463.806900,693.857200,454.474200,0.690732,0.280767,-2.931415,0.972422,0.307752,-2.720097,0.862885,-2.805373,234.732200,0.086914,0.352004,0,0,4.839387,0.030000,0.000110,0.142138,1,4,9,12,4
61,4.555630,0.094546,player,6,2,5.869542,2.000000,803.585800,496.518900,805.319800,495.720700,1.908927,813.121000,491.583300,797.518600,499.858200,813.121000,480.587700,797.518600,487.805700,3.125795,0.280767,-3.359903,2.844087,0.307752,-3.571197,2.953631,-3.485930,54.737110,0.086914,0.352004,0,0,4.839387,0.030000,0.000164,0.142138,5,8,4,10,4
62,4.605375,0.051059,father,4,7,3.999998,7.120872,508.064400,427.793400,509.063600,428.425500,1.182328,515.680500,430.905400,502.446700,425.945500,515.680500,422.044600,502.446700,416.139600,-2.244657,0.226255,-1.810530,-2.483601,0.250387,-1.683881,-2.382171,-1.731067,125.264300,0.098898,0.268218,0,0,4.848915,0.015605,0.000178,0.130509,7,4,5,8,4
62,4.605375,0.051059,mother,8,10,8.000000,9.891591,560.032600,284.676600,559.395500,284.185800,0.804242,552.791300,281.697100,565.999800,286.674400,552.791300,272.884000,565.999800,276.755800,-1.574603,0.225038,1.999416,-1.336115,0.253266,1.872325,-1.443856,1.923336,305.264300,0.114475,0.268100,0,0,4.861300,0.015605,0.000220,0.131032,3,8,11,7,4
62,4.605375,0.051059,older_sister,5,4,5.064446,3.999998,684.999800,471.261700,685.587800,470.710800,0.805807,678.332400,474.689000,692.843300,466.732600,678.332400,463.766000,692.843300,453.864000,0.692112,0.278913,-2.928517,0.954116,0.328592,-2.725354,0.812496,-2.841002,234.736500,0.169431,0.331221,1,0,4.904992,0.015605,0.000086,0.142138,1,4,9,12,4
62,4.605375,0.051059,player,6,2,5.935555,2.000000,806.376500,495.123500,805.788500,495.674400,0.805742,813.043900,491.696200,798.532800,499.652600,813.043900,480.773200,798.532800,486.784000,3.124404,0.278913,-3.362787,2.862399,0.328593,-3.565949,3.004020,-3.450301,54.736610,0.169431,0.331221,1,0,4.904992,0.015605,0.000136,0.142138,5,8,4,10,4
63,4.646710,0.048638,father,4,7,3.999998,7.071930,510.133400,428.827900,509.673400,428.795400,0.461136,516.119500,431.129000,503.227300,426.461800,516.119500,422.348900,503.227300,416.091900,-2.236731,0.224194,-1.816237,-2.469507,0.264788,-1.697064,-2.344814,-1.757480,125.261800,0.160074,0.258867,1,0,4.897553,0.048638,0.000273,0.130509,7,4,5,8,4
63,4.646710,0.048638,mother,8,10,8.000000,9.940533,557.963600,283.642200,558.789900,283.840400,0.849773,552.455000,281.591900,565.124900,286.088700,552.455000,272.807800,565.124900,275.545800,-1.580674,0.224299,2.002102,-1.351911,0.269208,1.887279,-1.481213,1.949749,305.261700,0.175652,0.253079,1,0,4.909938,0.048638,0.000061,0.131032,3,8,11,7,4
63,4.646710,0.048638,older_sister,5,4,5.015504,3.999998,682.930800,472.296100,685.051600,470.877300,2.551611,678.973900,474.377200,691.129300,467.377400,678.973900,463.379700,691.129300,453.590500,0.703694,0.280814,-2.920555,0.923168,0.352040,-2.741820,0.775139,-2.867415,234.738200,0.230607,0.282391,1,0,4.953630,0.048638,0.000000,0.142138,1,4,9,12,4
63,4.646710,0.048638,player,6,2,5.984497,2.000000,808.445500,494.089100,806.324700,495.507900,2.551611,812.402500,492.008000,800.246900,499.007800,812.402500,481.010500,800.246900,485.220900,3.112822,0.280814,-3.370748,2.893348,0.352041,-3.549483,3.041377,-3.423888,54.738320,0.230607,0.282391,1,0,4.953630,0.048638,0.000061,0.142138,5,8,4,10,4
64,4.689362,0.043157,father,4,7,3.999998,7.028504,511.969200,429.746200,510.307300,429.169600,1.759138,516.220200,431.145900,504.394300,427.193200,516.220200,422.320500,504.394300,416.174400,-2.234912,0.225352,-1.816669,-2.448436,0.281360,-1.715741,-2.311667,-1.780929,125.276400,0.214357,0.232604,1,0,4.940710,0.043157,0.000068,0.130509,7,4,5,8,4
64,4.689362,0.043157,mother,8,10,8.000000,9.983958,556.127700,282.724200,558.074500,283.458900,2.080814,552.392000,281.596800,563.757100,285.321000,552.392000,272.746800,563.757100,273.972400,-1.581812,0.225979,2.001977,-1.376608,0.289781,1.906882,-1.514361,1.973191,305.267300,0.229934,0.222449,1,0,4.953095,0.043157,0.000164,0.131032,3,8,11,7,4
64,4.689362,0.043157,older_sister,5,4,4.972079,3.999998,681.095000,473.213900,683.300700,471.736700,2.654739,678.857200,474.416900,687.744100,469.056400,678.857200,463.397000,687.744100,454.054100,0.701589,0.281389,-2.921570,0.862047,0.383073,-2.784691,0.741993,-2.890853,234.736000,0.284890,0.210041,1,0,4.996787,0.043157,0.000061,0.142138,1,4,9,12,4
64,4.689362,0.043157,player,6,2,6.027923,2.000000,810.281400,493.171100,808.075800,494.648500,2.654655,812.519000,491.968000,803.632600,497.329000,812.519000,480.948000,803.632600,482.326700,3.114926,0.281389,-3.369726,2.954477,0.383074,-3.506616,3.074525,-3.400447,54.732330,0.284890,0.210041,1,0,4.996787,0.043157,0.000136,0.142138,5,8,4,10,4
65,4.731613,0.042358,father,4,7,3.999998,6.985882,513.771100,430.646900,511.671100,429.834000,2.251810,516.585000,431.298000,506.757400,428.370000,516.585000,422.435800,506.757400,416.302800,-2.228327,0.226291,-1.820553,-2.405770,0.308129,-1.745788,-2.279132,-1.803928,125.256900,0.267634,0.188053,1,0,4.983068,0.042358,0.000136,0.130509,7,4,5,8,4
65,4.731613,0.042358,mother,8,10,8.000000,10.026580,554.325900,281.823200,556.403100,282.653100,2.236924,551.876300,281.365500,560.929900,283.940700,551.876300,272.500600,560.929900,271.615000,-1.591122,0.226360,2.007885,-1.427654,0.314729,1.942127,-1.546894,1.996198,305.267600,0.283212,0.171434,1,0,4.995453,0.042358,0.000246,0.131032,3,8,11,7,4
65,4.731613,0.042358,older_sister,5,4,4.929457,3.999998,679.293100,474.114700,681.263800,472.938800,2.294821,678.675700,474.559400,683.851900,471.318300,678.675700,463.447300,683.851900,455.793400,0.698312,0.283740,-2.925208,0.791772,0.396419,-2.842449,0.709458,-2.913852,234.743100,0.338167,0.124089,1,0,5.039145,0.042358,0.000246,0.142138,1,4,9,12,4
65,4.731613,0.042358,player,6,2,6.070544,2.000000,812.083100,492.270200,810.112500,493.446200,2.294795,812.700400,491.825500,807.524700,495.067000,812.700400,480.713400,807.524700,479.542100,3.118202,0.283740,-3.366087,3.024751,0.396419,-3.448856,3.107056,-3.377444,54.736820,0.338167,0.124089,1,0,5.039145,0.042358,0.000110,0.142138,5,8,4,10,4
66,4.772355,0.040890,father,4,7,3.999999,6.944738,515.510500,431.516800,513.633200,430.693500,2.049892,517.163600,431.542800,510.102800,429.844300,517.163600,422.646300,510.102800,417.145700,-2.217880,0.227167,-1.826805,-2.345366,0.324252,-1.783434,-2.247727,-1.826140,125.271500,0.319064,0.129127,1,0,5.023957,0.040890,0.000086,0.127254,7,4,5,8,4
66,4.772355,0.040890,mother,8,10,8.000000,10.067720,552.586500,280.953600,554.317100,281.738500,1.900259,551.257900,281.105800,557.376200,282.371200,551.257900,272.189700,557.376200,269.649000,-1.602287,0.227668,2.014515,-1.491818,0.324854,1.982205,-1.578300,2.018402,305.261100,0.334642,0.108854,1,0,5.036342,0.040890,0.000164,0.127725,3,8,11,7,4
66,4.772355,0.040890,older_sister,5,4,4.888313,3.999998,677.553700,474.984600,678.622400,474.378700,1.228476,678.340000,474.766500,678.904800,473.990800,678.340000,463.559000,678.904800,459.447600,0.692250,0.286178,-2.930497,0.702447,0.371352,-2.910690,0.678053,-2.936064,234.728500,0.389597,0.019764,1,0,5.080034,0.040889,0.000031,0.135864,1,4,9,12,4
66,4.772355,0.040890,player,6,2,6.111689,2.000000,813.822600,491.400600,812.753800,492.006400,1.228507,813.036200,491.618600,812.471300,492.394200,813.036200,480.411000,812.471300,477.851000,3.124265,0.286178,-3.360803,3.114064,0.371352,-3.380609,3.138463,-3.355238,54.737860,0.389597,0.019764,1,0,5.080034,0.040890,0.000000,0.135864,5,8,4,10,4
67,4.864718,0.085939,father,4,7,3.999999,6.864240,518.913600,433.218100,518.802300,433.129900,0.141982,518.587600,432.187900,519.017000,434.071900,518.587600,423.222500,519.017000,423.157000,-2.192168,0.228926,-1.843277,-2.184415,0.278704,-1.891383,-2.186283,-1.869582,125.260900,0.419687,-0.034102,1,0,5.103957,0.030000,0.000136,0.127254,7,4,5,8,4
67,4.864718,0.085939,mother,8,10,8.000000,10.148220,549.183400,279.252300,548.882000,279.134200,0.323683,549.810700,280.440500,547.953400,277.828000,549.810700,271.473700,547.953400,267.378300,-1.628418,0.228961,2.031504,-1.661953,0.266825,2.098213,-1.639744,2.061845,305.261600,0.435264,-0.065894,1,0,5.116342,0.030000,0.000031,0.127725,3,8,11,7,4
67,4.864718,0.085939,older_sister,5,4,4.807815,3.999998,674.150600,476.686000,672.200300,477.522200,2.122013,677.795200,475.083600,666.605500,479.960700,677.795200,463.727200,666.605500,468.194000,0.682413,0.289979,-2.938594,0.480376,0.300457,-3.063128,0.616608,-2.979510,234.736800,0.490220,-0.236862,1,0,5.160034,0.030000,0.000136,0.135864,1,4,9,12,4
67,4.864718,0.085939,player,6,2,6.192187,2.000000,817.225600,489.698900,819.175900,488.862600,2.121993,813.581200,491.301500,824.770500,486.423800,813.581200,479.945000,824.770500,474.657000,3.134105,0.289979,-3.352706,3.336133,0.300457,-3.228158,3.199908,-3.311785,54.732520,0.490220,-0.236863,1,0,5.160034,0.030000,0.000164,0.135864,5,8,4,10,4
68,4.911237,0.047388,father,4,7,3.999999,6.810580,521.182000,434.352300,522.603400,435.077200,1.595569,519.465600,432.600600,525.741200,437.553900,519.465600,423.630400,525.741200,427.982200,-2.176315,0.229048,-1.853814,-2.063006,0.244405,-1.980293,-2.145324,-1.898543,125.263600,0.486761,-0.165538,1,0,5.157284,0.003327,0.000136,0.127254,7,4,5,8,4
68,4.911237,0.047388,mother,8,10,8.000000,10.201880,546.914900,278.117900,545.243300,277.239600,1.888335,548.980000,280.046300,541.506700,274.432900,548.980000,271.079000,541.506700,264.955000,-1.643417,0.228975,2.041569,-1.778352,0.242011,2.184905,-1.680703,2.090809,305.265600,0.502338,-0.192930,1,0,5.169669,0.003327,0.000061,0.127725,3,8,11,7,4
68,4.911237,0.047388,older_sister,5,4,4.754155,3.999998,671.882200,477.820200,669.127800,478.940700,2.973567,677.727800,475.118200,660.527800,482.763200,677.727800,463.609800,660.527800,471.491200,0.681197,0.293861,-2.939477,0.370641,0.287822,-3.134686,0.575650,-3.008471,234.736300,0.557294,-0.366272,0,0,5.213361,0.003327,0.000136,0.135864,1,4,9,12,4
68,4.911237,0.047388,player,6,2,6.245846,2.000000,819.494100,488.564700,822.248400,487.444200,2.973522,813.648400,491.266700,830.848400,483.621700,813.648400,479.758300,830.848400,472.349800,3.135319,0.293861,-3.351819,3.445874,0.287821,-3.156608,3.240865,-3.282824,54.735800,0.557294,-0.366272,0,0,5.213361,0.003327,0.000164,0.135864,5,8,4,10,4
69,4.951787,0.046669,father,4,7,3.999999,6.763620,523.167200,435.345000,525.220700,436.465400,2.339231,520.060400,432.892200,530.381100,440.038600,520.060400,423.884900,530.381100,430.712200,-2.165577,0.229997,-1.861261,-1.979230,0.238143,-2.043740,-2.109481,-1.923892,125.267700,0.545460,-0.257508,0,0,5.203953,0.046669,0.000061,0.127254,7,4,5,8,4
69,4.951787,0.046669,mother,8,10,8.000000,10.248840,544.929700,277.125000,542.925000,276.031200,2.283652,548.454900,279.786200,537.395100,272.276200,548.454900,270.733500,537.395100,263.017600,-1.652898,0.231154,2.048212,-1.852588,0.236414,2.239974,-1.716547,2.116162,305.272300,0.561038,-0.273765,0,0,5.216338,0.046669,0.000301,0.127725,3,8,11,7,4
69,4.951787,0.046669,older_sister,5,4,4.707195,3.999998,669.896900,478.812800,668.949500,479.278600,1.055701,677.945900,475.082400,659.953100,483.474900,677.945900,463.170700,659.953100,472.547400,0.685134,0.304158,-2.938562,0.360264,0.279027,-3.152859,0.539806,-3.033816,234.736900,0.615994,-0.388980,0,0,5.260030,0.046669,0.000193,0.135864,1,4,9,12,4
69,4.951787,0.046669,player,6,2,6.292806,2.000000,821.479400,487.572100,822.426800,487.106200,1.055727,813.430400,491.302500,831.423200,482.910000,813.430400,479.390800,831.423200,471.982500,3.131382,0.304158,-3.352733,3.456252,0.279027,-3.138436,3.276710,-3.257479,54.736950,0.615994,-0.388980,0,0,5.260030,0.046669,0.000136,0.135864,5,8,4,10,4
70,4.991168,0.039442,father,4,7,3.999999,6.723932,524.845100,436.183900,526.115100,436.806900,1.414534,520.325400,433.021200,531.904600,440.592500,520.325400,423.814500,531.904600,431.609000,-2.160790,0.235088,-1.864555,-1.951722,0.229388,-2.057883,-2.079186,-1.945311,125.261500,0.595071,-0.282320,0,0,5.243396,0.039442,0.000110,0.127254,7,4,5,8,4
70,4.991168,0.039442,mother,8,10,8.000000,10.288530,543.251900,276.286500,542.299700,275.862500,1.042360,548.189000,279.672000,536.410300,272.052900,548.189000,270.359200,536.410300,263.106800,-1.657699,0.237795,2.051128,-1.870369,0.228434,2.245675,-1.746841,2.137573,305.251600,0.610648,-0.285959,0,0,5.255781,0.039442,0.000031,0.127725,3,8,11,7,4
70,4.991168,0.039442,older_sister,5,4,4.667507,3.999998,668.219100,479.651800,668.964400,479.483300,0.764108,677.888100,475.338600,660.040800,483.628000,677.888100,462.845300,660.040800,472.807200,0.684090,0.319009,-2.945105,0.361847,0.276304,-3.156770,0.509511,-3.055239,234.733600,0.665604,-0.385315,0,1,5.299473,0.039442,0.000136,0.135864,1,4,9,12,4
70,4.991168,0.039442,player,6,2,6.332494,2.000000,823.157200,486.733100,822.411900,486.901600,0.764161,813.488200,491.046300,831.335500,482.756900,813.488200,478.552900,831.335500,471.936000,3.132427,0.319010,-3.346190,3.454669,0.276304,-3.134526,3.307005,-3.236056,54.733660,0.665604,-0.385314,0,1,5.299473,0.039442,0.000164,0.135864,5,8,4,10,4
71,5.032022,0.041077,father,4,7,3.999998,6.682600,526.592500,437.057500,526.718500,436.996400,0.140078,520.773100,433.158300,532.663900,440.834500,520.773100,423.510300,532.663900,431.964400,-2.152708,0.246357,-1.868056,-1.938013,0.226494,-2.064062,-2.047636,-1.967620,125.263500,0.646736,-0.288461,0,0,5.284472,0.041077,0.000136,0.127254,7,4,5,8,4
71,5.032022,0.041077,mother,8,10,8.000000,10.329860,541.504500,275.412800,541.760900,275.694700,0.380998,547.655800,279.521400,535.866000,271.868000,547.655800,269.694400,535.866000,263.021800,-1.667326,0.250926,2.054973,-1.880199,0.225882,2.250397,-1.778391,2.159882,305.264900,0.662314,-0.286638,0,1,5.296857,0.041077,0.000061,0.127725,3,8,11,7,4
71,5.032022,0.041077,older_sister,5,4,4.626174,3.999998,666.471700,480.525500,668.739300,479.753800,2.395303,676.833100,476.128800,660.645400,483.378800,676.833100,462.970900,660.645400,472.538300,0.665042,0.335978,-2.965282,0.372764,0.276804,-3.150405,0.477961,-3.077548,234.736000,0.717269,-0.345525,0,1,5.340549,0.041077,0.000136,0.135864,1,4,9,12,4
71,5.032022,0.041077,player,6,2,6.373827,2.000000,824.904500,485.859400,822.637000,486.631100,2.395235,814.543300,490.256300,830.730700,483.006000,814.543300,477.098400,830.730700,472.165600,3.151475,0.335978,-3.326018,3.443748,0.276804,-3.140888,3.338553,-3.213748,54.734680,0.717269,-0.345524,0,1,5.340549,0.041077,0.000220,0.135864,5,8,4,10,4
72,5.072832,0.041057,father,4,7,3.999999,6.641287,528.338900,437.930800,527.260200,437.177100,1.315932,521.687000,433.466600,532.833300,440.887600,521.687000,423.215900,532.833300,432.042300,-2.136206,0.261745,-1.875928,-1.934953,0.225858,-2.065418,-2.016103,-1.989916,125.263500,0.698378,-0.273724,0,1,5.325530,0.041057,0.000136,0.121707,7,4,5,8,4
72,5.072832,0.041057,mother,8,10,8.000000,10.371170,539.758100,274.539300,541.152300,275.455100,1.668152,546.469600,279.061900,535.835100,271.848400,546.469600,268.627800,535.835100,262.980600,-1.688743,0.266429,2.066705,-1.880755,0.226434,2.250899,-1.809924,2.182187,305.273000,0.713955,-0.263127,0,1,5.337914,0.041057,0.000193,0.122277,3,8,11,7,4
72,5.072832,0.041057,older_sister,5,4,4.584862,3.999998,664.725300,481.399000,667.368500,480.568000,2.770788,673.773300,477.892700,660.963900,483.243300,673.773300,463.589400,660.963900,472.349100,0.609795,0.365227,-3.010323,0.378514,0.278177,-3.146945,0.446428,-3.099853,234.726500,0.768910,-0.267715,0,1,5.381607,0.041057,0.000110,0.126411,1,4,9,12,4
72,5.072832,0.041057,player,6,2,6.415140,2.000000,826.651000,484.986400,824.007400,485.816800,2.770933,817.601600,488.490800,830.413100,483.142800,817.601600,474.187500,830.413100,472.248600,3.206697,0.365227,-3.280940,3.438014,0.278177,-3.144380,3.370087,-3.191455,54.742100,0.768910,-0.267715,0,1,5.381607,0.041057,0.000031,0.126411,5,8,4,10,4
73,5.161999,0.083862,father,4,7,3.999999,6.560789,531.742000,439.632500,530.093600,438.610200,1.939654,527.025600,436.104100,533.161700,441.116200,527.025600,424.274200,533.161700,432.140300,-2.039815,0.302070,-1.943275,-1.929026,0.229196,-2.071256,-1.954658,-2.033370,125.267900,0.799000,-0.164352,0,1,5.405529,0.030000,0.000031,0.121707,7,4,5,8,4
73,5.161999,0.083862,mother,8,10,8.000000,10.451670,536.354900,272.837900,537.887800,273.754000,1.785733,540.435200,275.959700,535.340400,271.548200,540.435200,263.983000,535.340400,262.537000,-1.797698,0.305819,2.145917,-1.889688,0.230097,2.258563,-1.871370,2.225632,305.262100,0.814578,-0.140144,0,1,5.417914,0.030000,0.000110,0.122277,3,8,11,7,4
73,5.161999,0.083862,older_sister,5,4,4.504363,3.999998,661.322100,483.100400,662.104000,482.865500,0.816459,663.331400,482.492000,660.876800,483.239000,663.331400,467.943400,660.876800,472.032400,0.421261,0.371490,-3.127762,0.376941,0.286153,-3.146835,0.384982,-3.143298,234.737800,0.869533,-0.047200,0,1,5.461607,0.030000,0.000000,0.126411,1,4,9,12,4
73,5.161999,0.083862,player,6,2,6.495638,2.000000,830.054100,483.284500,829.272200,483.519500,0.816476,828.045000,483.893100,830.499400,483.145900,828.045000,469.344500,830.499400,471.939300,3.395256,0.371490,-3.163539,3.439573,0.286153,-3.144459,3.431532,-3.147998,54.730140,0.869533,-0.047200,0,1,5.461607,0.030000,0.000329,0.126411,5,8,4,10,4
74,5.202305,0.045884,father,4,7,3.999999,6.510733,533.858100,440.690300,533.071500,440.256700,0.898237,532.413600,439.079600,533.729400,441.433700,532.413600,427.448400,533.729400,432.306100,-1.942533,0.296995,-2.019252,-1.918774,0.233069,-2.079364,-1.916451,-2.060382,125.259500,0.861569,-0.054101,0,1,5.455275,0.049746,0.000136,0.121707,7,4,5,8,4
74,5.202305,0.045884,mother,8,11,8.000000,10.501730,534.238800,271.779700,534.687400,272.031700,0.514549,534.621400,272.839300,534.753500,271.224100,534.621400,261.532200,534.753500,262.069100,-1.902669,0.288719,2.225597,-1.900283,0.233769,2.266838,-1.909577,2.252651,305.266900,0.877147,-0.021864,0,1,5.467660,0.049746,0.000220,0.122277,3,8,11,7,4
74,5.202305,0.045884,older_sister,4,4,4.454308,3.999999,659.206000,484.158100,657.922600,484.932900,1.499137,654.975800,486.628100,660.869400,483.237700,654.975800,473.893400,660.869400,471.854000,0.270397,0.325172,-3.233375,0.376809,0.290676,-3.146804,0.346775,-3.170306,234.744100,0.932102,0.136866,0,1,5.511352,0.049746,0.000329,0.126411,1,4,9,12,4
74,5.202305,0.045884,player,7,2,6.545693,2.000000,832.170300,482.226600,833.453600,481.451800,1.499101,836.400300,479.756500,830.506900,483.147100,836.400300,467.021800,830.506900,471.763400,3.546116,0.325173,-3.057913,3.439708,0.290676,-3.144489,3.469741,-3.120986,54.740740,0.932102,0.136866,0,1,5.511352,0.049746,0.000136,0.126411,5,8,4,10,4
75,5.241513,0.039019,father,4,6,3.999999,6.471471,535.517900,441.520400,535.921800,441.698600,0.441377,537.685000,441.743200,534.158500,441.653900,537.685000,431.235200,534.158500,432.449200,-1.847354,0.268316,-2.087266,-1.911027,0.235037,-2.084985,-1.886481,-2.081576,125.268300,0.910648,0.053303,0,1,5.494295,0.039019,0.000031,0.121707,7,4,5,8,4
75,5.241513,0.039019,mother,8,11,8.000001,10.540990,532.579000,270.949700,531.706800,270.546900,0.960644,529.091100,270.083800,534.322600,271.010100,529.091100,259.933800,534.322600,261.783500,-2.002523,0.259175,2.295957,-1.908063,0.235596,2.272304,-1.939546,2.273846,305.269100,0.926225,0.090779,0,1,5.506680,0.039019,0.000301,0.122277,3,8,11,7,4
75,5.241513,0.039019,older_sister,4,4,4.415045,3.999999,657.546100,484.988200,654.389000,486.807700,3.643977,647.998300,490.353200,660.779500,483.262300,647.998300,478.498000,660.779500,471.719000,0.144413,0.302716,-3.328493,0.375187,0.294751,-3.147431,0.316806,-3.191500,234.732000,0.981181,0.292963,0,1,5.550372,0.039019,0.000220,0.126411,1,4,9,12,4
75,5.241513,0.039019,player,7,2,6.584956,2.000000,833.830000,481.396700,836.987400,479.577300,3.644097,843.378400,476.032200,830.596400,483.122400,843.378400,464.177000,830.596400,471.579100,3.672112,0.302716,-2.962816,3.441325,0.294752,-3.143860,3.499709,-3.099795,54.736370,0.981181,0.292963,0,1,5.550372,0.039019,0.000136,0.126411,5,8,4,10,4
76,5.281022,0.039261,father,4,6,3.999999,6.471471,535.517900,441.520400,535.921800,441.698600,0.441377,537.685000,441.743200,534.158500,441.653900,537.685000,431.235200,534.158500,432.449200,-1.847354,0.268316,-2.087266,-1.911027,0.235037,-2.084985,-1.886481,-2.081576,125.268300,0.910648,0.053303,0,0,5.494295,0.000000,0.000031,0.121707,7,4,5,8,4
76,5.281022,0.039261,mother,8,11,8.000001,10.580290,530.917900,270.119500,528.408400,268.978800,2.756548,523.004400,267.217500,533.812600,270.740100,523.004400,257.653500,533.812600,261.431700,-2.112421,0.244210,2.369146,-1.917273,0.237684,2.279198,-1.969538,2.295044,305.252400,0.975341,0.211277,0,1,5.545729,0.039049,0.000000,0.122277,3,8,11,7,4
76,5.281022,0.039261,older_sister,4,4,4.375540,3.999999,655.876100,485.823400,652.918900,487.485700,3.392325,645.351500,491.600600,660.486400,483.370800,645.351500,480.096700,660.486400,471.632200,0.096624,0.293747,-3.360346,0.369893,0.299738,-3.150201,0.286652,-3.212828,234.728600,0.030562,0.344452,0,0,5.589632,0.039261,0.000000,0.126411,1,4,9,12,4
76,5.281022,0.039261,player,7,2,6.624461,2.000000,835.500200,480.561800,838.457800,478.899800,3.392533,846.026100,474.785800,830.889300,483.013800,846.026100,463.281900,830.889300,471.275200,3.719917,0.293747,-2.930990,3.446613,0.299738,-3.141087,3.529864,-3.078475,54.738510,0.030562,0.344451,0,0,5.589632,0.039261,0.000031,0.126411,5,8,4,10,4
77,5.322906,0.042475,father,4,6,3.999999,6.471471,535.517900,441.520400,535.921800,441.698600,0.441377,537.685000,441.743200,534.158500,441.653900,537.685000,431.235200,534.158500,432.449200,-1.847354,0.268316,-2.087266,-1.911027,0.235037,-2.084985,-1.886481,-2.081576,125.268300,0.910648,0.053303,0,0,5.494295,0.000000,0.000031,0.121707,7,4,5,8,4
77,5.322906,0.042475,mother,8,11,8.000001,10.621560,529.173200,269.247000,526.643800,268.071300,2.789273,520.102600,265.728500,533.185100,270.414000,520.102600,256.318100,533.185100,260.969300,-2.164814,0.240290,2.407166,-1.928603,0.241165,2.287524,-2.001040,2.317322,305.267500,0.026929,0.261938,0,1,5.586744,0.041015,0.000086,0.122277,3,8,11,7,4
77,5.322906,0.042475,older_sister,4,4,4.332801,3.999999,654.069300,486.726500,652.266200,487.570200,1.990643,644.469500,491.706600,660.062900,483.433600,644.469500,480.695800,660.062900,471.403400,0.080700,0.281156,-3.363052,0.362247,0.307185,-3.151807,0.254029,-3.235888,234.744800,0.083986,0.351844,0,0,5.632107,0.042475,0.000273,0.126411,1,4,9,12,4
77,5.322906,0.042475,player,7,2,6.667201,2.000000,837.307000,479.658200,839.109800,478.814300,1.990551,846.905200,474.676600,831.314500,482.952000,846.905200,463.665700,831.314500,470.921800,3.735788,0.281156,-2.928200,3.454288,0.307186,-3.139509,3.562487,-3.055403,54.731820,0.083986,0.351843,0,0,5.632107,0.042475,0.000136,0.126411,5,8,4,10,4
78,5.362670,0.039559,father,4,6,3.999999,6.471471,535.517900,441.520400,535.921800,441.698600,0.441377,537.685000,441.743200,534.158500,441.653900,537.685000,431.235200,534.158500,432.449200,-1.847354,0.268316,-2.087266,-1.911027,0.235037,-2.084985,-1.886481,-2.081576,125.268300,0.910648,0.053303,0,0,5.494295,0.000000,0.000031,0.130338,7,4,5,8,4
78,5.362670,0.039559,mother,8,11,8.000001,10.657920,527.636000,268.478100,526.053300,267.625700,1.797601,519.450400,265.175900,532.656300,270.075300,519.450400,256.184700,532.656300,260.442700,-2.176589,0.229587,2.421276,-1.938151,0.245965,2.296171,-2.028795,2.336957,305.277500,0.072382,0.266905,0,0,5.622881,0.036137,0.000382,0.131165,3,8,11,7,4
78,5.362670,0.039559,older_sister,4,4,4.292995,3.999999,652.386500,487.567900,651.926100,487.603500,0.461705,644.242600,491.692800,659.609600,483.514300,644.242600,480.791000,659.609600,471.054100,0.076603,0.278372,-3.362700,0.354063,0.318163,-3.153866,0.223645,-3.257372,234.736200,0.133743,0.347115,0,0,5.671666,0.039559,0.000301,0.129188,1,4,9,12,4
78,5.362670,0.039559,player,7,2,6.707007,2.000000,838.989800,478.816800,839.450100,478.781200,0.461705,847.133500,474.691800,831.766700,482.870500,847.133500,463.790000,831.766700,470.410300,3.739912,0.278372,-2.928590,3.462454,0.318163,-3.137427,3.592871,-3.033919,54.735820,0.133743,0.347116,0,0,5.671666,0.039559,0.000136,0.129188,5,8,4,10,4
79,5.463899,0.096844,father,4,6,3.999999,6.471471,535.517900,441.520400,535.921800,441.698600,0.441377,537.685000,441.743200,534.158500,441.653900,537.685000,431.235200,534.158500,432.449200,-1.847354,0.268316,-2.087266,-1.911027,0.235037,-2.084985,-1.886481,-2.081576,125.268300,0.910648,0.053303,0,0,5.494295,0.000000,0.000031,0.130338,7,4,5,8,4
79,5.463899,0.096844,mother,8,11,8.000001,10.723900,524.846700,267.083800,525.182700,267.059800,0.336915,518.706400,264.702100,531.659100,269.417600,518.706400,255.921400,531.659100,259.105700,-2.190024,0.224210,2.433375,-1.956156,0.263309,2.312967,-2.079157,2.372559,305.257100,0.154855,0.260475,1,0,5.688451,0.023122,0.000061,0.131165,3,8,11,7,4
79,5.463899,0.096844,older_sister,4,4,4.212497,4.000000,648.983400,489.269700,651.176500,487.818900,2.629511,645.185600,491.274100,657.167400,484.363800,645.185600,480.273700,657.167400,470.484700,0.093629,0.280888,-3.352007,0.309967,0.354395,-3.175558,0.162200,-3.300826,234.732100,0.234366,0.278513,1,0,5.751666,0.030000,0.000110,0.129188,1,4,9,12,4
79,5.463899,0.096844,player,7,2,6.787505,2.000000,842.392900,477.115500,840.199500,478.566000,2.629596,846.191000,475.111500,834.207900,482.020600,846.191000,464.111100,834.207900,468.141500,3.722894,0.280888,-2.939305,3.506532,0.354395,-3.115726,3.654316,-2.990477,54.739630,0.234366,0.278513,1,0,5.751666,0.030000,0.000086,0.129188,5,8,4,10,4
80,5.521130,0.058134,father,4,6,3.999999,6.471471,535.517900,441.520400,535.921800,441.698600,0.441377,537.685000,441.743200,534.158500,441.653900,537.685000,431.235200,534.158500,432.449200,-1.847354,0.268316,-2.087266,-1.911027,0.235037,-2.084985,-1.886481,-2.081576,125.268300,0.910648,0.053303,0,0,5.494295,0.000000,0.000031,0.130338,7,4,5,8,4
80,5.521130,0.058134,mother,8,11,8.000000,10.775310,522.673000,265.996800,524.425400,266.620200,1.860026,518.579500,264.679500,530.271400,268.561000,518.579500,255.847000,530.271400,257.451400,-2.192315,0.225535,2.433950,-1.981211,0.283677,2.334840,-2.118405,2.400315,305.267900,0.219127,0.229585,1,0,5.739551,0.015869,0.000164,0.131165,3,8,11,7,4
80,5.521130,0.058134,older_sister,4,4,4.137051,3.999999,645.793900,490.864400,647.845800,489.616200,2.401711,644.899400,491.437000,650.792300,487.795400,644.899400,480.344800,650.792300,472.274400,0.088462,0.283232,-3.356168,0.194861,0.396321,-3.263182,0.104612,-3.341548,234.734700,0.328673,0.140560,1,0,5.826644,0.024979,0.000061,0.129188,1,4,9,12,4
80,5.521130,0.058134,player,7,2,6.862951,2.000001,845.582300,475.520600,843.530400,476.768900,2.401774,846.476700,474.948000,840.584200,478.589800,846.476700,463.855900,840.584200,463.068800,3.728052,0.283232,-2.935131,3.621658,0.396321,-3.028123,3.711902,-2.949752,54.731710,0.328673,0.140560,1,0,5.826644,0.024979,0.000136,0.129188,5,8,4,10,4
81,5.574519,0.053492,father,4,6,3.999999,6.471471,535.517900,441.520400,535.921800,441.698600,0.441377,537.685000,441.743200,534.158500,441.653900,537.685000,431.235200,534.158500,432.449200,-1.847354,0.268316,-2.087266,-1.911027,0.235037,-2.084985,-1.886481,-2.081576,125.268300,0.910648,0.053303,0,0,5.494295,0.000000,0.000031,0.130338,7,4,5,8,4
81,5.574519,0.053492,mother,8,11,8.000000,10.806590,521.350600,265.335900,523.449000,266.142400,2.248056,518.320500,264.573200,528.577600,267.711600,518.320500,255.711700,528.577600,255.809600,-2.196991,0.226272,2.436666,-2.011794,0.303913,2.356528,-2.142280,2.417191,305.253200,0.258226,0.197489,1,0,5.770636,0.001978,0.000031,0.131165,3,8,11,7,4
81,5.574519,0.053492,older_sister,4,4,4.083226,4.000000,643.518400,492.001900,644.420500,491.486800,1.038768,644.475800,491.701300,644.365200,491.272300,644.475800,480.483200,644.365200,476.935800,0.080813,0.286447,-3.362916,0.078815,0.366075,-3.351962,0.063528,-3.370593,234.741600,0.395954,0.004692,1,0,5.880136,0.003492,0.000301,0.129188,1,4,9,12,4
81,5.574519,0.053492,player,7,2,6.916776,2.000001,847.857800,474.382800,846.955900,474.898000,1.038692,846.900500,474.683500,847.011200,475.112500,846.900500,463.465400,847.011200,460.776000,3.735703,0.286447,-2.928377,3.737703,0.366075,-2.939332,3.752988,-2.920699,54.735230,0.395954,0.004692,1,0,5.880136,0.003492,0.000164,0.129188,5,8,4,10,4
82,5.613130,0.042765,father,4,6,3.999999,6.471471,535.517900,441.520400,535.921800,441.698600,0.441377,537.685000,441.743200,534.158500,441.653900,537.685000,431.235200,534.158500,432.449200,-1.847354,0.268316,-2.087266,-1.911027,0.235037,-2.084985,-1.886481,-2.081576,125.268300,0.910648,0.053303,0,0,5.494295,0.000000,0.000031,0.130338,7,4,5,8,4
82,5.613130,0.042765,mother,8,11,8.000000,10.828580,520.421200,264.871000,522.491100,265.703000,2.230897,518.029100,264.443800,526.953200,266.962200,518.029100,255.577700,526.953200,254.600200,-2.202253,0.226389,2.439971,-2.041122,0.315655,2.375665,-2.159061,2.429062,305.276900,0.285706,0.168682,1,0,5.792484,0.021848,0.000136,0.131165,3,8,11,7,4
82,5.613130,0.042765,older_sister,4,4,4.040195,4.000000,641.699300,492.911700,640.837500,493.275100,0.935278,644.118700,491.906600,637.556300,494.643600,644.118700,480.598600,637.556300,482.187000,0.074365,0.288742,-3.368158,-0.044122,0.318072,-3.438046,0.030682,-3.393824,234.728900,0.449742,-0.137093,1,0,5.922901,0.042765,0.000086,0.129188,1,4,9,12,4
82,5.613130,0.042765,player,7,2,6.959807,2.000001,849.677000,473.473300,850.538900,473.110000,0.935299,847.257400,474.478200,853.820300,471.741900,847.257400,463.170300,853.820300,459.285200,3.742147,0.288742,-2.923135,3.860645,0.318072,-2.853264,3.785834,-2.897475,54.737160,0.449742,-0.137092,1,0,5.922901,0.042765,0.000086,0.129188,5,8,4,10,4
83,5.653243,0.039902,father,4,6,3.999999,6.471471,535.517900,441.520400,535.921800,441.698600,0.441377,537.685000,441.743200,534.158500,441.653900,537.685000,431.235200,534.158500,432.449200,-1.847354,0.268316,-2.087266,-1.911027,0.235037,-2.084985,-1.886481,-2.081576,125.268300,0.910648,0.053303,0,0,5.494295,0.000000,0.000031,0.130338,7,4,5,8,4
83,5.653243,0.039902,mother,8,11,8.000000,10.847170,519.635400,264.477900,521.587800,265.314500,2.124100,517.765300,264.332600,525.410200,266.296500,517.765300,255.448000,525.410200,253.661700,-2.207016,0.226862,2.442810,-2.068982,0.322624,2.392661,-2.173250,2.439100,305.277500,0.308942,0.141649,1,0,5.810957,0.018473,0.000273,0.131165,3,8,11,7,4
83,5.653243,0.039902,older_sister,4,4,4.000045,4.000000,640.001900,493.760500,637.827600,494.682600,2.361737,643.944800,492.009500,631.710400,497.355800,643.944800,480.644900,631.710400,485.678900,0.071226,0.290190,-3.370786,-0.149672,0.298162,-3.507300,0.000034,-3.415496,234.734800,0.499930,-0.259179,1,0,5.962802,0.039902,0.000061,0.129188,1,4,9,12,4
83,5.653243,0.039902,player,7,2,6.999958,2.000001,851.374300,472.624700,853.548600,471.702700,2.361802,847.431200,474.375500,859.666100,469.029800,847.431200,463.010800,859.666100,457.352900,3.745286,0.290191,-2.920512,3.966193,0.298163,-2.784014,3.816480,-2.875808,54.738910,0.499930,-0.259179,1,0,5.962802,0.039902,0.000031,0.129188,5,8,4,10,4
84,5.692156,0.039261,father,4,6,3.999999,6.471471,535.517900,441.520400,535.921800,441.698600,0.441377,537.685000,441.743200,534.158500,441.653900,537.685000,431.235200,534.158500,432.449200,-1.847354,0.268316,-2.087266,-1.911027,0.235037,-2.084985,-1.886481,-2.081576,125.268300,0.910648,0.053303,0,0,5.494295,0.000000,0.000031,0.130338,7,4,5,8,4
84,5.692156,0.039261,mother,8,11,8.000000,10.863860,518.929700,264.125200,520.711100,264.924200,1.952415,517.501300,264.223000,523.920900,265.625400,517.501300,255.312600,523.920900,252.899400,-2.211781,0.227521,2.445608,-2.095873,0.324949,2.409799,-2.185992,2.448105,305.250600,0.329809,0.115322,1,0,5.827548,0.016590,0.000164,0.127588,3,8,11,7,4
84,5.692156,0.039261,older_sister,4,4,4.000000,4.000000,640.000000,493.761200,637.824600,494.683800,2.362983,643.944700,492.009400,631.704500,497.358300,643.944700,480.644700,631.704500,485.682000,0.071223,0.290191,-3.370783,-0.149781,0.298149,-3.507365,0.000000,-3.415514,234.734800,0.499986,-0.259304,0,0,5.962847,0.000044,0.000246,0.139726,1,4,9,12,4
84,5.692156,0.039261,player,7,2,7.039463,2.000000,853.044400,471.789500,855.831000,470.652000,3.009781,847.482800,474.349600,864.179200,466.954300,847.482800,462.877300,864.179200,455.624300,3.746217,0.292939,-2.919851,4.047681,0.289305,-2.731017,3.846636,-2.854480,54.729350,0.549312,-0.355166,0,0,6.002063,0.039261,0.000193,0.140642,5,8,4,10,4
85,5.809577,0.084918,father,4,6,3.999999,6.471471,535.517900,441.520400,535.921800,441.698600,0.441377,537.685000,441.743200,534.158500,441.653900,537.685000,431.235200,534.158500,432.449200,-1.847354,0.268316,-2.087266,-1.911027,0.235037,-2.084985,-1.886481,-2.081576,125.268300,0.910648,0.053303,0,0,5.494295,0.000000,0.000031,0.130338,7,4,5,8,4
85,5.809577,0.084918,mother,8,11,8.000000,10.894090,517.651500,263.486200,518.913600,264.105100,1.405651,516.977400,263.990000,520.849700,264.220200,516.977400,255.039000,520.849700,251.838900,-2.221242,0.228558,2.451558,-2.151324,0.316151,2.445678,-2.209070,2.464420,305.258300,0.367602,0.060487,1,0,5.857595,0.010624,0.000031,0.127588,3,8,11,7,4
85,5.809577,0.084918,older_sister,4,4,4.000000,4.070436,637.022300,492.272500,634.853000,492.204200,2.170385,645.441200,492.254800,624.264600,492.153600,645.441200,480.570300,624.264600,481.140000,0.098244,0.298357,-3.377049,-0.284110,0.281227,-3.374465,-0.053764,-3.377501,268.006800,0.588031,-0.382033,0,0,6.032847,0.030000,0.000136,0.139726,3,4,9,12,4
85,5.809577,0.084918,player,7,2,7.119961,2.000000,856.447400,470.088000,856.251800,470.048900,0.199492,847.248000,474.251100,865.255700,465.846700,847.248000,461.960400,865.255700,455.001200,3.741977,0.313833,-2.917335,4.067118,0.276934,-2.702735,3.908079,-2.811034,54.736500,0.649934,-0.389376,0,1,6.082063,0.030000,0.000110,0.140642,5,8,4,10,4
86,5.880884,0.072334,father,4,6,3.999999,6.471471,535.517900,441.520400,535.921800,441.698600,0.441377,537.685000,441.743200,534.158500,441.653900,537.685000,431.235200,534.158500,432.449200,-1.847354,0.268316,-2.087266,-1.911027,0.235037,-2.084985,-1.886481,-2.081576,125.268300,0.910648,0.053303,0,0,5.494295,0.000000,0.000031,0.130338,7,4,5,8,4
86,5.880884,0.072334,mother,8,11,8.000000,10.919390,516.582300,262.951500,517.199800,263.284800,0.701748,516.513700,263.775800,517.886000,262.793900,516.513700,254.812000,517.886000,251.239200,-2.229614,0.228886,2.457027,-2.204836,0.295041,2.482100,-2.228376,2.478073,305.268400,0.399218,0.005753,1,0,5.882731,0.008436,0.000110,0.127588,3,8,11,7,4
86,5.880884,0.072334,older_sister,4,4,4.000000,4.148170,633.736100,490.629300,634.913700,491.305900,1.358148,644.063100,494.830100,625.764200,487.781700,644.063100,482.083000,625.764200,476.968500,0.073362,0.325489,-3.442808,-0.257036,0.276108,-3.262831,-0.113099,-3.335543,296.348500,0.685198,-0.375952,0,1,6.110099,0.027252,0.000220,0.139726,3,4,9,12,4
86,5.880884,0.072334,player,7,2,7.197694,2.000001,859.733600,468.444900,857.102900,469.319600,2.772350,849.881300,472.441900,864.324300,466.197400,849.881300,458.596500,864.324300,455.338900,3.789525,0.353533,-2.871138,4.050301,0.277264,-2.711688,3.967413,-2.769076,54.734200,0.747101,-0.304980,0,1,6.159315,0.027252,0.000193,0.140642,5,8,4,10,4
87,5.950179,0.070515,father,4,6,3.999999,6.471471,535.517900,441.520400,535.921800,441.698600,0.441377,537.685000,441.743200,534.158500,441.653900,537.685000,431.235200,534.158500,432.449200,-1.847354,0.268316,-2.087266,-1.911027,0.235037,-2.084985,-1.886481,-2.081576,125.268300,0.910648,0.053303,0,0,5.494295,0.000000,0.000031,0.130338,7,4,5,8,4
87,5.950179,0.070515,mother,8,11,8.000000,10.940080,515.707600,262.514300,515.677100,262.532200,0.035455,516.137600,263.598800,515.216600,261.465600,516.137600,254.633100,515.216600,250.720900,-2.236406,0.228934,2.461546,-2.253033,0.274360,2.516016,-2.244168,2.489239,305.262700,0.425080,-0.045024,1,0,5.903293,0.005731,0.000061,0.127588,3,8,11,7,4
87,5.950179,0.070515,older_sister,4,4,4.000000,4.219124,630.736500,489.129400,632.698500,490.600300,2.452216,638.195100,493.873400,627.202000,487.327300,638.195100,479.470300,627.202000,476.424700,-0.032588,0.367773,-3.418378,-0.231075,0.278393,-3.251230,-0.167258,-3.297244,305.266600,0.773891,-0.258568,0,1,6.180614,0.020515,0.000329,0.139726,3,4,9,12,4
87,5.950179,0.070515,player,7,2,7.268649,2.000000,862.733300,466.944900,861.040400,467.565500,1.803043,857.859500,468.864100,864.221300,466.266900,857.859500,453.719300,864.221300,455.178300,3.933574,0.386714,-2.779783,4.048441,0.283141,-2.713464,4.021574,-2.730777,54.734090,0.835794,-0.132078,0,1,6.229830,0.020515,0.000301,0.140642,5,8,4,10,4
88,6.020156,0.070301,father,4,6,3.999999,6.471471,535.517900,441.520400,535.921800,441.698600,0.441377,537.685000,441.743200,534.158500,441.653900,537.685000,431.235200,534.158500,432.449200,-1.847354,0.268316,-2.087266,-1.911027,0.235037,-2.084985,-1.886481,-2.081576,125.268300,0.910648,0.053303,0,0,5.494295,0.000000,0.000031,0.130338,7,4,5,8,4
88,6.020156,0.070301,mother,8,11,8.000000,10.959080,514.904100,262.112500,514.238400,261.809100,0.731574,515.798500,263.440500,512.678500,260.177600,515.798500,254.471300,512.678500,250.085000,-2.242528,0.229023,2.465589,-2.298861,0.257708,2.548904,-2.258677,2.499496,305.259200,0.448841,-0.094095,1,0,5.922184,0.005279,0.000000,0.127588,3,8,11,7,4
88,6.020156,0.070301,older_sister,4,4,4.000000,4.289863,627.746000,487.634200,628.501600,488.181500,0.932918,629.828900,489.095800,627.174300,487.267100,629.828900,474.381700,627.174300,476.084000,-0.183646,0.375716,-3.296388,-0.231574,0.285552,-3.249691,-0.221252,-3.259066,305.262800,0.862314,-0.066093,0,1,6.250915,0.020301,0.000246,0.139726,3,4,9,12,4
88,6.020156,0.070301,player,7,2,7.339387,2.000000,865.723800,465.449800,866.701500,464.840200,1.152189,869.089700,463.436800,864.313400,466.243600,869.089700,450.486400,864.313400,454.881200,4.136341,0.330681,-2.641199,4.050101,0.290132,-2.712868,4.075569,-2.692599,54.737450,0.924217,0.111792,0,1,6.300130,0.020301,0.000193,0.140642,5,8,4,10,4
89,6.090470,0.068243,father,4,6,3.999999,6.471471,535.517900,441.520400,535.921800,441.698600,0.441377,537.685000,441.743200,534.158500,441.653900,537.685000,431.235200,534.158500,432.449200,-1.847354,0.268316,-2.087266,-1.911027,0.235037,-2.084985,-1.886481,-2.081576,125.268300,0.910648,0.053303,0,0,5.494295,0.000000,0.000031,0.130338,7,4,5,8,4
89,6.090470,0.068243,mother,8,11,8.000000,11.000000,513.174300,261.247400,511.537200,260.389900,1.848074,515.185300,263.148900,507.889100,257.630900,515.185300,254.181700,507.889100,248.140100,-2.253598,0.228972,2.473035,-2.385335,0.242342,2.613933,-2.289908,2.521589,305.274400,0.499985,-0.188917,0,0,5.962846,0.000000,0.000246,0.127588,3,10,9,5,4
89,6.090470,0.068243,older_sister,4,4,4.000000,4.358531,624.843000,486.182700,622.645300,485.264900,2.381658,618.182500,483.305300,627.108100,487.224400,618.182500,470.965400,627.108100,475.795500,-0.393926,0.315093,-3.148530,-0.232771,0.291830,-3.248602,-0.273668,-3.222003,305.264500,0.948150,0.189360,0,1,6.319158,0.018243,0.000246,0.139726,3,4,9,12,4
89,6.090470,0.068243,player,7,2,7.408056,2.000000,868.626800,463.998300,872.004200,462.060100,3.893981,879.503800,457.953300,864.504500,466.166900,879.503800,446.199500,864.504500,454.510100,4.324374,0.300127,-2.501181,4.053555,0.297649,-2.710911,4.127984,-2.655535,54.735120,0.010053,0.342211,0,1,6.368374,0.018243,0.000246,0.140642,5,8,4,10,4
90,6.160718,0.070650,father,4,6,3.999999,6.471471,535.517900,441.520400,535.921800,441.698600,0.441377,537.685000,441.743200,534.158500,441.653900,537.685000,431.235200,534.158500,432.449200,-1.847354,0.268316,-2.087266,-1.911027,0.235037,-2.084985,-1.886481,-2.081576,125.268300,0.910648,0.053303,0,0,5.494295,0.000000,0.000031,0.130338,7,4,5,8,4
90,6.160718,0.070650,mother,8,11,8.020090,11.000000,514.023600,260.823000,513.612900,259.120800,1.751070,513.807300,263.683000,513.418500,254.558700,513.807300,254.707100,513.418500,245.166900,-2.278480,0.229193,2.459398,-2.285500,0.239813,2.692381,-2.274573,2.532426,348.244000,0.525097,-0.229526,1,0,5.982811,0.009966,0.000031,0.128708,5,10,9,5,4
90,6.160718,0.070650,older_sister,4,4,4.000000,4.429622,621.837600,484.680300,618.807500,483.319300,3.321739,610.784500,479.622900,626.830500,487.015800,610.784500,468.196700,626.830500,475.252200,-0.527502,0.291759,-3.054500,-0.237783,0.300377,-3.243275,-0.327931,-3.183638,305.260500,0.037012,0.345545,0,0,6.389808,0.020650,0.000031,0.143330,3,4,9,12,4
90,6.160718,0.070650,player,7,2,7.479146,2.000000,871.632100,462.495800,873.075600,461.888800,1.565868,880.889300,457.756300,865.261800,466.021200,880.889300,446.812300,865.261800,453.875900,4.349389,0.279448,-2.496151,4.067228,0.310125,-2.707191,4.182247,-2.617171,54.739650,0.098915,0.352227,0,0,6.439024,0.020650,0.000000,0.132378,5,8,4,10,4
91,6.275638,0.115468,father,4,6,3.999999,6.471471,535.517900,441.520400,535.921800,441.698600,0.441377,537.685000,441.743200,534.158500,441.653900,537.685000,431.235200,534.158500,432.449200,-1.847354,0.268316,-2.087266,-1.911027,0.235037,-2.084985,-1.886481,-2.081576,125.268300,0.910648,0.053303,0,0,5.494295,0.000000,0.000031,0.130338,7,4,5,8,4
91,6.275638,0.115468,mother,8,11,8.088699,11.000000,516.924100,259.372700,517.802500,258.881200,1.006483,510.758100,261.537400,524.846800,256.225100,510.758100,252.223000,524.846800,247.279200,-2.333534,0.237836,2.514185,-2.079155,0.228428,2.649829,-2.222203,2.569458,54.734570,0.610859,-0.286013,0,0,6.050996,0.029924,0.000110,0.128708,5,10,9,5,4
91,6.275638,0.115468,older_sister,4,5,4.000000,4.510120,618.434600,482.978500,618.360200,482.745800,0.244360,610.367900,479.009800,626.352500,486.481700,610.367900,468.104800,626.352500,473.980100,-0.535024,0.278452,-3.038846,-0.246414,0.319223,-3.229638,-0.389376,-3.140185,305.267500,0.137635,0.345802,0,0,6.469808,0.030000,0.000220,0.143330,3,4,9,12,4
91,6.275638,0.115468,player,8,2,7.559645,2.000000,875.035300,460.794100,873.657800,461.821100,1.718232,880.383000,458.021400,866.932500,465.620800,880.383000,447.063200,866.932500,452.412300,4.340249,0.279811,-2.502920,4.097392,0.337272,-2.696966,4.243692,-2.573718,54.732520,0.199538,0.310326,1,0,6.519024,0.030000,0.000164,0.132378,5,8,4,10,4
92,6.343966,0.069912,father,4,6,3.999999,6.471471,535.517900,441.520400,535.921800,441.698600,0.441377,537.685000,441.743200,534.158500,441.653900,537.685000,431.235200,534.158500,432.449200,-1.847354,0.268316,-2.087266,-1.911027,0.235037,-2.084985,-1.886481,-2.081576,125.268300,0.910648,0.053303,0,0,5.494295,0.000000,0.000031,0.130338,7,4,5,8,4
92,6.343966,0.069912,mother,8,11,8.169198,11.000000,520.327200,257.670900,518.685500,258.274200,1.748998,512.065500,260.640800,525.305500,255.907500,512.065500,250.242200,525.305500,247.042800,-2.309928,0.265525,2.537076,-2.070873,0.226354,2.657941,-2.160758,2.612912,54.732120,0.711482,-0.264967,0,1,6.130996,0.030000,0.000301,0.128708,5,10,9,5,4
92,6.343966,0.069912,older_sister,4,5,4.000000,4.510120,618.434600,482.978500,618.360200,482.745800,0.244360,610.367900,479.009800,626.352500,486.481700,610.367900,468.104800,626.352500,473.980100,-0.535024,0.278452,-3.038846,-0.246414,0.319223,-3.229638,-0.389376,-3.140185,305.267500,0.137635,0.345802,0,0,6.469808,0.000000,0.000220,0.143330,3,4,9,12,4
92,6.343966,0.069912,player,8,2,7.640143,2.000000,878.438400,459.092600,876.254600,460.510200,2.603551,880.199300,458.120100,872.309800,462.900400,880.199300,447.082500,872.309800,447.640600,4.336932,0.281837,-2.505439,4.194483,0.389650,-2.627501,4.305137,-2.530272,54.737110,0.300160,0.186781,1,0,6.599024,0.030000,0.000136,0.132378,5,8,4,10,4
93,6.412725,0.068932,father,4,6,3.999999,6.471471,535.517900,441.520400,535.921800,441.698600,0.441377,537.685000,441.743200,534.158500,441.653900,537.685000,431.235200,534.158500,432.449200,-1.847354,0.268316,-2.087266,-1.911027,0.235037,-2.084985,-1.886481,-2.081576,125.268300,0.910648,0.053303,0,0,5.494295,0.000000,0.000031,0.130338,7,4,5,8,4
93,6.412725,0.068932,mother,8,11,8.249697,11.000000,523.730300,255.969600,521.966200,256.693200,1.906805,518.081500,257.695800,525.850900,255.690700,518.081500,245.737900,525.850900,246.685700,-2.201307,0.305338,2.612277,-2.061025,0.229937,2.663476,-2.099313,2.656354,54.739800,0.812104,-0.144102,0,1,6.210996,0.030000,0.000046,0.128708,5,10,9,5,4
93,6.412725,0.068932,older_sister,4,5,4.000000,4.510120,618.434600,482.978500,618.360200,482.745800,0.244360,610.367900,479.009800,626.352500,486.481700,610.367900,468.104800,626.352500,473.980100,-0.535024,0.278452,-3.038846,-0.246414,0.319223,-3.229638,-0.389376,-3.140185,305.267500,0.137635,0.345802,0,0,6.469808,0.000000,0.000220,0.143330,3,4,9,12,4
93,6.412725,0.068932,player,8,2,7.720642,2.000000,881.841400,457.390800,881.073700,457.834900,0.886864,880.754000,457.754400,881.393400,457.915300,880.754000,446.528400,881.393400,443.741100,4.346947,0.286649,-2.496102,4.358493,0.361930,-2.500211,4.366581,-2.486819,54.732220,0.400784,-0.007054,1,0,6.679024,0.030000,0.000301,0.132378,5,8,4,10,4
94,6.477872,0.068818,father,4,6,3.999999,6.471471,535.517900,441.520400,535.921800,441.698600,0.441377,537.685000,441.743200,534.158500,441.653900,537.685000,431.235200,534.158500,432.449200,-1.847354,0.268316,-2.087266,-1.911027,0.235037,-2.084985,-1.886481,-2.081576,125.268300,0.910648,0.053303,0,0,5.494295,0.000000,22.284270,0.130338,7,4,5,2,4
94,6.477872,0.068818,mother,8,11,8.330195,11.000000,527.133400,254.268200,527.564100,254.028400,0.492982,528.322600,252.811800,526.805800,255.244900,528.322600,242.354000,526.805800,246.037200,-2.016398,0.267032,2.736987,-2.043784,0.235113,2.674858,-2.037869,2.699799,54.736950,0.912727,0.058231,0,1,6.290996,0.030000,0.000031,0.128708,5,10,9,5,4
94,6.477872,0.068818,older_sister,4,5,4.000000,4.510120,618.434600,482.978500,618.360200,482.745800,0.244360,610.367900,479.009800,626.352500,486.481700,610.367900,468.104800,626.352500,473.980100,-0.535024,0.278452,-3.038846,-0.246414,0.319223,-3.229638,-0.389376,-3.140185,305.267500,0.137635,0.345802,0,0,6.469808,0.000000,0.000220,0.143330,3,4,9,12,4
94,6.477872,0.068818,player,8,2,7.801140,2.000000,885.244500,455.689500,887.450100,454.755500,2.395186,881.255400,457.463100,893.644700,452.047900,881.255400,446.096900,893.644700,440.384600,4.356001,0.290231,-2.488665,4.579696,0.297818,-2.350391,4.428026,-2.443377,54.739490,0.501407,-0.262480,1,0,6.759024,0.030000,0.000110,0.132378,5,8,4,10,4
95,6.544380,0.066641,father,4,6,3.999999,6.471471,535.517900,441.520400,535.921800,441.698600,0.441377,537.685000,441.743200,534.158500,441.653900,537.685000,431.235200,534.158500,432.449200,-1.847354,0.268316,-2.087266,-1.911027,0.235037,-2.084985,-1.886481,-2.081576,125.268300,0.910648,0.053303,0,0,5.494295,0.000000,22.284270,0.130338,7,4,5,2,4
95,6.544380,0.066641,mother,8,11,8.400400,11.000000,530.101300,252.783900,532.933900,251.227600,3.231950,538.193400,247.646100,527.674400,254.809100,538.193400,237.948900,527.674400,245.441400,-1.838175,0.247614,2.868889,-2.028101,0.239198,2.685985,-1.984282,2.737699,54.730070,0.000484,0.260678,0,1,6.360766,0.019771,0.000259,0.128708,5,10,9,5,4
95,6.544380,0.066641,older_sister,4,5,4.000000,4.510120,618.434600,482.978500,618.360200,482.745800,0.244360,610.367900,479.009800,626.352500,486.481700,610.367900,468.104800,626.352500,473.980100,-0.535024,0.278452,-3.038846,-0.246414,0.319223,-3.229638,-0.389376,-3.140185,305.267500,0.137635,0.345802,0,0,6.469808,0.000000,0.000220,0.143330,3,4,9,12,4
95,6.544380,0.066641,player,8,2,7.871346,2.000000,888.212400,454.205600,890.028100,453.439300,1.970825,881.142100,457.507400,898.914100,449.371200,881.142100,445.815400,898.914100,438.367600,4.353955,0.298550,-2.489796,4.674838,0.280970,-2.282041,4.481613,-2.405486,54.735830,0.589163,-0.381948,0,0,6.828794,0.019771,0.000086,0.132378,5,8,4,10,4
96,6.609318,0.064948,father,4,6,3.999999,6.471471,535.517900,441.520400,535.921800,441.698600,0.441377,537.685000,441.743200,534.158500,441.653900,537.685000,431.235200,534.158500,432.449200,-1.847354,0.268316,-2.087266,-1.911027,0.235037,-2.084985,-1.886481,-2.081576,125.268300,0.910648,0.053303,0,0,5.494295,0.000000,22.284270,0.130338,7,4,5,2,4
96,6.609318,0.064948,mother,8,11,8.465754,11.000000,532.864100,251.402800,534.353300,250.746700,1.627320,539.842200,247.159500,528.864500,254.333800,539.842200,238.224800,528.864500,244.641200,-1.808405,0.228142,2.881313,-2.006613,0.247494,2.698122,-1.934397,2.772966,54.740780,0.082175,0.267598,0,0,6.425714,0.014948,0.000000,0.130935,5,10,9,5,4
96,6.609318,0.064948,older_sister,4,5,4.000000,4.510120,618.434600,482.978500,618.360200,482.745800,0.244360,610.367900,479.009800,626.352500,486.481700,610.367900,468.104800,626.352500,473.980100,-0.535024,0.278452,-3.038846,-0.246414,0.319223,-3.229638,-0.389376,-3.140185,305.267500,0.137635,0.345802,0,0,6.469808,0.000000,0.000220,0.129209,3,4,9,12,4
96,6.609318,0.064948,player,8,2,7.936698,2.000000,890.975300,452.824200,890.051800,453.059000,0.952919,881.169300,457.175200,898.934100,448.942800,881.169300,444.613400,898.934100,438.127100,4.354445,0.320759,-2.481313,4.675199,0.276173,-2.271103,4.531498,-2.370212,54.735310,0.670854,-0.383258,0,1,6.893743,0.014948,0.000110,0.124057,5,8,4,10,4
97,6.717872,0.108983,father,4,6,3.999999,6.471471,535.517900,441.520400,535.921800,441.698600,0.441377,537.685000,441.743200,534.158500,441.653900,537.685000,431.235200,534.158500,432.449200,-1.847354,0.268316,-2.087266,-1.911027,0.235037,-2.084985,-1.886481,-2.081576,125.268300,0.910648,0.053303,0,0,5.494295,0.000000,22.284270,0.130338,7,4,5,2,4
97,6.717872,0.108983,mother,9,11,8.546252,11.000000,536.267200,249.701000,535.573200,250.272100,0.898800,540.602700,246.824100,530.543600,253.720200,540.602700,238.035700,530.543600,243.098300,-1.794673,0.224408,2.889878,-1.976297,0.271223,2.713792,-1.872953,2.816418,54.732650,0.182797,0.249960,1,0,6.505714,0.030000,0.000220,0.130935,5,10,9,5,4
97,6.717872,0.108983,older_sister,4,5,4.000000,4.510120,618.434600,482.978500,618.360200,482.745800,0.244360,610.367900,479.009800,626.352500,486.481700,610.367900,468.104800,626.352500,473.980100,-0.535024,0.278452,-3.038846,-0.246414,0.319223,-3.229638,-0.389376,-3.140185,305.267500,0.137635,0.345802,0,0,6.469808,0.000000,0.000220,0.129209,3,4,9,12,4
97,6.717872,0.108983,player,8,2,8.000000,2.000000,893.651400,451.486000,891.008200,452.355800,2.782570,883.887300,455.418300,898.129200,449.293400,883.887300,441.509100,898.129200,438.430500,4.403522,0.355163,-2.436451,4.660665,0.277378,-2.280056,4.579816,-2.336044,54.733960,0.749982,-0.300251,0,1,6.956653,0.012910,0.000193,0.124057,5,8,4,10,4
98,6.784981,0.063822,father,4,6,3.999999,6.471471,535.517900,441.520400,535.921800,441.698600,0.441377,537.685000,441.743200,534.158500,441.653900,537.685000,431.235200,534.158500,432.449200,-1.847354,0.268316,-2.087266,-1.911027,0.235037,-2.084985,-1.886481,-2.081576,125.268300,0.910648,0.053303,0,0,5.494295,0.000000,22.284270,0.130338,7,4,5,2,4
98,6.784981,0.063822,mother,9,11,8.626751,11.000000,539.670300,247.999600,537.871300,249.107300,2.112724,541.092000,246.521400,534.650700,251.693300,541.092000,237.656400,534.650700,239.364500,-1.785839,0.226363,2.897607,-1.902140,0.314809,2.765546,-1.811508,2.859863,54.737520,0.283421,0.171204,1,0,6.585714,0.030000,0.000098,0.130935,5,10,9,5,4
98,6.784981,0.063822,older_sister,4,5,4.000000,4.510120,618.434600,482.978500,618.360200,482.745800,0.244360,610.367900,479.009800,626.352500,486.481700,610.367900,468.104800,626.352500,473.980100,-0.535024,0.278452,-3.038846,-0.246414,0.319223,-3.229638,-0.389376,-3.140185,305.267500,0.137635,0.345802,0,0,6.469808,0.000000,0.000220,0.129209,3,4,9,12,4
98,6.784981,0.063822,player,8,2,8.000001,2.025760,892.562400,450.941700,891.280000,452.691100,2.169125,888.865200,457.151200,893.694900,448.231000,888.865200,442.588300,893.694900,437.312700,4.493400,0.371857,-2.480701,4.580603,0.278794,-2.252929,4.560154,-2.322143,15.918570,0.782182,-0.242955,0,1,6.982253,0.015600,0.000086,0.124057,3,8,4,10,4
99,6.852169,0.067062,father,4,6,3.999999,6.471471,535.517900,441.520400,535.921800,441.698600,0.441377,537.685000,441.743200,534.158500,441.653900,537.685000,431.235200,534.158500,432.449200,-1.847354,0.268316,-2.087266,-1.911027,0.235037,-2.084985,-1.886481,-2.081576,125.268300,0.910648,0.053303,0,0,5.494295,0.000000,22.284270,0.130338,7,4,5,2,4
99,6.852169,0.067062,mother,9,11,8.707115,11.000000,543.067700,246.300800,542.104200,246.771600,1.072379,542.298600,245.833400,541.909900,247.709800,542.298600,236.872100,541.909900,235.721300,-1.764054,0.228822,2.915175,-1.771071,0.306119,2.867264,-1.750166,2.903241,54.734240,0.383876,0.033392,1,0,6.665581,0.029867,0.000164,0.130935,5,10,9,5,4
99,6.852169,0.067062,older_sister,4,5,4.000000,4.510120,618.434600,482.978500,618.360200,482.745800,0.244360,610.367900,479.009800,626.352500,486.481700,610.367900,468.104800,626.352500,473.980100,-0.535024,0.278452,-3.038846,-0.246414,0.319223,-3.229638,-0.389376,-3.140185,305.267500,0.137635,0.345802,0,0,6.469808,0.000000,0.000220,0.129209,3,4,9,12,4
99,6.852169,0.067062,player,8,2,8.000001,2.097973,889.509500,449.415000,889.660100,449.937800,0.544049,889.872300,450.719600,889.447900,449.155900,889.872300,436.243000,889.447900,437.940100,4.511582,0.369652,-2.316474,4.503922,0.286389,-2.276545,4.505033,-2.283160,335.132700,0.872449,-0.039448,0,1,7.054020,0.029867,0.000301,0.124057,3,8,4,10,4
100,6.918365,0.066944,father,4,6,3.999999,6.471471,535.517900,441.520400,535.921800,441.698600,0.441377,537.685000,441.743200,534.158500,441.653900,537.685000,431.235200,534.158500,432.449200,-1.847354,0.268316,-2.087266,-1.911027,0.235037,-2.084985,-1.886481,-2.081576,125.268300,0.910648,0.053303,0,0,5.494295,0.000000,22.284270,0.130338,7,4,5,2,4
100,6.918365,0.066944,mother,9,11,8.774477,11.000000,545.915500,244.876800,546.974600,244.333600,1.190286,543.425200,245.233300,550.524200,243.433900,543.425200,236.260900,550.524200,233.674600,-1.743712,0.229106,2.930498,-1.615537,0.249199,2.976445,-1.698749,2.939602,54.732460,0.468077,-0.131180,1,0,6.732525,0.016944,0.000315,0.130935,5,10,9,5,4
100,6.918365,0.066944,older_sister,4,5,4.000000,4.510120,618.434600,482.978500,618.360200,482.745800,0.244360,610.367900,479.009800,626.352500,486.481700,610.367900,468.104800,626.352500,473.980100,-0.535024,0.278452,-3.038846,-0.246414,0.319223,-3.229638,-0.389376,-3.140185,305.267500,0.137635,0.345802,0,0,6.469808,0.000000,0.000220,0.129209,3,4,9,12,4
100,6.918365,0.066944,player,8,2,8.000001,2.165334,886.661900,447.991400,884.099800,446.910500,2.780749,878.998500,444.655700,889.201100,449.165300,878.998500,432.488300,889.201100,437.709200,4.315251,0.310689,-2.161635,4.499465,0.292524,-2.276785,4.453616,-2.246810,305.259300,0.956650,0.216893,0,1,7.120964,0.016944,0.000061,0.124057,3,8,4,10,4
101,6.985771,0.066804,father,4,6,3.999999,6.471471,535.517900,441.520400,535.921800,441.698600,0.441377,537.685000,441.743200,534.158500,441.653900,537.685000,431.235200,534.158500,432.449200,-1.847354,0.268316,-2.087266,-1.911027,0.235037,-2.084985,-1.886481,-2.081576,125.268300,0.910648,0.053303,0,0,5.494295,0.000000,22.284270,0.130338,7,4,5,2,4
101,6.985771,0.066804,mother,9,11,8.841698,11.000000,548.757200,243.456200,550.928900,242.464700,2.387331,544.276000,244.797300,557.581700,240.132000,544.276000,235.772800,557.581700,230.834000,-1.728350,0.230435,2.941632,-1.488107,0.237419,3.060756,-1.647439,2.975876,54.741470,0.552102,-0.264938,0,0,6.799329,0.016804,0.000061,0.130935,5,10,9,5,4
101,6.985771,0.066804,older_sister,4,5,4.000000,4.510120,618.434600,482.978500,618.360200,482.745800,0.244360,610.367900,479.009800,626.352500,486.481700,610.367900,468.104800,626.352500,473.980100,-0.535024,0.278452,-3.038846,-0.246414,0.319223,-3.229638,-0.389376,-3.140185,305.267500,0.137635,0.345802,0,0,6.469808,0.000000,0.000220,0.129209,3,4,9,12,4
101,6.985771,0.066804,player,8,2,8.000001,2.232554,883.820100,446.570400,880.889200,445.241200,3.218256,872.858400,441.530700,888.919800,448.951800,872.858400,430.147500,888.919800,437.173400,4.204389,0.290662,-2.081839,4.494386,0.300756,-2.271334,4.402308,-2.210525,305.267900,0.040674,0.346186,0,0,7.187768,0.016804,0.000220,0.124057,3,8,4,10,4
102,7.051214,0.066473,father,4,6,3.999999,6.471471,535.517900,441.520400,535.921800,441.698600,0.441377,537.685000,441.743200,534.158500,441.653900,537.685000,431.235200,534.158500,432.449200,-1.847354,0.268316,-2.087266,-1.911027,0.235037,-2.084985,-1.886481,-2.081576,125.268300,0.910648,0.053303,0,0,5.494295,0.000000,22.284270,0.130338,7,4,5,2,4
102,7.051214,0.066473,mother,9,11,8.908585,11.000000,551.584800,242.042300,551.839100,241.811500,0.343402,544.736000,244.503100,558.942300,239.120000,544.736000,234.970100,558.942300,230.226500,-1.720044,0.243420,2.949143,-1.463542,0.227090,3.086599,-1.596385,3.011978,54.734920,0.635711,-0.288793,0,0,6.865802,0.016473,0.000110,0.122312,5,10,9,5,4
102,7.051214,0.066473,older_sister,4,5,4.000000,4.510120,618.434600,482.978500,618.360200,482.745800,0.244360,610.367900,479.009800,626.352500,486.481700,610.367900,468.104800,626.352500,473.980100,-0.535024,0.278452,-3.038846,-0.246414,0.319223,-3.229638,-0.389376,-3.140185,305.267500,0.137635,0.345802,0,0,6.469808,0.000000,0.000220,0.129209,3,4,9,12,4
102,7.051214,0.066473,player,8,2,8.000001,2.299441,880.992400,445.156600,880.484400,444.711000,0.675814,872.428900,440.903300,888.539900,448.518700,872.428900,430.006000,888.539900,436.155000,4.196632,0.278257,-2.065819,4.487526,0.315699,-2.260273,4.351252,-2.174426,305.262000,0.124284,0.349782,0,0,7.254241,0.016473,0.000110,0.129306,3,8,4,10,4
103,7.162850,0.111731,father,4,6,3.999999,6.471471,535.517900,441.520400,535.921800,441.698600,0.441377,537.685000,441.743200,534.158500,441.653900,537.685000,431.235200,534.158500,432.449200,-1.847354,0.268316,-2.087266,-1.911027,0.235037,-2.084985,-1.886481,-2.081576,125.268300,0.910648,0.053303,0,0,5.494295,0.000000,22.284270,0.130338,7,4,5,2,4
103,7.162850,0.111731,mother,9,11,8.989083,11.000000,554.987900,240.340600,553.012000,241.095900,2.115391,546.845500,243.203500,559.178400,238.988200,546.845500,232.345800,559.178400,230.098100,-1.681956,0.277246,2.982327,-1.459278,0.227004,3.089964,-1.534940,3.055432,54.731760,0.736333,-0.243957,0,1,6.945802,0.030000,0.000287,0.122312,5,10,9,5,4
103,7.162850,0.111731,older_sister,4,5,4.000000,4.510120,618.434600,482.978500,618.360200,482.745800,0.244360,610.367900,479.009800,626.352500,486.481700,610.367900,468.104800,626.352500,473.980100,-0.535024,0.278452,-3.038846,-0.246414,0.319223,-3.229638,-0.389376,-3.140185,305.267500,0.137635,0.345802,0,0,6.469808,0.000000,0.000220,0.129209,3,4,9,12,4
103,7.162850,0.111731,player,8,2,8.000001,2.379940,877.589400,443.455200,880.065300,444.326200,2.624697,873.244900,441.381400,886.885700,447.271000,873.244900,430.389500,886.885700,433.625600,4.211367,0.280671,-2.078027,4.457658,0.348428,-2.228416,4.289807,-2.130981,305.262800,0.224906,0.287923,1,0,7.334240,0.030000,0.000031,0.129306,3,8,4,10,4
104,7.230192,0.067522,father,4,6,3.999999,6.471471,535.517900,441.520400,535.921800,441.698600,0.441377,537.685000,441.743200,534.158500,441.653900,537.685000,431.235200,534.158500,432.449200,-1.847354,0.268316,-2.087266,-1.911027,0.235037,-2.084985,-1.886481,-2.081576,125.268300,0.910648,0.053303,0,0,5.494295,0.000000,22.284270,0.130338,7,4,5,2,4
104,7.230192,0.067522,mother,9,11,9.069582,11.000000,558.391100,238.639100,557.013800,239.252400,1.507638,554.131000,239.827300,559.896500,238.677600,554.131000,227.825900,559.896500,229.606700,-1.550412,0.306447,3.068539,-1.446312,0.231618,3.097896,-1.473495,3.098877,54.737520,0.836956,-0.101947,0,1,7.025802,0.030000,0.000220,0.122312,5,10,9,5,4
104,7.230192,0.067522,older_sister,4,5,4.000000,4.510120,618.434600,482.978500,618.360200,482.745800,0.244360,610.367900,479.009800,626.352500,486.481700,610.367900,468.104800,626.352500,473.980100,-0.535024,0.278452,-3.038846,-0.246414,0.319223,-3.229638,-0.389376,-3.140185,305.267500,0.137635,0.345802,0,0,6.469808,0.000000,0.000220,0.129209,3,4,9,12,4
104,7.230192,0.067522,player,8,2,8.000001,2.460438,874.186300,441.753400,876.570900,442.712600,2.570305,873.037000,441.299900,880.104700,444.125200,873.037000,430.214600,880.104700,428.615800,4.207613,0.283056,-2.075946,4.335224,0.396023,-2.148089,4.228363,-2.087527,305.267900,0.325529,0.145845,1,0,7.414240,0.030000,0.000246,0.129306,3,8,4,10,4
105,7.297034,0.065560,father,4,6,3.999999,6.471471,535.517900,441.520400,535.921800,441.698600,0.441377,537.685000,441.743200,534.158500,441.653900,537.685000,431.235200,534.158500,432.449200,-1.847354,0.268316,-2.087266,-1.911027,0.235037,-2.084985,-1.886481,-2.081576,125.268300,0.910648,0.053303,0,0,5.494295,0.000000,22.284270,0.130338,7,4,5,2,4
105,7.297034,0.065560,mother,9,11,9.150080,11.000000,561.794100,236.937500,562.986800,236.289100,1.357526,565.097800,234.368600,560.875800,238.209700,565.097800,224.428400,560.875800,228.967400,-1.352401,0.253818,3.207922,-1.428631,0.235995,3.109843,-1.412050,3.142327,54.734540,0.937579,0.118869,0,1,7.105802,0.030000,0.000259,0.122312,5,10,9,5,4
105,7.297034,0.065560,older_sister,4,5,4.000000,4.510120,618.434600,482.978500,618.360200,482.745800,0.244360,610.367900,479.009800,626.352500,486.481700,610.367900,468.104800,626.352500,473.980100,-0.535024,0.278452,-3.038846,-0.246414,0.319223,-3.229638,-0.389376,-3.140185,305.267500,0.137635,0.345802,0,0,6.469808,0.000000,0.000220,0.129209,3,4,9,12,4
105,7.297034,0.065560,player,8,3,8.000001,2.540937,870.783100,440.052000,870.814200,440.013600,0.049363,872.296300,441.000600,869.332200,439.026700,872.296300,429.731400,869.332200,425.784200,4.194238,0.287752,-2.068304,4.140720,0.338138,-2.017901,4.166918,-2.044081,305.263100,0.426152,-0.072797,1,0,7.494240,0.030000,0.000110,0.129306,3,8,4,10,4
106,7.353220,0.066576,father,4,6,3.999999,6.471471,535.517900,441.520400,535.921800,441.698600,0.441377,537.685000,441.743200,534.158500,441.653900,537.685000,431.235200,534.158500,432.449200,-1.847354,0.268316,-2.087266,-1.911027,0.235037,-2.084985,-1.886481,-2.081576,125.268300,0.910648,0.053303,0,0,5.494295,0.000000,22.284270,0.130338,7,4,5,2,4
106,7.353220,0.066576,mother,9,11,9.221913,11.000000,564.830900,235.419100,567.234600,234.129400,2.727799,572.539600,230.549200,561.929400,237.709600,572.539600,221.143600,561.929400,228.263500,-1.218035,0.240167,3.305448,-1.409607,0.241199,3.122612,-1.357221,3.181099,54.734190,0.027370,0.261980,0,1,7.177190,0.021389,0.000315,0.122312,5,10,9,5,4
106,7.353220,0.066576,older_sister,4,5,4.000000,4.511961,618.356800,482.939700,618.356500,482.742700,0.196991,610.372800,479.026500,626.340200,486.458900,610.372800,468.119800,626.340200,473.932200,-0.534935,0.278496,-3.039273,-0.246635,0.319862,-3.229055,-0.390781,-3.139194,305.211500,0.139937,0.344977,0,0,6.471638,0.001830,18.453670,0.129209,3,4,9,7,4
106,7.353220,0.066576,player,8,3,8.000001,2.612771,867.746300,438.533500,865.533800,437.222900,2.571583,871.900100,440.829700,859.167600,433.616100,871.900100,429.447000,859.167600,422.058700,4.187085,0.290651,-2.063940,3.957192,0.295111,-1.879744,4.112087,-2.005309,305.264800,0.515944,-0.294052,1,0,7.565629,0.021389,0.000164,0.129306,3,8,4,10,4
107,7.408279,0.069895,father,4,6,3.999999,6.471471,535.517900,441.520400,535.921800,441.698600,0.441377,537.685000,441.743200,534.158500,441.653900,537.685000,431.235200,534.158500,432.449200,-1.847354,0.268316,-2.087266,-1.911027,0.235037,-2.084985,-1.886481,-2.081576,125.268300,0.910648,0.053303,0,0,5.494295,0.000000,22.284270,0.130338,7,4,5,2,4
107,7.408279,0.069895,mother,9,11,9.292244,11.000000,567.804100,233.932600,568.654000,233.681600,0.886134,574.172900,230.109100,563.135100,237.254100,574.172900,221.297900,563.135100,227.329100,-1.188545,0.224990,3.316686,-1.387839,0.253430,3.134243,-1.303536,3.219056,54.738250,0.115284,0.268054,0,0,7.247086,0.019895,0.000179,0.122312,5,10,9,5,4
107,7.408279,0.069895,older_sister,4,5,4.000000,4.543659,617.016700,482.269600,618.261100,482.607800,1.289507,610.659100,479.187900,625.863200,486.027600,610.659100,468.255500,625.863200,473.047400,-0.529767,0.279154,-3.043395,-0.255248,0.331442,-3.218041,-0.414976,-3.122084,305.265600,0.179559,0.324975,1,0,6.503139,0.012946,17.255060,0.129209,3,4,9,7,4
107,7.408279,0.069895,player,8,3,8.000001,2.683101,864.773100,437.046900,863.563200,436.379500,1.381806,872.047700,440.944300,855.078600,431.814600,872.047700,429.140200,855.078600,420.875800,4.189750,0.301409,-2.066865,3.883364,0.279317,-1.833745,4.058403,-1.967349,305.264600,0.603857,-0.384755,0,0,7.635524,0.019895,0.000136,0.129306,3,8,4,10,4
108,7.461047,0.053840,father,4,6,3.999999,6.471471,535.517900,441.520400,535.921800,441.698600,0.441377,537.685000,441.743200,534.158500,441.653900,537.685000,431.235200,534.158500,432.449200,-1.847354,0.268316,-2.087266,-1.911027,0.235037,-2.084985,-1.886481,-2.081576,125.268300,0.910648,0.053303,0,0,5.494295,0.000000,22.284270,0.130338,7,4,5,2,4
108,7.461047,0.053840,mother,9,11,9.346419,11.000000,570.094400,232.787300,569.396000,233.360900,0.903754,574.423200,229.913700,564.368700,236.808100,574.423200,221.125200,564.368700,226.183900,-1.184026,0.224411,3.321675,-1.365565,0.271281,3.145632,-1.262184,3.248299,54.733120,0.183003,0.249866,1,0,7.300925,0.003840,0.000273,0.124730,5,10,9,5,4
108,7.461047,0.053840,older_sister,4,5,4.000000,4.593258,614.919900,481.221000,617.665300,482.238500,2.927826,611.246300,479.489000,624.084100,484.988000,611.246300,468.484800,624.084100,470.940900,-0.519163,0.280984,-3.051082,-0.287370,0.358686,-3.191496,-0.452835,-3.095309,305.269900,0.241558,0.270325,1,0,6.552432,0.003840,15.379490,0.130956,3,4,9,7,4
108,7.461047,0.053840,player,8,3,8.000001,2.737277,862.482800,435.901800,863.124100,436.452600,0.845353,871.565700,440.999500,854.682600,431.905700,871.565700,428.428400,854.682600,421.090500,4.181046,0.320997,-2.068276,3.876214,0.276160,-1.836071,4.017051,-1.938109,305.263900,0.671576,-0.382958,0,1,7.689364,0.003840,0.000136,0.124059,3,8,4,10,4
109,7.559527,0.097776,father,4,6,3.999999,6.471471,535.517900,441.520400,535.921800,441.698600,0.441377,537.685000,441.743200,534.158500,441.653900,537.685000,431.235200,534.158500,432.449200,-1.847354,0.268316,-2.087266,-1.911027,0.235037,-2.084985,-1.886481,-2.081576,125.268300,0.910648,0.053303,0,0,5.494295,0.000000,22.284270,0.130338,7,4,5,2,4
109,7.559527,0.097776,mother,9,11,9.426918,11.000000,573.497500,231.085900,571.698500,232.193300,2.112500,574.914200,229.610000,568.482800,234.776500,574.914200,220.745000,568.482800,222.444600,-1.175160,0.226364,3.329430,-1.291283,0.314886,3.197507,-1.200740,3.291745,54.737060,0.283626,0.170979,1,0,7.380925,0.030000,0.000179,0.124730,5,10,9,5,4
109,7.559527,0.097776,older_sister,4,5,4.000000,4.673757,611.516800,479.519700,613.684900,480.425600,2.349777,610.828200,479.315200,616.541700,481.536000,610.828200,468.194500,616.541700,466.022100,-0.526714,0.283959,-3.046643,-0.423553,0.396139,-3.103352,-0.514280,-3.051867,305.260100,0.342180,0.116972,1,0,6.632432,0.030000,12.335880,0.130956,3,4,9,7,4
109,7.559527,0.097776,player,8,3,8.000001,2.817775,859.079700,434.200100,861.051500,435.676700,2.463416,866.617700,438.986200,855.485100,432.367100,866.617700,424.616900,855.485100,421.467400,4.091710,0.366913,-2.016868,3.890703,0.278318,-1.847854,3.955606,-1.894656,305.267400,0.772199,-0.261703,0,1,7.769364,0.030000,0.000301,0.124059,3,8,4,10,4
110,7.601886,0.042734,father,4,6,3.999999,6.471471,535.517900,441.520400,535.921800,441.698600,0.441377,537.685000,441.743200,534.158500,441.653900,537.685000,431.235200,534.158500,432.449200,-1.847354,0.268316,-2.087266,-1.911027,0.235037,-2.084985,-1.886481,-2.081576,125.268300,0.910648,0.053303,0,0,5.494295,0.000000,22.284270,0.130338,7,4,5,2,4
110,7.601886,0.042734,mother,9,11,9.487806,11.000000,576.071500,229.798700,574.709000,230.506000,1.535112,575.782200,229.109000,573.635900,231.902900,575.782200,220.164900,573.635900,219.372100,-1.159488,0.228382,3.342224,-1.198241,0.319968,3.270882,-1.154264,3.324612,54.732050,0.359735,0.072833,1,0,7.441435,0.010510,0.000356,0.124730,5,10,9,5,4
110,7.601886,0.042734,older_sister,4,5,4.000000,4.734644,608.942700,478.232500,609.237400,478.326500,0.309306,610.248600,479.073900,608.226300,477.579100,610.248600,467.818100,608.226300,464.042400,-0.537178,0.287410,-3.040484,-0.573692,0.345654,-3.002315,-0.560756,-3.019000,305.267900,0.418289,-0.051850,1,0,6.692942,0.010510,10.033430,0.130956,3,4,9,7,4
110,7.601886,0.042734,player,8,3,8.000001,2.878663,856.505700,432.913300,857.612000,433.661700,1.335590,859.733600,434.991000,855.490600,432.332300,859.733600,420.010100,855.490600,421.197700,3.967411,0.382530,-1.914853,3.890801,0.284315,-1.846963,3.909131,-1.861800,305.258500,0.848308,-0.101747,0,1,7.829874,0.010510,0.000086,0.124059,3,8,4,10,4
111,7.639162,0.040934,father,4,6,3.999999,6.471471,535.517900,441.520400,535.921800,441.698600,0.441377,537.685000,441.743200,534.158500,441.653900,537.685000,431.235200,534.158500,432.449200,-1.847354,0.268316,-2.087266,-1.911027,0.235037,-2.084985,-1.886481,-2.081576,125.268300,0.910648,0.053303,0,0,5.494295,0.000000,22.284270,0.130338,7,4,5,2,4
111,7.639162,0.040934,mother,10,11,9.528995,11.000000,577.812800,228.928200,577.442100,229.083200,0.401825,576.497700,228.721800,578.386500,229.444600,576.497700,219.756900,578.386500,218.254700,-1.146569,0.228912,3.352110,-1.112466,0.285726,3.333654,-1.122824,3.346840,54.739290,0.411221,-0.017191,1,0,7.482369,0.040934,0.000259,0.124730,5,10,9,5,4
111,7.639162,0.040934,older_sister,4,5,4.000000,4.775833,607.201500,477.361900,605.897300,476.616700,1.502074,609.937200,478.944600,601.857400,474.288800,609.937200,467.607400,601.857400,462.259900,-0.542801,0.289488,-3.037181,-0.688687,0.307152,-2.918299,-0.592196,-2.996768,305.265100,0.469776,-0.187752,1,0,6.733876,0.040934,8.475959,0.130956,3,4,9,7,4
111,7.639162,0.040934,player,8,3,8.000000,2.919852,854.764400,432.042700,854.480600,432.019900,0.284725,853.498900,431.737500,855.462300,432.302300,853.498900,418.036500,855.462300,421.006000,3.854841,0.349849,-1.831777,3.890292,0.288444,-1.846198,3.877691,-1.839568,305.265200,0.899794,0.037271,0,1,7.870808,0.040934,0.000086,0.124059,3,8,4,10,4
112,7.675344,0.036444,father,4,6,3.999999,6.471471,535.517900,441.520400,535.921800,441.698600,0.441377,537.685000,441.743200,534.158500,441.653900,537.685000,431.235200,534.158500,432.449200,-1.847354,0.268316,-2.087266,-1.911027,0.235037,-2.084985,-1.886481,-2.081576,125.268300,0.910648,0.053303,0,0,5.494295,0.000000,22.284270,0.130338,7,4,5,2,4
112,7.675344,0.036444,mother,10,11,9.565666,11.000000,579.363100,228.153000,580.186300,227.716900,0.931616,577.118700,228.390700,583.254100,227.043000,577.118700,219.420300,583.254100,217.118200,-1.135358,0.229055,3.360563,-1.024579,0.253425,3.394977,-1.094833,3.366635,54.733180,0.457060,-0.110318,1,0,7.518814,0.036444,0.000287,0.124730,5,10,9,5,4
112,7.675344,0.036444,older_sister,4,5,4.000000,4.812504,605.651200,476.586800,603.443100,475.279300,2.566215,609.794600,478.877600,597.091600,471.681100,609.794600,467.495300,597.091600,460.121500,-0.545376,0.290639,-3.035470,-0.774735,0.295166,-2.851711,-0.620187,-2.976977,305.261300,0.515615,-0.293363,1,0,6.770320,0.036444,7.089417,0.130956,3,4,9,7,4
112,7.675344,0.036444,player,8,3,8.000000,2.956523,853.214100,431.267600,851.130900,430.399700,2.256794,846.859100,428.528000,855.402500,432.271500,846.859100,416.131100,855.402500,420.850100,3.734957,0.316549,-1.749824,3.889211,0.291639,-1.845411,3.849699,-1.819778,305.260600,0.945633,0.181136,0,1,7.907252,0.036444,0.000000,0.124059,3,8,4,10,4
113,7.713911,0.038152,father,4,6,3.999999,6.471471,535.517900,441.520400,535.921800,441.698600,0.441377,537.685000,441.743200,534.158500,441.653900,537.685000,431.235200,534.158500,432.449200,-1.847354,0.268316,-2.087266,-1.911027,0.235037,-2.084985,-1.886481,-2.081576,125.268300,0.910648,0.053303,0,0,5.494295,0.000000,22.284270,0.130338,7,4,5,2,4
113,7.713911,0.038152,mother,10,11,9.604056,11.000000,580.986100,227.341500,582.758900,226.502000,1.961478,577.664300,228.106300,587.853500,224.897600,577.664300,219.138900,587.853500,215.432900,-1.125505,0.228978,3.367825,-0.941535,0.241677,3.449758,-1.065529,3.387357,54.735250,0.505047,-0.197515,1,0,7.556966,0.038152,0.000315,0.124730,5,10,9,5,4
113,7.713911,0.038152,older_sister,4,5,4.000000,4.850894,604.028300,475.775300,601.674700,474.346100,2.753563,609.809300,478.886000,593.540000,469.806100,609.809300,467.345200,593.540000,458.579500,-0.545110,0.294687,-3.035686,-0.838861,0.286665,-2.803836,-0.649490,-2.956255,305.266000,0.563602,-0.373706,0,0,6.808472,0.038152,5.637801,0.130956,3,4,9,7,4
113,7.713911,0.038152,player,8,3,8.000000,2.994913,851.591200,430.456100,847.776200,428.814300,4.153220,840.164300,425.368900,855.388200,432.259700,840.164300,413.510100,855.388200,420.668900,3.614079,0.302806,-1.669157,3.888953,0.295966,-1.845111,3.820396,-1.799056,305.266000,0.993620,0.326020,0,1,7.945405,0.038152,0.000061,0.124059,3,8,4,10,4
114,7.751524,0.037790,father,4,6,3.999999,6.471471,535.517900,441.520400,535.921800,441.698600,0.441377,537.685000,441.743200,534.158500,441.653900,537.685000,431.235200,534.158500,432.449200,-1.847354,0.268316,-2.087266,-1.911027,0.235037,-2.084985,-1.886481,-2.081576,125.268300,0.910648,0.053303,0,0,5.494295,0.000000,22.284270,0.130338,7,4,5,2,4
114,7.751524,0.037790,mother,10,11,9.642081,11.000000,582.593600,226.537700,584.764000,225.546700,2.385913,578.099900,227.885500,591.428100,223.207800,578.099900,218.859600,591.428100,213.911900,-1.117641,0.230470,3.373466,-0.876993,0.237367,3.492906,-1.036504,3.407879,54.736790,0.552579,-0.265449,0,0,7.594756,0.037790,0.000301,0.128586,5,10,9,5,4
114,7.751524,0.037790,older_sister,4,5,4.000000,4.888920,602.420700,474.971600,601.372800,474.418000,1.185136,609.927800,479.003900,592.817800,469.832100,609.927800,467.137100,592.817800,458.898900,-0.542971,0.303011,-3.038696,-0.851901,0.279173,-2.804499,-0.678515,-2.935733,305.263200,0.611135,-0.387454,0,0,6.846262,0.037790,4.199997,0.129214,3,4,9,7,4
114,7.751524,0.037790,player,8,3,8.000001,3.032939,849.983600,429.652300,847.065600,428.327600,3.204713,839.033300,424.615700,855.097700,432.039500,839.033300,413.238000,855.097700,420.259000,3.593658,0.290521,-1.649925,3.883709,0.300807,-1.839487,3.791372,-1.778533,305.263800,0.041152,0.346269,0,0,7.983195,0.037790,0.000031,0.143312,3,8,4,10,4
115,7.837216,0.083524,father,4,6,3.999999,6.471471,535.517900,441.520400,535.921800,441.698600,0.441377,537.685000,441.743200,534.158500,441.653900,537.685000,431.235200,534.158500,432.449200,-1.847354,0.268316,-2.087266,-1.911027,0.235037,-2.084985,-1.886481,-2.081576,125.268300,0.910648,0.053303,0,0,5.494295,0.000000,22.284270,0.130338,7,4,5,2,4
115,7.837216,0.083524,mother,10,11,9.722580,11.000000,585.996700,224.836300,585.781900,224.807300,0.216793,578.691200,227.482000,592.872500,222.132600,578.691200,217.761400,592.872500,213.273800,-1.106964,0.248210,3.383768,-0.850913,0.226204,3.520362,-0.975060,3.451324,54.737210,0.653202,-0.287929,0,1,7.674756,0.030000,0.000233,0.128586,5,10,9,5,4
115,7.837216,0.083524,older_sister,4,5,4.000000,4.969419,599.017600,473.270100,600.701200,474.463800,2.063898,608.382000,478.713600,593.020500,470.214100,608.382000,465.653600,593.020500,459.377400,-0.570881,0.333479,-3.031284,-0.848241,0.276709,-2.814253,-0.739961,-2.892287,305.262600,0.711757,-0.351766,0,1,6.926262,0.030000,1.156221,0.129214,3,4,9,7,4
115,7.837216,0.083524,player,8,3,8.000001,3.113437,846.580600,427.950600,846.639700,427.781300,0.179344,838.673000,424.070900,854.606400,431.491700,838.673000,413.163100,854.606400,418.944700,3.587150,0.278524,-1.636014,3.874839,0.320379,-1.825499,3.729927,-1.735080,305.267900,0.141775,0.344296,0,0,8.063195,0.030000,0.000220,0.143312,3,8,4,10,4
116,7.872985,0.038539,father,4,6,3.999999,6.471471,535.517900,441.520400,535.921800,441.698600,0.441377,537.685000,441.743200,534.158500,441.653900,537.685000,431.235200,534.158500,432.449200,-1.847354,0.268316,-2.087266,-1.911027,0.235037,-2.084985,-1.886481,-2.081576,125.268300,0.910648,0.053303,0,0,5.494295,0.000000,22.284270,0.130338,7,4,5,2,4
116,7.872985,0.038539,mother,10,11,9.764904,11.000000,587.786000,223.941700,586.250500,224.492600,1.631284,579.549600,226.907300,592.951500,222.077800,579.549600,216.574900,592.951500,213.221100,-1.091465,0.263834,3.398441,-0.849488,0.226152,3.521760,-0.942752,3.474168,54.737130,0.706107,-0.268773,0,1,7.716818,0.042062,0.000136,0.128586,5,10,9,5,4
116,7.872985,0.038539,older_sister,4,5,4.000000,5.000000,597.724700,472.623700,599.765400,474.095900,2.516320,606.222100,477.822400,593.308800,470.369300,606.222100,463.913200,593.308800,459.506400,-0.609879,0.355163,-3.008527,-0.843036,0.277378,-2.818217,-0.763304,-2.875781,305.264400,0.749984,-0.300248,0,1,6.956655,0.030392,0.000136,0.129214,3,4,9,7,4
116,7.872985,0.038539,player,8,3,8.000001,3.155762,844.791300,427.056000,846.481900,427.576700,1.768971,839.095800,424.307600,853.867900,430.845700,839.095800,413.356700,853.867900,417.690900,3.594784,0.279624,-1.642058,3.861504,0.335901,-1.809006,3.697620,-1.712238,305.261200,0.194680,0.314163,1,0,8.105257,0.042062,0.000136,0.143312,3,8,4,10,4
117,7.910305,0.036079,father,4,6,3.999999,6.471471,535.517900,441.520400,535.921800,441.698600,0.441377,537.685000,441.743200,534.158500,441.653900,537.685000,431.235200,534.158500,432.449200,-1.847354,0.268316,-2.087266,-1.911027,0.235037,-2.084985,-1.886481,-2.081576,125.268300,0.910648,0.053303,0,0,5.494295,0.000000,22.284270,0.130338,7,4,5,2,4
117,7.910305,0.036079,mother,10,11,9.801208,11.000000,589.320700,223.174400,587.248600,223.956800,2.214931,581.437200,225.857800,593.060000,222.055800,581.437200,214.734700,593.060000,213.149500,-1.057384,0.284021,3.425241,-0.847528,0.227415,3.522323,-0.915042,3.493760,54.738900,0.751488,-0.227400,0,1,7.752898,0.036079,0.000110,0.128586,5,10,9,5,4
117,7.910305,0.036079,older_sister,4,5,4.005239,5.000000,597.946300,472.513000,599.039700,474.428700,2.205803,602.874800,479.418800,595.204700,469.438700,602.874800,465.367800,595.204700,458.564900,-0.670317,0.358782,-3.049289,-0.808804,0.277656,-2.794453,-0.759303,-2.872954,327.210700,0.756534,-0.289230,0,1,6.961862,0.005207,0.000061,0.129214,5,4,9,7,4
117,7.910305,0.036079,player,8,3,8.000001,3.192066,843.256500,426.288600,845.991100,427.302200,2.916381,839.531900,424.531900,852.450100,430.072600,839.531900,413.528300,852.450100,416.060500,3.602659,0.280968,-1.647784,3.835905,0.357791,-1.789264,3.669909,-1.692641,305.267100,0.240061,0.272127,1,0,8.141336,0.036079,0.000220,0.143312,3,8,4,10,4
118,7.950891,0.040657,father,4,6,3.999999,6.471471,535.517900,441.520400,535.921800,441.698600,0.441377,537.685000,441.743200,534.158500,441.653900,537.685000,431.235200,534.158500,432.449200,-1.847354,0.268316,-2.087266,-1.911027,0.235037,-2.084985,-1.886481,-2.081576,125.268300,0.910648,0.053303,0,0,5.494295,0.000000,22.284270,0.130338,7,4,5,2,4
118,7.950891,0.040657,mother,10,11,9.842117,11.000000,591.050200,222.309700,589.175000,223.059800,2.019635,584.940200,224.213900,593.410000,221.905700,584.940200,212.342000,593.410000,212.922200,-0.994136,0.303141,3.467217,-0.841209,0.229390,3.526154,-0.883815,3.515838,54.737730,0.802625,-0.158893,0,1,7.793554,0.040657,0.000031,0.128586,5,10,9,5,4
118,7.950891,0.040657,older_sister,4,5,4.023700,5.000000,598.726700,472.122800,598.559300,474.106900,1.991146,598.930200,478.971000,598.188400,469.242700,598.930200,464.456500,598.188400,458.329500,-0.741537,0.370619,-3.037856,-0.754932,0.278662,-2.789450,-0.745213,-2.862990,351.941200,0.779610,-0.247830,0,1,6.980208,0.018347,0.000086,0.129214,5,4,9,7,4
118,7.950891,0.040657,player,8,3,8.000001,3.232976,841.527000,425.423900,844.202000,426.403600,2.848741,839.370700,424.432500,849.033400,428.374700,839.370700,413.406300,849.033400,413.260500,3.599749,0.281545,-1.645246,3.774215,0.385932,-1.745909,3.638682,-1.670562,305.262800,0.291198,0.200569,1,0,8.181993,0.040657,0.000164,0.143312,3,8,4,10,4
119,7.990247,0.039139,father,4,6,3.999999,6.471471,535.517900,441.520400,535.921800,441.698600,0.441377,537.685000,441.743200,534.158500,441.653900,537.685000,431.235200,534.158500,432.449200,-1.847354,0.268316,-2.087266,-1.911027,0.235037,-2.084985,-1.886481,-2.081576,125.268300,0.910648,0.053303,0,0,5.494295,0.000000,22.284270,0.130338,7,4,5,2,4
119,7.990247,0.039139,mother,10,11,9.881499,11.000000,592.715100,221.477300,591.658200,221.954000,1.159473,589.427500,222.215400,593.888900,221.692500,589.427500,210.416800,593.888900,212.585300,-0.913115,0.301272,3.518246,-0.832562,0.232547,3.531599,-0.853754,3.537094,54.736850,0.851853,-0.073481,0,1,7.832693,0.039139,0.000000,0.128586,5,10,9,5,4
119,7.990247,0.039139,older_sister,4,5,4.054042,5.000000,600.009400,471.481100,599.024600,472.948400,1.767083,597.299400,476.110500,600.749700,469.786200,597.299400,461.014900,600.749700,458.768300,-0.770982,0.385458,-2.964815,-0.708686,0.281335,-2.803328,-0.722053,-2.846606,15.748520,0.817537,-0.172334,0,1,7.010363,0.030154,0.000329,0.129214,5,4,9,7,4
119,7.990247,0.039139,player,8,3,8.000000,3.272359,839.862100,424.591500,842.055400,425.504500,2.375702,839.125400,424.361300,844.985400,426.647700,839.125400,413.244400,844.985400,411.128000,3.595320,0.283863,-1.643430,3.701124,0.396288,-1.701812,3.608622,-1.649306,305.263700,0.340426,0.120095,1,0,8.221132,0.039139,0.000136,0.143312,3,8,4,10,4
120,8.028219,0.038811,father,4,6,3.999999,6.471471,535.517900,441.520400,535.921800,441.698600,0.441377,537.685000,441.743200,534.158500,441.653900,537.685000,431.235200,534.158500,432.449200,-1.847354,0.268316,-2.087266,-1.911027,0.235037,-2.084985,-1.886481,-2.081576,125.268300,0.910648,0.053303,0,0,5.494295,0.000000,22.284270,0.130338,7,4,5,2,4
120,8.028219,0.038811,mother,10,11,9.920552,11.000000,594.366100,220.651600,594.466000,220.579800,0.122988,594.589400,219.682200,594.342500,221.477500,594.589400,208.936200,594.342500,212.286900,-0.819913,0.274394,3.582930,-0.824371,0.234676,3.537089,-0.823946,3.558178,54.727430,0.900669,0.030110,0,1,7.871504,0.038811,0.000233,0.130000,5,10,9,5,4
120,8.028219,0.038811,older_sister,4,5,4.092760,5.000000,601.646200,470.663100,600.900300,471.096800,0.862818,599.686000,471.827800,602.114600,470.365900,599.686000,457.194100,602.114600,459.170900,-0.727891,0.373663,-2.855458,-0.684042,0.285856,-2.818129,-0.692499,-2.825717,39.356170,0.865933,-0.056670,0,1,7.048840,0.038478,0.000061,0.133779,5,4,9,7,4
120,8.028219,0.038811,player,8,3,8.000000,3.311411,838.211200,423.766200,839.384900,424.281000,1.281654,838.754800,424.212900,840.015100,424.349200,838.754800,413.006000,840.015100,409.794700,3.588626,0.286163,-1.639640,3.611383,0.371639,-1.643119,3.578814,-1.628234,305.257400,0.389242,0.020591,1,0,8.259943,0.038811,0.000061,0.135849,3,8,4,10,4
121,8.115755,0.081387,father,4,6,3.999999,6.471471,535.517900,441.520400,535.921800,441.698600,0.441377,537.685000,441.743200,534.158500,441.653900,537.685000,431.235200,534.158500,432.449200,-1.847354,0.268316,-2.087266,-1.911027,0.235037,-2.084985,-1.886481,-2.081576,125.268300,0.910648,0.053303,0,0,5.494295,0.000000,22.284270,0.130338,7,4,5,2,4
121,8.115755,0.081387,mother,10,11,10.000000,11.000000,597.724700,218.972400,600.565100,217.411800,3.240816,605.823600,213.831200,595.306500,220.992400,605.823600,204.129000,595.306500,211.626200,-0.617073,0.247741,3.732333,-0.806967,0.239161,3.549475,-0.763304,3.601056,54.737450,0.999978,0.260620,0,1,7.950459,0.028956,0.000137,0.130000,5,10,9,5,4
121,8.115755,0.081387,older_sister,4,5,4.173258,5.000000,605.049300,468.961600,607.730600,467.404700,3.100504,613.149300,464.373600,602.312000,470.435800,613.149300,452.375400,602.312000,458.945700,-0.484805,0.306368,-2.665120,-0.680479,0.293393,-2.819915,-0.631054,-2.782271,54.737400,0.966557,0.249137,0,1,7.128840,0.030000,0.000031,0.133779,5,4,9,7,4
121,8.115755,0.081387,player,8,3,8.000000,3.391909,834.808100,422.064500,833.050600,421.047600,2.030485,838.148700,423.954700,827.952600,418.140500,838.148700,412.598600,827.952600,406.370300,3.577684,0.289973,-1.633048,3.393588,0.300544,-1.484584,3.517369,-1.584781,305.267900,0.489865,-0.236030,1,0,8.339943,0.030000,0.000110,0.135849,3,8,4,10,4
122,8.154227,0.042968,father,4,6,3.999999,6.471471,535.517900,441.520400,535.921800,441.698600,0.441377,537.685000,441.743200,534.158500,441.653900,537.685000,431.235200,534.158500,432.449200,-1.847354,0.268316,-2.087266,-1.911027,0.235037,-2.084985,-1.886481,-2.081576,125.268300,0.910648,0.053303,0,0,5.494295,0.000000,22.284270,0.130338,7,4,5,2,4
122,8.154227,0.042968,mother,10,11,10.000000,10.965300,599.191700,219.705600,601.703400,219.083600,2.587643,608.307900,216.756600,595.099000,221.410700,608.307900,207.522900,595.099000,211.913200,-0.572220,0.235776,3.657636,-0.810713,0.242513,3.538794,-0.736817,3.582333,71.570870,0.043350,0.263831,0,0,7.984942,0.034483,0.000287,0.130000,7,10,9,5,4
122,8.154227,0.042968,older_sister,4,5,4.217890,5.000000,606.936100,468.018000,610.062100,466.239500,3.596514,617.593600,462.127500,602.530500,470.351400,617.593600,450.524500,602.530500,458.645500,-0.404559,0.296276,-2.607767,-0.676534,0.298905,-2.817761,-0.596987,-2.758178,54.730140,0.022346,0.343308,0,1,7.173195,0.044355,0.000136,0.133779,5,4,9,7,4
122,8.154227,0.042968,player,8,3,8.000001,3.436541,832.921300,421.120900,830.471200,419.641200,2.862219,838.060400,423.912000,822.882000,415.370400,838.060400,412.454200,822.882000,404.013300,3.576092,0.292568,-1.631956,3.302036,0.289997,-1.413852,3.483301,-1.560687,305.268800,0.545654,-0.349690,0,0,8.384298,0.044355,0.000273,0.135849,3,8,4,10,4
123,8.192825,0.038546,father,4,6,3.999999,6.471471,535.517900,441.520400,535.921800,441.698600,0.441377,537.685000,441.743200,534.158500,441.653900,537.685000,431.235200,534.158500,432.449200,-1.847354,0.268316,-2.087266,-1.911027,0.235037,-2.084985,-1.886481,-2.081576,125.268300,0.910648,0.053303,0,0,5.494295,0.000000,22.284270,0.130338,7,4,5,2,4
123,8.192825,0.038546,mother,10,11,10.000000,10.926640,600.825900,220.522900,602.347000,220.553200,1.521479,609.701400,219.567700,594.992600,221.538600,609.701400,210.677400,594.992600,211.782400,-0.547058,0.227009,3.585855,-0.812633,0.249119,3.535528,-0.707310,3.561462,86.671800,0.091672,0.268049,0,0,8.023360,0.038418,0.000110,0.130000,7,10,9,5,4
123,8.192825,0.038546,older_sister,4,5,4.256675,5.000000,608.575800,467.198200,610.679500,466.150300,2.350222,618.440800,462.016700,602.918200,470.283900,618.440800,450.921700,602.918200,458.345900,-0.389263,0.283304,-2.604937,-0.669533,0.304829,-2.816036,-0.567381,-2.737243,54.735210,0.070827,0.350718,0,0,7.211740,0.038546,0.000136,0.133779,5,4,9,7,4
123,8.192825,0.038546,player,8,3,8.000001,3.475327,831.281600,420.301000,829.821000,419.459900,1.685456,838.224800,424.013400,821.417400,414.906300,838.224800,412.286200,821.417400,403.939300,3.579058,0.299447,-1.634546,3.275591,0.280038,-1.402002,3.453695,-1.539752,305.265700,0.594136,-0.382040,0,0,8.422844,0.038546,0.000301,0.135849,3,8,4,10,4
124,8.232734,0.039659,father,4,6,3.999999,6.471471,535.517900,441.520400,535.921800,441.698600,0.441377,537.685000,441.743200,534.158500,441.653900,537.685000,431.235200,534.158500,432.449200,-1.847354,0.268316,-2.087266,-1.911027,0.235037,-2.084985,-1.886481,-2.081576,125.268300,0.910648,0.053303,0,0,5.494295,0.000000,22.284270,0.130338,7,4,5,2,4
124,8.232734,0.039659,mother,10,11,10.000000,10.886740,602.512900,221.366300,602.592600,221.529600,0.181785,609.945100,221.940100,595.240100,221.119200,609.945100,213.154600,595.240100,210.949200,-0.542658,0.224334,3.525277,-0.808165,0.259685,3.546237,-0.676851,3.539929,102.208700,0.141554,0.263935,0,0,8.063019,0.039659,0.000273,0.130000,7,10,9,5,4
124,8.232734,0.039659,older_sister,4,5,4.296581,5.000000,610.262800,466.354500,611.134600,466.105900,0.906518,618.918500,462.000300,603.350700,470.211500,618.918500,451.101600,603.350700,457.882700,-0.380639,0.278291,-2.604519,-0.661724,0.314810,-2.814187,-0.536921,-2.715701,54.731640,0.120709,0.350558,0,0,7.251399,0.039659,0.000246,0.133779,5,4,9,7,4
124,8.232734,0.039659,player,8,4,8.000001,3.515232,829.594600,419.457700,829.434600,419.489300,0.163121,838.060400,424.096800,820.808700,414.881700,838.060400,411.879400,820.808700,404.023300,3.576092,0.311965,-1.636676,3.264602,0.277263,-1.401374,3.423235,-1.518218,305.258200,0.644018,-0.390180,0,0,8.462502,0.039659,0.000136,0.135849,3,8,4,10,4
125,8.272805,0.040555,father,4,6,3.999999,6.471471,535.517900,441.520400,535.921800,441.698600,0.441377,537.685000,441.743200,534.158500,441.653900,537.685000,431.235200,534.158500,432.449200,-1.847354,0.268316,-2.087266,-1.911027,0.235037,-2.084985,-1.886481,-2.081576,125.268300,0.910648,0.053303,0,0,5.494295,0.000000,22.284270,0.130338,7,4,5,2,4
125,8.272805,0.040555,mother,10,11,10.000000,10.845930,604.238000,222.229000,602.971100,221.968100,1.293503,609.477200,223.545800,596.465100,220.390400,609.477200,214.748700,596.465100,209.653800,-0.551106,0.224630,3.484276,-0.786048,0.274152,3.564848,-0.645702,3.517899,118.109400,0.192563,0.245192,1,0,8.103574,0.040555,0.000110,0.130000,7,10,9,5,4
125,8.272805,0.040555,older_sister,4,5,4.337389,5.000000,611.988000,465.492100,611.336500,466.080400,0.877788,618.557400,462.113100,604.115800,470.047700,618.557400,451.188100,604.115800,457.153400,-0.387159,0.278963,-2.607399,-0.647910,0.329249,-2.810005,-0.505772,-2.693679,54.739280,0.171719,0.329875,1,0,7.291954,0.040555,0.000136,0.133779,5,4,9,7,4
125,8.272805,0.040555,player,8,4,8.000000,3.556040,827.869400,418.594900,829.139500,419.552200,1.590520,837.225400,423.965500,821.053700,415.139000,837.225400,411.096500,821.053700,404.321600,3.561014,0.328604,-1.633324,3.269025,0.276216,-1.407942,3.392087,-1.496188,305.269600,0.695028,-0.368534,0,1,8.503057,0.040555,0.000273,0.135849,3,8,4,10,4
126,8.311496,0.038936,father,4,6,3.999999,6.471471,535.517900,441.520400,535.921800,441.698600,0.441377,537.685000,441.743200,534.158500,441.653900,537.685000,431.235200,534.158500,432.449200,-1.847354,0.268316,-2.087266,-1.911027,0.235037,-2.084985,-1.886481,-2.081576,125.268300,0.910648,0.053303,0,0,5.494295,0.000000,22.284270,0.130338,7,4,5,2,4
126,8.311496,0.038936,mother,10,11,10.000000,10.806750,605.894300,223.057100,603.818200,222.248200,2.228088,609.296600,224.008100,598.339800,220.488300,609.296600,215.148100,598.339800,208.898500,-0.554367,0.226236,3.472472,-0.752198,0.295938,3.562348,-0.615798,3.496755,125.262800,0.241536,0.213419,1,0,8.142509,0.038936,0.000123,0.126366,7,10,9,5,4
126,8.311496,0.038936,older_sister,4,5,4.376567,5.000000,613.644200,464.664000,611.764300,465.975300,2.292083,618.051800,462.364600,605.476800,469.585900,618.051800,451.377600,605.476800,456.041000,-0.396287,0.280546,-2.613821,-0.623336,0.345861,-2.798212,-0.475868,-2.672534,54.735980,0.220692,0.291843,1,0,7.330890,0.038936,0.000110,0.130605,5,4,9,7,4
126,8.311496,0.038936,player,8,4,8.000000,3.594679,826.236000,417.778500,828.276900,419.225100,2.501626,834.991800,423.058100,821.562000,415.392000,834.991800,409.296800,821.562000,404.538800,3.520686,0.351386,-1.610152,3.278202,0.277131,-1.414405,3.362594,-1.475341,305.255400,0.743327,-0.311000,0,1,8.541457,0.038400,0.000031,0.125480,3,8,4,10,4
127,8.397679,0.082321,father,4,6,3.999999,6.471471,535.517900,441.520400,535.921800,441.698600,0.441377,537.685000,441.743200,534.158500,441.653900,537.685000,431.235200,534.158500,432.449200,-1.847354,0.268316,-2.087266,-1.911027,0.235037,-2.084985,-1.886481,-2.081576,125.268300,0.910648,0.053303,0,0,5.494295,0.000000,22.284270,0.130338,7,4,5,2,4
127,8.397679,0.082321,mother,10,11,10.000000,10.726250,609.297400,224.758600,607.653000,223.999500,1.811161,610.471700,224.523000,604.834400,223.475900,610.471700,215.598000,604.834400,210.776500,-0.533149,0.227895,3.459322,-0.634936,0.324270,3.486062,-0.554352,3.453309,125.262600,0.342158,0.098548,1,0,8.222509,0.030000,0.000246,0.126366,7,10,9,5,4
127,8.397679,0.082321,older_sister,4,5,4.457066,5.000000,617.047300,462.962500,614.948400,464.260500,2.467849,618.161100,462.290200,611.735500,466.230700,618.161100,451.214200,611.735500,450.744600,-0.394313,0.282820,-2.611922,-0.510331,0.395428,-2.712540,-0.414424,-2.629088,54.737090,0.321315,0.152820,1,0,7.410890,0.030000,0.000086,0.130605,5,4,9,7,4
127,8.397679,0.082321,player,8,4,8.000000,3.669133,823.088400,416.204600,824.468400,417.118400,1.655103,827.229300,418.789100,821.707500,415.447700,827.229300,403.648800,821.707500,404.356900,3.380529,0.386599,-1.501146,3.280829,0.283198,-1.415826,3.305762,-1.435153,305.265600,0.836395,-0.130664,0,1,8.615451,0.026533,0.000110,0.125480,3,8,4,10,4
128,8.436810,0.043125,father,4,6,3.999999,6.471471,535.517900,441.520400,535.921800,441.698600,0.441377,537.685000,441.743200,534.158500,441.653900,537.685000,431.235200,534.158500,432.449200,-1.847354,0.268316,-2.087266,-1.911027,0.235037,-2.084985,-1.886481,-2.081576,125.268300,0.910648,0.053303,0,0,5.494295,0.000000,22.284270,0.130338,7,4,5,2,4
128,8.436810,0.043125,mother,10,11,10.000000,10.680530,611.230600,225.725200,610.615300,225.393000,0.699231,611.297100,224.899800,609.933500,225.886200,611.297100,215.936000,609.933500,214.334600,-0.518247,0.228886,3.449701,-0.542867,0.294962,3.424516,-0.519448,3.428628,125.264500,0.399321,0.005561,1,0,8.267956,0.045446,0.000193,0.126366,7,10,9,5,4
128,8.436810,0.043125,older_sister,5,5,4.502795,5.000000,618.980500,461.995800,617.648200,462.750500,1.531239,618.492500,462.070600,616.803900,463.430400,618.492500,450.882000,616.803900,448.557800,-0.388331,0.285694,-2.606314,-0.418818,0.379764,-2.641035,-0.379518,-2.604403,54.732650,0.378476,0.044940,1,0,7.456336,0.045446,0.000136,0.130605,5,4,9,7,4
128,8.436810,0.043125,player,8,4,8.000000,3.706858,821.493500,415.407300,821.690700,415.640400,0.305307,821.749300,415.892200,821.632100,415.388700,821.749300,401.705400,821.632100,404.138800,3.281585,0.362250,-1.427175,3.279469,0.287259,-1.414318,3.276967,-1.414794,305.260500,0.883552,-0.009150,0,1,8.652943,0.037492,0.000000,0.125480,3,8,4,10,4
129,8.474770,0.037495,father,4,6,3.999999,6.471471,535.517900,441.520400,535.921800,441.698600,0.441377,537.685000,441.743200,534.158500,441.653900,537.685000,431.235200,534.158500,432.449200,-1.847354,0.268316,-2.087266,-1.911027,0.235037,-2.084985,-1.886481,-2.081576,125.268300,0.910648,0.053303,0,0,5.494295,0.000000,22.284270,0.130338,7,4,5,2,4
129,8.474770,0.037495,mother,10,11,10.000000,10.642800,612.825600,226.522600,613.431000,226.795200,0.663856,611.978800,225.219400,614.883200,228.370900,611.978800,216.250700,614.883200,218.222000,-0.505939,0.229011,3.441541,-0.453498,0.259147,3.361070,-0.490649,3.408265,125.262300,0.446482,-0.089277,1,0,8.305451,0.037495,0.000259,0.126366,7,10,9,5,4
129,8.474770,0.037495,older_sister,5,5,4.540524,5.000000,620.575500,461.198500,620.598900,461.240500,0.048140,618.820300,461.884100,622.377500,460.597000,618.820300,450.615800,622.377500,447.336000,-0.382413,0.287730,-2.601551,-0.318184,0.338613,-2.568686,-0.350720,-2.584044,54.740820,0.425636,-0.071419,1,0,7.493831,0.037495,0.000000,0.130605,5,4,9,7,4
129,8.474770,0.037495,player,8,4,8.000000,3.735194,820.295500,414.808100,819.355500,414.454900,1.004151,817.062500,413.513900,821.648600,415.396000,817.062500,400.405100,821.648600,404.047700,3.196963,0.334725,-1.366446,3.279765,0.289774,-1.414506,3.255337,-1.399493,305.275400,0.918972,0.095354,0,1,8.681104,0.028161,0.000193,0.125480,3,8,4,10,4
130,8.513247,0.039256,father,4,6,3.999999,6.465268,535.780200,441.651200,536.410500,441.938900,0.692904,538.593900,442.190100,534.227200,441.687700,538.593900,431.867700,534.227200,432.472000,-1.830944,0.263577,-2.098677,-1.909787,0.235317,-2.085849,-1.881747,-2.084918,125.220200,0.918401,0.071809,0,1,5.500459,0.006164,21.991220,0.130338,7,4,5,2,4
130,8.513247,0.039256,mother,10,11,10.000000,10.603300,614.495500,227.357600,616.069700,228.176100,1.774242,612.577300,225.503500,619.562200,230.848700,612.577300,216.536000,619.562200,221.333800,-0.495132,0.228979,3.434288,-0.369016,0.242957,3.297800,-0.460497,3.386944,125.265100,0.495857,-0.181775,1,0,8.344707,0.039256,0.000246,0.126366,7,10,9,5,4
130,8.513247,0.039256,older_sister,5,5,4.580024,5.000000,622.245400,460.363200,623.808200,459.684000,1.704004,619.062700,461.738300,628.553600,457.629800,619.062700,450.394600,628.553600,445.682300,-0.378033,0.289655,-2.597828,-0.206670,0.305074,-2.492920,-0.320569,-2.562716,54.726100,0.475013,-0.200484,1,0,7.533087,0.039256,0.000273,0.130605,5,4,9,7,4
130,8.513247,0.039256,player,8,4,7.999999,3.762118,819.157400,414.239200,816.764800,413.235300,2.594660,811.965600,411.120900,821.564200,415.349600,811.965600,398.875200,821.564200,403.906700,3.104934,0.312687,-1.305344,3.278242,0.292188,-1.413320,3.234787,-1.384967,305.256100,0.952627,0.203846,0,1,8.707861,0.026757,0.000086,0.125480,3,8,4,10,4
131,8.552464,0.038976,father,4,6,3.999999,6.446837,536.559400,442.040900,537.962800,442.682200,1.542965,541.452800,443.552800,534.472800,441.811500,541.452800,433.676800,534.472800,432.563800,-1.779325,0.252178,-2.133473,-1.905351,0.236133,-2.089009,-1.867678,-2.094867,125.263500,0.941440,0.128572,0,1,5.518776,0.018317,21.120010,0.130338,7,4,5,2,4
131,8.552464,0.038976,mother,10,11,10.000000,10.564080,616.153500,228.186600,618.206600,229.306500,2.338698,613.061500,225.741400,623.351700,232.871700,613.061500,216.735400,623.351700,223.543000,-0.486391,0.229964,3.428212,-0.300593,0.238202,3.246145,-0.430562,3.365776,125.265300,0.544882,-0.256820,0,0,8.383684,0.038976,0.000233,0.126366,7,10,9,5,4
131,8.552464,0.038976,older_sister,5,5,4.619244,5.000000,623.903400,459.534400,626.509800,458.453500,2.821605,619.195300,461.668700,633.824300,455.238300,619.195300,450.271900,633.824300,443.737100,-0.375641,0.291010,-2.596053,-0.111505,0.293676,-2.431855,-0.290633,-2.541553,54.741470,0.524036,-0.310468,1,0,7.572063,0.038976,0.000136,0.130605,5,4,9,7,4
131,8.552464,0.038976,player,8,4,8.000000,3.786352,818.132900,413.726900,814.602200,412.205900,3.844394,807.634300,409.073700,821.570100,415.338100,807.634300,397.223200,821.570100,403.788300,3.026730,0.302595,-1.253069,3.278350,0.294917,-1.413027,3.216288,-1.371886,305.264400,0.982920,0.297798,0,1,8.731945,0.024084,0.000031,0.125480,3,8,4,10,4
132,8.591310,0.038976,father,4,6,3.999999,6.416177,537.855500,442.689100,540.477000,443.881100,2.879762,546.101300,445.749600,534.852700,442.012600,546.101300,436.183300,534.852700,432.694700,-1.695393,0.244272,-2.189568,-1.898493,0.237926,-2.094145,-1.844275,-2.111418,125.270000,0.979765,0.220919,0,1,5.549246,0.030470,19.670810,0.132181,7,4,5,2,4
132,8.591310,0.038976,mother,10,11,10.000000,10.524860,617.811500,229.015700,619.109300,229.656700,1.447415,613.325300,225.869900,624.893200,233.443600,613.325300,216.670200,624.893200,224.453100,-0.481627,0.234910,3.424931,-0.272762,0.229568,3.231542,-0.400626,3.344604,125.268900,0.593906,-0.282194,0,0,8.422661,0.038976,0.000136,0.122863,7,10,9,5,4
132,8.591310,0.038976,older_sister,5,5,4.658463,5.000000,625.561400,458.705400,628.054600,457.691000,2.691689,619.134000,461.698000,636.975200,453.683900,619.134000,450.103900,636.975200,442.527100,-0.376748,0.296050,-2.596800,-0.054613,0.284884,-2.392165,-0.260697,-2.520384,54.734740,0.573060,-0.381168,0,0,7.611039,0.038976,0.000136,0.136408,5,4,9,7,4
132,8.591310,0.038976,player,8,4,8.000000,3.808306,817.204800,413.262800,813.502400,411.659800,4.034515,805.527200,408.027800,821.477700,415.291700,805.527200,396.277700,821.477700,403.633700,2.988685,0.300030,-1.226362,3.276681,0.297681,-1.411844,3.199531,-1.360034,305.271900,0.010361,0.342233,0,1,8.753762,0.021817,0.000164,0.143298,3,8,4,10,4
133,8.676903,0.082816,father,4,6,3.999999,6.335923,541.248300,444.385600,542.664900,445.176700,1.622553,549.275800,447.637200,536.054000,442.716200,549.275800,438.691500,536.054000,433.037000,-1.638075,0.228423,-2.237766,-1.876803,0.247152,-2.112110,-1.783017,-2.154738,125.266900,0.080083,0.267467,0,0,5.629004,0.030000,15.877530,0.132181,7,4,5,2,4
133,8.676903,0.082816,mother,10,10,10.000000,10.444360,621.214600,230.717200,620.221600,230.009200,1.219543,614.595200,226.277400,625.848000,233.740900,614.595200,216.067200,625.848000,224.900200,-0.458699,0.260712,3.414526,-0.255522,0.225742,3.223950,-0.339181,3.301159,125.262800,0.694530,-0.275921,0,1,8.502661,0.030000,0.000179,0.122863,7,10,9,5,4
133,8.676903,0.082816,older_sister,5,5,4.738961,5.000000,628.964500,457.003600,627.944600,457.273900,1.055114,619.086600,461.373700,636.802600,453.174200,619.086600,448.775300,636.802600,442.360200,-0.377603,0.321693,-2.588519,-0.057731,0.276130,-2.379150,-0.199253,-2.476931,54.732190,0.673682,-0.382053,0,1,7.691039,0.030000,0.000356,0.136408,5,4,9,7,4
133,8.676903,0.082816,player,8,4,7.999999,3.847550,815.545700,412.433300,813.127700,411.272900,2.681969,805.052600,407.504900,821.203000,415.041000,805.052600,396.314500,821.203000,403.170700,2.980115,0.285742,-1.213012,3.271720,0.303101,-1.405440,3.169576,-1.338855,305.261500,0.059417,0.349193,0,0,8.792764,0.013636,0.000086,0.143298,3,8,4,10,4
134,8.714063,0.040611,father,4,6,3.999999,6.292226,543.095600,445.309000,543.244900,445.565000,0.296362,549.806600,448.004800,536.683200,443.125300,549.806600,439.216600,536.683200,433.024100,-1.628492,0.224401,-2.247152,-1.865442,0.257927,-2.122557,-1.749663,-2.178317,125.257500,0.134705,0.265407,0,0,5.672431,0.043427,13.812290,0.132181,7,4,5,2,4
134,8.714063,0.040611,mother,10,10,10.000000,10.400660,623.061900,231.640900,621.332900,230.526400,2.057086,616.795700,227.258400,625.869900,233.794400,616.795700,216.175100,625.869900,224.890800,-0.418966,0.283006,3.389476,-0.255126,0.227347,3.222585,-0.305827,3.277574,125.265100,0.749150,-0.230130,0,1,8.546087,0.043427,0.000123,0.122863,7,10,9,5,4
134,8.714063,0.040611,older_sister,5,5,4.782659,5.000000,630.811800,456.080200,628.360000,456.920000,2.591635,620.552900,460.378000,636.167100,453.462000,620.552900,446.964800,636.167100,442.619000,-0.351128,0.342500,-2.563095,-0.069204,0.276872,-2.386500,-0.165897,-2.453352,54.743630,0.728305,-0.332150,0,1,7.734466,0.043427,0.000110,0.136408,5,4,9,7,4
134,8.714063,0.040611,player,8,4,8.000000,3.865926,814.768900,412.044900,812.997300,411.107600,2.004241,804.883700,407.291600,821.110800,414.923700,804.883700,396.271900,821.110800,402.905300,2.977068,0.281382,-1.207564,3.270056,0.306881,-1.402445,3.155550,-1.328936,305.265300,0.082386,0.351739,0,0,8.811026,0.018262,0.000110,0.143298,3,8,4,10,4
135,8.752440,0.038698,father,4,6,3.999999,6.253287,544.741800,446.132400,543.735700,445.853900,1.043923,550.003600,448.054700,537.467700,443.653200,550.003600,439.265800,537.467700,433.024800,-1.624934,0.224418,-2.248425,-1.851279,0.271389,-2.136035,-1.719941,-2.199340,125.271700,0.183378,0.249693,1,0,5.711128,0.038698,11.971700,0.132181,7,4,5,2,4
135,8.752440,0.038698,mother,10,10,10.000000,10.361720,624.708100,232.463900,623.052600,231.434800,1.949287,619.946500,228.907300,626.158600,233.962300,619.946500,217.091900,626.158600,224.988700,-0.362078,0.301701,3.347371,-0.249914,0.229136,3.218297,-0.276105,3.256558,125.263200,0.797823,-0.166101,0,1,8.584785,0.038698,0.000233,0.122863,7,10,9,5,4
135,8.752440,0.038698,older_sister,5,5,4.821597,5.000000,632.457900,455.256900,629.865000,456.066400,2.716372,623.802400,458.577700,635.927600,453.555100,623.802400,444.114000,635.927600,442.646800,-0.292457,0.369322,-2.517124,-0.073529,0.278535,-2.388875,-0.136176,-2.432330,54.727620,0.776978,-0.252796,0,1,7.773164,0.038698,0.000301,0.136408,5,4,9,7,4
135,8.752440,0.038698,player,8,4,8.000000,3.880929,814.134600,411.727600,812.910900,410.991900,1.427854,804.799700,407.157300,821.022200,414.826500,804.799700,396.220700,821.022200,402.664000,2.975549,0.279260,-1.204135,3.268457,0.310564,-1.399964,3.144098,-1.320834,305.280000,0.101139,0.352218,0,0,8.825935,0.014910,0.000246,0.143298,3,8,4,10,4
136,8.789186,0.036610,father,4,6,4.000000,6.216450,546.299100,446.911000,544.360300,446.181100,2.071610,550.051100,448.046900,538.669500,444.315400,550.051100,439.197700,538.669500,432.978200,-1.624077,0.225960,-2.248227,-1.829579,0.289488,-2.152945,-1.691823,-2.219222,125.264300,0.229426,0.222803,1,0,5.747738,0.036610,10.230580,0.132181,7,4,5,2,4
136,8.789186,0.036610,mother,10,10,10.000000,10.324890,626.265400,233.242500,625.114900,232.604800,1.315459,623.675200,231.026500,626.554600,234.183100,623.675200,219.103800,626.554600,225.094900,-0.294753,0.304438,3.293262,-0.242765,0.232062,3.212660,-0.247986,3.236675,125.264300,0.843870,-0.088983,0,1,8.621394,0.036610,0.000233,0.122863,7,10,9,5,4
136,8.789186,0.036610,older_sister,5,5,4.858435,5.000000,634.015300,454.478300,632.047100,455.166600,2.085159,628.178300,456.747100,635.915700,453.586100,628.178300,441.606400,635.915700,442.546900,-0.213447,0.386609,-2.470382,-0.073744,0.281880,-2.389667,-0.108057,-2.412448,54.736710,0.823026,-0.160668,0,1,7.809774,0.036610,0.000273,0.136408,5,4,9,7,4
136,8.789186,0.036610,player,8,4,8.000000,3.894083,813.578600,411.449700,812.858000,410.908900,0.900861,804.777500,407.081200,820.938600,414.736600,804.777500,396.179400,820.938600,402.437400,2.975150,0.278372,-1.202192,3.266947,0.314054,-1.397669,3.134058,-1.313739,305.247500,0.117582,0.351112,0,0,8.839008,0.013073,0.000110,0.143298,3,8,4,10,4
137,8.826373,0.037232,father,4,6,4.000000,6.178986,547.882800,447.702800,545.790700,446.879900,2.248125,550.494300,448.246900,541.087100,445.512800,550.494300,439.383900,541.087100,433.297400,-1.616075,0.226311,-2.253334,-1.785928,0.311912,-2.183520,-1.663227,-2.239439,125.260900,0.276256,0.178994,1,0,5.784970,0.037232,8.459949,0.132181,7,4,5,2,4
137,8.826373,0.037232,mother,10,10,10.000000,10.287420,627.849200,234.034300,627.723100,233.949100,0.152195,628.453100,233.477300,626.993100,234.420900,628.453100,222.484900,626.993100,225.244500,-0.208486,0.280685,3.230680,-0.234847,0.234311,3.206588,-0.219390,3.216458,125.259600,0.890699,0.007617,0,1,8.658626,0.037232,0.000315,0.122863,7,10,9,5,4
137,8.826373,0.037232,older_sister,5,5,4.895899,5.000000,635.599100,453.686500,634.826200,453.917500,0.806734,633.618500,454.281600,636.033900,453.553400,633.618500,439.740800,636.033900,442.345800,-0.115222,0.371290,-2.407426,-0.071610,0.286179,-2.388832,-0.079460,-2.392230,54.740410,0.869856,-0.046345,0,1,7.847006,0.037232,0.000193,0.136408,5,4,9,7,4
137,8.826373,0.037232,player,8,4,7.999999,3.906612,813.048800,411.184800,812.831700,410.881700,0.372842,804.815700,407.119500,820.847700,414.644000,804.815700,396.218000,820.847700,402.189100,2.975838,0.278362,-1.203170,3.265304,0.318030,-1.395303,3.124493,-1.306975,305.266000,0.133245,0.347275,0,0,8.851460,0.012452,0.000110,0.143298,3,8,4,10,4
138,8.865011,0.038480,father,4,6,4.000000,6.140266,549.519800,448.521000,547.689800,447.709200,2.002006,551.055300,448.482100,544.324200,446.936200,551.055300,439.578300,544.324200,434.217600,-1.605946,0.227354,-2.259341,-1.727480,0.324763,-2.219866,-1.633671,-2.260333,125.256800,0.324656,0.122028,1,0,5.823451,0.038480,6.629879,0.127430,7,4,5,2,4
138,8.865011,0.038480,mother,10,10,10.000000,10.248700,629.486100,234.852800,630.803600,235.456400,1.449174,634.156600,236.264500,627.450600,234.648300,634.156600,226.350100,627.450600,225.404000,-0.105506,0.253160,3.159511,-0.226587,0.236049,3.200780,-0.189835,3.195557,125.267600,0.939099,0.122687,0,1,8.697105,0.038480,0.000259,0.131328,7,10,9,5,4
138,8.865011,0.038480,older_sister,5,5,4.934619,5.000000,637.236000,452.868200,637.994100,452.372500,0.905859,639.962800,451.182700,636.025500,453.562200,639.962800,438.051700,636.025500,442.215800,-0.000671,0.335293,-2.328299,-0.071763,0.289725,-2.389057,-0.049907,-2.371337,54.740690,0.918256,0.093124,0,1,7.885486,0.038480,0.000031,0.137559,5,4,9,7,4
138,8.865011,0.038480,player,8,4,7.999999,3.918803,812.533500,410.927200,812.806600,410.853900,0.282814,804.886000,407.187500,820.727200,414.520200,804.886000,396.276900,820.727200,401.897400,2.977109,0.278595,-1.204906,3.263129,0.322317,-1.392143,3.115188,-1.300399,305.251200,0.148483,0.341638,1,0,8.863576,0.012116,0.000031,0.129179,3,8,4,10,4
139,8.949788,0.082675,father,4,6,4.000000,6.059768,552.922900,450.222700,552.958600,450.207400,0.038921,552.489300,449.136200,553.428000,451.278700,552.489300,440.170400,553.428000,440.540000,-1.580056,0.228934,-2.276041,-1.563106,0.274205,-2.330748,-1.572226,-2.303786,125.267400,0.425278,-0.045427,1,0,5.903450,0.030000,2.825028,0.127430,7,4,5,2,4
139,8.949788,0.082675,mother,10,10,10.000000,10.168200,632.889200,236.554400,635.160200,237.642400,2.518160,641.717600,240.018100,628.602700,235.266700,641.717600,230.747000,628.602700,225.781900,0.031012,0.236735,3.063664,-0.205785,0.242189,3.184989,-0.128390,3.152107,125.265300,0.039721,0.263391,0,0,8.777105,0.030000,0.000179,0.131328,7,10,9,5,4
139,8.949788,0.082675,older_sister,5,5,5.000000,5.000000,640.000000,451.486000,643.582800,449.420500,4.135526,651.060200,445.318100,636.105300,453.522900,651.060200,433.443100,636.105300,441.906500,0.199698,0.303222,-2.178548,-0.070320,0.296620,-2.388055,0.000000,-2.336044,54.732650,0.999982,0.341429,0,1,7.950463,0.014977,0.000193,0.137559,5,4,9,7,4
139,8.949788,0.082675,player,8,4,8.000000,3.942217,811.543700,410.432000,812.732200,410.747600,1.229721,805.109000,407.309000,820.355500,414.186200,805.109000,396.378400,820.355500,401.225700,2.981135,0.279107,-1.208009,3.256418,0.330937,-1.383613,3.097317,-1.287753,305.285100,0.177749,0.326147,1,0,8.886844,0.008389,0.000329,0.129179,3,8,4,10,4
140,8.991199,0.041103,father,4,6,4.000000,6.015717,554.785100,451.153800,556.090800,451.809600,1.461103,553.209600,449.473800,558.972000,454.145300,553.209600,440.501600,558.972000,444.522900,-1.567049,0.229101,-2.284662,-1.463005,0.245704,-2.403947,-1.538603,-2.327559,125.262200,0.480341,-0.153819,1,0,5.947228,0.043778,0.743018,0.127430,7,4,5,2,4
140,8.991199,0.041103,mother,10,10,10.000000,10.124150,634.751500,237.485800,635.843900,238.153500,1.280384,642.461300,240.630300,629.226600,235.676800,642.461300,231.753100,629.226600,225.899200,0.044440,0.226673,3.048034,-0.194521,0.249665,3.174518,-0.094765,3.128327,125.269200,0.094786,0.268134,0,0,8.820884,0.043778,0.000015,0.131328,7,10,9,5,4
140,8.991199,0.041103,older_sister,5,5,5.000000,5.007714,639.673900,451.323000,641.580900,448.549700,3.365748,645.922500,442.586800,637.239500,454.512500,645.922500,430.827700,637.239500,442.857500,0.106933,0.300262,-2.108806,-0.049842,0.297606,-2.413323,-0.005888,-2.331882,29.733170,0.009624,0.342180,0,1,7.958129,0.007666,0.000136,0.137559,3,4,9,7,4
140,8.991199,0.041103,player,8,4,8.000000,3.954117,811.040600,410.180900,812.672800,410.676800,1.705826,805.251600,407.389900,820.094000,413.963800,805.251600,396.442000,820.094000,400.832500,2.983710,0.279548,-1.210074,3.251697,0.335300,-1.377935,3.088234,-1.281340,305.221900,0.192624,0.315739,1,0,8.898670,0.011826,0.000031,0.129179,3,8,4,10,4
141,9.031976,0.040873,father,4,6,4.000000,6.000000,555.449600,451.486000,557.086900,452.343400,1.848219,553.438000,449.584700,560.735800,455.102000,553.438000,440.617500,560.735800,445.611200,-1.562923,0.228972,-2.287494,-1.431159,0.242342,-2.428376,-1.526604,-2.336044,125.265300,0.499988,-0.188923,1,0,5.962848,0.015620,0.000214,0.127430,7,4,5,2,4
141,9.031976,0.040873,mother,10,10,10.000000,10.083030,636.490100,238.354800,636.361400,238.474300,0.175656,642.880300,240.869000,629.842500,236.079700,642.880300,232.085500,629.842500,225.861300,0.052006,0.224281,3.041938,-0.183400,0.260920,3.164232,-0.063373,3.106137,125.255500,0.146195,0.262820,0,0,8.861757,0.040873,0.000273,0.131328,7,10,9,5,4
141,9.031976,0.040873,older_sister,5,5,5.000000,5.028842,638.780700,450.876500,638.905300,448.319500,2.560073,639.353200,441.559000,638.457500,455.079900,639.353200,430.121200,638.457500,443.320100,-0.011678,0.292058,-2.082563,-0.027852,0.300279,-2.427811,-0.022015,-2.320480,4.873499,0.036035,0.345374,0,0,7.979126,0.020997,0.000086,0.137559,3,4,9,7,4
141,9.031976,0.040873,player,8,4,8.000000,3.964787,810.589500,409.955200,812.594900,410.602900,2.107395,805.398600,407.454700,819.791300,413.751200,805.398600,396.486800,819.791300,400.467200,2.986363,0.280058,-1.211729,3.246231,0.339201,-1.372507,3.080089,-1.275576,305.282700,0.205963,0.305001,1,0,8.909275,0.010605,0.000110,0.129179,3,8,4,10,4
142,9.072045,0.039252,father,4,6,4.000000,5.960503,557.119300,452.321000,559.170300,453.440800,2.336864,553.910300,449.817000,564.430400,457.064500,553.910300,440.800000,564.430400,447.754800,-1.554398,0.230244,-2.293427,-1.364451,0.237718,-2.478486,-1.496458,-2.357364,125.268500,0.549359,-0.261938,0,0,6.002100,0.039252,0.000086,0.127430,7,4,5,2,4
142,9.072045,0.039252,mother,10,10,10.000000,10.043530,638.159900,239.189600,636.883300,238.789900,1.337682,643.028600,240.906700,630.738000,236.673000,643.028600,232.106100,630.738000,225.901600,0.054682,0.224718,3.040975,-0.167231,0.275040,3.149081,-0.033225,3.084820,125.262800,0.195567,0.243608,1,0,8.901010,0.039252,0.000315,0.131328,7,10,9,5,4
142,9.072045,0.039252,older_sister,5,5,5.000000,5.061791,637.387800,450.179900,636.648500,448.584300,1.758544,633.212800,442.144800,640.084200,455.023800,633.212800,431.094100,640.084200,443.042800,-0.122548,0.282173,-2.097519,0.001521,0.305927,-2.426378,-0.047165,-2.302691,340.999700,0.077221,0.351335,0,0,8.011871,0.032745,0.000220,0.137559,3,4,9,7,4
142,9.072045,0.039252,player,8,4,8.000000,4.000000,809.100900,409.211000,811.866900,410.219400,2.944130,805.684800,407.600900,818.049200,412.838000,805.684800,396.593500,818.049200,398.588900,2.991531,0.281066,-1.215461,3.214776,0.363841,-1.349189,3.053210,-1.256575,305.258000,0.249978,0.259488,0,0,8.944269,0.000000,0.000061,0.129179,3,-1,-1,10,4
143,9.113280,0.041465,father,4,6,4.000000,5.918780,558.883100,453.202900,560.013800,453.737800,1.250811,554.187000,449.946800,565.840500,457.528700,554.187000,440.698900,565.840500,448.569400,-1.549401,0.236139,-2.296739,-1.338991,0.228771,-2.490340,-1.464610,-2.379882,125.262500,0.601513,-0.283573,0,0,6.043565,0.041465,0.000110,0.127430,7,4,5,2,4
143,9.113280,0.041465,mother,10,10,10.000000,10.001810,639.923700,240.071700,637.826700,239.256300,2.249978,643.180800,240.948900,632.472500,237.563600,643.180800,232.087700,632.472500,225.855100,0.057432,0.226266,3.039898,-0.135912,0.298970,3.126339,-0.001378,3.062299,125.266700,0.247721,0.207771,1,0,8.942474,0.041465,0.000246,0.131328,7,10,9,5,4
143,9.113280,0.041465,older_sister,5,5,5.000000,5.103510,635.624100,449.298300,635.380400,448.894500,0.471633,628.451700,444.141800,642.309000,453.647300,628.451700,433.243100,642.309000,441.232500,-0.208511,0.278293,-2.148513,0.041690,0.317004,-2.391229,-0.079008,-2.280181,315.730500,0.129369,0.348450,0,0,8.053331,0.041460,0.000031,0.137559,3,4,9,7,4
143,9.113280,0.041465,player,8,4,8.000000,4.000000,809.100900,409.211000,811.866900,410.219400,2.944130,805.684800,407.600900,818.049200,412.838000,805.684800,396.593500,818.049200,398.588900,2.991531,0.281066,-1.215461,3.214776,0.363841,-1.349189,3.053210,-1.256575,305.258000,0.249978,0.259488,0,0,8.944269,0.000000,0.000061,0.129179,3,-1,-1,10,4
144,9.155039,0.041937,father,4,6,4.000000,5.876582,560.667100,454.095100,560.608000,453.927100,0.178086,554.681900,450.091800,566.534100,457.762300,554.681900,440.359100,566.534100,448.905200,-1.540466,0.248519,-2.300443,-1.326468,0.226161,-2.496304,-1.432401,-2.402663,125.271100,0.654261,-0.287813,0,1,6.085502,0.041937,0.000086,0.120627,7,4,5,2,4
144,9.155039,0.041937,mother,10,10,10.000000,9.959608,641.707600,240.963700,639.702100,240.124500,2.174059,643.765000,241.210600,635.639200,239.038400,643.765000,232.334200,635.639200,226.485300,0.067980,0.226656,3.033216,-0.078737,0.320535,3.088682,0.030832,3.039521,125.267400,0.300468,0.151815,1,0,8.984411,0.041937,0.000164,0.126772,7,10,9,5,4
144,9.155039,0.041937,older_sister,5,5,5.000000,5.145708,633.840200,448.406100,635.162700,448.776200,1.373324,627.594400,445.380300,642.731000,452.172200,627.594400,434.445200,642.731000,439.163800,-0.223991,0.279222,-2.180137,0.049311,0.332162,-2.353564,-0.111218,-2.257400,305.270500,0.182117,0.323276,1,0,8.095268,0.041937,0.000193,0.129626,3,4,9,7,4
144,9.155039,0.041937,player,8,4,8.000000,4.000000,809.100900,409.211000,811.866900,410.219400,2.944130,805.684800,407.600900,818.049200,412.838000,805.684800,396.593500,818.049200,398.588900,2.991531,0.281066,-1.215461,3.214776,0.363841,-1.349189,3.053210,-1.256575,305.258000,0.249978,0.259488,0,0,8.944269,0.000000,0.000061,0.131027,3,-1,-1,10,4
145,9.248693,0.088049,father,4,6,4.000000,5.796083,564.070200,455.796400,562.330900,454.668600,2.072948,557.954100,451.469500,566.707700,457.867600,557.954100,440.289700,566.707700,448.957500,-1.481384,0.285471,-2.335622,-1.323333,0.227516,-2.498993,-1.370955,-2.446105,125.259900,0.754883,-0.223367,0,1,6.165502,0.030000,0.000164,0.120627,7,4,5,2,4
145,9.248693,0.088049,mother,10,10,10.000000,9.879109,645.110700,242.665200,644.536100,242.352300,0.654311,645.142800,241.821900,643.929300,242.882700,645.142800,232.857900,643.929300,231.383600,0.092856,0.228889,3.017608,0.070945,0.293622,2.990521,0.092277,2.996075,125.262800,0.401091,0.002253,1,0,9.064411,0.030000,0.000233,0.126772,7,10,9,5,4
145,9.248693,0.088049,older_sister,5,5,5.000000,5.226207,630.437100,446.704300,633.150500,447.682200,2.884267,628.020800,445.579500,638.280200,449.785000,628.020800,434.561100,638.280200,434.822800,-0.216292,0.281348,-2.185223,-0.031052,0.382050,-2.292608,-0.172664,-2.213946,305.267500,0.282740,0.213245,1,0,8.175268,0.030000,0.000382,0.129626,3,4,9,7,4
145,9.248693,0.088049,player,8,4,8.000000,4.000000,809.100900,409.211000,811.866900,410.219400,2.944130,805.684800,407.600900,818.049200,412.838000,805.684800,396.593500,818.049200,398.588900,2.991531,0.281066,-1.215461,3.214776,0.363841,-1.349189,3.053210,-1.256575,305.258000,0.249978,0.259488,0,0,8.944269,0.000000,0.000061,0.131027,3,-1,-1,10,4
146,9.297187,0.049532,father,4,6,4.000000,5.738143,566.519600,457.020900,565.107600,456.212500,1.627048,563.008200,454.273400,567.207100,458.151600,563.008200,442.236800,567.207100,449.105900,-1.390130,0.307349,-2.407218,-1.314317,0.230976,-2.506243,-1.326730,-2.477374,125.262100,0.827308,-0.119072,0,1,6.223083,0.007581,0.000273,0.120627,7,4,5,2,4
146,9.297187,0.049532,mother,10,10,10.000000,9.821170,647.560100,243.890000,648.739300,244.473100,1.315450,646.134700,242.286800,651.343900,246.659300,646.134700,233.313900,651.343900,236.965400,0.110766,0.229118,3.005736,0.204821,0.247530,2.894086,0.136502,2.964798,125.268900,0.473516,-0.141259,1,0,9.121992,0.007581,0.000061,0.126772,7,10,9,5,4
146,9.297187,0.049532,older_sister,5,5,5.000001,5.284146,627.987700,445.479900,629.944000,446.317600,2.128132,627.650100,445.460000,632.238000,447.175100,627.650100,434.312100,632.238000,431.765800,-0.222983,0.284655,-2.182172,-0.140148,0.393469,-2.225967,-0.216889,-2.182681,305.258600,0.355164,0.092921,1,0,8.232849,0.007581,0.000110,0.129626,3,4,9,7,4
146,9.297187,0.049532,player,8,4,8.000000,4.000000,809.100900,409.211000,811.866900,410.219400,2.944130,805.684800,407.600900,818.049200,412.838000,805.684800,396.593500,818.049200,398.588900,2.991531,0.281066,-1.215461,3.214776,0.363841,-1.349189,3.053210,-1.256575,305.258000,0.249978,0.259488,0,0,8.944269,0.000000,0.000061,0.131027,3,-1,-1,10,4
147,9.337093,0.045091,father,4,6,3.999999,5.692771,568.437700,457.980100,568.149700,457.811900,0.333517,568.548600,457.173000,567.750700,458.450800,568.548600,446.020000,567.750700,449.284600,-1.290094,0.284785,-2.481257,-1.304502,0.234053,-2.513885,-1.292097,-2.501864,125.266300,0.884022,-0.007074,0,1,6.268174,0.045091,0.000193,0.120627,7,4,5,2,4
147,9.337093,0.045091,mother,10,10,10.000000,9.775798,649.478200,244.849100,651.461700,245.923200,2.255629,646.754300,242.589300,656.168900,249.257200,646.754300,233.607800,656.168900,239.882400,0.121953,0.229336,2.998013,0.291939,0.239380,2.827749,0.171135,2.940308,125.265500,0.530230,-0.237095,1,0,9.167083,0.045091,0.000031,0.126772,7,10,9,5,4
147,9.337093,0.045091,older_sister,5,5,5.000001,5.329518,626.069600,444.520800,626.575700,444.719400,0.543656,627.207600,445.275500,625.943800,444.163200,627.207600,434.030800,625.943800,430.381600,-0.230974,0.287127,-2.177461,-0.253793,0.351904,-2.149059,-0.251522,-2.158191,305.265500,0.411879,-0.035029,1,0,8.277940,0.045091,0.000193,0.129626,3,4,9,7,4
147,9.337093,0.045091,player,8,4,8.000000,4.000000,809.100900,409.211000,811.866900,410.219400,2.944130,805.684800,407.600900,818.049200,412.838000,805.684800,396.593500,818.049200,398.588900,2.991531,0.281066,-1.215461,3.214776,0.363841,-1.349189,3.053210,-1.256575,305.258000,0.249978,0.259488,0,0,8.944269,0.000000,0.000061,0.131027,3,-1,-1,10,4
148,9.376176,0.039277,father,4,6,3.999999,5.653249,570.108500,458.815500,571.221400,459.328200,1.225344,574.244900,459.983900,568.198000,458.672500,574.244900,449.970400,568.198000,449.435900,-1.187246,0.255689,-2.553032,-1.296425,0.235849,-2.519544,-1.261929,-2.523196,125.263900,0.933425,0.108479,0,1,6.307451,0.039277,0.000246,0.120627,7,4,5,2,4
148,9.376176,0.039277,mother,10,10,10.000000,9.736277,651.149000,245.684600,652.845900,246.585300,1.921146,647.087500,242.757100,658.604200,250.413600,647.087500,233.629300,658.604200,241.285700,0.127970,0.233072,2.993728,0.335909,0.233074,2.798223,0.201303,2.918976,125.263900,0.579632,-0.282656,0,0,9.206360,0.039277,0.000015,0.126772,7,10,9,5,4
148,9.376176,0.039277,older_sister,5,5,5.000001,5.369040,624.398800,443.685400,623.302700,443.057400,1.263294,626.878800,445.136400,619.726400,440.978300,626.878800,433.811200,619.726400,428.797200,-0.236910,0.289184,-2.173910,-0.366050,0.311037,-2.067734,-0.281688,-2.136858,305.266100,0.461280,-0.166744,1,0,8.317217,0.039277,0.000220,0.129626,3,4,9,7,4
148,9.376176,0.039277,player,8,4,8.000000,4.000000,809.100900,409.211000,811.866900,410.219400,2.944130,805.684800,407.600900,818.049200,412.838000,805.684800,396.593500,818.049200,398.588900,2.991531,0.281066,-1.215461,3.214776,0.363841,-1.349189,3.053210,-1.256575,305.258000,0.249978,0.259488,0,0,8.944269,0.000000,0.000061,0.131027,3,-1,-1,10,4
149,9.419135,0.040987,father,4,6,3.999999,5.612007,571.852100,459.687300,574.596500,460.933800,3.014241,580.470800,462.923400,568.722200,458.944200,580.470800,453.335100,568.722200,449.614700,-1.074832,0.244832,-2.628090,-1.286961,0.238222,-2.526482,-1.230449,-2.545459,125.268200,0.984978,0.231863,0,1,6.348438,0.040987,0.000110,0.120627,7,4,5,2,4
149,9.419135,0.040987,mother,10,10,10.000000,9.695033,652.892600,246.556200,653.394300,246.711600,0.525223,647.438700,242.875500,659.350000,250.547800,647.438700,233.386700,659.350000,241.644000,0.134310,0.242291,2.990703,0.349374,0.227352,2.794796,0.232783,2.896718,125.262100,0.631185,-0.288705,0,0,9.247347,0.040987,0.000098,0.126772,7,10,9,5,4
149,9.419135,0.040987,older_sister,5,5,5.000001,5.410283,622.655200,442.813500,620.487200,441.532500,2.518200,626.709500,445.060500,614.264800,438.004600,626.709500,433.681800,614.264800,426.426700,-0.239967,0.290547,-2.171969,-0.464663,0.295635,-1.991803,-0.313170,-2.114596,305.266100,0.512834,-0.287484,1,0,8.358204,0.040987,0.000273,0.129626,3,4,9,7,4
149,9.419135,0.040987,player,8,4,8.000000,4.000000,809.100900,409.211000,811.866900,410.219400,2.944130,805.684800,407.600900,818.049200,412.838000,805.684800,396.593500,818.049200,398.588900,2.991531,0.281066,-1.215461,3.214776,0.363841,-1.349189,3.053210,-1.256575,305.258000,0.249978,0.259488,0,0,8.944269,0.000000,0.000061,0.131027,3,7,3,3,4
150,9.458410,0.040396,father,4,6,4.000000,5.571359,573.570400,460.546500,575.922100,461.661200,2.602514,582.474300,464.025900,569.370000,459.296600,582.474300,454.712500,569.370000,449.824600,-1.038658,0.237811,-2.656240,-1.275265,0.241861,-2.535481,-1.199423,-2.567397,125.263000,0.035787,0.262910,0,0,6.388834,0.040396,0.000164,0.131729,7,4,5,2,4
150,9.458410,0.040396,mother,10,10,10.000000,9.654386,654.611000,247.415300,653.894500,246.864200,0.903882,648.130200,243.079700,659.658800,250.648600,648.130200,233.017900,659.658800,241.813500,0.146796,0.256923,2.985489,0.354950,0.225598,2.792223,0.263809,2.874784,125.259200,0.681994,-0.281535,0,1,9.287743,0.040396,0.000233,0.121001,7,10,9,5,4
150,9.458410,0.040396,older_sister,5,5,5.000001,5.450931,620.936800,441.954700,618.583300,440.526100,2.753162,626.720300,445.065200,610.446300,435.986900,626.720300,433.524200,610.446300,424.760600,-0.239773,0.294693,-2.172092,-0.533608,0.286658,-1.940283,-0.344196,-2.092666,305.253800,0.563643,-0.373747,0,0,8.398600,0.040396,0.000031,0.138327,3,4,9,7,4
150,9.458410,0.040396,player,8,4,8.000000,3.993432,809.378600,409.349600,810.576300,411.361300,2.341204,808.331900,406.747900,812.820700,415.974700,808.331900,395.737600,812.820700,401.532100,3.039325,0.281141,-1.193681,3.120373,0.368784,-1.429283,3.058224,-1.260116,345.647200,0.258187,0.248339,1,0,8.950796,0.006527,0.000164,0.131097,7,7,3,3,4
151,9.548415,0.085054,father,4,5,4.000000,5.490861,576.973500,462.248000,577.081200,462.482700,0.258255,583.637300,464.916400,570.525000,460.049000,583.637300,456.128900,570.525000,449.931000,-1.017660,0.224384,-2.678980,-1.254409,0.258358,-2.554693,-1.137979,-2.610842,125.263200,0.136410,0.265062,0,0,6.468834,0.030000,0.000246,0.131729,7,4,5,2,4
151,9.548415,0.085054,mother,10,10,10.000000,9.573887,658.014000,249.117100,656.292200,248.019000,2.042196,652.714500,245.227800,659.869800,250.810200,652.714500,233.615900,659.869800,241.863800,0.229569,0.296504,2.930639,0.358760,0.228438,2.788097,0.325254,2.831330,125.267900,0.782617,-0.187784,0,1,9.367743,0.030000,0.000015,0.121001,7,10,9,5,4
151,9.548415,0.085054,older_sister,5,6,5.000001,5.531429,617.533800,440.252900,617.968600,440.668900,0.601777,626.480700,445.241300,609.456500,436.096500,626.480700,432.765500,609.456500,425.274000,-0.244099,0.318561,-2.176587,-0.551480,0.276346,-1.943081,-0.405640,-2.049212,305.268200,0.664266,-0.385791,0,1,8.478600,0.030000,0.000164,0.138327,3,4,9,7,4
151,9.548415,0.085054,player,8,4,8.000000,3.941658,811.567300,410.444000,809.057600,411.275900,2.644059,812.845200,410.025600,805.269800,412.526300,812.845200,398.946100,805.269800,397.030400,3.120817,0.282908,-1.277374,2.984038,0.395678,-1.341229,3.097743,-1.288058,70.687530,0.322906,0.150200,1,0,9.002250,0.025295,0.000193,0.131097,7,7,3,3,4
152,9.605490,0.057382,father,4,5,3.999999,5.428226,579.621400,463.572100,577.952900,462.992400,1.766337,583.861500,464.965500,572.044300,461.019400,583.861500,456.139600,572.044300,449.994500,-1.013612,0.225363,-2.680233,-1.226978,0.281513,-2.579471,-1.090169,-2.644652,125.267100,0.214703,0.232385,1,0,6.531081,0.012247,0.000110,0.131729,7,4,5,2,4
152,9.605490,0.057382,mother,10,10,10.000000,9.511062,660.670000,250.444900,659.874600,250.006300,0.908276,659.197700,248.819500,660.551600,251.193200,659.197700,237.180400,660.551600,242.066400,0.346625,0.297196,2.838928,0.371070,0.233050,2.778315,0.373209,2.797424,125.261800,0.861148,-0.054953,0,1,9.430179,0.012436,0.000193,0.121001,7,10,9,5,4
152,9.605490,0.057382,older_sister,5,6,5.000001,5.594254,614.877800,438.925000,616.917400,440.369400,2.499210,623.651200,444.211400,610.183600,436.527300,623.651200,430.462000,610.183600,425.674700,-0.295186,0.351084,-2.150290,-0.538352,0.277114,-1.954081,-0.453595,-2.015303,305.264300,0.742797,-0.311826,0,1,8.541036,0.012436,0.000164,0.138327,3,4,9,7,4
152,9.605490,0.057382,player,8,4,8.000000,3.878919,814.219700,411.770000,813.387800,411.413800,0.904892,813.358100,411.158800,813.417600,411.668900,813.358100,399.931900,813.417600,397.513200,3.130076,0.286672,-1.306310,3.131151,0.361456,-1.319336,3.145633,-1.321918,125.261800,0.401330,-0.008398,1,0,9.064601,0.012436,0.000329,0.131097,7,7,3,3,4
153,9.661416,0.056840,father,4,5,4.000000,5.372763,581.966100,464.744500,579.891000,463.913900,2.235111,584.396700,465.192000,575.385300,462.635800,584.396700,456.326800,575.385300,450.298000,-1.003948,0.226368,-2.686018,-1.166654,0.315039,-2.620747,-1.047835,-2.674590,125.267300,0.284032,0.170531,1,0,6.586200,0.006467,0.000031,0.131729,7,4,5,2,4
153,9.661416,0.056840,mother,10,9,10.000000,9.453898,663.086500,251.653200,664.170600,252.153000,1.193715,667.146700,252.786700,661.194500,251.519300,667.146700,242.758200,661.194500,242.283800,0.490149,0.256072,2.737627,0.382679,0.235821,2.769990,0.416840,2.766571,125.265000,0.932602,0.106434,0,1,9.486988,0.006809,0.000136,0.121001,7,10,9,5,4
153,9.661416,0.056840,older_sister,5,6,5.000001,5.651448,612.460000,437.716100,614.116100,438.898200,2.034795,617.896900,441.193400,610.335400,436.603000,617.896900,426.131300,610.335400,425.597100,-0.399084,0.384602,-2.073227,-0.535611,0.281028,-1.956013,-0.497251,-1.984435,305.263200,0.814289,-0.179148,0,1,8.597876,0.006840,0.000136,0.138327,3,4,9,7,4
153,9.661416,0.056840,player,8,4,8.000000,3.821725,816.637600,412.979300,818.012900,413.765700,1.584289,813.810100,411.349100,822.215700,416.182300,813.810100,400.008000,822.215700,404.201400,3.138238,0.289588,-1.311170,3.290007,0.305924,-1.434582,3.189290,-1.352798,125.273100,0.472822,-0.195173,1,0,9.121441,0.006840,0.000031,0.131097,7,7,3,3,4
154,9.717918,0.057330,father,4,5,4.000000,5.321078,584.151100,465.836900,582.589200,465.104500,1.725066,585.193900,465.531300,579.984600,464.677900,585.193900,456.598500,579.984600,452.018300,-0.989555,0.228091,-2.694679,-1.083611,0.323253,-2.672889,-1.008383,-2.702483,125.260300,0.348638,0.089380,1,0,6.637565,0.006377,0.000136,0.131729,7,4,5,2,4
154,9.717918,0.057330,mother,10,9,10.000000,9.396875,665.497200,252.858600,668.454100,254.203200,3.248279,674.983500,256.519300,661.924800,251.887200,674.983500,246.858200,661.924800,242.509700,0.631646,0.246689,2.642317,0.395865,0.239449,2.760595,0.460366,2.735790,125.267400,0.003881,0.260799,0,1,9.543658,0.007066,0.000015,0.121001,7,10,9,5,4
154,9.717918,0.057330,older_sister,5,6,5.000000,5.709134,610.021200,436.496600,610.137600,436.685800,0.222195,610.018100,436.845600,610.257200,436.526100,610.018100,422.739300,610.257200,425.267800,-0.541341,0.360196,-1.962207,-0.537023,0.287474,-1.954050,-0.541283,-1.953296,305.267700,0.886398,-0.001184,0,1,8.655206,0.007330,0.000273,0.138327,3,4,9,7,4
154,9.717918,0.057330,player,8,4,8.000000,3.764038,819.076200,414.198500,821.526400,415.677400,2.861861,813.961500,411.420400,829.091100,419.934400,813.961500,399.965300,829.091100,408.572100,3.140972,0.292499,-1.312991,3.414144,0.290129,-1.530391,3.233321,-1.383929,125.261900,0.544931,-0.348559,0,0,9.178771,0.007330,0.000110,0.131097,7,7,3,3,4
155,9.773107,0.055500,father,4,5,3.999999,5.276366,586.041300,466.781800,585.547000,466.507200,0.565458,586.006800,465.903600,585.087200,467.110800,586.006800,456.939400,585.087200,455.713700,-0.974877,0.228896,-2.704188,-0.991482,0.291018,-2.735013,-0.974254,-2.726611,125.258900,0.404528,-0.004236,1,0,6.682000,0.004285,0.000301,0.131729,7,4,5,2,4
155,9.773107,0.055500,mother,10,9,10.000000,9.344712,667.702400,253.961200,669.356300,254.838600,1.872269,675.956500,257.281300,662.756000,252.395900,675.956500,248.267700,662.756000,242.781500,0.649216,0.230158,2.622861,0.410873,0.245498,2.747606,0.500182,2.707639,125.261600,0.069086,0.266630,0,0,9.595499,0.005028,0.000086,0.121001,7,10,9,5,4
155,9.773107,0.055500,older_sister,5,6,5.000000,5.764981,607.660300,435.316200,605.117100,434.243800,2.760019,600.049600,432.004400,610.184600,436.483100,600.049600,419.828500,610.184600,425.028500,-0.721328,0.310904,-1.838591,-0.538333,0.292486,-1.952953,-0.583911,-1.923156,305.262000,0.956205,0.215442,0,1,8.710706,0.005500,0.000164,0.138327,3,4,9,7,4
155,9.773107,0.055500,player,8,4,8.000000,3.708191,821.437300,415.378800,822.403700,415.875400,1.086574,813.818000,411.280300,830.989400,420.470500,813.818000,399.380500,830.989400,409.541100,3.138381,0.303855,-1.309414,3.448421,0.279075,-1.544080,3.275950,-1.414065,125.257400,0.614739,-0.388630,0,0,9.234271,0.005500,0.000382,0.131097,7,7,3,3,4
156,9.812134,0.042910,father,4,5,3.999999,5.245874,587.330400,467.426500,587.833700,467.647100,0.549555,586.560000,466.163000,589.107500,469.131200,586.560000,457.194900,589.107500,458.884300,-0.964889,0.228994,-2.710811,-0.918893,0.261649,-2.786602,-0.950979,-2.743075,125.275400,0.442641,-0.081321,1,0,6.712303,0.030302,0.000110,0.128940,7,4,5,2,4
156,9.812134,0.042910,mother,10,9,10.000000,9.307946,669.256700,254.738400,669.880300,255.223700,0.790167,676.483500,257.712500,663.277200,252.734900,676.483500,248.900800,663.277200,242.811800,0.658728,0.225004,2.611849,0.420282,0.253381,2.738949,0.528247,2.687790,125.269900,0.115045,0.268068,0,0,9.632038,0.036539,0.000031,0.126041,7,10,9,5,4
156,9.812134,0.042910,older_sister,5,6,5.000000,5.808158,605.835000,434.403700,602.127700,432.799500,4.039401,594.151600,429.169000,610.103900,436.430100,594.151600,417.416700,610.103900,424.772800,-0.827819,0.300088,-1.766191,-0.539791,0.297662,-1.951598,-0.616869,-1.899856,305.259500,0.010177,0.342220,0,1,8.753615,0.042910,0.000031,0.143297,3,4,9,7,4
156,9.812134,0.042910,player,8,4,8.000000,3.665014,823.262500,416.291700,822.702000,415.793800,0.749650,814.232300,411.235600,831.171600,420.352000,814.232300,398.701700,831.171600,409.534500,3.145861,0.320047,-1.308273,3.451710,0.276218,-1.541054,3.308906,-1.437377,125.274600,0.668710,-0.384123,0,1,9.277181,0.042910,0.000031,0.124073,7,7,3,3,4
157,9.897422,0.082519,father,4,5,4.000000,5.196730,589.408000,468.465100,591.104500,469.358600,1.917435,587.303000,466.517000,594.906100,472.200300,587.303000,457.549600,594.906100,462.731000,-0.951474,0.228977,-2.719849,-0.814196,0.241792,-2.864970,-0.913467,-2.769595,125.259500,0.504072,-0.195869,1,0,6.761143,0.017005,0.000273,0.128940,7,4,5,2,4
157,9.897422,0.082519,mother,10,9,9.999999,9.247554,671.809800,256.014900,670.643100,255.664400,1.218180,676.841900,257.816800,664.444300,253.512100,676.841900,249.021800,664.444300,242.799800,0.665200,0.224575,2.609186,0.441354,0.273531,2.719105,0.574343,2.655198,125.262600,0.190533,0.246233,1,0,9.692055,0.021013,0.000061,0.126041,7,10,9,5,4
157,9.897422,0.082519,older_sister,5,6,5.000000,5.888656,602.431900,432.701900,601.501300,432.076200,1.121361,593.404600,428.238800,609.598100,435.913600,593.404600,417.326500,609.598100,423.674000,-0.841306,0.278640,-1.742440,-0.548922,0.312532,-1.938411,-0.678313,-1.856402,305.267900,0.110799,0.351874,0,0,8.833615,0.030000,0.000220,0.143297,3,4,9,7,4
157,9.897422,0.082519,player,8,4,8.000000,3.584516,826.665600,417.993200,824.678800,416.508700,2.480070,818.994700,413.138900,830.362900,419.878600,818.994700,398.827100,830.362900,408.983700,3.231849,0.365444,-1.356873,3.437108,0.278195,-1.528965,3.370351,-1.480823,125.262800,0.769332,-0.266951,0,1,9.357181,0.030000,0.000136,0.124073,7,7,3,3,4
158,9.936679,0.042710,father,4,5,4.000000,5.173169,590.404000,468.963400,592.410500,470.052900,2.283257,587.599700,466.662200,597.221400,473.443600,587.599700,457.676500,597.221400,464.078500,-0.946117,0.229445,-2.723558,-0.772392,0.239132,-2.896717,-0.895484,-2.782317,125.276900,0.533523,-0.241828,1,0,6.784558,0.023415,0.000086,0.128940,7,4,5,2,4
158,9.936679,0.042710,mother,10,9,9.999999,9.218533,673.036700,256.628100,671.141700,255.924500,2.021454,676.874100,257.809000,665.409300,254.039900,676.874100,248.963700,665.409300,242.761900,0.665782,0.225860,2.609385,0.458779,0.287976,2.705628,0.596497,2.639538,125.254900,0.226810,0.224590,1,0,9.720897,0.028842,0.000246,0.126041,7,10,9,5,4
158,9.936679,0.042710,older_sister,5,6,5.000000,5.934166,600.507900,431.739800,601.384400,431.925500,0.895921,593.642600,428.399600,609.126200,435.451400,593.642600,417.478100,609.126200,422.602800,-0.837009,0.278875,-1.746545,-0.557443,0.328081,-1.926608,-0.713051,-1.831835,305.268000,0.167687,0.332223,1,0,8.878843,0.045228,0.000356,0.143297,3,4,9,7,4
158,9.936679,0.042710,player,8,4,8.000000,3.539006,828.589500,418.955100,827.051000,417.911300,1.859225,823.797900,415.949900,830.304200,419.872600,823.797900,400.792600,830.304200,408.820700,3.318573,0.387032,-1.428648,3.436047,0.282204,-1.528813,3.405089,-1.505385,125.263300,0.826220,-0.153748,0,1,9.402409,0.045228,0.000136,0.124073,7,7,3,3,4
159,9.974893,0.038368,father,4,5,4.000000,5.155119,591.167100,469.344800,593.200600,470.454600,2.316654,587.776700,466.751700,598.624400,474.157500,587.776700,457.715400,598.624400,464.876500,-0.942921,0.230737,-2.725843,-0.747059,0.236984,-2.914946,-0.881706,-2.792056,125.253700,0.556086,-0.269091,0,0,6.802496,0.017938,0.000164,0.128940,7,4,5,2,4
159,9.974893,0.038368,mother,10,9,9.999999,9.196388,673.972800,257.096500,671.873700,256.286300,2.250034,677.083300,257.900900,666.664200,254.671700,677.083300,249.039600,666.664200,242.837200,0.669559,0.226270,2.607038,0.481436,0.302189,2.689494,0.613399,2.627579,125.281000,0.254490,0.201195,1,0,9.742904,0.022007,0.000000,0.126041,7,10,9,5,4
159,9.974893,0.038368,older_sister,5,6,5.000000,5.972774,598.875800,430.924000,601.134400,431.681000,2.382095,594.126300,428.644200,608.142500,434.717900,594.126300,417.663000,608.142500,421.275300,-0.828274,0.280397,-1.752789,-0.575205,0.343248,-1.907879,-0.742520,-1.811003,305.257100,0.215945,0.296174,1,0,8.917212,0.038368,0.000110,0.143297,3,4,9,7,4
159,9.974893,0.038368,player,8,4,8.000000,3.500398,830.221700,419.771400,829.776100,419.401000,0.579445,829.162700,418.861000,830.389500,419.940900,829.162700,404.435700,830.389500,408.718800,3.415439,0.368341,-1.502982,3.437587,0.286552,-1.530558,3.434559,-1.526229,125.271900,0.874478,-0.034007,0,1,9.440777,0.038368,0.000031,0.124073,7,7,3,3,4
160,10.012550,0.037777,father,4,5,4.000000,5.138879,591.853600,469.688200,593.633700,470.643000,2.019939,587.890600,466.809200,599.376600,474.476900,587.890600,457.695500,599.376600,465.316800,-0.940864,0.232712,-2.727310,-0.733477,0.233899,-2.923101,-0.869309,-2.800826,125.277300,0.576386,-0.282379,0,0,6.818635,0.016140,0.000061,0.128940,7,4,5,2,4
160,10.012550,0.037777,mother,10,9,9.999999,9.176656,674.807100,257.513600,672.720200,256.687500,2.244419,677.350800,258.021500,668.089600,255.353400,677.350800,249.158000,668.089600,243.090700,0.674389,0.226326,2.603958,0.507174,0.313122,2.672088,0.628461,2.616929,125.263200,0.279155,0.175866,1,0,9.762514,0.019610,0.000031,0.126041,7,10,9,5,4
160,10.012550,0.037777,older_sister,5,6,5.000000,6.000000,597.724700,430.348500,600.490700,431.357000,2.944104,594.308700,428.738300,606.672700,433.975800,594.308700,417.730900,606.672700,419.726700,-0.824981,0.281066,-1.755192,-0.601742,0.363842,-1.888930,-0.763304,-1.796309,305.260600,0.249978,0.259488,1,0,8.944269,0.027058,0.000061,0.143297,3,4,9,7,4
160,10.012550,0.037777,player,8,3,8.000000,3.462386,831.828700,420.574700,832.882100,420.982400,1.129544,835.390300,422.028700,830.373800,419.936100,835.390300,409.012400,830.373800,408.579700,3.527880,0.332364,-1.583867,3.437306,0.289980,-1.530435,3.463573,-1.546740,125.257200,0.921994,0.104804,0,1,9.478554,0.037777,0.000136,0.124073,7,7,3,3,4
161,10.050160,0.038098,father,4,5,3.999999,5.123771,592.492300,470.007500,593.757700,470.627500,1.409107,587.966900,466.842100,599.548400,474.413000,587.966900,457.634200,599.548400,465.430500,-0.939486,0.235119,-2.728151,-0.730376,0.229361,-2.921469,-0.857778,-2.808978,125.259100,0.595270,-0.282347,0,0,6.833650,0.015015,0.000110,0.128940,7,4,5,2,4
161,10.050160,0.038098,mother,10,9,10.000000,9.158491,675.575000,257.897400,673.577200,257.058400,2.166766,677.601300,258.127100,669.553000,255.989700,677.601300,249.249500,669.553000,243.421400,0.678913,0.226687,2.601262,0.533596,0.320925,2.655841,0.642326,2.607129,125.254700,0.301861,0.150169,1,0,9.780566,0.018052,0.000110,0.126041,7,10,9,5,4
161,10.050160,0.038098,older_sister,5,6,5.000000,6.038335,596.104100,429.538200,598.738100,430.520800,2.811296,594.152000,428.652600,603.324200,432.389000,594.152000,417.618300,603.324200,417.163900,-0.827811,0.281756,-1.753007,-0.662202,0.388765,-1.848413,-0.792564,-1.775619,305.264600,0.297897,0.190301,1,0,8.982368,0.038098,0.000086,0.143297,3,4,9,7,4
161,10.050160,0.038098,player,8,3,8.000000,3.424050,833.449300,421.385000,836.548400,422.713000,3.371624,842.641900,425.429800,830.454800,419.996300,842.641900,413.478300,830.454800,408.494300,3.658813,0.305175,-1.670713,3.438767,0.293698,-1.531972,3.492835,-1.567432,125.264700,0.969914,0.259768,0,1,9.516652,0.038098,0.000164,0.124073,7,7,3,3,4
162,10.086230,0.036280,father,4,5,4.000000,5.110427,593.056400,470.289600,593.983200,470.698300,1.012940,588.086900,466.884900,599.879500,474.511700,588.086900,457.562300,599.879500,465.567000,-0.937321,0.238048,-2.729244,-0.724397,0.228397,-2.923990,-0.847593,-2.816180,125.264100,0.611951,-0.286288,0,0,6.846911,0.013261,0.000110,0.123346,7,4,5,2,4
162,10.086230,0.036280,mother,10,9,9.999999,9.142632,676.245400,258.232600,674.389700,257.414300,2.028067,677.843100,258.228300,670.936200,256.600300,677.843100,249.328300,670.936200,243.890800,0.683279,0.227255,2.598680,0.558570,0.324530,2.640249,0.654430,2.598568,125.270200,0.321684,0.125821,1,0,9.796327,0.015760,0.000110,0.127337,7,10,9,5,4
162,10.086230,0.036280,older_sister,5,6,5.000000,6.074842,594.560800,428.766300,596.708700,429.666700,2.329044,593.909200,428.581100,599.508400,430.752400,593.909200,417.457600,599.508400,415.244100,-0.832196,0.284033,-1.751179,-0.731099,0.395995,-1.806621,-0.820430,-1.755908,305.273700,0.343531,0.114553,1,0,9.018648,0.036280,0.000301,0.133823,3,4,9,7,4
162,10.086230,0.036280,player,8,3,8.000000,3.387544,834.992700,422.156500,838.572300,423.710300,3.902345,846.555500,427.348100,830.589100,420.072600,846.555500,415.662000,830.589100,408.393900,3.729473,0.298396,-1.719695,3.441192,0.298207,-1.533918,3.520701,-1.587131,125.257400,0.015547,0.342640,0,1,9.552933,0.036280,0.000329,0.143324,7,7,3,3,4
163,10.170710,0.081875,father,4,5,4.000000,5.083711,594.185900,470.854200,594.345700,470.812700,0.165167,588.397900,466.974300,600.293500,474.651100,588.397900,457.341400,600.293500,465.778200,-0.931704,0.245971,-2.731528,-0.716923,0.226563,-2.927549,-0.827200,-2.830600,125.263100,0.645346,-0.288541,0,0,6.873462,0.009466,0.000136,0.123346,7,4,5,2,4
163,10.170710,0.081875,mother,10,9,9.999999,9.111446,677.563800,258.891800,676.181900,258.225100,1.534298,678.369100,258.459300,673.994700,257.991000,678.369100,249.514300,673.994700,245.475300,0.692774,0.228404,2.592782,0.613793,0.319579,2.604739,0.678235,2.581738,125.259600,0.360666,0.071394,1,0,9.827319,0.010944,0.000164,0.127337,7,10,9,5,4
163,10.170710,0.081875,older_sister,5,6,5.000000,6.155341,591.157700,427.064800,590.569500,426.707400,0.688361,593.150600,428.263100,587.988300,425.151600,593.150600,416.964100,587.988300,412.525200,-0.845892,0.288514,-1.743060,-0.939100,0.322406,-1.663608,-0.881874,-1.712462,305.263100,0.444154,-0.121975,1,0,9.098648,0.030000,0.000220,0.133823,3,4,9,7,4
163,10.170710,0.081875,player,8,3,8.000000,3.307045,838.395700,423.858200,839.160000,424.417600,0.947136,847.242900,428.250000,831.077100,420.585100,847.242900,417.346400,831.077100,408.298800,3.741885,0.278418,-1.742725,3.450003,0.313724,-1.547007,3.582144,-1.630584,125.268100,0.116170,0.351318,0,0,9.632933,0.030000,0.000136,0.143324,7,7,3,3,4
164,10.206630,0.038810,father,4,5,4.000000,5.071394,594.706500,471.114700,594.488400,470.854800,0.339280,588.586900,467.025600,600.390000,474.684100,588.586900,457.217200,600.390000,465.836000,-0.928293,0.250452,-2.732837,-0.715182,0.225930,-2.928391,-0.817799,-2.837249,125.271800,0.660742,-0.286913,0,1,6.885703,0.012240,0.000061,0.123346,7,4,5,2,4
164,10.206630,0.038810,mother,10,9,9.999999,9.097393,678.157900,259.188800,677.096200,258.654100,1.188762,678.632800,258.577400,675.559600,258.730700,678.632800,249.618800,675.559600,246.600500,0.697536,0.228752,2.589765,0.642048,0.309736,2.585851,0.688962,2.574154,125.262000,0.378233,0.043048,1,0,9.841286,0.013967,0.000193,0.127337,7,10,9,5,4
164,10.206630,0.038810,older_sister,5,6,5.000000,6.196280,589.427000,426.199500,587.558800,425.112500,2.161430,592.934100,428.173200,582.183400,422.051800,592.934100,416.812900,582.183400,410.332500,-0.849800,0.290078,-1.740763,-1.043910,0.299247,-1.584459,-0.913124,-1.690368,305.262000,0.495328,-0.248732,1,0,9.139334,0.040686,0.000164,0.133823,3,4,9,7,4
164,10.206630,0.038810,player,8,3,8.000000,3.266106,840.126400,424.723700,839.260600,424.542500,0.884598,847.006200,428.071100,831.514900,421.013900,847.006200,417.149900,831.514900,408.169300,3.737612,0.278868,-1.738157,3.457907,0.327980,-1.557954,3.613394,-1.652682,125.266600,0.167343,0.332418,1,0,9.673618,0.040686,0.000086,0.143324,7,7,3,3,4
165,10.243360,0.036648,father,4,5,4.000000,5.060873,595.151400,471.336900,594.621300,470.895700,0.689730,588.793200,467.091200,600.449300,474.700100,588.793200,457.126600,600.449300,465.863600,-0.924567,0.254440,-2.734512,-0.714108,0.225636,-2.928802,-0.809767,-2.842925,125.250000,0.673894,-0.284003,0,1,6.896159,0.010457,0.000193,0.123346,7,4,5,2,4
165,10.243360,0.036648,mother,10,9,10.000000,9.085552,678.658400,259.439100,677.903000,259.041300,0.853836,678.847500,258.677700,676.958500,259.404900,678.847500,249.714300,676.958500,247.669200,0.701413,0.228875,2.587204,0.667306,0.299664,2.568635,0.698000,2.567761,125.274500,0.393035,0.017122,1,0,9.853054,0.011768,0.000110,0.127337,7,10,9,5,4
165,10.243360,0.036648,older_sister,5,6,5.000000,6.233156,587.868000,425.420300,585.424700,423.948300,2.852461,592.862700,428.137700,577.986800,419.758900,592.862700,416.694900,577.986800,408.372600,-0.851090,0.292184,-1.739856,-1.119684,0.290744,-1.525910,-0.941271,-1.670470,305.256100,0.541423,-0.342825,0,0,9.175982,0.036648,0.000031,0.133823,3,4,9,7,4
165,10.243360,0.036648,player,8,3,8.000000,3.229230,841.685300,425.502900,839.487400,424.774000,2.315642,846.545700,427.837900,832.429100,421.710200,846.545700,416.859800,832.429100,408.314500,3.729296,0.280319,-1.732201,3.474414,0.342051,-1.575734,3.641541,-1.672580,125.256600,0.213438,0.298450,1,0,9.710266,0.036648,0.000273,0.143324,7,7,3,3,4
166,10.279140,0.036222,father,4,5,4.000000,5.050908,595.572600,471.547500,594.758400,470.939800,1.015988,589.034400,467.171300,600.482400,474.708300,589.034400,457.056900,600.482400,465.872400,-0.920213,0.258265,-2.736557,-0.713511,0.225619,-2.929008,-0.802161,-2.848300,125.246300,0.686350,-0.279871,0,1,6.906063,0.009904,0.000301,0.123346,7,4,5,2,4
166,10.279140,0.036222,mother,10,9,10.000000,9.074487,679.126300,259.673200,678.688100,259.425400,0.503389,679.047200,258.771400,678.329100,260.079500,679.047200,249.807000,678.329100,248.752800,0.705018,0.228902,2.584811,0.692053,0.289221,2.551410,0.706447,2.561784,125.282200,0.406867,-0.008710,1,0,9.864051,0.010997,0.000061,0.127337,7,10,9,5,4
166,10.279140,0.036222,older_sister,5,6,5.000000,6.269604,586.327200,424.649600,584.620600,423.640000,1.982850,593.001800,428.219000,576.239300,419.061100,593.001800,416.541300,576.239300,408.037800,-0.848578,0.298183,-1.741933,-1.151234,0.281474,-1.508091,-0.969092,-1.650790,305.275500,0.586983,-0.382129,0,0,9.212204,0.036222,0.000246,0.133823,3,4,9,7,4
166,10.279140,0.036222,player,8,3,8.000000,3.192782,843.226300,426.273700,840.471900,425.291400,2.924292,846.383300,427.765200,834.560500,422.817600,846.383300,416.754700,834.560500,408.356600,3.726365,0.281147,-1.730346,3.512898,0.369253,-1.604012,3.669363,-1.692260,125.274400,0.258999,0.247230,1,0,9.746489,0.036222,0.000031,0.143324,7,7,3,3,4
167,10.316170,0.037007,father,4,5,4.000000,5.041088,595.987800,471.755200,594.904100,470.998300,1.321872,589.337300,467.287200,600.470900,474.709500,589.337300,457.033900,600.470900,465.863900,-0.914742,0.261811,-2.739516,-0.713720,0.225866,-2.929040,-0.794665,-2.853606,125.294400,0.698625,-0.273576,0,1,6.915822,0.009759,0.000110,0.123346,7,4,5,2,4
167,10.316170,0.037007,mother,10,9,10.000000,9.063725,679.581200,259.900500,679.486600,259.820500,0.123933,679.242500,258.864000,679.730500,260.777000,679.242500,249.898600,679.730500,249.882500,0.708545,0.228927,2.582446,0.717357,0.278184,2.533600,0.714661,2.555981,125.238000,0.420320,-0.035380,1,0,9.874746,0.010695,0.000164,0.127337,7,10,9,5,4
167,10.316170,0.037007,older_sister,5,6,5.000000,6.306841,584.752900,423.862600,584.290400,423.699700,0.490363,592.932600,428.312100,575.648200,419.087300,592.932600,416.217300,575.648200,408.203100,-0.849828,0.308834,-1.744311,-1.161908,0.277924,-1.508762,-0.997517,-1.630694,305.259600,0.633530,-0.390805,0,0,9.249211,0.037007,0.000110,0.133823,3,4,9,7,4
167,10.316170,0.037007,player,8,3,8.000000,3.155544,844.800400,427.060700,842.223600,426.077600,2.757937,846.523200,427.825300,837.924200,424.329900,846.523200,416.779600,837.924200,408.995100,3.728891,0.282046,-1.731880,3.573632,0.391564,-1.642627,3.697785,-1.712355,125.261600,0.305546,0.178300,1,0,9.783496,0.037007,0.000086,0.143324,7,7,3,3,4
168,10.354630,0.038452,father,4,5,4.000000,5.031195,596.406000,471.964400,595.063600,471.075500,1.610040,589.693400,467.447000,600.433800,474.704000,589.693400,457.054900,600.433800,465.840000,-0.908314,0.265356,-2.743598,-0.714389,0.226337,-2.928900,-0.787114,-2.858947,125.268300,0.710990,-0.265326,0,1,6.925653,0.009831,0.000061,0.122180,7,4,5,2,4
168,10.354630,0.038452,mother,10,9,10.000000,9.053029,680.033400,260.126800,680.291700,260.223200,0.275716,679.437600,258.954300,681.145900,261.492200,679.437600,249.987700,681.145900,250.997700,0.712066,0.228957,2.580140,0.742913,0.267969,2.515338,0.722826,2.550202,125.293500,0.433690,-0.062618,1,0,9.885377,0.010630,0.000031,0.128920,7,10,9,5,4
168,10.354630,0.038452,older_sister,5,6,5.000000,6.345533,583.117300,423.044500,584.043800,423.784200,1.185564,592.358500,428.287800,575.729100,419.280600,592.358500,415.583300,575.729100,408.467900,-0.860194,0.324399,-1.743689,-1.160447,0.276096,-1.513697,-1.027049,-1.609805,305.272900,0.681894,-0.377943,0,1,9.287663,0.038452,0.000329,0.124317,3,4,9,7,4
168,10.354630,0.038452,player,8,3,8.000000,3.116853,846.436200,427.878300,844.456900,427.032700,2.152320,846.807100,427.915800,842.106800,426.149500,846.807100,416.770400,842.106800,410.724500,3.734017,0.284592,-1.734191,3.649151,0.393868,-1.689091,3.727319,-1.733233,125.256300,0.353910,0.095333,1,0,9.821948,0.038452,0.000301,0.134364,7,7,3,3,4
169,10.438470,0.082075,father,4,5,4.000000,5.000000,597.724700,472.623700,595.993700,471.507000,2.059996,591.479400,468.249000,600.507900,474.765000,591.479400,457.151500,600.507900,465.860500,-0.876067,0.283369,-2.764076,-0.713051,0.227371,-2.930459,-0.763304,-2.875781,125.261400,0.749984,-0.229161,0,0,6.956655,0.000000,0.000136,0.122180,7,-1,-1,2,4
169,10.438470,0.082075,mother,10,9,10.000000,9.031975,680.923500,260.571500,681.841700,261.008400,1.016852,679.794300,259.121800,683.889100,262.895000,679.794300,250.150800,683.889100,253.020100,0.718509,0.229070,2.575863,0.792442,0.252150,2.479518,0.738897,2.538845,125.245900,0.460009,-0.115980,1,0,9.906301,0.007644,0.000246,0.128920,7,10,9,5,4
169,10.438470,0.082075,older_sister,5,6,5.000000,6.426032,579.714200,421.343200,581.621800,422.776600,2.386085,586.759500,425.857400,576.484200,419.695700,586.759500,411.288200,576.484200,408.776700,-0.961287,0.372016,-1.681630,-1.146813,0.278811,-1.524297,-1.088493,-1.566364,305.260800,0.782517,-0.242317,0,1,9.367663,0.030000,0.000110,0.124317,3,4,9,7,4
169,10.438470,0.082075,player,8,3,8.000000,3.036355,849.839200,429.580000,850.753700,430.109200,1.056506,847.557300,428.231400,853.950000,431.987000,847.557300,416.916200,853.950000,419.656800,3.747561,0.288928,-1.742251,3.862985,0.314845,-1.838147,3.788764,-1.776687,125.267900,0.454534,-0.149610,1,0,9.901948,0.030000,0.000110,0.134364,7,7,3,3,4
170,10.475070,0.038689,father,4,5,4.000000,5.000000,597.724700,472.623700,595.993700,471.507000,2.059996,591.479400,468.249000,600.507900,474.765000,591.479400,457.151500,600.507900,465.860500,-0.876067,0.283369,-2.764076,-0.713051,0.227371,-2.930459,-0.763304,-2.875781,125.261400,0.749984,-0.229161,0,0,6.956655,0.000000,0.000136,0.122180,7,-1,-1,2,4
170,10.475070,0.038689,mother,10,9,10.000000,9.000000,682.275300,261.247400,683.912400,262.104600,1.847958,680.263800,259.346200,687.561000,264.862900,680.263800,250.379100,687.561000,255.372000,0.726986,0.228971,2.570133,0.858741,0.242343,2.429269,0.763303,2.521589,125.262900,0.499977,-0.188904,0,0,9.938078,0.000000,0.000246,0.128920,7,-1,-1,5,4
170,10.475070,0.038689,older_sister,5,6,5.000000,6.467049,577.980200,420.476100,579.408900,421.424200,1.714669,582.301700,423.169200,576.516100,419.679100,582.301700,408.012700,576.516100,408.598000,-1.041776,0.387012,-1.612990,-1.146237,0.282950,-1.523872,-1.119803,-1.544223,305.266300,0.833790,-0.136745,0,1,9.408427,0.040764,0.000193,0.124317,3,4,9,7,4
170,10.475070,0.038689,player,8,3,8.000000,3.000000,851.376100,430.348500,853.331200,431.491200,2.264567,847.725900,428.302700,858.936600,434.679700,847.725900,416.938000,858.936600,423.003300,3.750606,0.290191,-1.744071,3.953022,0.298151,-1.906904,3.816513,-1.796309,125.266000,0.499977,-0.259284,1,0,9.938078,0.036130,0.000061,0.134364,7,7,3,3,4
171,10.511320,0.036958,father,4,5,4.000000,5.000000,597.724700,472.623700,595.993700,471.507000,2.059996,591.479400,468.249000,600.507900,474.765000,591.479400,457.151500,600.507900,465.860500,-0.876067,0.283369,-2.764076,-0.713051,0.227371,-2.930459,-0.763304,-2.875781,125.261400,0.749984,-0.229161,0,0,6.956655,0.000000,0.000136,0.122180,7,-1,-1,2,4
171,10.511320,0.036958,mother,10,9,10.000000,9.000000,682.275300,261.247400,683.912400,262.104600,1.847958,680.263800,259.346200,687.561000,264.862900,680.263800,250.379100,687.561000,255.372000,0.726986,0.228971,2.570133,0.858741,0.242343,2.429269,0.763303,2.521589,125.262900,0.499977,-0.188904,0,0,9.938078,0.000000,0.000246,0.128920,7,-1,-1,5,4
171,10.511320,0.036958,older_sister,5,7,5.000000,6.504237,576.408000,419.690100,576.697000,419.973400,0.404716,576.958600,420.330200,576.435500,419.616700,576.958600,406.055500,576.435500,408.376700,-1.138248,0.364496,-1.540498,-1.147692,0.287007,-1.522279,-1.148189,-1.524154,305.260000,0.880275,-0.018229,0,1,9.445385,0.036958,0.000086,0.124317,3,4,9,7,4
171,10.511320,0.036958,player,8,3,8.000000,3.000000,851.376100,430.348500,853.331200,431.491200,2.264567,847.725900,428.302700,858.936600,434.679700,847.725900,416.938000,858.936600,423.003300,3.750606,0.290191,-1.744071,3.953022,0.298151,-1.906904,3.816513,-1.796309,125.266000,0.499977,-0.259284,1,0,9.938078,0.036130,0.000061,0.134364,7,7,3,3,4
172,10.568840,0.036131,father,4,5,4.000000,4.994746,597.946900,472.734700,596.205100,471.604500,2.076375,591.874000,468.427200,600.536100,474.781700,591.874000,457.219900,600.536100,465.869600,-0.868941,0.286172,-2.768626,-0.712542,0.227566,-2.930886,-0.759292,-2.878615,125.241900,0.756552,-0.221363,0,1,6.961876,0.005222,0.000193,0.122180,7,1,2,7,4
172,10.568840,0.036131,mother,10,9,9.994745,9.000000,682.053100,261.358600,683.174400,262.664900,1.721601,681.094200,258.953500,685.254600,266.376300,681.094200,249.986000,685.254600,256.918000,0.741979,0.228981,2.580162,0.817096,0.241512,2.390624,0.759292,2.518749,147.231600,0.506544,-0.200032,1,0,9.943299,0.005222,0.000164,0.128920,1,7,10,5,4
172,10.568840,0.036131,older_sister,5,7,5.000000,6.540593,574.871100,418.921700,573.673600,418.445300,1.288785,570.898100,417.268500,576.449100,419.622100,570.898100,404.361400,576.449100,408.255700,-1.247673,0.329575,-1.462318,-1.147447,0.290234,-1.522416,-1.175938,-1.504531,305.266300,0.925719,0.116532,0,1,9.481516,0.036131,0.000086,0.124317,3,4,9,7,4
172,10.568840,0.036131,player,8,3,7.994746,3.000000,851.154100,430.459700,852.429400,432.134500,2.105159,848.715100,427.447600,856.143700,436.821400,848.715100,416.076000,856.143700,425.199700,3.768468,0.290367,-1.722236,3.902593,0.296754,-1.961592,3.812503,-1.799147,147.234800,0.506544,-0.273862,1,0,9.943299,0.005222,0.000061,0.134364,1,7,3,3,4
173,10.625710,0.057009,father,4,5,4.000000,4.965084,599.200900,473.361700,597.522600,472.309900,1.980594,594.283800,469.706800,600.761500,474.912900,594.283800,457.945200,600.761500,465.947500,-0.825431,0.300325,-2.801300,-0.708474,0.228926,-2.934235,-0.736651,-2.894625,125.265400,0.793629,-0.172246,0,1,6.991354,0.005026,0.000193,0.122180,7,1,2,7,4
173,10.625710,0.057009,mother,10,9,9.965083,8.999999,680.799100,261.985400,680.606300,263.812100,1.836832,681.984900,258.842700,679.227800,268.781600,681.984900,249.839400,679.227800,259.448200,0.758059,0.229894,2.582991,0.708280,0.238323,2.329207,0.736651,2.502743,181.894600,0.543621,-0.255291,0,0,9.972777,0.005026,0.000301,0.128920,1,7,10,5,4
173,10.625710,0.057009,older_sister,5,7,5.000000,6.597957,572.446000,417.709200,568.547700,416.031500,4.243990,560.723000,412.481900,576.372300,419.581100,560.723000,400.613300,576.372300,407.975000,-1.431390,0.303060,-1.340096,-1.148833,0.296353,-1.521369,-1.219725,-1.473571,305.262400,0.997424,0.335366,0,1,9.538525,0.007009,0.000031,0.124317,3,4,9,7,4
173,10.625710,0.057009,player,8,3,7.965084,3.000000,849.900000,431.086500,849.502000,433.344900,2.293196,850.366700,426.577200,848.637400,440.112600,850.366700,415.126900,848.637400,428.741200,3.798287,0.292378,-1.700011,3.767063,0.290363,-2.045630,3.789862,-1.815154,181.898200,0.543621,-0.346463,0,0,9.972777,0.005026,0.000110,0.134364,1,7,3,3,4
174,10.678450,0.056030,father,4,5,4.000000,4.912791,601.411600,474.467100,600.571600,474.003800,0.959230,599.797700,472.767100,601.345500,475.240600,599.797700,461.089300,601.345500,466.118000,-0.725874,0.298186,-2.879442,-0.697929,0.232940,-2.942601,-0.696736,-2.922851,125.265400,0.858995,-0.059282,0,1,7.043324,0.006030,0.000164,0.128350,7,1,2,7,4
174,10.678450,0.056030,mother,10,9,9.912789,8.999998,678.588400,263.090900,677.948700,263.781300,0.941212,683.403200,259.672200,672.494100,267.890500,683.403200,250.371900,672.494100,258.942700,0.783669,0.237479,2.561810,0.586700,0.228479,2.351959,0.696735,2.474514,215.962400,0.608988,-0.285524,0,0,10.024750,0.006030,0.000164,0.123121,1,7,10,5,4
174,10.678450,0.056030,older_sister,5,7,5.000000,6.654336,570.062600,416.517200,567.882000,415.435500,2.434125,559.789100,411.644900,575.974800,419.226200,559.789100,400.527300,575.974800,407.306700,-1.448253,0.283882,-1.318722,-1.156011,0.304359,-1.512308,-1.262759,-1.443133,305.271300,0.067897,0.350380,0,0,9.594554,0.006030,0.000301,0.137412,3,4,9,7,4
174,10.678450,0.056030,player,8,3,7.912791,3.000000,847.689300,432.192000,846.846000,432.959300,1.140111,853.426600,426.980800,840.265500,438.937800,853.426600,415.133100,840.265500,428.003100,3.853536,0.302525,-1.710317,3.615904,0.279213,-2.015632,3.749947,-1.843383,215.966300,0.608988,-0.386674,0,0,10.024750,0.006030,0.000061,0.129247,1,7,3,3,4
175,10.772810,0.097179,father,4,5,4.000000,4.832293,604.814600,476.168500,606.846300,477.090900,2.231192,611.382900,478.445300,602.309600,475.736400,611.382900,468.797100,602.309600,466.458600,-0.516698,0.246364,-3.024433,-0.680521,0.236902,-2.955262,-0.635291,-2.966296,125.262800,0.959619,0.173698,0,1,7.123324,0.030000,0.000246,0.128350,7,1,2,7,4
175,10.772810,0.097179,mother,10,9,9.832291,8.999998,675.185300,264.792700,676.791500,264.206800,1.709717,683.440300,261.823000,670.142800,266.590700,683.440300,251.448700,670.142800,257.728600,0.784339,0.264901,2.506892,0.544245,0.226288,2.385150,0.635290,2.431061,234.732200,0.709611,-0.266322,0,1,10.104750,0.030000,0.000031,0.123121,1,7,10,5,4
175,10.772810,0.097179,older_sister,5,7,5.000000,6.734834,566.659500,414.815900,567.561800,415.012300,0.923426,559.828500,411.494100,575.295100,418.530500,559.828500,400.571900,575.295100,405.672300,-1.447541,0.278893,-1.314874,-1.168283,0.328327,-1.494544,-1.324204,-1.399692,305.260600,0.168520,0.331747,1,0,9.674554,0.030000,0.000061,0.137412,3,4,9,7,4
175,10.772810,0.097179,player,8,3,7.832293,3.000000,844.286300,433.893400,846.388900,433.190800,2.216876,854.665800,429.457400,838.111900,436.924200,854.665800,416.428100,838.111900,426.089700,3.875911,0.332695,-1.773555,3.577021,0.276653,-1.964215,3.688502,-1.886824,234.739600,0.709611,-0.354122,0,1,10.104750,0.030000,0.000136,0.129247,1,7,3,3,4
176,10.823830,0.051361,father,4,5,4.000000,4.763326,607.730200,477.626500,609.874900,478.672200,2.386095,616.440800,481.064400,603.309000,476.280200,616.440800,471.855300,603.309000,466.773400,-0.425374,0.235148,-3.091308,-0.662476,0.242749,-2.969146,-0.582649,-3.003523,125.267100,0.045827,0.264121,0,0,7.191864,0.018539,0.000110,0.128350,7,1,2,7,4
176,10.823830,0.051361,mother,10,9,9.763324,8.999998,672.269800,266.250300,674.212400,265.486000,2.087576,678.687500,264.227500,669.737200,266.744400,678.687500,252.437400,669.737200,257.774700,0.698525,0.301055,2.445492,0.536923,0.229035,2.381225,0.582648,2.393841,234.738300,0.795819,-0.169054,0,1,10.173290,0.018539,0.000110,0.123121,1,7,10,5,4
176,10.823830,0.051361,older_sister,5,7,5.000000,6.803801,563.743900,413.358200,566.504500,414.351500,2.933899,560.463200,411.810000,572.545800,416.893100,560.463200,400.800900,572.545800,402.530800,-1.436081,0.281109,-1.322938,-1.217923,0.366735,-1.452734,-1.376846,-1.362472,305.261600,0.254728,0.253064,1,0,9.743093,0.018539,0.000031,0.137412,3,4,9,7,4
176,10.823830,0.051361,player,8,3,7.763326,2.999999,841.370700,435.351000,843.778600,434.589800,2.525293,848.999300,432.459100,838.557800,436.720400,848.999300,417.652600,838.557800,425.770300,3.773597,0.378075,-1.850203,3.585072,0.279604,-1.959012,3.635860,-1.924044,234.738400,0.795819,-0.216752,0,1,10.173290,0.018539,0.000273,0.129247,1,7,3,3,4
177,10.872880,0.050163,father,4,5,4.000000,4.712850,609.864100,478.693300,610.631700,479.236800,0.940540,617.242700,481.724800,604.020700,476.748700,617.242700,472.897300,604.020700,466.872500,-0.410896,0.225404,-3.108172,-0.649626,0.252184,-2.981111,-0.544121,-3.030764,125.261700,0.108920,0.268283,0,0,7.242026,0.000163,0.000193,0.128350,7,1,2,7,4
177,10.872880,0.050163,mother,10,9,9.712849,8.999998,670.136000,267.317400,671.035400,266.911000,0.986982,672.946100,266.805400,669.124700,267.016700,672.946100,255.126100,669.124700,257.894200,0.594860,0.298223,2.379668,0.525863,0.232936,2.374274,0.544121,2.366593,234.730100,0.858913,-0.059447,0,0,10.223450,0.000163,0.000110,0.123121,1,7,10,5,4
177,10.872880,0.050163,older_sister,5,7,5.000000,6.854277,561.610000,412.291100,564.075700,413.262900,2.650250,560.243500,411.718400,567.907800,414.807400,560.243500,400.649900,567.907800,399.346700,-1.440049,0.282628,-1.320600,-1.301664,0.394780,-1.399476,-1.415374,-1.335224,305.269000,0.317823,0.158529,0,0,9.793257,0.000163,0.000110,0.137412,3,4,9,7,4
177,10.872880,0.050163,player,8,3,7.712850,2.999999,839.236800,436.418100,840.311400,436.056900,1.133668,842.174800,435.381000,838.448200,436.732800,842.174800,420.597100,838.448200,425.561200,3.650378,0.377499,-1.924812,3.583091,0.285261,-1.959327,3.597332,-1.951293,234.730900,0.858913,-0.074866,0,0,10.223450,0.000163,0.000110,0.129247,1,7,3,3,4
178,10.914410,0.048906,father,4,5,4.000000,4.663640,611.944500,479.733500,611.241000,479.590400,0.717897,617.616200,481.869700,604.865700,477.311200,617.616200,473.087700,604.865700,466.825400,-0.404151,0.224243,-3.111871,-0.634369,0.267749,-2.995474,-0.506558,-3.057326,125.265400,0.170433,0.255174,1,0,7.290932,0.048906,0.000164,0.128350,7,1,2,7,4
178,10.914410,0.048906,mother,10,9,9.663638,8.999998,668.055500,268.357400,667.402000,268.712500,0.743804,666.227700,270.139600,668.576300,267.285300,666.227700,259.863900,668.576300,258.066800,0.473556,0.262383,2.294532,0.515961,0.235390,2.367414,0.506559,2.340039,234.742300,0.920426,0.076698,0,1,10.272360,0.048906,0.000164,0.123121,1,7,10,5,4
178,10.914410,0.048906,older_sister,5,7,5.000000,6.903487,559.529700,411.250700,560.958800,411.878400,1.560930,559.814200,411.562800,562.103400,412.194100,559.814200,400.372800,562.103400,397.345800,-1.447799,0.285731,-1.316628,-1.406466,0.379141,-1.332746,-1.452937,-1.308657,305.269900,0.379335,0.043054,1,0,9.842162,0.048906,0.000273,0.137412,3,4,9,7,4
178,10.914410,0.048906,player,8,3,7.663640,2.999999,837.156400,437.458500,836.319500,437.994900,0.994129,834.198600,439.262100,838.440200,436.727800,834.198600,426.198100,838.440200,425.375500,3.506363,0.333581,-2.023912,3.582948,0.289873,-1.959199,3.559769,-1.977859,234.730000,0.920426,0.099894,0,1,10.272360,0.048906,0.000031,0.129247,1,7,3,3,4
179,10.956750,0.042023,father,4,5,4.000000,4.621356,613.732100,480.627500,611.900900,479.960200,1.948962,617.685900,481.871300,606.115800,478.049100,617.685900,473.031800,606.115800,466.850300,-0.402893,0.225712,-3.111913,-0.611798,0.285956,-3.014316,-0.474282,-3.080153,125.270200,0.223289,0.226914,1,0,7.332954,0.042023,0.000031,0.128350,7,1,2,7,4
179,10.956750,0.042023,mother,10,9,9.621354,8.999998,666.267900,269.251200,663.962700,270.514800,2.628816,659.915200,273.475600,668.010100,267.554000,659.915200,263.907800,668.010100,258.250000,0.359581,0.244306,2.209350,0.505738,0.237573,2.360552,0.474282,2.317216,234.736300,0.973282,0.206633,0,1,10.314380,0.042023,0.000110,0.123121,1,7,10,5,4
179,10.956750,0.042023,older_sister,5,7,5.000000,6.945771,557.742100,410.357200,557.570200,410.215400,0.222829,559.415600,411.389300,555.724700,409.041500,559.415600,400.110100,555.724700,396.009600,-1.454995,0.288006,-1.312196,-1.521636,0.332763,-1.252247,-1.485212,-1.285842,305.256600,0.432191,-0.089022,1,0,9.884185,0.042023,0.000031,0.137412,3,4,9,7,4
179,10.956750,0.042023,player,8,3,7.621355,2.999999,835.368900,438.352000,832.449200,440.038200,3.371594,826.565800,443.316300,838.332600,436.760100,826.565800,431.404600,838.332600,425.245900,3.368549,0.304160,-2.127434,3.581006,0.294009,-1.960025,3.527494,-2.000674,234.743300,0.973282,0.270122,0,1,10.314380,0.042023,0.000164,0.129247,1,7,3,3,4
180,10.998310,0.042214,father,4,5,4.000000,4.578879,615.527800,481.525200,613.435800,480.702200,2.248045,618.136200,482.067700,608.735400,479.336600,618.136200,473.204700,608.735400,467.119100,-0.394762,0.226312,-3.116929,-0.564500,0.311967,-3.047192,-0.441860,-3.103076,125.260000,0.276384,0.178855,1,0,7.375168,0.042214,0.000136,0.124120,7,1,2,7,4
180,10.998310,0.042214,mother,10,9,9.578876,8.999998,664.472300,270.149200,662.052900,271.449700,2.746758,656.751400,275.030200,667.354500,267.869300,656.751400,265.613800,667.354500,258.426200,0.302456,0.240443,2.169651,0.493900,0.241121,2.352503,0.441861,2.294285,234.729600,0.026377,0.261887,0,1,10.356590,0.042214,0.000061,0.132010,1,7,10,5,4
180,10.998310,0.042214,older_sister,5,7,5.000000,6.988248,555.946400,409.459200,554.287200,408.503800,1.914600,559.148700,411.279900,549.425800,405.727700,559.148700,399.926900,549.425800,393.911500,-1.459815,0.289891,-1.309402,-1.635367,0.301718,-1.167630,-1.517634,-1.262912,305.269500,0.485287,-0.225191,1,0,9.926398,0.042214,0.000193,0.139431,3,4,9,7,4
180,10.998310,0.042214,player,8,3,7.578879,2.999999,833.573100,439.250000,830.529900,440.972400,3.496819,822.982300,445.085700,838.077600,436.859100,822.982300,433.531000,838.077600,425.136800,3.303847,0.295043,-2.172615,3.576402,0.299322,-1.962554,3.495071,-2.023604,234.731900,0.026377,0.343820,0,1,10.356590,0.042214,0.000061,0.143371,1,7,3,3,4
181,11.091490,0.086109,father,4,4,4.000000,4.498381,618.930800,483.226800,617.845300,482.681700,1.214745,619.429000,482.627800,616.261500,482.735600,619.429000,473.670000,616.261500,470.575200,-0.371421,0.228732,-3.131231,-0.428611,0.310509,-3.133983,-0.380415,-3.146525,125.265100,0.377008,0.045106,1,0,7.455168,0.030000,0.000086,0.124120,7,1,2,7,4
181,11.091490,0.086109,mother,9,9,9.498378,8.999998,661.069200,271.850700,660.486900,271.958100,0.592096,655.004300,275.523100,665.969500,268.393000,655.004300,266.730300,665.969500,258.365600,0.270910,0.224519,2.157066,0.468893,0.256046,2.339128,0.380416,2.250839,234.736800,0.127000,0.266766,0,0,10.436590,0.030000,0.000031,0.132010,1,7,10,5,4
181,11.091490,0.086109,older_sister,5,7,4.978266,7.000000,554.530700,409.670100,551.504800,409.323500,3.045660,560.207800,410.149600,542.801900,408.497500,560.207800,398.746000,542.801900,397.018500,-1.440693,0.291184,-1.280542,-1.754967,0.293109,-1.238356,-1.543195,-1.268298,274.270200,0.527144,-0.316542,1,0,9.959678,0.021600,0.000273,0.139431,2,4,9,7,4
181,11.091490,0.086109,player,7,3,7.498380,3.000000,830.170000,440.951500,829.491900,441.097200,0.693635,821.749400,445.194900,837.234500,436.999600,821.749400,434.297100,837.234500,424.608900,3.281586,0.278266,-2.175401,3.561178,0.316390,-1.966141,3.433626,-2.067050,234.737100,0.127000,0.349102,0,0,10.436590,0.030000,0.000136,0.143371,1,7,3,3,4
182,11.141420,0.048989,father,4,4,4.000000,4.442938,621.274700,484.398800,621.875500,484.669100,0.658842,620.431400,483.097400,623.319600,486.240800,620.431400,474.128600,623.319600,476.087600,-0.353323,0.229011,-3.143220,-0.301173,0.259256,-3.223487,-0.338097,-3.176452,125.267200,0.446310,-0.088924,1,0,7.510267,0.005098,0.000000,0.124120,7,1,2,7,4
182,11.141420,0.048989,mother,9,9,9.442936,8.999997,658.725300,273.022500,659.698800,272.296500,1.214390,654.837400,275.684000,664.560200,268.909100,654.837400,266.882500,664.560200,258.129300,0.267898,0.224740,2.152959,0.443448,0.275255,2.325952,0.338097,2.220917,234.737300,0.196302,0.243212,1,0,10.491690,0.005098,0.000110,0.132010,1,7,10,5,4
182,11.141420,0.048989,older_sister,5,7,4.924434,7.000000,552.254900,410.808300,550.409400,411.026800,1.858407,560.797000,409.575600,540.021800,412.478000,560.797000,397.846200,540.021800,401.512600,-1.430054,0.299504,-1.265884,-1.805162,0.279996,-1.339997,-1.584286,-1.297362,256.634100,0.594434,-0.382080,0,0,10.013180,0.005098,0.000061,0.139431,1,4,9,7,4
182,11.141420,0.048989,player,7,3,7.442988,2.999999,827.828400,442.122100,829.125100,441.145100,1.623606,822.333900,444.967900,835.916200,437.322200,822.333900,434.014800,835.916200,424.150000,3.292138,0.279682,-2.169607,3.537376,0.336344,-1.974378,3.391346,-2.096942,234.739700,0.196240,0.312950,1,0,10.491640,0.005049,0.000301,0.143371,1,7,3,3,4
183,11.182620,0.048703,father,4,4,4.000000,4.393932,623.346400,485.434600,625.091600,486.358000,1.974376,621.161100,483.446000,629.022000,489.270000,621.161100,474.478400,629.022000,479.815900,-0.340147,0.228982,-3.152122,-0.198214,0.241405,-3.300835,-0.300689,-3.202899,125.260000,0.507567,-0.201744,1,0,7.558969,0.048703,0.000110,0.124120,7,1,2,7,4
183,11.182620,0.048703,mother,9,9,9.393929,8.999997,656.653600,274.058300,658.429300,272.928500,2.104679,654.611300,275.831000,662.247400,270.026000,654.611300,266.969600,662.247400,258.135900,0.263815,0.226271,2.149204,0.401690,0.303608,2.297431,0.300690,2.194470,234.739500,0.257561,0.198150,1,0,10.540390,0.048703,0.000246,0.132010,1,7,10,5,4
183,11.182620,0.048703,older_sister,5,7,4.875428,7.000000,550.183200,411.843900,550.585600,411.827500,0.402742,559.991000,408.135900,541.180400,415.519100,559.991000,395.771800,541.180400,404.684100,-1.444607,0.315708,-1.229122,-1.784244,0.276665,-1.417648,-1.621692,-1.323806,239.088200,0.655692,-0.388244,0,1,10.061880,0.048703,0.000193,0.139431,1,4,9,7,4
183,11.182620,0.048703,player,7,3,7.394705,2.999999,825.787200,443.142800,828.023400,441.633500,2.697825,822.679800,444.786500,833.366900,438.480600,822.679800,433.776800,833.366900,424.074600,3.298385,0.281126,-2.164975,3.491348,0.367848,-2.003957,3.354491,-2.123004,234.733300,0.256594,0.250518,1,0,10.539620,0.047984,0.000220,0.143371,1,7,3,3,4
184,11.224320,0.041785,father,4,4,4.000000,4.351887,625.123900,486.323200,627.135300,487.420500,2.291280,621.623200,483.675000,632.647300,491.166000,621.623200,474.625500,632.647300,481.903100,-0.331803,0.231074,-3.157970,-0.132756,0.236523,-3.349248,-0.268596,-3.225589,125.261000,0.560124,-0.272952,0,0,7.600755,0.041785,0.000246,0.124120,7,1,2,7,4
184,11.224320,0.041785,mother,9,9,9.351884,8.999996,654.876100,274.947300,656.637700,273.929200,2.034652,654.086900,276.133500,659.188600,271.724900,654.086900,267.247700,659.188600,259.081000,0.254346,0.226895,2.141479,0.346461,0.322856,2.254051,0.268596,2.171768,234.725400,0.310118,0.140212,1,0,10.582180,0.041785,0.000061,0.132010,1,7,10,5,4
184,11.224320,0.041785,older_sister,5,7,4.833382,7.000000,548.405700,412.732700,550.474700,412.044800,2.180397,558.782400,408.292200,542.167000,415.797300,558.782400,395.280700,542.167000,404.964400,-1.466429,0.332241,-1.233114,-1.766429,0.276613,-1.424753,-1.653786,-1.346499,234.736600,0.708249,-0.355592,0,1,10.103660,0.041785,0.000193,0.139431,1,4,9,7,4
184,11.224320,0.041785,player,7,3,7.355302,2.999999,824.121400,443.975800,826.290000,442.587300,2.575070,822.536900,444.865100,830.043100,440.309500,822.536900,433.818900,830.043100,424.970900,3.295806,0.282059,-2.166982,3.431334,0.391663,-2.050658,3.324414,-2.144275,234.731900,0.305848,0.177820,1,0,10.578780,0.039160,0.000136,0.143371,1,7,3,3,4
185,11.265260,0.041260,father,4,4,4.000000,4.310369,626.879000,487.200800,627.804400,487.608800,1.011347,621.908000,483.795000,633.700800,491.422600,621.908000,474.471800,633.700800,482.478100,-0.326661,0.238061,-3.161033,-0.113735,0.228395,-3.355801,-0.236906,-3.248000,125.268100,0.612021,-0.286305,0,0,7.642015,0.041260,0.000136,0.124120,7,1,2,7,4
185,11.265260,0.041260,mother,9,9,9.310367,8.999997,653.121000,275.824700,654.451400,275.137900,1.497269,653.456200,276.493300,655.446800,273.782500,653.456200,267.547100,655.446800,261.290300,0.242959,0.228436,2.132294,0.278900,0.318983,2.201511,0.236906,2.149365,234.741700,0.362013,0.069304,1,0,10.623440,0.041260,0.000086,0.132010,1,7,10,5,4
185,11.265260,0.041260,older_sister,5,7,4.791865,7.000000,546.650600,413.610400,549.312700,412.762600,2.793851,556.062700,409.911900,542.562600,415.613300,556.062700,395.785700,542.562600,404.733400,-1.515534,0.360704,-1.274471,-1.759286,0.277812,-1.420053,-1.685476,-1.368911,234.731200,0.760145,-0.283073,0,1,10.144920,0.041260,0.000086,0.139431,1,4,9,7,4
185,11.265260,0.041260,player,7,3,7.318974,2.999999,822.585600,444.743700,824.409700,443.680700,2.111256,822.338400,445.013500,826.480800,442.347900,822.338400,433.873400,826.480800,426.894100,3.292221,0.284454,-2.170770,3.367015,0.394603,-2.102706,3.296685,-2.163882,234.735900,0.351258,0.100366,1,0,10.614890,0.036103,0.000164,0.143371,1,7,3,3,4
186,11.306470,0.041026,father,4,4,4.000000,4.269088,628.624200,488.073500,628.336300,487.773300,0.415877,622.447900,483.948500,634.224700,491.598200,622.447900,474.106000,634.224700,482.753400,-0.316912,0.251322,-3.164953,-0.104276,0.225844,-3.360283,-0.205397,-3.270282,125.265600,0.663623,-0.286392,0,1,7.683041,0.041026,0.000110,0.120480,7,1,2,7,4
186,11.306470,0.041026,mother,9,9,9.269085,8.999996,651.375700,276.697600,651.686500,276.573300,0.334680,652.738200,276.881100,650.634800,276.265500,652.738200,267.916100,650.634800,265.153000,0.229994,0.228916,2.122390,0.192016,0.283749,2.138110,0.205395,2.127076,234.727500,0.413615,-0.021928,1,0,10.664460,0.041026,0.000164,0.128894,1,7,10,5,4
186,11.306470,0.041026,older_sister,5,7,4.750584,7.000000,544.905400,414.482800,547.077000,413.766300,2.286736,551.526100,411.959700,542.627700,415.572800,551.526100,396.925800,542.627700,404.575900,-1.597445,0.383882,-1.326761,-1.758110,0.280800,-1.419021,-1.716986,-1.391189,234.739700,0.811748,-0.184450,0,1,10.185950,0.041026,0.000220,0.128881,1,4,9,7,4
186,11.306470,0.041026,player,7,3,7.285762,2.999999,821.181600,445.445700,822.168500,444.884700,1.135174,822.053300,445.186400,822.283400,444.583100,822.053300,433.973600,822.283400,430.141900,3.287073,0.286314,-2.175187,3.291230,0.368747,-2.159780,3.271334,-2.181808,234.736000,0.392774,0.012289,1,0,10.647890,0.033006,0.000164,0.136003,1,7,3,3,4
187,11.400180,0.087208,father,4,4,4.000000,4.188590,632.027300,489.774700,630.278800,488.638700,2.085181,626.164900,485.562700,634.392800,491.714800,626.164900,474.232200,634.392800,482.793200,-0.249801,0.289317,-3.206170,-0.101242,0.227805,-3.363260,-0.143951,-3.313724,125.259900,0.764246,-0.211991,0,1,7.763041,0.030000,0.000356,0.120480,7,1,2,7,4
187,11.400180,0.087208,mother,9,9,9.188586,8.999997,647.972700,278.398900,646.059900,279.293600,2.111611,651.507900,277.527600,640.611900,281.059500,651.507900,268.558700,640.611900,271.629400,0.207783,0.229015,2.105882,0.011049,0.240793,2.015697,0.143951,2.083633,234.738600,0.514238,-0.212703,1,0,10.744460,0.030000,0.000061,0.128894,1,7,10,5,4
187,11.400180,0.087208,older_sister,5,7,4.670085,7.000000,541.502300,416.184300,540.953400,416.574500,0.673481,539.395200,417.558500,542.511500,415.590400,539.395200,404.242200,542.511500,404.259800,-1.816475,0.340025,-1.469724,-1.760209,0.289322,-1.419470,-1.778431,-1.434634,234.737100,0.912370,0.074955,0,1,10.265950,0.030000,0.000273,0.128881,1,4,9,7,4
187,11.400180,0.087208,player,7,3,7.229320,3.000000,818.795500,446.638600,817.537100,447.185000,1.371853,821.619400,445.438800,813.454700,448.931200,821.619400,434.110500,813.454700,436.789800,3.279239,0.289261,-2.181630,3.131822,0.310023,-2.270807,3.228251,-2.212268,234.738800,0.463326,-0.171852,1,0,10.703990,0.019591,0.000273,0.136003,1,7,3,3,4
188,11.447800,0.048818,father,4,4,4.000000,4.132214,634.410600,490.966600,633.097700,490.229600,1.505615,631.280600,488.450500,634.914800,492.008700,631.280600,476.432500,634.914800,482.943600,-0.157433,0.306872,-3.279908,-0.091816,0.231473,-3.370766,-0.100920,-3.344157,125.270100,0.834714,-0.106036,0,1,7.819067,0.006026,0.000110,0.120480,7,1,2,7,4
188,11.447800,0.048818,mother,9,9,9.132211,8.999996,645.589400,279.590600,643.995700,280.356700,1.768255,651.001600,277.782300,636.989700,282.931200,651.001600,268.631200,636.989700,273.857300,0.198641,0.233667,2.099380,-0.054352,0.231697,1.967905,0.100919,2.053205,234.734800,0.584707,-0.282474,0,0,10.800490,0.006026,0.000000,0.128894,1,7,10,5,4
188,11.447800,0.048818,older_sister,5,7,4.613709,7.000000,539.119000,417.375900,535.916300,419.221300,3.696417,529.422200,422.819900,542.410300,415.622800,529.422200,410.969300,542.410300,404.073300,-1.996544,0.302599,-1.604071,-1.762036,0.294910,-1.420296,-1.821462,-1.465060,234.736800,0.982840,0.297577,0,1,10.321980,0.006026,0.000356,0.128881,1,4,9,7,4
188,11.447800,0.048818,player,7,3,7.195996,3.000000,817.386700,447.343200,815.107700,448.305500,2.473912,821.486800,445.513200,808.728400,451.097900,821.486800,434.143200,808.728400,439.464200,3.276845,0.290326,-2.183531,3.046485,0.297059,-2.326131,3.202816,-2.230258,234.728900,0.504980,-0.270417,1,0,10.737100,0.003418,0.000136,0.136003,1,7,3,3,4
189,11.488810,0.046746,father,4,4,4.000000,4.085176,636.399100,491.960700,636.343100,491.910900,0.074900,637.214700,491.510400,635.471600,492.311400,637.214700,480.587600,635.471600,483.131000,-0.050290,0.278907,-3.358042,-0.081764,0.234416,-3.378496,-0.065016,-3.369540,125.258700,0.893511,0.013893,0,1,7.865813,0.046746,0.000301,0.120480,7,1,2,7,4
189,11.488810,0.046746,mother,9,9,9.085174,8.999996,643.600800,280.584900,643.553800,280.726300,0.149100,650.655800,278.039100,636.451800,283.413500,650.655800,268.426000,636.451800,274.537000,0.192396,0.245467,2.092821,-0.064064,0.226658,1.955589,0.065015,2.027818,234.736800,0.643504,-0.288631,0,0,10.847240,0.046746,0.000031,0.128894,1,7,10,5,4
189,11.488810,0.046746,older_sister,5,7,4.566672,7.000000,537.130500,418.370200,534.401600,419.866800,3.112323,526.772600,423.984700,542.030600,415.749000,526.772600,412.612600,542.030600,403.966500,-2.044384,0.290380,-1.633812,-1.768891,0.300859,-1.423518,-1.857366,-1.490451,234.732700,0.041636,0.346353,0,0,10.368720,0.046746,0.000246,0.128881,1,4,9,7,4
189,11.488810,0.046746,player,7,3,7.171772,3.000000,816.362600,447.855200,813.628200,448.979600,2.956528,821.442900,445.535900,805.813700,452.423200,821.442900,434.111900,805.813700,440.997000,3.276051,0.291704,-2.184110,2.993858,0.291761,-2.359973,3.184325,-2.243330,234.741200,0.535262,-0.331947,0,0,10.761180,0.024075,0.000193,0.136003,1,7,3,3,4
190,11.528330,0.040570,father,4,4,4.000000,4.044354,638.124900,492.823600,639.641600,493.514700,1.666780,643.312500,494.468300,635.970600,492.561100,643.312500,484.640600,635.970600,483.308900,0.059809,0.250946,-3.433571,-0.072752,0.236250,-3.384871,-0.033856,-3.391573,125.264900,0.944539,0.136352,0,1,7.906383,0.040570,0.000301,0.120480,7,1,2,7,4
190,11.528330,0.040570,mother,9,9,9.044351,8.999996,641.875100,281.447800,643.150100,281.021700,1.344316,650.001300,278.514700,636.299000,283.528700,650.001300,268.304500,636.299000,274.688000,0.180578,0.260713,2.080677,-0.066823,0.225743,1.952647,0.033856,2.005783,234.734200,0.694531,-0.275920,0,1,10.887810,0.040570,0.000031,0.128894,1,7,10,5,4
190,11.528330,0.040570,older_sister,5,7,4.525850,7.000000,535.404700,419.233100,533.808400,419.940700,1.746119,526.000000,424.077400,541.616800,415.804000,526.000000,413.108700,541.616800,403.707200,-2.058334,0.280080,-1.636180,-1.776363,0.308886,-1.424924,-1.888525,-1.512485,234.735100,0.092664,0.352197,0,0,10.409290,0.040570,0.000246,0.128881,1,4,9,7,4
190,11.528330,0.040570,player,7,3,7.152810,3.000000,815.561000,448.256100,812.819900,449.371200,2.959162,821.465900,445.522900,804.173900,453.219500,821.465900,434.006200,804.173900,441.959600,3.276468,0.294072,-2.183778,2.964252,0.287515,-2.380306,3.169851,-2.253570,234.723200,0.558964,-0.368386,0,0,10.780020,0.018844,0.000031,0.136003,1,7,3,3,4
191,11.569000,0.040609,father,4,4,4.000000,4.003493,639.852400,493.687600,642.809700,495.028500,3.247135,649.157400,497.251600,636.461900,492.805300,649.157400,487.584100,636.461900,483.450400,0.165343,0.246855,-3.504641,-0.063882,0.238871,-3.391107,-0.002666,-3.413634,125.271100,0.995616,0.252706,0,1,7.946991,0.040609,0.000086,0.120480,7,1,2,7,4
191,11.569000,0.040609,mother,9,9,9.003489,8.999996,640.147600,282.311400,642.191800,281.533500,2.187207,648.147800,279.547400,636.235900,283.519600,648.147800,268.525300,636.235900,274.620000,0.147114,0.281444,2.054308,-0.067963,0.227248,1.952880,0.002666,1.983731,234.738300,0.745608,-0.234171,0,1,10.928410,0.040608,0.000061,0.128894,1,7,10,5,4
191,11.569000,0.040609,older_sister,4,7,4.484988,7.000000,533.677300,420.097100,533.530300,419.968900,0.194992,525.949200,424.039400,541.111500,415.898400,525.949200,413.130800,541.111500,403.329600,-2.059251,0.278546,-1.635211,-1.785487,0.320939,-1.427335,-1.919716,-1.534545,234.729200,0.143741,0.343546,0,0,10.449900,0.040609,0.000031,0.128881,1,4,9,7,4
191,11.569000,0.040609,player,7,3,7.135544,3.000000,814.831100,448.620800,812.621800,449.528000,2.388229,821.556100,445.485700,803.687500,453.570200,821.556100,433.847900,803.687500,442.483100,3.278096,0.297166,-2.182830,2.955469,0.283103,-2.389262,3.156672,-2.262881,234.757000,0.580545,-0.382615,0,0,10.797180,0.017159,0.000301,0.136003,1,7,3,3,4
192,11.609360,0.040734,father,4,4,4.000000,3.962505,641.585100,494.553900,643.708700,495.592400,2.363986,650.276200,497.986700,637.141200,493.198100,650.276200,488.787500,637.141200,483.687300,0.185542,0.234896,-3.523410,-0.051618,0.242851,-3.401136,0.028620,-3.435755,125.263500,0.046850,0.264236,0,0,7.987725,0.040734,0.000110,0.131448,7,1,2,7,4
192,11.609360,0.040734,mother,9,9,8.962502,8.999996,638.414900,283.177900,640.348000,282.415300,2.078091,644.787500,281.172000,635.908600,283.658500,644.787500,269.368800,635.908600,274.686900,0.086441,0.301387,2.012825,-0.073872,0.229085,1.949333,-0.028620,1.961606,234.732300,0.796843,-0.167550,0,1,10.969150,0.040734,0.000031,0.113590,1,7,10,5,4
192,11.609360,0.040734,older_sister,4,7,4.444001,7.000000,531.944500,420.963100,533.209800,420.005400,1.586930,526.393400,423.836500,540.026300,416.174200,526.393400,412.885300,540.026300,403.016100,-2.051229,0.279634,-1.630030,-1.805081,0.335984,-1.434377,-1.951002,-1.556659,234.746200,0.194974,0.313936,1,0,10.490630,0.040734,0.000329,0.129957,1,4,9,7,4
192,11.609360,0.040734,player,7,3,7.119652,3.000000,814.159200,448.957100,812.763100,449.577200,1.527686,821.653600,445.458300,803.872600,453.696100,821.653600,433.682300,803.872600,442.751900,3.279857,0.300693,-2.182128,2.958810,0.279453,-2.392475,3.144542,-2.271468,234.705500,0.600411,-0.383571,0,0,10.812980,0.015795,0.000031,0.129600,1,7,3,3,4
193,11.700080,0.085035,father,4,4,4.000000,3.882007,644.988200,496.255500,644.828800,496.360700,0.190951,651.341400,498.751000,638.316200,493.970400,651.341400,489.968000,638.316200,483.738500,0.204775,0.224268,-3.542926,-0.030402,0.261266,-3.420857,0.090064,-3.479205,125.265400,0.147473,0.262497,0,0,8.067725,0.030000,0.000031,0.131448,7,1,2,7,4
193,11.700080,0.085035,mother,9,9,8.882004,8.999996,635.011800,284.879200,634.995700,284.908900,0.033786,635.037100,285.724000,634.954300,284.093800,635.037100,274.899400,634.954300,274.907700,-0.089608,0.276400,1.896593,-0.091104,0.234560,1.938220,-0.090064,1.918164,234.739400,0.897465,0.022810,0,1,11.049150,0.030000,0.000164,0.113590,1,7,10,5,4
193,11.700080,0.085035,older_sister,4,7,4.363502,7.000000,528.541400,422.664900,530.733300,421.226000,2.621958,526.638300,423.705600,534.828300,418.746300,526.638300,412.674300,534.828300,403.558000,-2.046808,0.281678,-1.626686,-1.898933,0.387823,-1.500053,-2.012446,-1.600112,234.732200,0.295597,0.193852,1,0,10.570630,0.030000,0.000136,0.129957,1,4,9,7,4
193,11.700080,0.085035,player,7,3,7.091724,3.000000,812.978500,449.547100,812.668500,449.777600,0.386386,821.701000,445.556700,803.635900,453.998500,821.701000,433.441700,803.635900,443.118700,3.280713,0.309352,-2.184642,2.954537,0.277810,-2.400198,3.123223,-2.286533,234.753700,0.635321,-0.390777,0,0,10.840730,0.009861,0.000329,0.129600,1,7,3,3,4
194,11.744740,0.045260,father,4,4,4.000000,3.831398,647.127700,497.325200,645.534500,496.782300,1.683095,651.497500,498.784900,639.571500,494.779600,651.497500,489.964400,639.571500,483.819000,0.207593,0.225227,-3.543792,-0.007736,0.279873,-3.441519,0.128694,-3.506518,125.261800,0.210734,0.234865,0,0,8.118021,0.000296,0.000136,0.131448,7,1,2,7,4
194,11.744740,0.045260,mother,9,9,8.831394,8.999996,632.872300,285.949300,630.931200,287.015200,2.214481,627.552900,289.620900,634.309600,284.409400,627.552900,279.982300,634.309600,275.129600,-0.224739,0.246117,1.797087,-0.102745,0.236954,1.930160,-0.128694,1.890839,234.725900,0.960727,0.176445,0,0,11.099440,0.000296,0.000136,0.113590,1,7,10,5,4
194,11.744740,0.045260,older_sister,4,7,4.312893,7.000000,526.401900,423.734700,528.113300,422.748200,1.975394,526.364400,423.905200,529.862200,421.591200,526.364400,412.750200,529.862200,406.236400,-2.051755,0.284836,-1.631783,-1.988598,0.392075,-1.572695,-2.051077,-1.627429,234.734300,0.358858,0.085682,0,0,10.620930,0.000296,0.000110,0.129957,1,4,9,7,4
194,11.744740,0.045260,player,7,3,7.075930,3.000000,812.310900,449.881100,812.688100,449.851400,0.378423,821.671100,445.661700,803.705100,454.041100,821.671100,433.305800,803.705100,443.205100,3.280172,0.315501,-2.187323,2.955787,0.276692,-2.401285,3.111168,-2.295062,234.718300,0.655064,-0.388386,0,0,10.856430,0.000092,0.000164,0.129600,1,7,3,3,4
195,11.785700,0.046203,father,4,4,4.000000,3.784908,649.093100,498.307900,646.993700,497.493400,2.251826,651.878400,498.944300,642.109000,496.042500,651.878400,490.082000,642.109000,483.954100,0.214471,0.226293,-3.547862,0.038079,0.308671,-3.473766,0.164181,-3.531611,125.265000,0.268848,0.186802,1,0,8.164224,0.046203,0.000136,0.131448,7,1,2,7,4
195,11.785700,0.046203,mother,9,9,8.784904,8.999996,630.906900,286.931900,628.367100,288.310300,2.889764,623.083000,291.890300,633.651100,284.730200,623.083000,282.392500,633.651100,275.310200,-0.305445,0.242522,1.739140,-0.114633,0.240534,1.921968,-0.164181,1.865749,234.739100,0.018840,0.261351,0,1,11.145650,0.046203,0.000061,0.113590,1,7,10,5,4
195,11.785700,0.046203,older_sister,4,7,4.266403,7.000000,524.436600,424.717100,524.703900,424.530000,0.326323,525.958400,424.144100,523.449400,424.915800,525.958400,412.890600,523.449400,411.328400,-2.059084,0.287352,-1.637885,-2.104386,0.346945,-1.657587,-2.086562,-1.652515,234.742400,0.416971,-0.048365,1,0,10.667130,0.046203,0.000329,0.129957,1,4,9,7,4
195,11.785700,0.046203,player,7,3,7.062405,3.000000,811.739000,450.167200,812.700700,449.918100,0.993404,821.572100,445.806600,803.829200,454.029600,821.572100,433.230300,803.829200,443.214600,3.278384,0.321128,-2.191023,2.958026,0.276154,-2.400990,3.100844,-2.302367,234.719300,0.671971,-0.382792,0,1,10.869870,0.013442,0.000000,0.129600,1,7,3,3,4
196,11.824990,0.039669,father,4,4,4.000000,3.744992,650.780500,499.151300,648.900300,498.327900,2.052649,652.440300,499.180800,645.360200,497.474900,652.440300,490.284700,645.360200,484.777800,0.224618,0.227157,-3.553902,0.096783,0.324214,-3.510343,0.194648,-3.553149,125.257500,0.318743,0.129530,1,0,8.203893,0.039669,0.000329,0.131448,7,1,2,7,4
196,11.824990,0.039669,mother,9,9,8.744987,8.999996,629.219400,287.775700,627.492100,288.589800,1.909619,622.035900,292.175600,632.948200,285.004200,622.035900,283.159500,632.948200,275.391600,-0.324353,0.230221,1.731855,-0.127323,0.245449,1.914974,-0.194649,1.844205,234.735100,0.068735,0.266598,0,0,11.185320,0.039669,0.000061,0.113590,1,7,10,5,4
196,11.824990,0.039669,older_sister,4,7,4.226487,7.000000,522.749100,425.560900,521.396600,426.148900,1.474785,525.681600,424.308100,517.111700,427.989700,525.681600,412.974900,517.111700,415.912200,-2.064082,0.289388,-1.642071,-2.218817,0.308393,-1.736080,-2.117030,-1.674060,234.734200,0.466867,-0.180616,1,0,10.706800,0.039669,0.000301,0.129957,1,4,9,7,4
196,11.824990,0.039669,player,7,3,7.051421,3.000001,811.274700,450.399200,812.692500,449.982600,1.477715,821.422100,445.972500,803.962900,453.992700,821.422100,433.219000,803.962900,443.179400,3.275676,0.325655,-2.195259,2.960441,0.276111,-2.400050,3.092460,-2.308291,234.752700,0.685700,-0.375629,0,1,10.880780,0.010916,0.000110,0.129600,1,7,3,3,4
197,11.864710,0.040066,father,4,4,4.000000,3.704677,652.484900,500.003500,651.250700,499.395900,1.375637,653.130400,499.484200,649.371000,499.307700,653.130400,490.532000,649.371000,486.960100,0.237076,0.228588,-3.561648,0.169198,0.315289,-3.557141,0.225422,-3.574908,125.262300,0.369137,0.058025,1,0,8.243958,0.040066,0.000329,0.131448,7,1,2,7,4
197,11.864710,0.040066,mother,9,9,8.704673,8.999997,627.515100,288.627700,626.748400,288.831000,0.793296,621.236500,292.400500,632.260200,285.261600,621.236500,283.597200,632.260200,275.304600,-0.338785,0.224786,1.726113,-0.139746,0.254247,1.908398,-0.225421,1.822449,234.739800,0.119129,0.267755,0,0,11.225380,0.040066,0.000086,0.113590,1,7,10,5,4
197,11.864710,0.040066,older_sister,4,7,4.186172,7.000000,521.044800,426.413000,518.537900,427.459000,2.716351,525.533100,424.388100,511.542800,430.529900,525.533100,413.003400,511.542800,418.981300,-2.066764,0.290699,-1.644112,-2.319366,0.294888,-1.800942,-2.147802,-1.695819,234.736000,0.517261,-0.296794,1,0,10.746870,0.040066,0.000301,0.129957,1,4,9,7,4
197,11.864710,0.040066,player,7,3,7.040771,3.000001,810.824500,450.624300,812.641400,450.047100,1.906396,821.145000,446.173900,804.137600,453.920200,821.145000,433.263200,804.137600,443.098800,3.270674,0.329666,-2.200400,2.963597,0.276320,-2.398199,3.084330,-2.314040,234.737100,0.699015,-0.364928,0,1,10.891370,0.010585,0.000110,0.129600,1,7,3,3,4
198,11.905450,0.040228,father,4,4,4.000000,3.664198,654.196100,500.859200,654.086100,500.771600,0.140646,653.869400,499.828500,654.302700,501.714800,653.869400,490.863100,654.302700,490.801500,0.250420,0.228926,-3.570440,0.258245,0.278665,-3.618604,0.256318,-3.596759,125.269200,0.419735,-0.034199,1,0,8.284186,0.040228,0.000246,0.128903,7,1,2,7,4
198,11.905450,0.040228,mother,9,9,8.664194,8.999997,625.803900,289.483400,626.213600,289.070600,0.581628,621.042800,292.563400,631.384400,285.577800,621.042800,283.781700,631.384400,275.099800,-0.342283,0.224237,1.721952,-0.155559,0.267550,1.900326,-0.256318,1.800599,234.733100,0.169727,0.255446,1,0,11.265610,0.040228,0.000031,0.124558,1,7,10,5,4
198,11.905450,0.040228,older_sister,4,7,4.145693,7.000000,519.333500,427.268700,516.714400,428.332600,2.826964,525.564900,424.372700,507.863600,432.292600,525.564900,412.808400,507.863600,421.096700,-2.066188,0.295286,-1.643720,-2.385795,0.285880,-1.845949,-2.178701,-1.717669,234.733300,0.567859,-0.377715,0,0,10.787100,0.040228,0.000246,0.137539,1,4,9,7,4
198,11.905450,0.040228,player,7,3,7.030430,3.000001,810.387300,450.843000,812.544000,450.116400,2.275852,820.765100,446.413600,804.323000,453.819200,820.765100,433.350800,804.323000,442.982200,3.263814,0.333551,-2.206522,2.966943,0.276714,-2.395618,3.076437,-2.319625,234.719700,0.711939,-0.351564,0,1,10.901650,0.010276,0.000031,0.125217,1,7,3,3,4
199,11.993340,0.084143,father,4,4,4.000000,3.583699,657.599200,502.561000,659.497100,503.580600,2.154479,655.114200,500.421800,663.880100,506.739300,655.114200,491.450000,663.880100,497.329800,0.272896,0.229089,-3.585590,0.431168,0.240266,-3.746903,0.317763,-3.640212,125.267500,0.520358,-0.222365,1,0,8.364186,0.030000,0.000061,0.128903,7,1,2,7,4
199,11.993340,0.084143,mother,9,9,8.583696,8.999997,622.400800,291.184800,624.188600,290.057900,2.113386,620.660300,292.812300,627.716900,287.303500,620.660300,283.949900,627.716900,275.188800,-0.349190,0.226296,1.715598,-0.221778,0.309341,1.856260,-0.317764,1.757153,234.737000,0.270350,0.185242,1,0,11.345610,0.030000,0.000110,0.124558,1,7,10,5,4
199,11.993340,0.084143,older_sister,4,7,4.065194,7.000000,515.930400,428.970500,516.773300,428.765500,0.867463,525.674500,424.635800,507.872100,432.895300,525.674500,412.104800,507.872100,422.077600,-2.064210,0.319971,-1.650438,-2.385643,0.276223,-1.861340,-2.240145,-1.761123,234.732100,0.668482,-0.384213,0,1,10.867090,0.030000,0.000031,0.137539,1,4,9,7,4
199,11.993340,0.084143,player,7,3,7.000000,3.000000,809.100900,451.486000,811.744100,450.616500,2.782581,818.866000,447.554800,804.622300,453.678300,818.866000,433.645800,804.622300,442.815400,3.229524,0.355159,-2.235662,2.972348,0.277378,-2.392021,3.053210,-2.336044,234.743300,0.749976,-0.300260,0,0,10.931890,0.000000,0.000193,0.125217,1,-1,-1,3,4
200,12.031520,0.042586,father,4,4,4.000000,3.536680,659.586900,503.554900,661.297200,504.464400,1.937135,655.540600,500.634900,667.053800,508.293900,655.540600,491.509400,667.053800,499.160900,0.280595,0.233016,-3.591032,0.488470,0.233206,-3.786598,0.353653,-3.665591,125.265500,0.579132,-0.282640,0,0,8.410914,0.046728,0.000031,0.128903,7,1,2,7,4
200,12.031520,0.042586,mother,9,9,8.536676,8.999997,620.413000,292.178600,622.077300,291.253700,1.903982,620.051800,293.170300,624.102700,289.337200,620.051800,284.260700,624.102700,276.611600,-0.360176,0.227500,1.706457,-0.287034,0.324941,1.804330,-0.353654,1.731778,234.738500,0.329124,0.116225,1,0,11.392340,0.046728,0.000164,0.124558,1,7,10,5,4
200,12.031520,0.042586,older_sister,4,7,4.018175,7.000000,513.942600,429.964300,516.379300,429.129400,2.575713,524.214800,425.654600,508.543800,432.604200,524.214800,412.267100,508.543800,421.761400,-2.090566,0.341841,-1.676452,-2.373515,0.276866,-1.853908,-2.276036,-1.786498,234.739100,0.727256,-0.333482,0,1,10.913820,0.046728,0.000136,0.137539,1,4,9,7,4
200,12.031520,0.042586,player,7,3,7.000000,3.000000,809.100900,451.486000,811.744100,450.616500,2.782581,818.866000,447.554800,804.622300,453.678300,818.866000,433.645800,804.622300,442.815400,3.229524,0.355159,-2.235662,2.972348,0.277378,-2.392021,3.053210,-2.336044,234.743300,0.749976,-0.300260,0,0,10.931890,0.000000,0.000193,0.125217,1,-1,-1,3,4
201,12.073130,0.038735,father,4,3,4.000000,3.497704,661.234700,504.378700,661.815700,504.580000,0.614954,655.863300,500.746100,667.768200,508.413900,655.863300,491.288600,667.768200,499.502400,0.286420,0.241491,-3.593870,0.501370,0.227551,-3.789664,0.383404,-3.686625,125.261100,0.627852,-0.288546,0,0,8.449649,0.038735,0.000110,0.128903,7,1,2,7,4
201,12.073130,0.038735,mother,8,9,8.497700,8.999997,618.765300,293.002700,619.839100,292.469100,1.199065,619.414600,293.526700,620.263600,291.411500,619.414600,284.568300,620.263600,279.271700,-0.371682,0.228745,1.697356,-0.356351,0.309983,1.751366,-0.383404,1.710735,234.728100,0.377843,0.043704,1,0,11.431070,0.038735,0.000000,0.124558,1,7,10,5,4
201,12.073130,0.038735,older_sister,4,7,4.000000,7.000000,513.174300,430.348500,515.817300,429.478500,2.782521,522.938100,426.415500,508.696500,432.541600,522.938100,412.506500,508.696500,421.678700,-2.113617,0.355157,-1.695881,-2.370758,0.277377,-1.852308,-2.289908,-1.796309,234.729100,0.749973,-0.300265,0,1,10.931880,0.018062,0.000061,0.137539,1,4,9,7,4
201,12.073130,0.038735,player,7,3,7.000000,3.000000,809.100900,451.486000,811.744100,450.616500,2.782581,818.866000,447.554800,804.622300,453.678300,818.866000,433.645800,804.622300,442.815400,3.229524,0.355159,-2.235662,2.972348,0.277378,-2.392021,3.053210,-2.336044,234.743300,0.749976,-0.300260,0,0,10.931890,0.000000,0.000193,0.125217,1,9,5,5,4
202,12.114430,0.040942,father,4,3,4.000000,3.456507,662.976300,505.249500,662.320200,504.733700,0.834565,656.533900,500.941300,668.106400,508.526100,656.533900,490.911400,668.106400,499.691000,0.298530,0.256109,-3.598855,0.507477,0.225599,-3.792528,0.414850,-3.708861,125.263800,0.679347,-0.282421,0,1,8.490590,0.040942,0.000110,0.128903,7,1,2,7,4
202,12.114430,0.040942,mother,8,9,8.456504,8.999997,617.023700,293.873300,616.926100,293.955400,0.127444,618.698500,293.907700,615.153900,294.002900,618.698500,284.941700,615.153900,283.383800,-0.384611,0.228943,1.687625,-0.448611,0.271153,1.685196,-0.414850,1.688504,234.740400,0.429339,-0.053661,1,0,11.472010,0.040942,0.000136,0.124558,1,7,10,5,4
202,12.114430,0.040942,older_sister,4,7,4.000000,7.031465,511.844100,429.683400,514.533900,429.421800,2.702483,520.721600,428.326900,508.346300,430.516700,520.721600,413.635500,508.346300,419.582600,-2.153638,0.375138,-1.744689,-2.377080,0.279195,-1.800603,-2.313925,-1.779326,250.772600,0.789305,-0.229392,0,1,10.963150,0.031270,0.000097,0.137539,3,4,9,7,4
202,12.114430,0.040942,player,7,3,7.006747,3.000000,809.386100,451.343400,812.185200,451.933800,2.860672,820.007600,452.912300,804.362800,450.955400,820.007600,438.822000,804.362800,440.078400,3.250138,0.359789,-2.372463,2.967662,0.277738,-2.322493,3.058361,-2.332401,275.681500,0.758410,-0.286035,0,1,10.938590,0.006705,0.000220,0.125217,5,9,5,5,4
203,12.159860,0.045230,father,4,3,4.000000,3.410995,664.900400,506.211600,663.235600,505.146400,1.976418,658.368200,501.736500,668.103000,508.556200,658.368200,490.880600,668.103000,499.666200,0.331648,0.277201,-3.619161,0.507415,0.227001,-3.793296,0.449590,-3.733428,125.267200,0.736237,-0.244052,0,1,8.535820,0.045230,0.000031,0.128903,7,1,2,7,4
203,12.159860,0.045230,mother,8,9,8.410992,8.999997,615.099600,294.835400,613.670000,295.537000,1.592505,617.995500,294.280900,609.344400,296.793100,617.995500,285.310600,609.344400,287.217700,-0.397303,0.229053,1.678096,-0.553504,0.244501,1.613950,-0.449591,1.663938,234.734900,0.486228,-0.164572,1,0,11.517240,0.045230,0.000061,0.124558,1,7,10,5,4
203,12.159860,0.045230,older_sister,4,7,4.000000,7.076646,509.934100,428.728500,511.534400,428.862000,1.605902,514.532800,429.028400,508.536100,428.695600,514.532800,414.005000,508.536100,417.570200,-2.265381,0.383614,-1.762601,-2.373654,0.284081,-1.754104,-2.348412,-1.754943,268.496700,0.845781,-0.108013,0,1,11.008060,0.044902,0.000000,0.137539,3,4,9,7,4
203,12.159860,0.045230,player,7,3,7.029888,3.000000,810.364400,450.854400,811.634400,452.568100,2.132969,815.254800,456.370600,808.013900,448.765500,815.254800,441.714400,808.013900,437.836000,3.164323,0.374237,-2.460767,3.033585,0.279080,-2.266576,3.076024,-2.319915,320.907800,0.787336,-0.233157,0,1,10.961590,0.022997,0.000086,0.125217,5,9,5,5,4
204,12.203040,0.043476,father,4,3,4.000000,3.367248,666.749800,507.136200,665.058600,506.071300,1.998516,661.734900,503.420700,668.382200,508.721800,661.734900,491.695300,668.382200,499.761400,0.392437,0.299402,-3.662164,0.512456,0.228799,-3.797524,0.482981,-3.757037,125.261700,0.790920,-0.176143,0,1,8.579296,0.043476,0.000136,0.112269,7,1,2,7,4
204,12.203040,0.043476,mother,8,9,8.367244,8.999997,613.250200,295.760400,611.083900,296.752200,2.382642,617.438800,294.564500,604.728800,298.940000,617.438800,285.566700,604.728800,289.597200,-0.407355,0.229754,1.670855,-0.636841,0.238563,1.559131,-0.482982,1.640321,234.729000,0.540912,-0.251874,0,0,11.560720,0.043476,0.000164,0.128639,1,7,10,5,4
204,12.203040,0.043476,older_sister,4,7,4.000000,7.120393,508.084700,427.803600,507.781400,427.844700,0.306023,506.670000,427.802600,508.892800,427.886700,506.670000,414.122100,508.892800,416.588600,-2.407347,0.349324,-1.731301,-2.367213,0.288492,-1.733448,-2.381805,-1.731326,285.533400,0.900465,0.039243,0,1,11.051530,0.043476,0.000164,0.136358,3,4,9,7,4
204,12.203040,0.043476,player,7,3,7.067566,3.000000,811.957300,450.057800,811.544300,451.400100,1.404451,810.917100,454.022300,812.171500,448.778000,810.917100,438.869000,812.171500,437.694500,3.086003,0.386931,-2.400805,3.108651,0.283012,-2.266896,3.104784,-2.299575,4.380184,0.834436,-0.135247,0,1,10.999040,0.037446,0.000220,0.131014,5,9,5,5,4
205,12.299580,0.089296,father,4,3,4.000000,3.286750,670.152800,508.837500,670.047600,508.762800,0.129030,670.819900,508.312400,669.275300,509.213300,670.819900,497.340800,669.275300,500.035700,0.556471,0.280153,-3.787071,0.528581,0.234343,-3.810074,0.544426,-3.800479,125.260500,0.891542,0.009493,0,1,8.659296,0.030000,0.000301,0.112269,7,1,2,7,4
205,12.299580,0.089296,mother,8,9,8.286746,8.999997,609.847200,297.461700,609.747900,297.625500,0.191593,616.851100,294.937000,602.644700,300.314000,616.851100,285.344500,602.644700,291.433300,-0.417967,0.244938,1.661344,-0.674471,0.226764,1.524045,-0.544426,1.596879,234.739200,0.641535,-0.288707,0,0,11.640720,0.030000,0.000061,0.128639,1,7,10,5,4
205,12.299580,0.089296,older_sister,4,7,4.000000,7.200891,504.681600,426.102100,500.759100,424.412200,4.271025,492.794500,420.792600,508.723800,428.031800,492.794500,408.930300,508.723800,416.410800,-2.657877,0.302897,-1.552304,-2.370265,0.296734,-1.737152,-2.443249,-1.687881,305.263100,0.001088,0.341557,0,1,11.131530,0.030000,0.000068,0.136358,3,4,9,7,4
205,12.299580,0.089296,player,7,3,7.148065,3.000000,815.360400,448.356500,816.765300,447.513300,1.638469,819.923600,445.704500,813.607100,449.322100,819.923600,433.046800,813.607100,437.930500,3.248619,0.323206,-2.188414,3.134570,0.290881,-2.280790,3.166230,-2.256133,54.740100,0.935058,0.146453,0,1,11.079040,0.030000,0.000031,0.131014,5,9,5,5,4
206,12.347640,0.049373,father,4,3,4.000000,3.227715,672.648600,510.085700,674.864600,511.092900,2.434214,679.726800,512.600000,670.002500,509.585800,679.726800,502.996200,670.002500,500.297400,0.717290,0.245229,-3.896553,0.541713,0.237173,-3.819586,0.589488,-3.832350,125.271200,0.965336,0.187790,0,1,8.717965,0.008669,0.000000,0.112269,7,1,2,7,4
206,12.347640,0.049373,mother,8,9,8.227711,8.999997,607.351400,298.709600,609.060100,298.074200,1.822989,615.618700,295.743900,602.501500,300.404500,615.618700,285.288400,602.501500,291.535100,-0.440218,0.266975,1.640741,-0.677056,0.226474,1.521735,-0.589488,1.565014,234.734500,0.715328,-0.262085,0,1,11.699390,0.008669,0.000031,0.128639,1,7,10,5,4
206,12.347640,0.049373,older_sister,4,7,4.000000,7.259926,502.185900,424.854400,500.201800,423.841200,2.227878,492.097100,420.037200,508.306500,427.645100,492.097100,408.971100,508.306500,415.680400,-2.670469,0.282566,-1.533017,-2.377799,0.305513,-1.727280,-2.488310,-1.656020,305.262100,0.074881,0.351123,0,0,11.190200,0.008669,0.000000,0.136358,3,4,9,7,4
206,12.347640,0.049373,player,7,3,7.207099,3.000000,817.856100,447.108300,821.257600,445.154700,3.922608,828.754000,441.047700,813.761200,449.261700,828.754000,429.279100,813.761200,437.609700,3.408057,0.300504,-2.069506,3.137355,0.297527,-2.279248,3.211290,-2.224261,54.727400,0.008851,0.342124,0,1,11.137700,0.008669,0.000273,0.131014,5,9,5,5,4
207,12.389280,0.048439,father,4,3,4.000000,3.178974,674.709100,511.115900,677.251600,512.296200,2.803145,683.792400,514.637200,670.710900,509.955200,683.792400,505.219500,670.710900,500.512600,0.790697,0.240475,-3.948571,0.554502,0.241112,-3.829020,0.626692,-3.858656,125.263100,0.026262,0.261877,0,1,8.766404,0.048439,0.000061,0.112269,7,1,2,7,4
207,12.389280,0.048439,mother,8,9,8.178970,8.999997,605.290900,299.739800,607.360500,298.953400,2.213991,612.476100,297.406500,602.244900,300.500400,612.476100,285.888200,602.244900,291.563500,-0.496959,0.294113,1.598288,-0.681688,0.228199,1.519285,-0.626692,1.538708,234.737500,0.776254,-0.196444,0,1,11.747830,0.048439,0.000086,0.128639,1,7,10,5,4
207,12.389280,0.048439,older_sister,4,7,4.000000,7.308667,500.125400,423.824200,499.991500,423.562400,0.294015,491.988700,419.815700,507.994400,427.309100,491.988700,408.912200,507.994400,414.827100,-2.672427,0.278415,-1.527359,-2.383434,0.318722,-1.718700,-2.525514,-1.629714,305.263200,0.135807,0.346433,0,0,11.238640,0.048439,0.000031,0.136358,3,4,9,7,4
207,12.389280,0.048439,player,7,3,7.255840,3.000000,819.916600,446.078100,822.043800,445.014000,2.378511,829.801900,440.881000,814.285800,449.147000,829.801900,429.778100,814.285800,437.215700,3.426978,0.283507,-2.065250,3.146827,0.304658,-2.276318,3.248494,-2.197955,54.737540,0.069777,0.350602,0,0,11.186140,0.048439,0.000220,0.131014,5,9,5,5,4
208,12.430910,0.041763,father,4,3,4.000000,3.136951,676.485600,512.004000,677.930300,512.805500,1.652117,684.540500,515.263700,671.320200,510.347200,684.540500,506.311000,671.320200,500.676100,0.804203,0.228603,-3.964569,0.565504,0.246944,-3.839028,0.658768,-3.881335,125.261300,0.078790,0.267380,0,0,8.808167,0.041763,0.000136,0.112269,7,1,2,7,4
208,12.430910,0.041763,mother,8,9,8.136948,8.999997,603.514300,300.628200,605.038800,299.963400,1.663135,608.263500,299.235700,601.814100,300.691100,608.263500,287.198700,601.814100,291.641400,-0.573020,0.307358,1.551580,-0.689468,0.231079,1.514417,-0.658769,1.516022,234.730400,0.828782,-0.116533,0,1,11.789590,0.041763,0.000061,0.128639,1,7,10,5,4
208,12.430910,0.041763,older_sister,4,7,4.000000,7.350689,498.348800,422.935700,499.856900,423.381800,1.572647,492.374900,420.047000,507.338700,426.716600,492.374900,409.104700,507.338700,413.636900,-2.665452,0.279406,-1.533266,-2.395272,0.333982,-1.703570,-2.557591,-1.607028,305.269200,0.188335,0.318925,1,0,11.280400,0.041763,0.000097,0.136358,3,4,9,7,4
208,12.430910,0.041763,player,7,3,7.297863,3.000000,821.693100,445.190000,822.517300,444.967500,0.853716,830.292700,440.864500,814.741900,449.070500,830.292700,429.966800,814.741900,436.726200,3.435840,0.278268,-2.064829,3.155062,0.315204,-2.274364,3.280570,-2.175277,54.738060,0.122305,0.350229,0,0,11.227910,0.041763,0.000136,0.131014,5,9,5,5,4
209,12.471600,0.041091,father,4,3,4.000000,3.095604,678.233600,512.878200,678.486100,513.187400,0.399205,685.058700,515.643200,671.913600,510.731600,685.058700,506.853000,671.913600,500.671400,0.813560,0.224453,-3.974259,0.576217,0.256880,-3.848843,0.690328,-3.903655,125.268200,0.130474,0.266196,0,0,8.849257,0.041091,0.000000,0.112269,7,1,2,7,4
209,12.471600,0.041091,mother,8,9,8.095600,8.999997,601.766400,301.502000,602.172900,301.324600,0.443474,603.066500,301.717300,601.279300,300.931900,603.066500,290.483800,601.279300,291.771500,-0.666856,0.286841,1.488214,-0.699124,0.233907,1.508267,-0.690328,1.493710,234.740300,0.880466,-0.014772,0,1,11.830680,0.041091,0.000086,0.128639,1,7,10,5,4
209,12.471600,0.041091,older_sister,4,7,3.999999,7.392036,496.600900,422.061900,499.335200,423.075200,2.915985,492.874500,420.304800,505.795900,425.845500,492.874500,409.301300,505.795900,411.834400,-2.656433,0.280967,-1.539849,-2.423130,0.357765,-1.681328,-2.589151,-1.584716,305.259700,0.240019,0.272176,1,0,11.321490,0.041091,0.000031,0.136358,3,4,9,7,4
209,12.471600,0.041091,player,7,3,7.339210,3.000000,823.441100,444.315800,822.727300,444.941500,0.949222,829.911600,440.984500,815.542800,448.898600,829.911600,430.057500,815.542800,435.979200,3.428961,0.279016,-2.067892,3.169523,0.329889,-2.269975,3.312131,-2.152956,54.731650,0.173988,0.328503,1,0,11.269000,0.041091,0.000273,0.131014,5,9,5,5,4
210,12.512010,0.040439,father,4,3,4.000000,3.054913,679.953700,513.738200,678.994600,513.480900,0.993026,685.281400,515.694200,672.707800,511.267600,685.281400,506.906700,672.707800,500.662100,0.817581,0.224382,-3.975560,0.590558,0.270805,-3.862530,0.721387,-3.925616,125.263800,0.181338,0.250622,1,0,8.889697,0.040439,0.000061,0.124700,7,1,2,7,4
210,12.512010,0.040439,mother,8,9,8.054910,8.999998,600.046100,302.361900,599.059400,302.895300,1.121660,597.291800,304.630700,600.827000,301.159700,597.291800,294.578900,600.827000,291.926100,-0.771120,0.256669,1.413820,-0.707291,0.235776,1.502450,-0.721389,1.471753,234.743100,0.931330,0.103282,0,1,11.871120,0.040439,0.000273,0.131032,1,7,10,5,4
210,12.512010,0.040439,older_sister,4,7,3.999999,7.432728,494.880600,421.201500,497.557100,422.181400,2.850236,492.714900,420.204900,502.399400,424.157900,492.714900,409.179200,502.399400,409.049200,-2.659315,0.281536,-1.537298,-2.484456,0.385791,-1.638235,-2.620211,-1.562747,305.271600,0.290883,0.201045,1,0,11.361930,0.040439,0.000178,0.131423,3,4,9,7,4
210,12.512010,0.040439,player,7,3,7.379901,3.000000,825.161300,443.455900,823.175700,444.815500,2.406430,829.377400,441.250200,816.973900,448.380800,829.377400,430.258400,816.973900,434.736600,3.419313,0.280670,-2.074677,3.195363,0.348395,-2.256752,3.343190,-2.131000,54.741910,0.224854,0.287973,1,0,11.309440,0.040439,0.000110,0.130705,5,9,5,5,4
211,12.610910,0.085739,father,4,3,4.000000,2.974414,683.356900,515.439500,681.276200,514.610800,2.239578,685.835400,515.912500,676.717000,513.309200,685.835400,507.048100,676.717000,501.002400,0.827584,0.226348,-3.981135,0.662947,0.314246,-3.914661,0.782832,-3.969058,125.260400,0.281961,0.172807,1,0,8.969697,0.030000,0.000273,0.124700,7,1,2,7,4
211,12.610910,0.085739,mother,8,9,7.974411,8.999998,596.643100,304.063700,594.312100,305.303000,2.639931,588.990700,308.883200,599.633500,301.722900,588.990700,299.527900,599.633500,292.262800,-0.921000,0.238883,1.305236,-0.728840,0.241557,1.488070,-0.782834,1.428300,234.732100,0.031953,0.262460,0,1,11.951120,0.030000,0.000110,0.131032,1,7,10,5,4
211,12.610910,0.085739,older_sister,4,8,3.999999,7.513227,491.477500,419.500100,492.589500,419.987000,1.213860,492.080500,419.977600,493.098500,419.996400,492.080500,408.766800,493.098500,405.514200,-2.670769,0.286259,-1.531494,-2.652389,0.369795,-1.531975,-2.681655,-1.519301,305.263200,0.391506,0.015285,1,0,11.441930,0.030000,0.000068,0.131423,3,4,9,7,4
211,12.610910,0.085739,player,7,3,7.460400,3.000000,828.564500,441.754500,826.490500,443.024900,2.432161,829.553800,441.138800,823.427100,444.911100,829.553800,430.053600,823.427100,429.401900,3.422500,0.283053,-2.071832,3.311878,0.396017,-2.168156,3.404636,-2.087554,54.737740,0.325476,0.145934,1,0,11.389440,0.030000,0.000031,0.130705,5,9,5,5,4
212,12.658530,0.055797,father,4,3,4.000000,2.912496,685.974500,516.748700,684.571400,516.073600,1.557021,686.805100,516.329900,682.337700,515.817300,686.805100,507.386100,682.337700,503.280500,0.845091,0.228374,-3.991792,0.764432,0.320120,-3.978703,0.830095,-4.002486,125.270800,0.359359,0.073411,1,0,9.031232,0.011535,0.000000,0.124700,7,1,2,7,4
212,12.658530,0.055797,mother,8,9,7.912492,8.999998,594.025500,305.372600,593.053600,305.697700,1.024817,587.532300,309.275300,598.574800,302.120100,587.532300,300.449000,598.574800,292.240700,-0.947333,0.225374,1.295224,-0.747954,0.252266,1.477926,-0.830096,1.394878,234.734200,0.109350,0.268276,0,0,12.012650,0.011535,0.000031,0.131032,1,7,10,5,4
212,12.658530,0.055797,older_sister,4,8,4.000000,7.575145,488.859900,418.191400,487.576300,417.458100,1.478299,491.569400,419.760500,483.583200,415.155800,491.569400,408.424400,483.583200,403.112500,-2.679998,0.289459,-1.525949,-2.824192,0.307516,-1.408371,-2.728918,-1.485885,305.261800,0.468904,-0.185617,1,0,11.503470,0.011535,0.000031,0.131423,3,4,9,7,4
212,12.658530,0.055797,player,8,3,7.522318,3.000000,831.182000,440.445300,830.474300,440.858000,0.819210,830.038300,440.836100,830.910300,440.879900,830.038300,429.606600,830.910300,426.776700,3.431247,0.286738,-2.064103,3.446992,0.360116,-2.065221,3.451898,-2.054126,54.728440,0.402874,-0.012210,1,0,11.450970,0.011535,0.000273,0.130705,5,9,5,5,4
213,12.697680,0.044809,father,4,3,4.000000,2.867408,687.880600,517.701700,687.665500,517.562400,0.256162,687.630900,516.711200,687.700300,518.413800,687.630900,507.746000,687.700300,507.369800,0.860002,0.228920,-4.001528,0.861255,0.282000,-4.045003,0.864510,-4.026820,125.263300,0.415718,-0.026122,1,0,9.076040,0.044809,0.000000,0.124700,7,1,2,7,4
213,12.697680,0.044809,mother,8,9,7.867404,8.999998,592.119400,306.325500,592.440700,305.961300,0.485701,587.230600,309.465700,597.650900,302.457000,587.230600,300.685100,597.650900,292.023800,-0.952781,0.224208,1.290363,-0.764637,0.266404,1.469326,-0.864511,1.370545,234.738300,0.165710,0.256942,1,0,12.057460,0.044809,0.000110,0.131032,1,7,10,5,4
213,12.697680,0.044809,older_sister,4,8,4.000000,7.620233,486.953800,417.238300,484.631200,415.852400,2.704659,491.409300,419.685600,477.853100,412.019200,491.409300,408.286200,477.853100,400.527000,-2.682888,0.291077,-1.524037,-2.927653,0.293447,-1.328281,-2.763334,-1.461547,305.266600,0.525263,-0.312870,1,0,11.548280,0.044809,0.000043,0.131423,3,4,9,7,4
213,12.697680,0.044809,player,8,3,7.567407,3.000000,833.088100,439.492600,834.234100,438.997100,1.248616,830.388500,440.632100,838.079700,437.362000,830.388500,429.309800,838.079700,425.138800,3.437571,0.289107,-2.058894,3.576439,0.312112,-1.975395,3.486312,-2.029799,54.744350,0.459233,-0.161595,1,0,11.495780,0.044809,0.000000,0.130705,5,9,5,5,4
214,12.737870,0.040328,father,4,3,4.000000,2.826829,689.596100,518.559400,690.642000,519.067100,1.162634,688.326900,517.036700,692.957200,521.097500,688.326900,508.064500,692.957200,511.316900,0.872568,0.229099,-4.009840,0.956171,0.249742,-4.113532,0.895485,-4.048724,125.266600,0.466442,-0.128130,1,0,9.116368,0.040328,0.000000,0.124700,7,1,2,7,4
214,12.737870,0.040328,mother,8,9,7.826825,8.999998,590.403900,307.183200,591.765900,306.247900,1.652221,587.190900,309.517400,596.340900,302.978300,587.190900,300.689000,596.340900,291.922000,-0.953499,0.225428,1.289042,-0.788290,0.282319,1.456013,-0.895486,1.348645,234.737400,0.216434,0.231291,1,0,12.097790,0.040328,0.000164,0.131032,1,7,10,5,4
214,12.737870,0.040328,older_sister,4,8,3.999999,7.660812,485.238300,416.380300,483.137800,415.109300,2.455082,491.482800,419.725700,474.792900,410.492900,491.482800,408.114600,474.792900,399.361600,-2.681561,0.296483,-1.525061,-2.982906,0.284232,-1.289308,-2.794308,-1.439639,305.271500,0.575987,-0.382161,0,0,11.588600,0.040328,0.000273,0.131423,3,4,9,7,4
214,12.737870,0.040328,player,8,3,7.607985,3.000000,834.803600,438.634700,837.180800,437.635700,2.578564,830.547500,440.543200,843.814100,434.728200,830.547500,429.167900,843.814100,423.130900,3.440441,0.290462,-2.056625,3.679977,0.296131,-1.908143,3.517287,-2.007892,54.729910,0.509957,-0.281305,1,0,11.536110,0.040328,0.000164,0.130705,5,9,5,5,4
215,12.777380,0.039887,father,4,3,4.000000,2.786694,691.292800,519.407700,693.150900,520.401900,2.107381,688.896500,517.313500,697.405500,523.490200,688.896500,508.343800,697.405500,514.068000,0.882853,0.229037,-4.016909,1.036488,0.240591,-4.174627,0.926120,-4.070384,125.261000,0.516610,-0.216499,1,0,9.156255,0.039887,0.000086,0.124700,7,1,2,7,4
215,12.777380,0.039887,mother,8,9,7.786690,8.999998,588.707200,308.031700,590.489600,306.902300,2.110115,586.876200,309.702500,594.103000,304.102000,586.876200,300.840300,594.103000,292.052900,-0.959180,0.226290,1.284315,-0.828696,0.307668,1.427320,-0.926121,1.326977,234.728500,0.266603,0.189109,1,0,12.137680,0.039887,0.000000,0.131032,1,7,10,5,4
215,12.777380,0.039887,older_sister,4,8,4.000000,7.700947,483.541600,415.532200,482.870100,415.234300,0.734642,491.506200,419.843800,474.233900,410.624900,491.506200,407.829400,474.233900,399.721800,-2.681138,0.306779,-1.528077,-2.992999,0.278402,-1.292677,-2.824943,-1.417983,305.256700,0.626156,-0.390540,0,0,11.628490,0.039887,0.000031,0.131423,3,4,9,7,4
215,12.777380,0.039887,player,8,3,7.648120,3.000000,836.500300,437.786100,839.231000,436.675900,2.947711,830.553000,440.540100,847.908900,432.811800,830.553000,429.017500,847.908900,421.560200,3.440539,0.294223,-2.056546,3.753911,0.287303,-1.859207,3.547922,-1.986224,54.729240,0.560125,-0.369798,0,0,11.575990,0.039887,0.000329,0.130705,5,9,5,5,4
216,12.816350,0.038831,father,4,3,4.000000,2.747621,692.944600,520.233800,694.909400,521.303500,2.237133,689.295800,517.512000,700.523100,525.095100,689.295800,508.443200,700.523100,515.858600,0.890064,0.231565,-4.021976,1.092777,0.235848,-4.215606,0.955945,-4.091475,125.267600,0.565452,-0.277310,0,0,9.195086,0.038831,0.000000,0.127870,7,1,2,7,4
216,12.816350,0.038831,mother,8,9,7.747617,8.999998,587.055300,308.857600,588.795700,307.863400,2.004353,586.387600,309.988200,591.203900,305.738600,586.387600,301.096300,591.203900,293.059100,-0.968002,0.227051,1.277021,-0.881042,0.323766,1.385530,-0.955946,1.305890,234.739800,0.315443,0.133648,1,0,12.176510,0.038831,0.000061,0.127143,1,7,10,5,4
216,12.816350,0.038831,older_sister,4,8,3.999999,7.740020,481.889800,414.706300,482.626900,415.320500,0.959409,491.030800,419.854200,474.223000,410.786700,491.030800,407.238800,474.223000,399.973100,-2.689722,0.322127,-1.528343,-2.993196,0.276117,-1.296809,-2.854767,-1.396896,305.262500,0.674996,-0.381462,0,1,11.667320,0.038831,0.000000,0.124104,3,4,9,7,4
216,12.816350,0.038831,player,8,3,7.687193,3.000000,838.152200,436.960300,839.300400,436.425500,1.266671,830.349200,440.588500,848.251500,432.262500,830.349200,428.741000,848.251500,421.327700,3.436862,0.302520,-2.057782,3.760097,0.279214,-1.845181,3.577747,-1.965137,54.737600,0.608967,-0.386666,0,0,11.614830,0.038831,0.000273,0.129248,5,9,5,5,4
217,12.905130,0.084430,father,4,3,4.000000,2.667123,696.347700,521.935200,696.001500,521.601200,0.481078,690.125900,517.780600,701.877000,525.421800,690.125900,507.909100,701.877000,516.579700,0.905051,0.252064,-4.028837,1.117223,0.225779,-4.223949,1.017390,-4.134921,125.262900,0.666074,-0.285885,0,1,9.275085,0.030000,0.000086,0.127870,7,1,2,7,4
217,12.905130,0.084430,mother,8,9,7.667119,8.999998,583.652200,310.559300,583.900600,310.466900,0.264976,585.063000,310.719700,582.738100,310.214200,585.063000,301.754600,582.738100,299.181700,-0.991918,0.228920,1.258342,-1.033895,0.281710,1.271250,-1.017390,1.262437,234.731800,0.416066,-0.026819,1,0,12.256510,0.030000,0.000110,0.127143,1,7,10,5,4
217,12.905130,0.084430,older_sister,4,8,3.999999,7.820518,478.486700,413.004600,480.438400,414.469100,2.440094,485.863200,417.704500,475.013500,411.233800,485.863200,403.267300,475.013500,400.328100,-2.783025,0.368644,-1.473451,-2.978922,0.278472,-1.308226,-2.916212,-1.353442,305.267900,0.775620,-0.255343,0,1,11.747320,0.030000,0.000164,0.124104,3,4,9,7,4
217,12.905130,0.084430,player,8,3,7.767691,3.000000,841.555200,435.259000,839.453100,435.961300,2.216278,831.175700,439.695100,847.730500,432.227500,831.175700,426.666100,847.730500,421.393000,3.451783,0.332688,-2.034968,3.750690,0.276653,-1.844289,3.639191,-1.921695,54.738850,0.709589,-0.354146,0,1,11.694830,0.030000,0.000110,0.129248,5,9,5,5,4
218,12.943680,0.043207,father,4,3,4.000000,2.619189,698.374100,522.948500,696.810400,521.941700,1.859823,691.722400,518.433900,701.898400,525.449500,691.722400,507.780300,701.898400,516.569200,0.933876,0.272035,-4.045518,1.117610,0.226753,-4.224657,1.053977,-4.160796,125.268700,0.725991,-0.253447,0,1,9.322722,0.047637,0.000086,0.127870,7,1,2,7,4
218,12.943680,0.043207,mother,8,9,7.619184,8.999998,581.625900,311.572400,580.405300,312.186000,1.366142,584.293900,311.129600,576.516600,313.242400,584.293900,302.156800,576.516600,303.576100,-1.005803,0.229117,1.247875,-1.146228,0.246822,1.193926,-1.053977,1.236570,234.739900,0.475984,-0.145807,1,0,12.304140,0.047637,0.000000,0.127143,1,7,10,5,4
218,12.943680,0.043207,older_sister,4,8,4.000000,7.868453,476.460300,411.991500,477.857100,412.916600,1.675349,480.662100,414.611600,475.052000,411.221600,480.662100,399.465000,475.052000,400.134000,-2.876934,0.386759,-1.394477,-2.978227,0.283116,-1.307916,-2.952801,-1.327574,305.259700,0.835536,-0.132681,0,1,11.794960,0.047637,0.000000,0.124104,3,4,9,7,4
218,12.943680,0.043207,player,8,3,7.815626,3.000000,843.581600,434.245500,840.941100,435.074900,2.767711,834.560900,437.738000,847.321300,432.411900,834.560900,423.422600,847.321300,421.516700,3.512905,0.365534,-1.984995,3.743301,0.278202,-1.848996,3.675779,-1.895816,54.728450,0.769507,-0.266633,0,1,11.742460,0.047637,0.000329,0.129248,5,9,5,5,4
219,12.983250,0.039381,father,4,3,4.000000,2.579562,700.049400,523.785900,698.309300,522.666600,2.068944,694.519200,519.760800,702.099500,525.572400,694.519200,508.253600,702.099500,516.636500,0.984374,0.293829,-4.079399,1.121240,0.228173,-4.227795,1.084225,-4.182177,125.254900,0.775524,-0.197421,0,1,9.362103,0.039381,0.000193,0.127870,7,1,2,7,4
219,12.983250,0.039381,mother,8,9,7.579558,8.999998,579.950600,312.410100,577.902800,313.356900,2.256104,583.756000,311.404500,572.049400,315.309400,583.756000,302.428200,572.049400,305.919300,-1.015516,0.229203,1.240857,-1.226885,0.239774,1.141145,-1.084226,1.215181,234.735300,0.525517,-0.230150,1,0,12.343530,0.039381,0.000000,0.127143,1,7,10,5,4
219,12.983250,0.039381,older_sister,4,8,4.000000,7.908079,474.785100,411.153900,474.939300,411.363700,0.260358,474.903100,411.566500,474.975500,411.160900,474.903100,397.422200,474.975500,399.906500,-2.980916,0.361166,-1.316721,-2.979609,0.287374,-1.306365,-2.983047,-1.306186,305.265700,0.885069,-0.004913,0,1,11.834340,0.039381,0.000068,0.124104,3,4,9,7,4
219,12.983250,0.039381,player,8,3,7.855252,3.000001,845.256900,433.408100,843.213100,434.106700,2.159865,839.136000,435.766800,847.290300,432.446600,839.136000,420.657100,847.290300,421.423000,3.595510,0.385817,-1.934663,3.742741,0.281481,-1.849883,3.706027,-1.874434,54.744170,0.819039,-0.169164,0,1,11.781840,0.039381,0.000110,0.129248,5,9,5,5,4
220,13.022320,0.039715,father,4,3,4.000000,2.539600,701.738800,524.630700,700.306600,523.805500,1.652858,698.140900,521.827000,702.472300,525.783900,698.140900,509.793100,702.472300,516.743200,1.049766,0.307278,-4.132158,1.127972,0.230848,-4.233196,1.114727,-4.203749,125.268700,0.825477,-0.122192,0,1,9.401818,0.039715,0.000136,0.127870,7,1,2,7,4
220,13.022320,0.039715,mother,8,9,7.539596,8.999998,578.261200,313.254500,576.369400,314.132900,2.085752,583.393400,311.585400,569.345500,316.680500,583.393400,302.475600,569.345500,307.511900,-1.022064,0.232612,1.236237,-1.275707,0.234114,1.106138,-1.114729,1.193616,234.741000,0.575469,-0.282215,0,0,12.383240,0.039715,0.000164,0.127143,1,7,10,5,4
220,13.022320,0.039715,older_sister,4,8,4.000000,7.948042,473.095600,410.308900,471.504700,409.654100,1.720442,468.042900,408.152600,474.966500,411.155500,468.042900,395.494000,474.966500,399.763900,-3.104780,0.323229,-1.229549,-2.979772,0.290878,-1.306228,-3.013551,-1.284610,305.272600,0.935022,0.146338,0,1,11.874050,0.039715,0.000301,0.124104,3,4,9,7,4
220,13.022320,0.039715,player,8,3,7.895215,3.000001,846.946300,432.563300,846.149200,432.804900,0.832872,844.889200,433.194100,847.409400,432.415600,844.889200,418.632400,847.409400,421.210800,3.699387,0.371824,-1.868971,3.744891,0.286109,-1.849092,3.736530,-1.852862,54.731620,0.868992,-0.048630,0,1,11.821560,0.039715,0.000193,0.129248,5,9,5,5,4
221,13.061110,0.039241,father,4,3,4.000000,2.500114,703.408100,525.465400,702.907100,525.185900,0.573690,702.863100,524.322300,702.951100,526.049400,702.863100,512.964300,702.951100,516.898200,1.135028,0.290020,-4.195874,1.136618,0.233670,-4.239974,1.144868,-4.225062,125.264800,0.874833,-0.026760,0,1,9.441059,0.039241,0.000061,0.127870,7,1,2,7,4
221,13.061110,0.039241,mother,8,9,7.500110,8.999998,576.591900,314.089300,576.051000,314.442800,0.646173,583.142300,311.755200,568.959700,317.130400,583.142300,302.325300,568.959700,308.211600,-1.026597,0.240787,1.231901,-1.282673,0.227736,1.094650,-1.144869,1.172303,234.734700,0.624826,-0.288326,0,0,12.422480,0.039241,0.000136,0.127143,1,7,10,5,4
221,13.061110,0.039241,older_sister,4,8,4.000000,7.987527,471.426400,409.474500,467.852800,407.935600,3.890877,460.792500,404.759900,474.913000,411.111400,460.792500,392.911700,474.913000,399.556100,-3.235690,0.302538,-1.142920,-2.980737,0.295057,-1.305099,-3.043690,-1.263305,305.256300,0.984379,0.301805,0,1,11.913300,0.039241,0.000068,0.124104,3,4,9,7,4
221,13.061110,0.039241,player,8,3,7.934700,3.000001,848.615600,431.728900,849.377100,431.231500,0.909571,851.352500,430.038600,847.401800,432.424400,851.352500,416.910500,847.401800,421.077700,3.816086,0.335220,-1.788396,3.744755,0.289731,-1.849316,3.766670,-1.831557,54.744990,0.918348,0.093412,0,1,11.860800,0.039241,0.000061,0.129248,5,9,5,5,4
222,13.101340,0.040175,father,4,2,4.000000,2.459689,705.117100,526.319600,705.961900,526.709400,0.930425,708.529800,527.149000,703.393900,526.269800,708.529800,516.981300,703.393900,517.044400,1.237344,0.259627,-4.268054,1.144613,0.235565,-4.245602,1.175724,-4.246874,125.256300,0.925365,0.088683,0,1,9.481234,0.040175,0.000273,0.130828,7,1,2,7,4
222,13.101340,0.040175,mother,7,9,7.459685,8.999998,574.882900,314.943800,575.686200,314.721600,0.833398,582.694600,312.111200,568.677700,317.331900,582.694600,302.129100,568.677700,308.496000,-1.034680,0.254886,1.222811,-1.287763,0.225621,1.089502,-1.175725,1.150483,234.734200,0.675356,-0.283606,0,1,12.462660,0.040175,0.000061,0.120684,1,7,10,5,4
222,13.101340,0.040175,older_sister,4,8,4.000000,8.027952,469.717400,408.620000,466.631000,407.240500,3.380653,458.613200,403.551200,474.648800,410.929800,458.613200,392.099900,474.648800,399.174400,-3.275040,0.292403,-1.112057,-2.985508,0.300167,-1.300464,-3.074547,-1.241485,305.265400,0.034909,0.345179,0,0,11.953470,0.040175,0.000068,0.143343,3,4,9,7,4
222,13.101340,0.040175,player,8,3,7.975125,3.000001,850.324600,430.874400,853.091100,429.271100,3.197550,858.672700,426.152400,847.509600,432.389700,858.672700,414.187200,847.509600,420.891400,3.948258,0.305524,-1.689164,3.746701,0.293603,-1.848430,3.797527,-1.809737,54.733750,0.968880,0.256523,0,1,11.900970,0.040175,0.000031,0.140947,5,9,5,5,4
223,13.189700,0.084737,father,4,2,4.000000,2.379190,708.520100,528.021400,711.068000,529.203700,2.808835,717.608200,531.544600,704.527600,526.863000,717.608200,522.123900,704.527600,517.421200,1.401259,0.240551,-4.380290,1.165083,0.241091,-4.260749,1.237169,-4.290328,125.267700,0.025988,0.261851,0,1,9.561234,0.030000,0.000136,0.130828,7,1,2,7,4
223,13.189700,0.084737,mother,7,9,7.379187,8.999999,571.479900,316.645200,573.550700,315.858700,2.215129,578.674700,314.307800,568.426600,317.409700,578.674700,302.793700,568.426600,308.473200,-1.107262,0.294006,1.166722,-1.292299,0.228189,1.087517,-1.237169,1.107038,234.736800,0.775979,-0.196812,0,1,12.542660,0.030000,0.000164,0.120684,1,7,10,5,4
223,13.189700,0.084737,older_sister,4,8,4.000000,8.108451,466.314300,406.918200,466.171600,406.652100,0.302042,458.167700,402.903200,474.175500,410.400900,458.167700,391.999900,474.175500,397.921800,-3.283084,0.278409,-1.095510,-2.994053,0.318647,-1.286959,-3.135992,-1.198031,305.267900,0.135532,0.346525,0,0,12.033470,0.030000,0.000301,0.143343,3,4,9,7,4
223,13.189700,0.084737,player,8,3,8.055624,3.000000,853.727700,429.172600,855.860800,428.104100,2.385827,863.617400,423.970800,848.104200,432.237500,863.617400,412.865800,848.104200,420.308000,4.037537,0.283561,-1.633457,3.757438,0.304614,-1.844543,3.858971,-1.766284,54.732590,0.069503,0.350571,0,0,11.980970,0.030000,0.000164,0.140947,5,9,5,5,4
224,13.227410,0.041803,father,4,2,4.000000,2.332361,710.499800,529.011100,711.819800,529.765700,1.520493,718.434400,532.231600,705.205200,527.299900,718.434400,523.308600,705.205200,517.592000,1.416178,0.227842,-4.397832,1.177317,0.247886,-4.271906,1.272913,-4.315600,125.261600,0.084524,0.267735,0,0,9.607773,0.046539,0.000193,0.130828,7,1,2,7,4
224,13.227410,0.041803,mother,7,9,7.332358,8.999999,569.500100,317.635300,570.924000,317.004200,1.557483,573.910100,316.381600,567.938000,317.626700,573.910100,304.362400,567.938000,308.562000,-1.193290,0.306903,1.113768,-1.301120,0.231460,1.081976,-1.272914,1.081757,234.730400,0.834516,-0.106394,0,1,12.589200,0.046539,0.000031,0.120684,1,7,10,5,4
224,13.227410,0.041803,older_sister,4,8,4.000000,8.155280,464.334600,405.928500,466.007700,406.442100,1.750138,458.612100,403.166600,473.403300,409.717600,458.612100,392.216600,473.403300,396.569700,-3.275060,0.279601,-1.102234,-3.007997,0.335724,-1.269512,-3.171736,-1.172759,305.261700,0.194069,0.314635,1,0,12.080010,0.046539,0.000164,0.143343,3,4,9,7,4
224,13.227410,0.041803,player,8,3,8.102453,3.000000,855.707400,428.182900,856.352300,428.054100,0.657631,864.086800,423.957900,848.617900,432.150400,864.086800,413.059800,848.617900,419.749100,4.046010,0.278276,-1.633128,3.766711,0.316658,-1.842319,3.894717,-1.741011,54.738900,0.128039,0.348822,0,0,12.027510,0.046539,0.000031,0.140947,5,9,5,5,4
225,13.266550,0.039323,father,4,2,4.000000,2.292793,712.172500,529.847700,712.339400,530.112900,0.313246,718.902200,532.556500,705.776500,527.669200,718.902200,523.768000,705.776500,517.575100,1.424623,0.224409,-4.406130,1.187631,0.257747,-4.281335,1.303115,-4.336963,125.272700,0.133984,0.265549,0,0,9.647096,0.039323,0.000000,0.130828,7,1,2,7,4
225,13.266550,0.039323,mother,7,9,7.292790,8.999999,567.827400,318.471400,568.148700,318.334900,0.349153,568.869900,318.812800,567.427600,317.857100,568.869900,307.658700,567.427600,308.691000,-1.284294,0.284813,1.051690,-1.310334,0.234051,1.076093,-1.303117,1.060406,234.742400,0.883975,-0.007177,0,1,12.628520,0.039323,0.000164,0.120684,1,7,10,5,4
225,13.266550,0.039323,older_sister,4,8,4.000000,8.194848,462.661900,405.092000,465.417600,406.111300,2.938203,459.052300,403.391100,471.782900,408.831600,459.052300,392.386100,471.782900,394.737700,-3.267111,0.281005,-1.107966,-3.037253,0.359880,-1.246888,-3.201939,-1.151401,305.266100,0.243528,0.267885,1,0,12.119330,0.039323,0.000273,0.143343,3,4,9,7,4
225,13.266550,0.039323,player,8,3,8.142021,3.000000,857.380100,427.346400,856.570300,428.029800,1.059540,863.697900,424.090400,849.442700,431.969100,863.697900,413.160000,849.442700,419.011400,4.038990,0.279101,-1.636511,3.781604,0.330868,-1.837691,3.924918,-1.719653,54.731730,0.177499,0.326307,1,0,12.066840,0.039323,0.000164,0.140947,5,9,5,5,4
226,13.304190,0.037769,father,4,2,4.000000,2.254789,713.779200,530.650900,712.816500,530.392000,0.996900,719.102400,532.603800,706.530700,528.180200,719.102400,523.816300,706.530700,517.573100,1.428237,0.224384,-4.407338,1.201249,0.270847,-4.294384,1.332125,-4.357470,125.257200,0.181488,0.250555,1,0,9.684864,0.037769,0.000136,0.130828,7,1,2,7,4
226,13.304190,0.037769,mother,7,9,7.254786,8.999999,566.220800,319.275000,565.229400,319.811200,1.127022,563.454400,321.551400,567.004500,318.070900,563.454400,311.502300,567.004500,308.837100,-1.382073,0.256598,0.981761,-1.317975,0.235782,1.070632,-1.332125,1.039887,234.726500,0.931480,0.103652,0,1,12.666290,0.037769,0.000061,0.120684,1,7,10,5,4
226,13.304190,0.037769,older_sister,4,8,4.000000,8.232852,461.055200,404.288900,463.731200,405.268400,2.849623,458.893700,403.295000,468.568700,407.241800,458.893700,392.269100,468.568700,392.130500,-3.269974,0.281540,-1.105513,-3.095286,0.385858,-1.206294,-3.230947,-1.130893,305.258900,0.291033,0.200819,1,0,12.157100,0.037769,0.000110,0.143343,3,4,9,7,4
226,13.304190,0.037769,player,8,3,8.180025,3.000000,858.986800,426.543200,856.997600,427.904400,2.410401,863.195700,424.340500,850.799400,431.468500,863.195700,413.348500,850.799400,417.820700,4.029922,0.280674,-1.642896,3.806101,0.348488,-1.824906,3.953927,-1.699141,54.736930,0.225003,0.287833,1,0,12.104600,0.037769,0.000110,0.140947,5,9,5,5,4
227,13.342300,0.038387,father,4,2,4.000000,2.216163,715.412100,531.467200,713.467800,530.734100,2.077926,719.153400,532.596900,707.782200,528.871300,719.153400,523.747300,707.782200,517.526400,1.429158,0.225973,-4.407163,1.223846,0.289686,-4.312031,1.361608,-4.378314,125.259500,0.229770,0.222564,1,0,9.723250,0.038387,0.000273,0.130828,7,1,2,7,4
227,13.342300,0.038387,mother,7,9,7.216160,8.999999,564.587800,320.091300,562.124700,321.441600,2.808966,557.758900,324.568200,566.490600,318.314900,557.758900,315.001800,566.490600,308.997100,-1.484910,0.244273,0.904728,-1.327252,0.237927,1.064401,-1.361609,1.019043,234.740600,0.979762,0.220911,0,1,12.704670,0.038387,0.000110,0.120684,1,7,10,5,4
227,13.342300,0.038387,older_sister,4,8,4.000000,8.271478,459.422300,403.472500,461.631200,404.389900,2.391850,458.655100,403.226100,464.607400,405.553600,458.655100,392.111600,464.607400,390.031000,-3.274284,0.283803,-1.103755,-3.166811,0.396361,-1.163186,-3.260431,-1.110046,305.263200,0.339315,0.122064,1,0,12.195490,0.038387,0.000097,0.143343,3,4,9,7,4
227,13.342300,0.038387,player,8,3,8.218652,3.000000,860.619600,425.726900,858.403300,427.228800,2.677307,863.223300,424.343100,853.583100,430.114400,863.223300,413.328800,853.583100,415.343300,4.030421,0.281245,-1.642965,3.856362,0.377171,-1.790331,3.983410,-1.678298,54.741490,0.273285,0.227198,1,0,12.142990,0.038387,0.000031,0.140947,5,9,5,5,4
228,13.380170,0.038094,father,4,2,4.000000,2.177832,717.032500,532.277500,714.942900,531.452800,2.246434,719.610500,532.804000,710.275300,530.101700,719.610500,523.940700,710.275300,517.862700,1.437413,0.226318,-4.412449,1.268861,0.312514,-4.343447,1.390865,-4.399004,125.267400,0.277683,0.177458,1,0,9.761344,0.038094,0.000220,0.124116,7,1,2,7,4
228,13.380170,0.038094,mother,7,9,7.177829,8.999999,562.967300,320.901600,560.568500,322.188000,2.721992,555.262400,325.768100,565.874600,318.607800,555.262400,316.365900,565.874600,309.160900,-1.529985,0.240081,0.874090,-1.338375,0.241223,1.056924,-1.390867,0.998353,234.734400,0.027676,0.262009,0,1,12.742770,0.038094,0.000031,0.131971,1,7,10,5,4
228,13.380170,0.038094,older_sister,4,8,4.000000,8.309809,457.801800,402.662200,459.029200,403.201400,1.340596,458.292300,403.081600,459.766200,403.321100,458.292300,391.878000,459.766200,388.703900,-3.280833,0.286076,-1.100064,-3.254222,0.373243,-1.106181,-3.289689,-1.089355,305.267900,0.387228,0.025259,1,0,12.233580,0.038094,0.000164,0.135761,3,4,9,7,4
228,13.380170,0.038094,player,8,3,8.256983,3.000000,862.240100,424.916500,860.140700,426.215400,2.468713,863.357400,424.242600,856.923800,428.188100,863.357400,413.166800,856.923800,412.702800,4.032842,0.282814,-1.640399,3.916681,0.395409,-1.741144,4.012669,-1.657607,54.733480,0.321199,0.153011,1,0,12.181080,0.038094,0.000061,0.132637,5,9,5,5,4
229,13.465560,0.082909,father,4,2,4.000000,2.097333,720.435700,533.979200,719.375500,533.445000,1.187153,720.909200,533.367100,717.841700,533.522900,720.909200,524.408500,717.841700,521.394700,1.460861,0.228752,-4.426828,1.405474,0.309689,-4.430808,1.452310,-4.442458,125.268000,0.378306,0.042923,1,0,9.841344,0.030000,0.000086,0.124116,7,1,2,7,4
229,13.465560,0.082909,mother,7,9,7.097331,9.000000,559.564300,322.603100,559.013800,322.694700,0.558058,553.537500,326.259100,564.490200,319.130300,553.537500,317.467400,564.490200,309.090700,-1.561128,0.224491,0.861553,-1.363372,0.256355,1.043582,-1.452312,0.954908,234.736800,0.128298,0.266561,0,0,12.822770,0.030000,0.000136,0.131971,1,7,10,5,4
229,13.465560,0.082909,older_sister,4,8,4.000000,8.390307,454.398800,400.960800,452.683700,399.971000,1.980160,457.678800,402.820200,447.688800,397.121900,457.678800,391.465500,447.688800,385.332100,-3.291911,0.289937,-1.093390,-3.472286,0.301046,-0.947886,-3.351133,-1.045913,305.260500,0.487851,-0.231281,1,0,12.313580,0.030000,0.000031,0.135761,3,4,9,7,4
229,13.465560,0.082909,player,8,3,8.337481,3.000000,865.643200,423.214800,865.538000,423.320700,0.149264,863.991200,423.850900,867.084800,422.790500,863.991200,412.589000,867.084800,409.388200,4.044286,0.287565,-1.630397,4.100142,0.342219,-1.603320,4.074112,-1.614154,54.731520,0.421822,-0.061238,1,0,12.261080,0.030000,0.000246,0.132637,5,9,5,5,4
230,13.502640,0.039926,father,4,2,4.000000,2.054232,722.257800,534.890100,722.475300,534.965800,0.230339,721.690000,533.733200,723.260600,536.198400,721.690000,524.766800,723.260600,525.660900,1.474958,0.228951,-4.436176,1.503317,0.269069,-4.499124,1.485210,-4.465716,125.258200,0.432182,-0.059494,1,0,9.884178,0.042834,0.000220,0.124116,7,1,2,7,4
230,13.502640,0.039926,mother,7,9,7.054230,9.000000,557.742100,323.514200,558.422900,322.950500,0.883817,553.386000,326.400900,563.459700,319.500200,553.386000,317.612900,563.459700,308.885300,-1.563863,0.224396,0.857931,-1.381978,0.271044,1.034138,-1.485212,0.931641,234.732900,0.182175,0.250244,1,0,12.865600,0.042834,0.000061,0.131971,1,7,10,5,4
230,13.502640,0.039926,older_sister,4,8,3.999999,8.433409,452.576600,400.049500,450.132900,398.576300,2.853473,457.580600,402.773100,442.685200,394.379400,457.580600,391.329300,442.685200,382.995100,-3.293682,0.292210,-1.092188,-3.562628,0.290692,-0.877859,-3.384033,-1.022643,305.271900,0.541728,-0.343339,0,0,12.356410,0.042834,0.000205,0.135761,3,4,9,7,4
230,13.502640,0.039926,player,8,3,8.380582,3.000000,867.465300,422.303900,869.046000,421.617600,1.723264,864.261200,423.688600,873.830800,419.546600,864.261200,412.344100,873.830800,407.609400,4.049161,0.289675,-1.626251,4.221944,0.304811,-1.520489,4.107013,-1.590896,54.742920,0.475698,-0.202140,1,0,12.303920,0.042835,0.000061,0.132637,5,9,5,5,4
231,13.540300,0.036850,father,4,2,4.000000,2.017153,723.825300,535.674100,725.097500,536.310500,1.422545,722.289900,534.014200,727.905200,538.606900,722.289900,525.041600,727.905200,528.967400,1.485790,0.229110,-4.443351,1.587177,0.246140,-4.560624,1.513512,-4.485735,125.272600,0.478532,-0.150495,1,0,9.921028,0.036850,0.000000,0.124116,7,1,2,7,4
231,13.540300,0.036850,mother,7,9,7.017151,9.000000,556.174600,324.297800,557.777600,323.255600,1.911970,553.378600,326.434500,562.176600,320.076700,553.378600,317.586600,562.176600,308.759900,-1.563997,0.225927,0.857073,-1.405145,0.288967,1.019417,-1.513514,0.911633,234.742000,0.228523,0.223426,1,0,12.902450,0.036850,0.000220,0.131971,1,7,10,5,4
231,13.540300,0.036850,older_sister,4,8,3.999999,8.470488,451.009100,399.265700,449.342700,398.283700,1.934203,457.726500,402.856800,440.959000,393.710600,457.726500,391.172000,440.959000,382.697400,-3.291049,0.298365,-1.094325,-3.593796,0.281215,-0.860781,-3.412336,-1.002627,305.268400,0.588077,-0.382029,0,0,12.393260,0.036850,0.000273,0.135761,3,4,9,7,4
231,13.540300,0.036850,player,8,3,8.417661,3.000000,869.032800,421.520100,871.612200,420.448200,2.793261,864.390300,423.622700,878.834100,417.273700,864.390300,412.229900,878.834100,405.757900,4.051492,0.290907,-1.624569,4.312283,0.294049,-1.462451,4.135315,-1.570880,54.730560,0.522046,-0.306532,1,0,12.340770,0.036850,0.000136,0.132637,5,9,5,5,4
232,13.578160,0.039041,father,4,2,4.000000,2.000000,724.550500,536.036700,726.187600,536.893900,1.847972,722.539300,534.135500,729.835900,539.652200,722.539300,525.168300,729.835900,530.161300,1.490293,0.228972,-4.446449,1.622037,0.242344,-4.587315,1.526606,-4.494994,125.265200,0.499973,-0.188898,1,0,9.938075,0.017047,0.000000,0.124116,7,1,2,7,4
232,13.578160,0.039041,mother,7,9,7.000000,9.000000,555.449600,324.660400,557.234700,323.532000,2.111848,553.244000,326.515000,561.225500,320.549000,553.244000,317.653700,561.225500,308.798200,-1.566429,0.226270,0.855017,-1.422317,0.300050,1.007355,-1.526604,0.902375,234.729100,0.249964,0.205624,1,0,12.919500,0.017045,0.000164,0.131971,1,7,10,5,4
232,13.578160,0.039041,older_sister,4,9,4.000000,8.509772,449.348400,398.435500,448.991400,398.340300,0.369445,457.631200,402.952000,440.351700,393.728500,457.631200,390.815600,440.351700,382.853300,-3.292771,0.309897,-1.096756,-3.604760,0.277691,-0.861239,-3.442321,-0.981429,305.257900,0.637183,-0.390712,0,0,12.432310,0.039041,0.000136,0.135761,3,4,9,7,4
232,13.578160,0.039041,player,8,3,8.456945,3.000000,870.693600,420.689900,873.239400,419.655400,2.747978,864.338100,423.646300,882.140800,415.664600,864.338100,412.063200,882.140800,404.492800,4.050550,0.295768,-1.625172,4.371987,0.285264,-1.421363,4.165301,-1.549682,54.742690,0.571152,-0.380124,0,0,12.379810,0.039041,0.000031,0.132637,5,9,5,5,4
233,13.619630,0.037689,father,4,2,3.994283,2.000000,724.308800,536.157300,725.403500,537.483500,1.719639,723.398600,533.731500,727.408400,541.235600,723.398600,524.763900,727.408400,531.779700,1.505809,0.228981,-4.436132,1.578207,0.241450,-4.627745,1.522242,-4.498076,148.193500,0.507120,-0.200997,1,0,9.943757,0.005682,0.000136,0.124116,1,1,2,7,4
233,13.619630,0.037689,mother,7,9,7.000000,9.028471,554.245900,324.058600,556.383100,323.315900,2.262532,552.396800,325.218000,560.369300,321.413700,552.396800,316.352100,560.369300,309.054000,-1.581725,0.226386,0.888136,-1.437777,0.315598,0.985276,-1.548338,0.917741,249.497300,0.285551,0.168853,1,0,12.947790,0.028295,0.000086,0.131971,3,7,10,5,4
233,13.619630,0.037689,older_sister,4,9,4.000000,8.547695,447.745100,397.633700,448.743800,398.420700,1.271529,457.019000,402.909300,440.468600,393.932000,457.019000,390.170200,440.468600,383.119000,-3.303823,0.325287,-1.095665,-3.602649,0.276105,-0.866436,-3.471268,-0.960955,305.271400,0.684587,-0.376338,0,1,12.469990,0.037689,0.000273,0.135761,3,4,9,7,4
233,13.619630,0.037689,player,8,3,8.494868,3.000000,872.296800,419.888100,873.165800,419.449700,0.973291,864.159100,423.655400,882.172500,415.243900,864.159100,411.718900,882.172500,404.321600,4.047317,0.304793,-1.625405,4.372559,0.278896,-1.410622,4.194248,-1.529208,54.729530,0.618556,-0.389563,0,0,12.417500,0.037689,0.000136,0.132637,5,9,5,5,4
234,13.659020,0.039322,father,4,2,3.976130,2.000000,723.541300,536.541200,723.789600,538.295900,1.772171,724.011800,533.599200,723.567300,542.992600,724.011800,524.618300,723.567300,533.616600,1.516878,0.229322,-4.432755,1.508854,0.239412,-4.672609,1.508385,-4.507876,172.115400,0.529811,-0.236485,1,0,9.961798,0.018041,0.000061,0.128684,1,1,2,7,4
234,13.659020,0.039322,mother,7,9,7.000000,9.067428,552.599000,323.235200,554.641000,323.039900,2.051311,551.715800,323.959800,557.566200,322.119900,551.715800,315.044200,557.566200,309.397100,-1.594021,0.227655,0.920264,-1.488389,0.324869,0.967245,-1.578074,0.938767,264.905400,0.334248,0.109387,1,0,12.986510,0.038715,0.000086,0.127714,3,7,10,5,4
234,13.659020,0.039322,older_sister,4,9,3.999999,8.586918,446.087000,396.804900,448.076000,398.197600,2.428160,455.125800,402.176000,441.026200,394.219200,455.125800,388.633400,441.026200,383.374500,-3.338007,0.345803,-1.076940,-3.592583,0.276913,-0.873769,-3.501208,-0.939791,305.256300,0.733615,-0.325159,0,1,12.508970,0.038980,0.000043,0.125313,3,4,9,7,4
234,13.659020,0.039322,player,9,3,8.534435,3.000000,873.969500,419.051900,873.142400,419.250900,0.850685,864.236600,423.382200,882.048200,415.119600,864.236600,410.857300,882.048200,404.301400,4.048717,0.319816,-1.618429,4.370315,0.276235,-1.407447,4.224449,-1.507857,54.741070,0.668015,-0.384395,0,1,12.456820,0.039322,0.000000,0.124084,5,9,5,5,4
235,13.751200,0.086488,father,4,2,3.904901,2.000000,720.530100,538.046400,719.950300,538.541600,0.762462,726.262700,535.034200,713.637900,542.048800,726.262700,525.656300,713.637900,533.115500,1.557520,0.239460,-4.469398,1.329574,0.228106,-4.648511,1.454015,-4.546313,224.731800,0.618847,-0.287670,0,0,10.032590,0.030000,0.000409,0.128684,1,1,2,7,4
235,13.751200,0.086488,mother,7,9,7.000000,9.147926,549.195900,321.533400,548.889200,321.444700,0.319275,550.000200,322.660700,547.778300,320.228600,550.000200,313.694000,547.778300,309.767800,-1.624996,0.228960,0.953435,-1.665114,0.267111,1.015538,-1.639518,0.982221,298.795700,0.434870,-0.065072,1,0,13.066510,0.030000,0.000301,0.127714,3,7,10,5,4
235,13.751200,0.086488,older_sister,4,9,3.999999,8.662190,442.904800,395.214000,444.425100,396.239400,1.833789,447.610200,398.158200,441.240100,394.320500,447.610200,382.996300,441.240100,383.262700,-3.473705,0.387151,-0.974350,-3.588721,0.282354,-0.876355,-3.558663,-0.899169,305.261000,0.827704,-0.150487,0,1,12.583780,0.026891,0.000110,0.125313,3,4,9,7,4
235,13.751200,0.086488,player,9,3,8.614934,3.000000,877.372600,417.350200,874.727900,418.181600,2.772265,868.311600,420.861900,881.144300,415.501300,868.311600,406.564100,881.144300,404.607500,4.122293,0.365086,-1.554075,4.353994,0.278165,-1.417193,4.285894,-1.464404,54.732140,0.768637,-0.268210,0,1,12.536820,0.030000,0.000164,0.124084,5,9,5,5,4
236,13.799950,0.049124,father,4,2,3.848943,2.000000,718.164400,539.229500,719.305100,538.863900,1.197785,726.216500,536.319200,712.393700,541.408600,726.216500,526.175400,712.393700,532.571800,1.556687,0.259018,-4.502208,1.307107,0.225642,-4.632162,1.411302,-4.576521,234.730700,0.688794,-0.278807,0,1,10.088200,0.005612,0.000193,0.128684,1,1,2,7,4
236,13.799950,0.049124,mother,7,9,7.000000,9.203884,546.830300,320.350800,545.123200,319.450900,1.929778,548.952500,322.307600,541.294000,316.594200,548.952500,313.340100,541.294000,307.128300,-1.643914,0.228978,0.962452,-1.782192,0.241705,1.108341,-1.682230,1.012417,305.258800,0.504818,-0.197129,1,0,13.122120,0.005612,0.000110,0.127714,3,7,10,5,4
236,13.799950,0.049124,older_sister,4,9,3.999999,8.708964,440.927400,394.225000,441.050200,394.417800,0.228538,440.944800,394.584700,441.155700,394.250700,440.944800,380.472000,441.155700,382.993100,-3.594053,0.360362,-0.883103,-3.590245,0.287457,-0.874573,-3.594366,-0.873916,305.272300,0.886173,-0.001816,0,1,12.630270,0.004561,0.000164,0.125313,3,4,9,7,4
236,13.799950,0.049124,player,9,3,8.670892,3.000000,879.738200,416.167400,878.114100,416.762700,1.729809,875.087200,417.991700,881.141000,415.533800,875.087200,402.871200,881.141000,404.434800,4.244630,0.386092,-1.480784,4.353934,0.283405,-1.418024,4.328607,-1.434203,54.737650,0.838584,-0.125482,0,1,12.592430,0.005612,0.000110,0.124084,5,9,5,5,4
237,13.843290,0.049134,father,4,2,3.799504,2.000000,716.074300,540.274700,718.142800,539.492600,2.211425,723.976400,537.577900,712.309300,541.407200,723.976400,526.470000,712.309300,532.502000,1.516241,0.283634,-4.534349,1.305584,0.227389,-4.632126,1.373565,-4.603209,234.732400,0.750593,-0.228449,0,1,10.137330,0.049134,0.000000,0.128684,1,1,2,7,4
237,13.843290,0.049134,mother,7,9,7.000000,9.253325,544.740200,319.305700,542.788700,318.244000,2.221648,548.421900,322.043600,537.155500,314.444200,548.421900,312.970500,537.155500,305.214200,-1.653493,0.231680,0.969192,-1.856914,0.235685,1.163237,-1.719968,1.039105,305.267400,0.566616,-0.278127,0,0,13.171250,0.049134,0.000193,0.127714,3,7,10,5,4
237,13.843290,0.049134,older_sister,4,9,3.999999,8.745508,439.382600,393.452500,437.932600,392.860000,1.566331,434.708600,391.469500,441.156600,394.250600,434.708600,378.728200,441.156600,382.867600,-3.706650,0.325340,-0.803556,-3.590229,0.290658,-0.874571,-3.622259,-0.854189,305.268500,0.931851,0.136057,0,1,12.666580,0.036317,0.000246,0.125313,3,4,9,7,4
237,13.843290,0.049134,player,9,3,8.720331,3.000000,881.828300,415.122400,881.972400,414.931500,0.239112,882.715500,414.351800,881.229200,415.511300,882.715500,400.668800,881.229200,404.213300,4.382363,0.349388,-1.387843,4.355527,0.288486,-1.417450,4.366344,-1.407519,54.736040,0.900384,0.039004,0,1,12.641560,0.049134,0.000086,0.124084,5,9,5,5,4
238,13.884080,0.040776,father,4,2,3.758474,2.000000,714.339900,541.142000,716.222900,540.390000,2.027586,720.484600,539.224200,711.961400,541.555800,720.484600,527.360700,711.961400,532.573900,1.453193,0.302929,-4.576386,1.299302,0.229349,-4.635923,1.342248,-4.625354,234.735000,0.801880,-0.160024,0,1,10.178110,0.040776,0.000000,0.128684,1,1,2,7,4
238,13.884080,0.040776,mother,7,9,7.000000,9.294353,543.005700,318.438400,542.199500,318.103200,0.873134,548.126800,321.927700,536.272100,314.278600,548.126800,312.557600,536.272100,305.343200,-1.658822,0.239259,0.972153,-1.872865,0.228162,1.167467,-1.751286,1.061249,305.263000,0.617903,-0.287529,0,0,13.212030,0.040776,0.000164,0.127714,3,7,10,5,4
238,13.884080,0.040776,older_sister,4,9,3.999999,8.772655,438.234900,392.878800,435.295700,391.624600,3.195653,429.504700,389.049900,441.086600,394.199300,429.504700,377.040100,441.086600,382.712000,-3.800610,0.306665,-0.741774,-3.591491,0.293323,-0.873262,-3.642980,-0.839542,305.256800,0.965785,0.246661,0,1,12.693560,0.026978,0.000110,0.125313,3,4,9,7,4
238,13.884080,0.040776,player,9,3,8.761361,3.000000,883.562900,414.255200,885.661600,413.015900,2.437321,890.013200,410.558100,881.309900,415.473700,890.013200,398.293200,881.309900,404.033800,4.514127,0.313179,-1.290974,4.356986,0.292110,-1.416489,4.397663,-1.385375,54.736960,0.951671,0.200771,0,1,12.682340,0.040776,0.000061,0.124084,5,9,5,5,4
239,13.924560,0.040277,father,4,2,3.717946,2.000000,712.626600,541.998200,713.668300,541.528600,1.142671,715.868200,541.282400,711.468400,541.774700,715.868200,529.495200,711.468400,532.666000,1.369843,0.300978,-4.628941,1.290400,0.232586,-4.641511,1.311313,-4.647219,234.746900,0.852539,-0.072129,0,1,10.218380,0.040277,0.000356,0.128684,1,1,2,7,4
239,13.924560,0.040277,mother,7,9,7.000000,9.334881,541.292400,317.581600,541.697100,317.949700,0.547130,547.557700,321.766000,535.836700,314.133400,547.557700,311.865000,535.836700,305.293500,-1.669097,0.252818,0.976280,-1.880727,0.225722,1.171176,-1.782222,1.083126,305.267900,0.668562,-0.285321,0,1,13.252300,0.040277,0.000301,0.127714,3,7,10,5,4
239,13.924560,0.040277,older_sister,4,9,3.999999,8.796687,437.218900,392.370800,433.354200,390.708000,4.207211,425.617500,387.202100,441.090900,394.214000,425.617500,375.337600,441.090900,382.614300,-3.870795,0.302952,-0.694591,-3.591413,0.296190,-0.873635,-3.661325,-0.826572,305.260100,0.995826,0.331486,0,1,12.717440,0.023884,0.000068,0.125313,3,4,9,7,4
239,13.924560,0.040277,player,9,3,8.801888,3.000000,885.276200,413.398400,888.811300,411.362500,4.079482,896.294700,407.258500,881.328000,415.466500,896.294700,395.410900,881.328000,403.840500,4.627544,0.302522,-1.206719,4.357310,0.296863,-1.416306,4.428597,-1.363498,54.731670,0.002329,0.341651,0,1,12.722620,0.040277,0.000164,0.124084,5,9,5,5,4
240,13.966100,0.042235,father,4,2,3.675448,2.000000,710.830000,542.896900,710.595800,543.036600,0.272699,710.212500,544.064600,710.979100,542.008400,710.212500,533.437300,710.979100,532.810700,1.267727,0.271363,-4.699984,1.281566,0.234856,-4.647478,1.278874,-4.670165,234.727000,0.905662,0.041620,0,1,10.260620,0.042235,0.000086,0.130169,1,1,2,7,4
240,13.966100,0.042235,mother,7,9,7.000000,9.377378,539.495800,316.683500,541.005500,317.660400,1.798204,546.179500,321.204800,535.831500,314.115900,546.179500,310.636200,535.831500,305.239800,-1.693981,0.269864,0.990610,-1.880820,0.226645,1.171622,-1.814660,1.106061,305.261900,0.721684,-0.257059,0,1,13.294540,0.042235,0.000164,0.122487,3,7,10,5,4
240,13.966100,0.042235,older_sister,4,9,4.000000,8.819435,436.257300,391.889800,432.892900,390.415300,3.673332,424.898100,386.758600,440.887700,394.072100,424.898100,375.178400,440.887700,382.358300,-3.883785,0.295692,-0.683266,-3.595083,0.299105,-0.870011,-3.678688,-0.814289,305.277800,0.024260,0.343538,0,1,12.740050,0.022607,0.000246,0.143365,3,4,9,7,4
240,13.966100,0.042235,player,9,3,8.844386,3.000000,887.072800,412.500200,889.510800,411.214000,2.756544,897.208900,407.089800,881.812700,415.338100,897.208900,395.862000,881.812700,403.489200,4.644049,0.286696,-1.202413,4.366063,0.302556,-1.413028,4.461036,-1.340564,54.739150,0.055450,0.348573,0,0,12.764850,0.042235,0.000031,0.139935,5,9,5,5,4
241,14.059790,0.089220,father,4,2,3.594950,2.000000,707.426800,544.598300,704.686800,546.098400,3.123736,699.419700,549.679300,709.953900,542.517500,699.419700,540.044300,709.953900,533.133300,1.072856,0.246025,-4.843349,1.263057,0.239621,-4.660479,1.217429,-4.713610,234.737100,0.006284,0.260877,0,1,10.340620,0.030000,0.000136,0.130169,1,1,2,7,4
241,14.059790,0.089220,mother,7,9,7.000000,9.457877,536.092700,314.982000,537.557200,315.835000,1.694823,539.836300,317.880600,535.278100,313.789400,539.836300,305.857200,535.278100,304.757400,-1.808511,0.307013,1.075491,-1.890812,0.230625,1.179960,-1.876105,1.149507,305.262500,0.822308,-0.127512,0,1,13.374540,0.030000,0.000061,0.122487,3,7,10,5,4
241,14.059790,0.089220,older_sister,4,9,4.000000,8.856779,434.678600,391.100400,432.583500,390.048200,2.344477,424.484900,386.251400,440.682000,393.845000,424.484900,375.157300,440.682000,381.906400,-3.891245,0.283282,-0.670316,-3.598797,0.304846,-0.864214,-3.707192,-0.794131,305.266400,0.070940,0.350730,0,0,12.777160,0.012986,0.000314,0.143365,3,4,9,7,4
241,14.059790,0.089220,player,9,3,8.924885,3.000000,890.475800,410.798800,890.263000,411.131100,0.394593,897.702900,407.098400,882.823000,415.163700,897.702900,396.184500,882.823000,402.452200,4.652968,0.278680,-1.202632,4.384305,0.324580,-1.408575,4.522480,-1.297119,54.737630,0.156075,0.338264,1,0,12.844850,0.030000,0.000061,0.139935,5,9,5,5,4
242,14.104400,0.045087,father,4,2,3.540305,2.000000,705.116700,545.753400,703.491800,546.498700,1.787652,698.020300,550.085300,708.963300,542.912100,698.020300,541.108000,708.963300,533.266600,1.047588,0.229229,-4.853718,1.245171,0.246292,-4.670554,1.175719,-4.743105,234.734600,0.074591,0.267077,0,0,10.394920,0.004307,0.000136,0.130169,1,1,2,7,4
242,14.104400,0.045087,mother,7,10,7.000000,9.512523,533.782500,313.826900,533.910800,313.913200,0.154572,533.185000,314.387100,534.636500,313.439300,533.185000,303.392500,534.636500,304.263200,-1.928604,0.280740,1.164697,-1.902396,0.234309,1.188897,-1.917815,1.179001,305.265000,0.890614,0.007426,0,1,13.428840,0.004307,0.000136,0.122487,3,7,10,5,4
242,14.104400,0.045087,older_sister,4,9,4.000000,8.878653,433.753800,390.638300,432.444100,389.871700,1.517592,424.327100,386.042600,440.561000,393.700900,424.327100,375.096400,440.561000,381.560400,-3.894092,0.279505,-0.664983,-3.600981,0.310000,-0.860534,-3.723889,-0.782332,305.248700,0.098282,0.352228,0,0,12.798900,0.001652,0.000068,0.143365,3,4,9,7,4
242,14.104400,0.045087,player,9,3,9.000000,3.000000,893.651400,409.211000,891.384500,410.718800,2.722464,896.937400,407.470400,885.831600,413.967100,896.937400,396.463100,885.831600,399.718200,4.639147,0.281065,-1.212131,4.438627,0.363836,-1.378019,4.579816,-1.256575,54.734650,0.249970,0.259500,1,0,12.919500,0.024651,0.000061,0.139935,5,9,5,5,4
243,14.144910,0.043378,father,3,2,3.496656,2.000000,703.271500,546.676100,702.742100,546.757400,0.535634,697.270400,550.321600,708.213900,543.193300,697.270400,541.530500,708.213900,533.145700,1.034048,0.224476,-4.859751,1.231640,0.256560,-4.677733,1.142402,-4.766665,234.733900,0.129150,0.266422,0,0,10.438300,0.043378,0.000086,0.130169,1,1,2,7,4
243,14.144910,0.043378,mother,7,10,7.000000,9.556170,531.937300,312.904200,530.397600,312.203000,1.691839,526.689800,311.232400,534.105500,313.173600,526.689800,301.414100,534.105500,303.920300,-2.045879,0.250705,1.245250,-1.911984,0.236276,1.195684,-1.951131,1.202560,305.265700,0.945173,0.137941,0,1,13.472220,0.043378,0.000164,0.122487,3,7,10,5,4
243,14.144910,0.043378,older_sister,4,9,4.000000,8.894361,433.089800,390.306200,432.380100,389.769700,0.889698,424.302700,385.940500,440.457500,393.598800,424.302700,375.039100,440.457500,381.296500,-3.894534,0.278361,-0.662377,-3.602851,0.314133,-0.857928,-3.735879,-0.773852,305.269400,0.117918,0.351059,0,0,12.814510,0.015611,0.000136,0.143365,3,4,9,7,4
243,14.144910,0.043378,player,9,3,9.000000,3.007574,893.331200,409.050900,892.285100,411.102200,2.302687,895.037800,406.664900,889.532300,415.539600,895.037800,395.654200,889.532300,401.068700,4.604850,0.281151,-1.191561,4.505444,0.369504,-1.418171,4.574035,-1.252486,28.355530,0.259436,0.246633,1,0,12.927030,0.007527,0.000000,0.139935,3,9,5,5,4
244,14.186570,0.041355,father,3,2,3.455044,2.000000,701.512300,547.555700,702.171400,547.004200,0.859414,697.122900,550.458300,707.219900,543.549900,697.122900,541.671000,707.219900,532.946400,1.031386,0.224379,-4.863242,1.213693,0.270756,-4.686841,1.110639,-4.789126,234.733800,0.181166,0.250699,1,0,10.479660,0.041355,0.000000,0.130169,1,1,2,7,4
244,14.186570,0.041355,mother,7,10,7.000000,9.597205,530.202500,312.036700,527.230600,310.689200,3.263117,520.847100,308.448500,533.614100,312.930000,520.847100,298.774000,533.614100,303.572900,-2.151372,0.247033,1.316336,-1.920855,0.238927,1.201904,-1.982454,1.224713,305.268800,0.996468,0.254281,0,1,13.513000,0.040781,0.000301,0.122487,3,7,10,5,4
244,14.186570,0.041355,older_sister,4,9,4.000000,8.908269,432.501800,390.012200,432.351700,389.742300,0.308824,424.346400,385.992200,440.356900,393.492400,424.346400,375.089100,440.356900,381.015700,-3.893746,0.278405,-0.663698,-3.604666,0.318585,-0.855210,-3.746495,-0.766345,305.266400,0.135304,0.346602,0,0,12.828340,0.013822,0.000136,0.143365,3,4,9,7,4
244,14.186570,0.041355,player,9,3,9.000000,3.028897,892.429700,408.599900,892.690400,410.737000,2.153009,892.486900,406.644700,892.893800,414.829300,892.486900,395.623800,892.893800,399.805400,4.558791,0.281414,-1.191047,4.566139,0.383627,-1.400036,4.557759,-1.240969,3.206990,0.286091,0.208250,1,0,12.948220,0.021192,0.000273,0.139935,3,9,5,5,4
245,14.225450,0.039437,father,3,2,3.415361,2.000000,699.834700,548.394400,701.478000,547.335400,1.954908,697.114000,550.496200,705.841900,544.174600,697.114000,541.645100,705.841900,532.807200,1.031225,0.226008,-4.864210,1.188812,0.290259,-4.702791,1.080350,-4.810542,234.738700,0.230768,0.221863,1,0,10.519090,0.039437,0.000136,0.130169,1,1,2,7,4
245,14.225450,0.039437,mother,7,10,6.999999,9.634779,528.614100,311.242500,526.419700,310.180200,2.437956,519.856900,307.794600,532.982500,312.565800,519.856900,298.561700,532.982500,303.068000,-2.169250,0.235755,1.333034,-1.932260,0.242521,1.211203,-2.011135,1.244992,305.263000,0.043434,0.263842,0,0,13.550340,0.037341,0.000273,0.122487,3,7,10,5,4
245,14.225450,0.039437,older_sister,4,9,4.000000,8.920671,431.977500,389.749800,432.324600,389.709000,0.349447,424.424700,386.055200,440.224500,393.362700,424.424700,375.143700,440.224500,380.713000,-3.892332,0.278619,-0.665306,-3.607059,0.323003,-0.851898,-3.755962,-0.759647,305.280000,0.150806,0.340650,1,0,12.840660,0.012326,0.000314,0.143365,3,4,9,7,4
245,14.225450,0.039437,player,9,3,9.000000,3.062057,891.027900,407.898900,892.232600,409.623500,2.103738,890.455300,407.116500,894.009900,412.130600,890.455300,396.026800,894.009900,396.613200,4.522108,0.283169,-1.203092,4.586291,0.396229,-1.331126,4.532448,-1.223071,339.224700,0.327539,0.142475,1,0,12.981170,0.032954,0.000301,0.139935,3,9,5,5,4
246,14.267970,0.042507,father,3,2,3.372590,2.000000,698.026500,549.298300,699.825700,548.192300,2.111980,696.624200,550.767200,703.027300,545.617400,696.624200,541.901900,703.027300,533.276700,1.022382,0.226370,-4.871128,1.137993,0.315114,-4.739633,1.047701,-4.833621,234.744100,0.284233,0.170309,1,0,10.561600,0.042507,0.000329,0.124511,1,1,2,7,4
246,14.267970,0.042507,mother,7,10,6.999999,9.672904,527.002300,310.436900,525.827000,309.737400,1.367753,519.209200,307.264700,532.444700,312.210100,519.209200,298.371900,532.444700,302.457900,-2.180944,0.227072,1.346562,-1.941970,0.249016,1.220287,-2.040236,1.265565,305.259200,0.091091,0.268030,0,0,13.588230,0.037889,0.000086,0.129360,3,7,10,5,4
246,14.267970,0.042507,older_sister,4,9,4.000000,8.933298,431.443700,389.483200,432.286400,389.654200,0.859837,424.530400,386.121800,440.042400,393.186700,424.530400,375.201100,440.042400,380.350900,-3.890423,0.278852,-0.667005,-3.610345,0.327755,-0.847405,-3.765599,-0.752838,305.241900,0.166590,0.332842,1,0,12.853210,0.012548,0.000110,0.129311,3,4,9,7,4
246,14.267970,0.042507,player,9,3,9.000001,3.104826,889.219800,406.995200,890.473000,407.736700,1.456091,889.477900,407.359200,891.468200,408.114200,889.477900,396.166300,891.468200,393.312800,4.504462,0.285805,-1.209290,4.540397,0.377942,-1.228568,4.499802,-1.199996,313.327900,0.381001,0.039368,1,0,13.023680,0.042504,0.000000,0.135492,3,9,5,5,4
247,14.366540,0.092612,father,3,2,3.292091,2.000000,694.623400,551.000200,695.568300,550.539700,1.051105,695.412200,551.458200,695.724400,549.621200,695.412200,542.496500,695.724400,537.658400,1.000498,0.228831,-4.888772,1.006135,0.305463,-4.841867,0.986256,-4.877078,234.730000,0.384855,0.031687,1,0,10.641600,0.030000,0.000000,0.124511,1,1,2,7,4
247,14.366540,0.092612,mother,7,10,7.000000,9.736521,524.313000,309.092300,525.020700,309.237200,0.722384,518.646500,306.959300,531.394800,311.515100,518.646500,298.177200,531.394800,301.027400,-2.191105,0.224245,1.354363,-1.960927,0.267798,1.238031,-2.088794,1.299897,305.261700,0.170610,0.255105,1,0,13.651450,0.022212,0.000031,0.129360,3,7,10,5,4
247,14.366540,0.092612,older_sister,4,9,4.000000,8.955389,430.509800,389.016000,432.186600,389.531500,1.754203,424.794300,386.256000,439.578800,392.807000,424.794300,375.305800,439.578800,379.657500,-3.885659,0.279606,-0.670433,-3.618716,0.335764,-0.837709,-3.782462,-0.740909,305.276800,0.194204,0.314531,1,0,12.875160,0.007966,0.000273,0.129311,3,4,9,7,4
247,14.366540,0.092612,player,9,3,9.000001,3.185324,885.816700,405.293500,884.239000,404.388000,1.819046,888.909000,407.058400,879.569200,401.717700,888.909000,395.708200,879.569200,389.860300,4.494189,0.289820,-1.201609,4.325554,0.302772,-1.065238,4.438357,-1.156543,305.267900,0.481623,-0.216425,1,0,13.103680,0.030000,0.000164,0.135492,3,9,5,5,4
248,14.415920,0.050301,father,3,2,3.228786,2.000000,691.947100,552.338100,690.973000,552.843200,1.097271,694.345500,552.026400,687.600700,553.660100,694.345500,543.054600,687.600700,543.845600,0.981237,0.229088,-4.903280,0.859457,0.250607,-4.944997,0.937935,-4.911242,234.738500,0.463986,-0.123521,1,0,10.704510,0.012913,0.000136,0.124511,1,1,2,7,4
248,14.415920,0.050301,mother,7,10,7.000000,9.778577,522.535000,308.203100,524.364200,308.869300,1.946694,518.577600,306.957400,530.150900,310.781200,518.577600,298.118000,530.150900,299.584700,-2.192350,0.225708,1.354411,-1.983387,0.285895,1.256773,-2.120895,1.322602,305.270500,0.223181,0.226984,1,0,13.693250,0.008041,0.000164,0.129360,3,7,10,5,4
248,14.415920,0.050301,older_sister,4,9,4.000000,9.000000,428.623900,388.073100,431.389800,389.081800,2.944062,425.207900,386.462500,437.571700,391.701100,425.207900,375.455100,437.571700,377.452200,-3.878191,0.281065,-0.675704,-3.654956,0.363836,-0.809469,-3.816513,-0.716830,305.265700,0.249970,0.259500,0,0,12.919500,0.000000,0.000336,0.129311,3,-1,-1,7,4
248,14.415920,0.050301,player,9,3,9.000001,3.248630,883.140500,403.955300,880.756100,402.508100,2.789238,888.817300,407.014100,872.694800,398.002000,888.817300,395.488300,872.694800,386.755000,4.492535,0.294304,-1.200479,4.201433,0.287187,-0.970361,4.390037,-1.122374,305.264900,0.560755,-0.370542,0,0,13.166590,0.012913,0.000220,0.135492,3,9,5,5,4
249,14.456470,0.046165,father,3,2,3.182334,2.000000,689.983400,553.320000,687.971900,554.252900,2.217345,693.704700,552.356100,682.239100,556.149800,693.704700,543.383100,682.239100,546.746400,0.969667,0.229121,-4.911701,0.762650,0.240110,-5.008570,0.902477,-4.936313,234.737400,0.522052,-0.224957,1,0,10.750680,0.046165,0.000136,0.124511,1,1,2,7,4
249,14.456470,0.046165,mother,7,10,7.000000,9.805204,521.409400,307.640300,523.508200,308.448200,2.248915,518.341100,306.857900,528.675200,310.038400,518.341100,297.996600,528.675200,298.168000,-2.196619,0.226270,1.356950,-2.010031,0.303105,1.275738,-2.141220,1.336972,305.262400,0.256466,0.199238,1,0,13.719710,0.026463,0.000136,0.129360,3,7,10,5,4
249,14.456470,0.046165,older_sister,4,9,4.000000,9.000000,428.623900,388.073100,431.389800,389.081800,2.944062,425.207900,386.462500,437.571700,391.701100,425.207900,375.455100,437.571700,377.452200,-3.878191,0.281065,-0.675704,-3.654956,0.363836,-0.809469,-3.816513,-0.716830,305.265700,0.249970,0.259500,0,0,12.919500,0.000000,0.000336,0.129311,3,-1,-1,7,4
249,14.456470,0.046165,player,9,3,9.000001,3.295082,881.176800,402.973500,880.309300,402.544900,0.967550,888.920000,407.148300,871.698600,397.941500,888.920000,395.209100,871.698600,387.019800,4.494389,0.304859,-1.203904,4.183447,0.278879,-0.968815,4.354580,-1.097304,305.262900,0.618820,-0.389612,0,0,13.212750,0.046165,0.000164,0.135492,3,9,5,5,4
250,14.495160,0.038928,father,3,2,3.143164,2.000000,688.327500,554.148100,686.332900,555.066700,2.195951,693.329600,552.543200,679.336200,557.590300,693.329600,543.452200,679.336200,548.386900,0.962895,0.232132,-4.916477,0.710238,0.235003,-5.045352,0.872580,-4.957457,234.731900,0.571015,-0.280698,0,0,10.789600,0.038928,0.000061,0.124511,1,1,2,7,4
250,14.495160,0.038928,mother,7,10,7.000000,9.825465,520.552900,307.211900,522.633500,308.040800,2.239737,518.070600,306.736300,527.196500,309.345400,518.070600,297.871900,527.196500,297.041200,-2.201503,0.226346,1.360057,-2.036730,0.314180,1.293434,-2.156684,1.347913,305.277500,0.281792,0.172992,1,0,13.739850,0.020135,0.000301,0.129360,3,7,10,5,4
250,14.495160,0.038928,older_sister,4,9,4.000000,9.000000,428.623900,388.073100,431.389800,389.081800,2.944062,425.207900,386.462500,437.571700,391.701100,425.207900,375.455100,437.571700,377.452200,-3.878191,0.281065,-0.675704,-3.654956,0.363836,-0.809469,-3.816513,-0.716830,305.265700,0.249970,0.259500,0,0,12.919500,0.000000,0.000336,0.129311,3,-1,-1,7,4
250,14.495160,0.038928,player,9,3,9.000001,3.334252,879.520800,402.145400,880.055200,402.626200,0.718875,888.534900,407.186800,871.575600,398.065600,888.534900,394.664900,871.575600,387.247200,4.487435,0.319738,-1.204889,4.181227,0.276242,-0.971984,4.324681,-1.076160,305.267000,0.667782,-0.384487,0,1,13.251680,0.038928,0.000301,0.135492,3,9,5,5,4
251,14.536390,0.041315,father,3,2,3.101591,2.000000,686.569900,555.026700,685.981600,555.400000,0.696837,693.069700,552.715000,678.893600,558.085000,693.069700,543.301600,678.893600,549.161800,0.958202,0.240368,-4.920866,0.702245,0.227850,-5.057985,0.840847,-4.979892,234.739600,0.622980,-0.288157,0,0,10.830920,0.041315,0.000220,0.124511,1,1,2,7,4
251,14.536390,0.041315,mother,7,10,7.000000,9.844966,519.728400,306.800000,521.700000,307.637600,2.142099,517.797400,306.622400,525.602700,308.652800,517.797400,297.740600,525.602700,296.041500,-2.206436,0.226792,1.362964,-2.065508,0.322020,1.311120,-2.171571,1.358429,305.239500,0.306168,0.145016,1,0,13.759230,0.019380,0.000000,0.129360,3,7,10,5,4
251,14.536390,0.041315,older_sister,4,9,4.000000,9.000000,428.623900,388.073100,431.389800,389.081800,2.944062,425.207900,386.462500,437.571700,391.701100,425.207900,375.455100,437.571700,377.452200,-3.878191,0.281065,-0.675704,-3.654956,0.363836,-0.809469,-3.816513,-0.716830,305.265700,0.249970,0.259500,0,0,12.919500,0.000000,0.000336,0.129311,3,-1,-1,7,4
251,14.536390,0.041315,player,9,3,9.000001,3.375824,877.763400,401.266800,879.588000,402.546000,2.228317,887.050700,406.704100,872.125200,398.387900,887.050700,393.493800,872.125200,387.546500,4.460636,0.337317,-1.192563,4.191150,0.276828,-0.980214,4.292950,-1.053725,305.261400,0.719748,-0.342633,0,1,13.293000,0.041315,0.000164,0.135492,3,9,5,5,4
252,14.586970,0.044008,father,3,2,3.057309,2.000000,684.697900,555.962900,685.578200,555.708300,0.916399,692.569300,553.109900,678.587100,558.306600,692.569300,543.092200,678.587100,549.471400,0.949169,0.255799,-4.930949,0.696712,0.225602,-5.063643,0.807046,-5.003798,234.729100,0.678333,-0.282738,0,1,10.874930,0.044008,0.000000,0.120818,1,1,2,7,4
252,14.586970,0.044008,mother,7,10,7.000000,9.863877,518.928900,306.400200,520.710000,307.199600,1.952286,517.500500,306.497700,523.919600,307.901500,517.500500,297.587300,523.919600,295.175600,-2.211796,0.227521,1.366149,-2.095897,0.324949,1.330303,-2.186006,1.368638,305.268500,0.329807,0.115324,1,0,13.778020,0.018795,0.000031,0.127588,3,7,10,5,4
252,14.586970,0.044008,older_sister,4,9,3.992205,9.000000,428.294300,388.238000,431.335600,388.597000,3.062407,424.677900,387.481100,437.993300,389.713000,424.677900,376.470300,437.993300,375.235900,-3.887759,0.281154,-0.701715,-3.647343,0.369663,-0.758705,-3.822463,-0.721042,288.014200,0.259712,0.246256,1,0,12.927250,0.007747,0.000136,0.131109,1,1,10,5,4
252,14.586970,0.044008,player,9,3,9.000001,3.420106,875.891200,400.330600,877.846000,401.797100,2.443768,883.292200,405.044000,872.399800,398.550400,883.292200,390.617100,872.399800,387.645500,4.392776,0.368384,-1.150174,4.196107,0.278448,-0.984361,4.259148,-1.029819,305.269700,0.775101,-0.256314,0,1,13.337010,0.044008,0.000301,0.126656,3,9,5,5,4
253,14.683200,0.092997,father,3,2,2.976810,2.000000,681.294900,557.664400,683.352200,556.879600,2.201915,688.382900,555.371500,678.321500,558.387600,688.382900,543.812700,678.321500,549.446900,0.873580,0.295148,-4.988697,0.691915,0.228296,-5.065712,0.745602,-5.047244,234.737100,0.778956,-0.192795,0,1,10.954930,0.030000,0.000086,0.120818,1,1,2,7,4
253,14.683200,0.092997,mother,7,10,7.000000,9.894129,517.650000,305.760800,518.911700,306.379600,1.405295,516.976300,306.264700,520.847300,306.494500,516.976300,297.313700,520.847300,294.113500,-2.221262,0.228558,1.372098,-2.151369,0.316142,1.366230,-2.209097,1.384964,305.261300,0.367621,0.060457,1,0,13.808090,0.010622,0.000000,0.127588,3,7,10,5,4
253,14.683200,0.092997,older_sister,4,9,3.938105,9.000000,426.007200,389.381600,428.495200,388.599600,2.607964,424.871500,389.755700,432.119000,387.443500,424.871500,378.666500,432.119000,371.926800,-3.884265,0.283157,-0.759797,-3.753407,0.396210,-0.700756,-3.863758,-0.750243,251.558400,0.327337,0.142815,1,0,12.981010,0.026162,0.000110,0.131109,1,1,10,5,4
253,14.683200,0.092997,player,9,4,9.000001,3.500605,872.488200,398.629300,872.900900,398.981100,0.542355,873.439400,399.481900,872.362300,398.480300,873.439400,385.088700,872.362300,387.254300,4.214878,0.367524,-1.008150,4.195430,0.286651,-0.982574,4.197703,-0.986377,305.260400,0.875725,-0.030644,0,1,13.417010,0.030000,0.000110,0.126656,3,9,5,5,4
254,14.731480,0.049204,father,3,2,2.914222,2.000000,678.648900,558.987400,679.586500,558.563900,1.028813,681.575900,558.420200,677.597300,558.707600,681.575900,546.711400,677.597300,549.588800,0.750675,0.298977,-5.066544,0.678839,0.232845,-5.073884,0.697828,-5.081027,234.734400,0.857192,-0.062891,0,1,11.017130,0.012201,0.000061,0.120818,1,1,2,7,4
254,14.731480,0.049204,mother,7,10,7.000000,9.914753,516.778200,305.324700,517.525600,305.718900,0.844987,516.596200,306.089900,518.455100,305.347900,516.596200,297.126400,518.455100,293.622700,-2.228124,0.228876,1.376562,-2.194561,0.299395,1.395508,-2.224838,1.396100,305.275800,0.393400,0.016459,1,0,13.828580,0.003799,0.000136,0.127588,3,7,10,5,4
254,14.731480,0.049204,older_sister,4,9,3.875520,9.000001,423.361500,390.704700,423.990200,390.333100,0.730330,424.577900,390.279100,423.402600,390.387100,424.577900,379.045100,423.402600,376.376300,-3.889566,0.286851,-0.773159,-3.910787,0.357760,-0.775919,-3.911530,-0.784026,234.733000,0.405569,-0.018919,1,0,13.043210,0.012201,0.000031,0.131109,1,1,10,5,4
254,14.731480,0.049204,player,9,4,9.000001,3.563194,869.842200,397.306200,867.393800,396.276700,2.656053,862.495400,394.115600,872.292200,398.437900,862.495400,381.896200,872.292200,386.990700,4.017279,0.312013,-0.871122,4.194165,0.292298,-0.981490,4.149929,-0.952595,305.265500,0.953960,0.208148,0,1,13.479210,0.012201,0.000193,0.126656,3,9,5,5,4
255,14.772370,0.047917,father,3,2,2.866006,2.000000,676.610600,560.006200,676.043800,560.316000,0.645893,675.030200,561.661400,677.057500,558.970600,675.030200,551.317000,677.057500,549.756300,0.632490,0.264139,-5.149305,0.669094,0.235283,-5.080600,0.661024,-5.107043,234.743600,0.917461,0.069549,0,1,11.065050,0.047917,0.000329,0.120818,1,1,2,7,4
255,14.772370,0.047917,mother,7,10,7.000000,9.929348,516.161100,305.016200,516.480700,305.206500,0.371869,516.332500,305.966000,516.628800,304.447000,516.332500,297.001100,516.628800,293.270700,-2.232884,0.228913,1.379726,-2.227536,0.285378,1.418514,-2.235980,1.403977,305.261700,0.411644,-0.018025,1,0,13.843090,0.014505,0.000136,0.127588,3,7,10,5,4
255,14.772370,0.047917,older_sister,4,9,3.827305,9.000001,421.323100,391.723500,419.997600,392.299500,1.445198,424.224200,390.486500,415.771000,394.112500,424.224200,379.154600,415.771000,382.017000,-3.895951,0.289352,-0.778455,-4.048579,0.308852,-0.871044,-3.948333,-0.810042,234.743600,0.465838,-0.178079,1,0,13.091130,0.047917,0.000246,0.131109,1,1,10,5,4
255,14.772370,0.047917,player,9,4,9.000001,3.611409,867.803900,396.287200,864.192800,394.721000,3.936113,856.211700,391.084900,872.174100,398.357100,856.211700,379.382600,872.174100,386.683700,3.903822,0.298811,-0.793737,4.192031,0.298073,-0.979427,4.113125,-0.926574,305.260200,0.014229,0.342531,0,1,13.527120,0.047917,0.000031,0.126656,3,9,5,5,4
256,14.812960,0.040692,father,3,2,2.825061,2.000000,674.879600,560.872000,672.701800,562.066500,2.483935,668.895900,564.900400,676.507800,559.232700,668.895900,555.315500,676.507800,549.938000,0.521730,0.244745,-5.232011,0.659168,0.237335,-5.087291,0.629771,-5.129149,234.727400,0.968642,0.195778,0,1,11.105740,0.040692,0.000061,0.120818,1,1,2,7,4
256,14.812960,0.040692,mother,7,10,7.000000,9.940999,515.668600,304.770000,515.608500,304.773200,0.060203,516.120500,305.865900,515.096400,303.680400,516.120500,296.900200,515.096400,292.969900,-2.236714,0.228936,1.382280,-2.255204,0.273486,1.438087,-2.244873,1.410264,305.258500,0.426209,-0.047313,1,0,13.854670,0.011579,0.000061,0.127588,3,7,10,5,4
256,14.812960,0.040692,older_sister,4,9,3.786359,9.000000,419.592100,392.589000,417.089200,393.633500,2.712154,424.072700,390.567900,410.105600,396.699000,424.072700,379.183700,410.105600,385.148800,-3.898687,0.290690,-0.780535,-4.150870,0.294929,-0.937089,-3.979586,-0.832141,234.736900,0.517019,-0.296294,1,0,13.131820,0.040692,0.000273,0.131109,1,1,10,5,4
256,14.812960,0.040692,player,9,4,9.000001,3.652355,866.072900,395.421500,863.822600,394.316300,2.507110,855.734800,390.531400,871.910300,398.101200,855.734800,379.393400,871.910300,386.196700,3.895211,0.284400,-0.779602,4.187269,0.303976,-0.972893,4.081872,-0.904468,305.273000,0.065411,0.350060,0,0,13.567810,0.040692,0.000273,0.126656,3,9,5,5,4
257,14.855500,0.042807,father,3,2,2.781988,2.000000,673.058700,561.782300,670.576900,563.123500,2.821023,665.285000,566.703300,675.868800,559.543700,665.285000,557.244900,675.868800,550.112800,0.456536,0.241514,-5.278048,0.647632,0.240813,-5.095232,0.596893,-5.152392,234.741400,0.022484,0.261574,0,1,11.148540,0.042807,0.000220,0.120818,1,1,2,7,4
257,14.855500,0.042807,mother,7,10,7.000000,9.952693,515.174200,304.522800,514.720100,304.327400,0.494335,515.909400,305.767700,513.530800,302.887100,515.909400,296.799900,513.530800,292.591800,-2.240525,0.228987,1.384789,-2.283471,0.262886,1.458342,-2.253799,1.416576,305.265300,0.440826,-0.077531,1,0,13.866290,0.011622,0.000110,0.127588,3,7,10,5,4
257,14.855500,0.042807,older_sister,4,9,3.743286,9.000001,417.771200,393.499500,415.218300,394.537100,2.755721,424.115000,390.547700,406.321700,398.526500,424.115000,378.966300,406.321700,387.352600,-3.897924,0.295724,-0.780020,-4.219192,0.285318,-0.983753,-4.012464,-0.855391,234.732700,0.570860,-0.379938,0,0,13.174620,0.042807,0.000178,0.131109,1,1,10,5,4
257,14.855500,0.042807,player,9,4,9.000001,3.695428,864.252000,394.511200,863.584000,393.992600,0.845673,855.510100,390.167700,871.657800,397.817600,855.510100,379.267800,871.657800,385.502700,3.891154,0.278323,-0.770316,4.182711,0.314453,-0.965650,4.048995,-0.881224,305.259600,0.119251,0.350832,0,0,13.610620,0.042807,0.000136,0.126656,3,9,5,5,4
258,14.894560,0.039120,father,3,2,2.742624,2.000000,671.394600,562.614600,669.718700,563.394100,1.848333,664.255000,566.980700,675.182400,559.807400,664.255000,557.984900,675.182400,550.178700,0.437937,0.229704,-5.285131,0.635238,0.245865,-5.101966,0.566847,-5.173644,234.728700,0.071689,0.266850,0,0,11.187660,0.039120,0.000000,0.131163,1,1,2,7,4
258,14.894560,0.039120,mother,7,10,7.000000,9.962953,514.740500,304.305800,513.960200,303.942300,0.860813,515.733100,305.685600,512.187300,302.199100,515.733100,296.715700,512.187300,292.210100,-2.243708,0.229040,1.386886,-2.307729,0.255062,1.475911,-2.261630,1.422116,305.276900,0.453650,-0.103680,1,0,13.876480,0.010196,0.000164,0.128963,3,7,10,5,4
258,14.894560,0.039120,older_sister,4,9,3.703922,9.000001,416.107100,394.331500,415.286200,394.752700,0.922674,424.298400,390.543800,406.274000,398.961700,424.298400,378.592200,406.274000,388.043200,-3.894613,0.305177,-0.779919,-4.220052,0.278799,-0.994866,-4.042511,-0.876636,234.737000,0.620066,-0.389820,0,0,13.213750,0.039120,0.000273,0.129030,1,1,10,5,4
258,14.894560,0.039120,player,9,4,9.000001,3.734792,862.587900,393.678900,863.488200,393.874700,0.921375,855.755100,390.354900,871.221300,397.394500,855.755100,379.432800,871.221300,384.537000,3.895580,0.278891,-0.775097,4.174829,0.328308,-0.954848,4.018948,-0.859973,305.271500,0.168457,0.331783,1,0,13.649740,0.039120,0.000301,0.129339,3,9,5,5,4
259,14.997230,0.096721,father,3,2,2.662125,2.000000,667.991500,564.316000,668.458000,563.871800,0.644161,663.313000,567.356300,673.603000,560.387300,663.313000,558.573700,673.603000,549.880900,0.420930,0.224261,-5.294723,0.606721,0.268276,-5.116772,0.505402,-5.217089,234.737100,0.172312,0.254437,1,0,11.267660,0.030000,0.000136,0.131163,1,1,2,7,4
259,14.997230,0.096721,mother,7,10,7.000000,10.000000,513.174300,303.522900,511.537300,302.666000,1.847724,515.185400,305.423700,507.889300,299.908200,515.185400,296.456500,507.889300,290.417100,-2.253597,0.228973,1.393571,-2.385333,0.242348,1.534408,-2.289908,1.442108,305.259900,0.499958,-0.188872,0,0,13.913300,0.000000,0.000061,0.128963,3,-1,-1,5,4
259,14.997230,0.096721,older_sister,4,9,3.623424,9.000000,412.704000,396.033200,415.034600,395.236800,2.462927,423.042400,391.661600,407.026700,398.811900,423.042400,378.430400,407.026700,387.970300,-3.917289,0.337851,-0.808462,-4.206462,0.276834,-0.991041,-4.103955,-0.920088,234.733000,0.720688,-0.341520,0,1,13.293750,0.030000,0.000068,0.129030,1,1,10,5,4
259,14.997230,0.096721,player,9,4,9.000001,3.815290,859.184800,391.977500,861.933600,392.954200,2.917160,856.339100,390.637500,867.528100,395.271000,856.339100,379.624100,867.528100,380.589900,3.906122,0.281219,-0.782310,4.108146,0.374873,-0.900626,3.957503,-0.816527,305.262800,0.269079,0.233261,1,0,13.729740,0.030000,0.000246,0.129339,3,9,5,5,4
260,15.055410,0.059191,father,3,2,2.585741,2.000000,664.762300,565.930600,666.546600,564.801900,2.111338,662.959900,567.587500,670.133400,562.016200,662.959900,558.725300,670.133400,549.946200,0.414553,0.226291,-5.300626,0.544074,0.308200,-5.158365,0.447098,-5.258318,234.734200,0.267793,0.187889,1,0,11.343580,0.025912,0.000136,0.131163,1,1,2,7,4
260,15.055410,0.059191,mother,7,10,7.000000,10.000000,513.174300,303.522900,511.537300,302.666000,1.847724,515.185400,305.423700,507.889300,299.908200,515.185400,296.456500,507.889300,290.417100,-2.253597,0.228973,1.393571,-2.385333,0.242348,1.534408,-2.289908,1.442108,305.259900,0.499958,-0.188872,0,0,13.913300,0.000000,0.000061,0.128963,3,-1,-1,5,4
260,15.055410,0.059191,older_sister,4,9,3.547039,9.000000,409.474900,397.647900,411.570300,396.942300,2.211009,415.794800,395.224500,407.345600,398.660100,415.794800,380.142500,407.345600,387.647300,-4.048149,0.385109,-0.899437,-4.200704,0.281203,-0.987164,-4.162259,-0.961318,234.734000,0.816170,-0.175209,0,1,13.369660,0.025912,0.000000,0.129030,1,1,10,5,4
260,15.055410,0.059191,player,9,4,9.000001,3.891675,855.955600,390.363000,857.724600,391.130500,1.928366,855.863200,390.473700,859.586100,391.787200,855.863200,379.308600,859.586100,376.545700,3.897530,0.285096,-0.778130,3.964748,0.389185,-0.811669,3.899198,-0.775303,305.261800,0.364559,0.074248,1,0,13.805650,0.025912,0.000136,0.129339,3,9,5,5,4
261,15.116430,0.058513,father,3,2,2.526863,2.000000,662.273300,567.175200,663.840400,566.326800,1.782046,662.179300,568.044300,665.501500,564.609400,662.179300,559.120200,665.501500,551.906700,0.400460,0.227872,-5.312289,0.460444,0.324356,-5.224581,0.402156,-5.290099,234.734300,0.341390,0.099616,1,0,11.402090,0.008513,0.000000,0.131163,1,1,2,7,4
261,15.116430,0.058513,mother,7,10,7.000000,10.000000,513.174300,303.522900,511.537300,302.666000,1.847724,515.185400,305.423700,507.889300,299.908200,515.185400,296.456500,507.889300,290.417100,-2.253597,0.228973,1.393571,-2.385333,0.242348,1.534408,-2.289908,1.442108,305.259900,0.499958,-0.188872,0,0,13.913300,0.000000,0.000061,0.128963,3,11,10,5,4
261,15.116430,0.058513,older_sister,3,9,3.488161,9.000000,406.985800,398.892200,407.174800,398.925000,0.191882,407.130500,399.163400,407.219200,398.686700,407.130500,385.156000,407.219200,387.418700,-4.204587,0.357669,-1.000015,-4.202987,0.287723,-0.987844,-4.207201,-0.993091,234.740300,0.889767,0.008333,0,1,13.428170,0.008513,0.000205,0.129030,1,1,10,5,4
261,15.116430,0.058513,player,9,4,9.000000,3.950553,853.466500,389.118200,853.086400,388.868900,0.454566,855.298100,390.233000,850.874600,387.504700,855.298100,378.944000,850.874600,374.679100,3.887327,0.288260,-0.771984,3.807459,0.327495,-0.702318,3.854256,-0.743518,305.269800,0.438158,-0.105435,1,0,13.864170,0.008513,0.000329,0.129339,3,9,5,5,4
262,15.181830,0.060543,father,2,2,2.465943,2.000000,659.697900,568.462900,659.908300,568.389800,0.222770,661.137700,568.609400,658.679000,568.170200,661.137700,559.644100,658.679000,557.185700,0.381652,0.228922,-5.326719,0.337259,0.280484,-5.315506,0.355656,-5.322978,234.736800,0.417539,-0.029774,1,0,11.462630,0.010543,0.000061,0.131163,1,1,2,7,4
262,15.181830,0.060543,mother,7,10,7.014752,9.999999,513.798000,303.210900,513.147700,301.609400,1.728484,513.957400,305.937900,512.338100,297.280900,513.957400,296.967300,512.338100,287.864700,-2.275769,0.229060,1.380442,-2.305007,0.240439,1.601493,-2.278647,1.450073,342.078400,0.518400,-0.219322,1,0,13.927960,0.004662,0.000164,0.128963,5,11,10,5,4
262,15.181830,0.060543,older_sister,3,9,3.427241,8.999999,404.410400,400.180000,401.753300,401.723900,3.073131,396.380200,404.730900,407.126300,398.716900,396.380200,392.723000,407.126300,387.229200,-4.398690,0.306613,-1.142178,-4.204664,0.293334,-0.988616,-4.253701,-1.025973,234.734400,0.965916,0.247081,0,1,13.488710,0.010543,0.000110,0.129030,1,1,10,5,4
262,15.181830,0.060543,player,9,4,9.000001,4.011474,850.891100,387.830900,848.701300,386.535800,2.544147,854.993000,390.100600,842.409700,382.970900,854.993000,378.720200,842.409700,371.402800,3.881817,0.290594,-0.768603,3.654619,0.295386,-0.586551,3.807756,-0.710646,305.257100,0.514307,-0.290612,1,0,13.924710,0.010543,0.000000,0.129339,3,9,5,5,4
263,15.235910,0.053913,father,2,2,2.411694,2.000000,657.404500,569.609300,655.992400,570.303500,1.573472,660.281000,569.064600,651.704000,571.542400,660.281000,560.094000,651.704000,561.960800,0.366185,0.229062,-5.338344,0.211321,0.244663,-5.401613,0.314248,-5.352252,234.741400,0.485351,-0.162977,1,0,11.516540,0.003913,0.000273,0.131163,1,1,2,7,4
263,15.235910,0.053913,mother,7,10,7.052726,9.999999,515.403400,302.408400,516.134300,300.737300,1.823902,513.064100,305.785200,519.204500,295.689400,513.064100,296.714900,519.204500,286.455200,-2.291898,0.231606,1.384340,-2.181030,0.235791,1.642132,-2.249661,1.470566,14.865180,0.565867,-0.277607,0,0,13.965700,0.003522,0.000031,0.128963,5,11,10,5,4
263,15.235910,0.053913,older_sister,3,9,3.372992,8.999999,402.117000,401.326700,399.224600,402.942200,3.312962,391.639800,407.057600,406.809400,398.826800,391.639800,395.592000,406.809400,387.076000,-4.484281,0.292766,-1.201588,-4.210384,0.300050,-0.991422,-4.295110,-1.055255,234.733800,0.033728,0.344976,0,0,13.542630,0.003913,0.000068,0.129030,1,1,10,5,4
263,15.235910,0.053913,player,9,4,9.000001,4.065723,848.597700,386.684100,846.708600,385.552400,2.202183,855.083100,390.153000,838.334100,380.951800,855.083100,378.505600,838.334100,369.880500,3.883445,0.297408,-0.769939,3.581033,0.282700,-0.534994,3.766348,-0.681365,305.265000,0.582117,-0.382564,0,0,13.978620,0.003913,0.000061,0.129339,3,9,5,5,4
264,15.288900,0.053827,father,2,2,2.357532,2.000000,655.114700,570.754300,652.945800,571.744900,2.384452,659.621100,569.400000,646.270400,574.089700,659.621100,560.372800,646.270400,564.795800,0.354270,0.230504,-5.346906,0.113216,0.237315,-5.466656,0.272905,-5.381487,234.733400,0.553054,-0.265955,0,0,11.570370,0.003827,0.000220,0.128584,1,1,2,7,4
264,15.288900,0.053827,mother,7,10,7.106441,9.999999,517.674200,301.273000,517.951700,300.984600,0.400260,511.377900,304.279300,524.525600,297.689900,511.377900,294.772800,524.525600,288.790300,-2.322344,0.242742,1.422794,-2.084955,0.227246,1.591051,-2.208661,1.499557,47.599880,0.633011,-0.288758,0,0,14.019080,0.003827,0.000000,0.122731,5,11,10,5,4
264,15.288900,0.053827,older_sister,3,9,3.318829,8.999999,399.827300,402.471500,398.445800,403.037600,1.492937,390.630400,407.167900,406.261300,398.907200,390.630400,396.232300,406.261300,386.742400,-4.502506,0.279235,-1.204406,-4.220283,0.310621,-0.993475,-4.336452,-1.084486,234.737500,0.101431,0.352216,0,0,13.596450,0.003827,0.000136,0.131928,1,1,10,5,4
264,15.288900,0.053827,player,9,4,9.000001,4.119886,846.308000,385.539200,846.317700,385.680400,0.141568,854.922100,390.282600,837.713100,381.078200,854.922100,377.993500,837.713100,370.232500,3.880538,0.313796,-0.773251,3.569822,0.276939,-0.538221,3.725005,-0.652129,305.267100,0.649820,-0.389394,0,1,14.032450,0.003827,0.000136,0.125063,3,9,5,5,4
265,15.386590,0.097609,father,2,2,2.277033,2.000000,651.711700,572.456100,651.939400,572.479500,0.228925,659.028900,569.805200,644.849900,575.153700,659.028900,560.079200,644.849900,566.295700,0.343577,0.248348,-5.357254,0.087568,0.226184,-5.493824,0.211460,-5.424940,234.732700,0.653676,-0.287878,0,1,11.650370,0.030000,0.000000,0.128584,1,1,2,7,4
265,15.386590,0.097609,mother,7,10,7.186940,9.999999,521.077300,299.571300,519.127100,300.315900,2.087508,512.904000,302.455200,525.350300,298.176600,512.904000,291.648700,525.350300,289.289100,-2.294790,0.275937,1.469372,-2.070065,0.226938,1.578623,-2.147216,1.543011,54.732140,0.733633,-0.246560,0,1,14.099080,0.030000,0.000193,0.122731,5,11,10,5,4
265,15.386590,0.097609,older_sister,3,9,3.238330,8.999999,396.424200,404.173000,397.862700,403.108500,1.789533,391.187700,406.889000,404.537700,399.328100,391.187700,395.927000,404.537700,386.091200,-4.492445,0.279908,-1.197283,-4.251402,0.337994,-1.004220,-4.397897,-1.127932,234.737100,0.202053,0.308275,1,0,13.676450,0.030000,0.000164,0.131928,1,1,10,5,4
265,15.386590,0.097609,player,9,4,9.000001,4.200385,842.904800,383.837400,844.944800,385.311100,2.516584,851.383000,389.030200,838.506600,381.592000,851.383000,375.110800,838.506600,370.728400,3.816637,0.355423,-0.741270,3.584147,0.277397,-0.551341,3.663559,-0.608677,305.266500,0.750444,-0.299483,0,1,14.112450,0.030000,0.000273,0.125063,3,9,5,5,4
266,15.439980,0.053922,father,2,2,2.205056,2.000000,648.668800,573.977500,650.701200,573.202300,2.175210,656.703500,571.188700,644.699000,575.216000,656.703500,560.200800,644.699000,566.318500,0.301591,0.280568,-5.392579,0.084842,0.227194,-5.495415,0.156520,-5.463789,234.735000,0.743648,-0.236348,0,1,11.721900,0.021531,0.000000,0.128584,1,1,2,7,4
266,15.439980,0.053922,mother,7,10,7.258917,10.000000,524.120100,298.049800,522.513900,298.737000,1.747100,519.078500,299.553000,525.949200,297.921000,519.078500,287.524400,525.949200,288.885500,-2.183304,0.307141,1.543478,-2.059252,0.230716,1.585149,-2.092276,1.581861,54.734720,0.823605,-0.125347,0,1,14.170620,0.021531,0.000220,0.122731,5,11,10,5,4
266,15.439980,0.053922,older_sister,3,9,3.166354,8.999999,393.381300,405.694400,395.578200,404.240800,2.634292,391.366400,406.789000,399.790000,401.692700,391.366400,395.761900,399.790000,386.564300,-4.489217,0.281569,-1.194730,-4.337125,0.386295,-1.064600,-4.452837,-1.166782,234.735100,0.292025,0.199314,1,0,13.747980,0.021531,0.000178,0.131928,1,1,10,5,4
266,15.439980,0.053922,player,9,4,9.000001,4.272361,839.862000,382.316000,841.157200,383.175300,1.554326,843.708400,384.731300,838.606100,381.619300,843.708400,369.631300,838.606100,370.513600,3.678066,0.385567,-0.631499,3.585944,0.283578,-0.552037,3.608619,-0.569827,305.265300,0.840416,-0.121095,0,1,14.183980,0.021531,0.000301,0.125063,3,9,5,5,4
267,15.490730,0.051745,father,2,2,2.152989,2.000000,646.467700,575.077800,648.273300,574.344100,1.949014,652.284900,573.287200,644.261800,575.401100,652.284900,561.356000,644.261800,566.404100,0.221809,0.304655,-5.446163,0.076950,0.229734,-5.500141,0.116777,-5.491885,234.742700,0.808731,-0.149446,0,1,11.773650,0.001745,0.000273,0.128584,1,1,2,7,4
267,15.490730,0.051745,mother,7,10,7.310984,10.000000,526.321300,296.949500,526.115600,297.029700,0.220782,525.629100,296.435800,526.602100,297.623600,525.629100,285.394100,526.602100,288.450300,-2.065030,0.281943,1.623073,-2.047462,0.234236,1.592743,-2.052532,1.609956,54.743410,0.888689,0.003161,0,1,14.222360,0.001745,0.000031,0.122731,5,11,10,5,4
267,15.490730,0.051745,older_sister,3,9,3.114286,9.000000,391.180100,406.795100,392.919500,405.790200,2.008808,391.094500,406.988300,394.744400,404.592000,391.094500,395.836500,394.744400,389.209600,-4.494126,0.284752,-1.199819,-4.428226,0.392782,-1.138633,-4.492581,-1.194889,234.732100,0.357107,0.089134,1,0,13.799730,0.001745,0.000097,0.131928,1,1,10,5,4
267,15.490730,0.051745,player,9,4,9.000000,4.324429,837.660800,381.215700,837.191800,381.098100,0.483584,835.829600,380.623500,838.554100,381.572700,835.829600,367.094500,838.554100,370.260700,3.535812,0.345454,-0.526610,3.585004,0.288845,-0.550847,3.568876,-0.541732,305.256900,0.905499,0.054160,0,1,14.235730,0.001745,0.000031,0.125063,3,9,5,5,4
268,15.541170,0.050934,father,2,2,2.101738,2.000000,644.301000,576.161200,644.887900,575.898100,0.643171,646.151400,576.108800,643.624500,575.687500,646.151400,564.706400,643.624500,566.539700,0.111066,0.291155,-5.518213,0.065443,0.233583,-5.507454,0.077657,-5.519548,234.734300,0.872794,-0.031039,0,0,11.824580,0.000934,0.000136,0.128584,1,1,2,7,4
268,15.541170,0.050934,mother,7,10,7.362236,10.000000,528.487900,295.866100,530.180700,294.936500,1.931257,533.124000,292.564500,527.237500,297.308600,533.124000,282.846100,527.237500,288.043000,-1.929705,0.248154,1.721925,-2.035990,0.236590,1.600788,-2.013412,1.637620,54.733230,0.952753,0.156721,0,0,14.273290,0.000934,0.000031,0.122731,5,11,10,5,4
268,15.541170,0.050934,older_sister,3,9,3.063035,8.999999,389.013400,407.878400,389.140500,407.761600,0.172591,390.647900,407.250900,387.633100,408.272300,390.647900,395.990100,387.633100,394.845500,-4.502189,0.287537,-1.206525,-4.556625,0.342847,-1.232607,-4.531701,-1.222549,234.736900,0.421171,-0.059506,0,0,13.850660,0.000934,0.000136,0.131928,1,1,10,5,4
268,15.541170,0.050934,player,9,4,9.000001,4.375680,835.494300,380.132300,832.408500,378.810200,3.357050,826.340500,376.105200,838.476600,381.515300,826.340500,364.149100,838.476600,370.014500,3.364481,0.305291,-0.411237,3.583604,0.293665,-0.549381,3.529757,-0.514068,305.267400,0.969563,0.258670,0,0,14.286660,0.000934,0.000164,0.125063,3,9,5,5,4
269,15.591990,0.050614,father,2,2,2.050809,2.000000,642.147900,577.237900,640.992900,577.865100,1.314279,638.944000,579.752100,643.041700,575.978000,638.944000,569.792500,643.041700,566.737400,-0.019066,0.254314,-5.611241,0.054921,0.235955,-5.514873,0.038782,-5.547041,234.731600,0.936456,0.116051,0,0,11.875190,0.000614,0.000086,0.128584,1,1,2,7,4
269,15.591990,0.050614,mother,7,10,7.413165,10.000000,530.640900,294.789500,533.219200,293.386800,2.935148,538.498500,289.806200,527.939900,296.967400,538.498500,280.281900,527.939900,287.554500,-1.832666,0.243198,1.792356,-2.023306,0.240352,1.609498,-1.974538,1.665112,54.732030,0.016413,0.261233,0,0,14.323910,0.000614,0.000164,0.122731,5,11,10,5,4
269,15.591990,0.050614,older_sister,3,9,3.012105,8.999999,386.860400,408.954800,385.045000,409.737900,1.977075,390.341600,407.433600,379.748500,412.042200,390.341600,396.081000,379.748500,400.221200,-4.507721,0.289883,-1.211191,-4.698985,0.301843,-1.328869,-4.570576,-1.250034,234.739200,0.484833,-0.224109,0,0,13.901280,0.000614,0.000246,0.131928,1,1,10,5,4
269,15.591990,0.050614,player,9,4,9.000001,4.426610,833.341100,379.055600,830.209800,377.661300,3.427680,822.195900,373.977900,838.223800,381.344700,822.195900,362.506200,838.223800,369.595900,3.289648,0.292923,-0.356919,3.579040,0.300001,-0.545026,3.490882,-0.486576,305.267000,0.033224,0.344891,0,0,14.337270,0.000614,0.000273,0.125063,3,9,5,5,4
270,15.641330,0.050292,father,2,2,2.000203,2.000000,640.008500,578.307500,637.172100,579.866100,3.236437,631.924300,583.441400,642.420000,576.290700,631.924300,573.741300,642.420000,566.925200,-0.145812,0.247689,-5.705447,0.043694,0.239143,-5.522858,0.000154,-5.574354,234.736500,0.999712,0.260148,0,0,11.925490,0.000292,0.000136,0.132853,1,1,2,7,4
270,15.641330,0.050292,mother,7,10,7.463770,10.000000,532.780300,293.719700,534.314600,293.034200,1.680549,539.797900,289.446900,528.831400,296.621400,539.797900,280.498900,528.831400,286.944800,-1.809205,0.228481,1.801530,-2.007210,0.247086,1.618334,-1.935912,1.692425,54.735200,0.079670,0.267440,0,0,14.374200,0.000292,0.000220,0.131215,5,11,10,5,4
270,15.641330,0.050292,older_sister,3,9,2.961500,8.999999,384.721100,410.024500,381.932400,411.163100,3.012157,390.240300,407.486200,373.624500,414.839900,390.240300,396.018900,373.624500,403.500800,-4.509550,0.292810,-1.212534,-4.809557,0.289538,-1.400306,-4.609203,-1.277346,234.737000,0.548088,-0.353366,0,0,13.951570,0.000292,0.000246,0.140839,1,1,10,5,4
270,15.641330,0.050292,player,9,4,9.000001,4.477215,831.201800,377.986000,829.838700,377.199400,1.573705,821.721900,373.370100,837.955400,381.028700,821.721900,362.417100,837.955400,368.902100,3.281091,0.279678,-0.341398,3.574196,0.309645,-0.536957,3.452254,-0.459262,305.264300,0.096479,0.352225,0,0,14.387560,0.000292,0.000246,0.132839,3,9,5,5,4
271,15.734770,0.093630,father,2,2,1.919704,2.000000,636.605500,580.009000,635.457200,580.446700,1.228843,629.943200,584.030300,640.971300,576.862900,629.943200,575.174900,640.971300,567.047200,-0.181582,0.226118,-5.720484,0.017538,0.250639,-5.537467,-0.061290,-5.617800,234.737100,0.100335,0.268244,0,0,12.005490,0.030000,0.000136,0.132853,1,1,2,7,4
271,15.734770,0.093630,mother,8,10,7.544269,10.000000,536.183400,292.018300,535.543000,292.559400,0.838363,540.601700,289.102200,530.484300,296.016600,540.601700,280.315400,530.484300,285.422700,-1.794690,0.224365,1.810333,-1.977367,0.270509,1.633777,-1.874466,1.735871,54.737450,0.180292,0.251088,1,0,14.454200,0.030000,0.000086,0.131215,5,11,10,5,4
271,15.734770,0.093630,older_sister,3,9,2.881001,8.999999,381.318000,411.726200,381.470500,411.781600,0.162254,390.477600,407.576100,372.463400,415.987100,390.477600,395.300800,372.463400,405.139100,-4.505265,0.313441,-1.214829,-4.830523,0.276997,-1.429600,-4.670648,-1.320800,234.732100,0.648712,-0.389569,0,1,14.031570,0.030000,0.000068,0.140839,1,1,10,5,4
271,15.734770,0.093630,player,9,5,9.000001,4.557682,827.800000,376.285100,829.558600,376.833100,1.841962,822.210600,373.589100,836.906600,380.077100,822.210600,362.634700,836.906600,366.895900,3.289913,0.279714,-0.346992,3.555257,0.336575,-0.512660,3.390834,-0.415831,305.264800,0.197063,0.312301,1,0,14.467530,0.029968,0.000246,0.132839,3,9,5,5,4
272,15.783320,0.048939,father,2,2,1.856745,2.000000,633.943800,581.339800,634.557000,580.813800,0.807822,629.484400,584.275800,639.629700,577.351900,629.484400,575.489900,639.629700,566.771900,-0.189866,0.224345,-5.726751,-0.006686,0.270154,-5.549954,-0.109347,-5.651782,234.735000,0.179034,0.251640,1,0,12.068060,0.012570,0.000136,0.132853,1,1,2,7,4
272,15.783320,0.048939,mother,8,10,7.607228,10.000000,538.845000,290.687500,537.070300,291.817400,2.103904,540.855500,288.930300,533.285000,294.704300,540.855500,280.068800,533.285000,282.788700,-1.790110,0.226272,1.814721,-1.926797,0.304260,1.667284,-1.826409,1.769852,54.735620,0.258991,0.196728,1,0,14.516770,0.012570,0.000086,0.131215,5,11,10,5,4
272,15.783320,0.048939,older_sister,3,9,2.818041,8.999999,378.656300,413.057000,381.095200,412.221300,2.578030,388.926100,408.748500,373.264200,415.694000,388.926100,395.357200,373.264200,404.851100,-4.533278,0.341939,-1.244766,-4.816063,0.276868,-1.422116,-4.718705,-1.354781,234.735500,0.727411,-0.333286,0,1,14.094140,0.012570,0.000097,0.140839,1,1,10,5,4
272,15.783320,0.048939,player,9,5,9.000001,4.619191,825.199700,374.984900,827.939800,375.961700,2.908957,822.507700,373.721000,833.371900,378.202400,822.507700,362.706500,833.371900,363.417300,3.295278,0.281249,-0.350360,3.491436,0.377530,-0.464790,3.343884,-0.382632,305.264400,0.273951,0.226229,1,0,14.528660,0.011879,0.000246,0.132839,3,9,5,5,4
273,15.825510,0.049718,father,2,2,1.806717,2.000000,631.828900,582.397300,633.599700,581.282800,2.092322,629.427700,584.348100,637.771700,578.217400,629.427700,575.488100,637.771700,566.627000,-0.190889,0.226236,-5.728598,-0.040234,0.295954,-5.572055,-0.147533,-5.678785,234.733800,0.241569,0.213391,1,0,12.117770,0.049718,0.000086,0.132853,1,1,2,7,4
273,15.825510,0.049718,mother,8,10,7.657257,10.000000,540.960000,289.629900,539.249600,290.595200,1.963916,541.490100,288.561600,537.009200,292.628800,541.490100,279.661900,537.009200,279.920000,-1.778651,0.227249,1.824136,-1.859557,0.324514,1.720281,-1.788223,1.796857,54.732780,0.321526,0.126022,1,0,14.566490,0.049718,0.000164,0.131215,5,11,10,5,4
273,15.825510,0.049718,older_sister,3,9,2.768014,8.999999,376.541400,414.114300,379.017700,413.339100,2.594793,384.508100,411.091300,373.527200,415.586900,384.508100,396.388400,373.527200,404.651300,-4.613047,0.375431,-1.304588,-4.811314,0.279234,-1.419380,-4.756891,-1.381778,234.741000,0.789946,-0.228161,0,1,14.143860,0.049718,0.000273,0.140839,1,1,10,5,4
273,15.825510,0.049718,player,9,5,9.000001,4.664855,823.269300,374.019800,825.588900,374.965300,2.504878,822.273100,373.650100,828.904500,376.280500,822.273100,362.552900,828.904500,360.754300,3.291042,0.283359,-0.348549,3.410777,0.396454,-0.415716,3.309028,-0.357989,305.260600,0.331028,0.136543,1,0,14.574040,0.045381,0.000110,0.132839,3,9,5,5,4
274,15.867730,0.042548,father,2,2,1.763905,2.000000,630.019000,583.302200,631.813400,582.225700,2.092557,628.876400,584.650600,634.750400,579.800900,628.876400,575.778600,634.750400,567.312300,-0.200843,0.226542,-5.736320,-0.094783,0.318889,-5.612487,-0.180213,-5.701891,234.737900,0.295084,0.158091,1,0,12.160320,0.042548,0.000193,0.132853,1,1,2,7,4
274,15.867730,0.042548,mother,8,10,7.700069,10.000000,542.769900,288.725100,541.647000,289.287000,1.255687,542.176100,288.175300,541.117700,290.398700,542.176100,279.218800,541.117700,278.190000,-1.766264,0.228700,1.834000,-1.785374,0.311743,1.777227,-1.755544,1.819962,54.738720,0.375042,0.048380,1,0,14.609030,0.042548,0.000086,0.131215,5,11,10,5,4
274,15.867730,0.042548,older_sister,3,9,2.725201,8.999999,374.731500,415.019500,376.229100,414.475000,1.593502,378.983400,413.372500,373.474800,415.577400,378.983400,398.313400,373.474800,404.460500,-4.712799,0.384527,-1.362838,-4.812261,0.283864,-1.419138,-4.789570,-1.404891,234.728900,0.843460,-0.113714,0,1,14.186400,0.042548,0.000068,0.140839,1,1,10,5,4
274,15.867730,0.042548,player,9,5,9.000001,4.700814,821.749100,373.259700,823.259900,373.922100,1.649574,821.947500,373.526200,824.572300,374.318000,821.947500,362.341900,824.572300,359.374500,3.285162,0.285586,-0.345386,3.332555,0.381573,-0.365602,3.281581,-0.338581,305.264900,0.375979,0.050367,1,0,14.609780,0.035737,0.000164,0.132839,3,9,5,5,4
275,15.908410,0.040803,father,2,2,1.722847,2.000000,628.283300,584.169900,629.803400,583.356600,1.724004,628.296000,584.989100,631.310700,581.724100,628.296000,576.059000,631.310700,569.048300,-0.211322,0.228025,-5.744964,-0.156890,0.323667,-5.661594,-0.211551,-5.724047,234.740000,0.346405,0.092574,1,0,12.201120,0.040803,0.000273,0.132853,1,1,2,7,4
275,15.908410,0.040803,mother,8,10,7.741126,10.000000,544.505600,287.856900,544.525400,287.813800,0.047493,542.890600,287.794400,546.160200,287.833100,542.890600,278.828600,546.160200,277.127300,-1.753365,0.228938,1.843725,-1.694329,0.273369,1.842737,-1.724205,1.842129,54.726810,0.426363,-0.047627,1,0,14.649840,0.040803,0.000356,0.131215,5,11,10,5,4
275,15.908410,0.040803,older_sister,3,9,2.684144,8.999999,372.995800,415.887300,373.030100,415.992800,0.110926,372.658300,416.390500,373.401900,415.595100,372.658300,402.535400,373.401900,404.312800,-4.827003,0.353782,-1.439901,-4.813576,0.288087,-1.419589,-4.820909,-1.427050,234.736200,0.894781,0.022690,0,1,14.227210,0.040803,0.000068,0.140839,1,1,10,5,4
275,15.908410,0.040803,player,9,5,9.000001,4.732121,820.425500,372.598000,820.825900,372.744400,0.426314,821.648300,373.396300,820.003500,372.092500,821.648300,362.146000,820.003500,358.433800,3.279761,0.287271,-0.342069,3.250064,0.348767,-0.308777,3.257684,-0.321686,305.259800,0.415112,-0.043468,1,0,14.640890,0.031113,0.000061,0.132839,3,9,5,5,4
276,15.949180,0.041067,father,2,2,1.681524,2.000000,626.536400,585.043500,627.211900,584.729400,0.744929,627.589400,585.375000,626.834400,584.083900,627.589400,576.411300,626.834400,572.495100,-0.224081,0.228884,-5.754818,-0.237714,0.295914,-5.721850,-0.243093,-5.746355,234.730400,0.398059,0.007906,1,0,12.242190,0.041067,0.000136,0.128861,1,1,2,7,4
276,15.949180,0.041067,mother,8,10,7.782449,10.000000,546.252500,286.983700,547.514600,286.352200,1.411300,543.539000,287.448400,551.490300,285.256100,543.539000,278.475700,551.490300,275.611400,-1.741657,0.229112,1.852560,-1.598092,0.246273,1.908541,-1.692663,1.864426,54.743660,0.478016,-0.149546,1,0,14.690900,0.041067,0.000136,0.128432,5,11,10,5,4
276,15.949180,0.041067,older_sister,3,9,2.642821,8.999999,371.248800,416.760800,369.363600,417.879500,2.192217,365.386200,420.134700,373.341000,415.624400,365.386200,407.756300,373.341000,404.200600,-4.958304,0.316077,-1.535506,-4.814677,0.291699,-1.420337,-4.852451,-1.449355,234.734800,0.946436,0.183765,0,1,14.268270,0.041067,0.000043,0.139542,1,1,10,5,4
276,15.949180,0.041067,player,9,5,9.000001,4.760626,819.220500,371.995200,818.418000,371.525300,0.930033,821.394500,373.288100,815.441400,369.762400,821.394500,361.978700,815.441400,357.333800,3.275179,0.288782,-0.339307,3.167692,0.317357,-0.249278,3.235926,-0.306293,305.277300,0.450743,-0.139743,1,0,14.669220,0.028329,0.000301,0.138367,3,9,5,5,4
277,16.041480,0.085919,father,2,2,1.601026,2.000000,623.133300,586.745200,621.466900,587.542000,1.847090,626.309000,586.052600,616.624800,589.031400,626.309000,577.085400,616.624800,579.533000,-0.247199,0.228972,-5.772120,-0.422052,0.242538,-5.848184,-0.304537,-5.789805,234.733800,0.498682,-0.186682,1,0,12.322190,0.030000,0.000061,0.128861,1,1,2,7,4
277,16.041480,0.085919,mother,8,10,7.862947,10.000000,549.655600,285.282000,551.453900,284.439000,1.986073,544.428700,286.999000,558.479100,281.878900,544.428700,277.875600,558.479100,272.740900,-1.725593,0.232961,1.864035,-1.471905,0.233334,1.994775,-1.631217,1.907880,54.732410,0.578640,-0.282616,0,0,14.770900,0.030000,0.000273,0.128432,5,11,10,5,4
277,16.041480,0.085919,older_sister,3,9,2.562323,8.999999,367.845800,418.462200,365.230200,419.876500,2.973459,357.572300,423.996000,372.888000,415.757000,357.572300,412.683700,372.888000,403.950200,-5.099388,0.288855,-1.634102,-4.822855,0.301479,-1.423723,-4.913896,-1.492801,234.737000,0.047058,0.347251,0,0,14.348270,0.030000,0.000136,0.139542,1,1,10,5,4
277,16.041480,0.085919,player,9,5,9.000001,4.808542,817.194800,370.982300,815.060100,369.723300,2.478316,821.179300,373.194600,808.940900,366.252000,821.179300,361.818600,808.940900,354.659400,3.271294,0.290480,-0.336919,3.050322,0.296011,-0.159643,3.199351,-0.280428,305.266700,0.510637,-0.282774,1,0,14.716840,0.016589,0.000382,0.138367,3,9,5,5,4
278,16.087870,0.046882,father,2,2,1.547896,2.000000,620.887200,587.868300,618.801700,588.823500,2.293853,625.722400,586.347800,611.881000,591.299200,625.722400,577.280400,611.881000,582.060900,-0.257790,0.231530,-5.779657,-0.507705,0.235895,-5.906089,-0.345092,-5.818483,234.734100,0.565094,-0.277049,0,0,12.374990,0.002801,0.000000,0.128861,1,1,2,7,4
278,16.087870,0.046882,mother,8,10,7.916077,10.000000,551.901700,284.159100,551.907500,284.035300,0.123882,544.806400,286.720800,559.008600,281.349900,544.806400,277.091100,559.008600,272.476400,-1.718773,0.245890,1.871139,-1.462345,0.226579,2.008284,-1.590663,1.936551,54.740660,0.645052,-0.288556,0,0,14.823710,0.002801,0.000136,0.128432,5,11,10,5,4
278,16.087870,0.046882,older_sister,3,9,2.509192,8.999999,365.599700,419.585500,364.525900,419.953300,1.134967,356.715600,424.069200,372.336200,415.837400,356.715600,413.161600,372.336200,403.575000,-5.114856,0.278520,-1.635971,-4.832818,0.313113,-1.425777,-4.954450,-1.521483,234.729500,0.113470,0.351640,0,0,14.401070,0.002801,0.000068,0.139542,1,1,10,5,4
278,16.087870,0.046882,player,9,5,9.000001,4.835358,816.061300,370.415700,813.611700,368.938000,2.860792,821.149600,373.180100,806.073700,364.695800,821.149600,361.727800,806.073700,353.328100,3.270756,0.292427,-0.336547,2.998554,0.290268,-0.119907,3.178884,-0.265960,305.256300,0.544157,-0.347327,0,0,14.743490,0.001379,0.000246,0.138367,3,9,5,5,4
279,16.127090,0.045450,father,2,2,1.502162,2.000000,618.953800,588.834900,618.347000,589.215900,0.716445,625.433500,586.531800,611.260600,591.899900,625.433500,577.124600,611.260600,582.975000,-0.263005,0.240207,-5.784358,-0.518906,0.227894,-5.921429,-0.380001,-5.843165,234.739000,0.622261,-0.288082,0,0,12.420440,0.045450,0.000086,0.128861,1,1,2,7,4
279,16.127090,0.045450,mother,8,10,7.961810,9.999999,553.835100,283.192300,552.383700,283.702100,1.538316,545.629000,286.150600,559.138400,281.253700,545.629000,275.860200,559.138400,272.402900,-1.703920,0.262760,1.885699,-1.460001,0.225999,2.010739,-1.555756,1.961240,54.729240,0.702219,-0.271347,0,1,14.869160,0.045450,0.000273,0.128432,5,11,10,5,4
279,16.127090,0.045450,older_sister,2,9,2.463459,8.999999,363.666300,420.552000,364.287900,419.981400,0.843719,357.050100,423.953500,371.525600,416.009300,357.050100,413.029400,371.525600,403.127100,-5.108818,0.278939,-1.633015,-4.847453,0.328940,-1.430167,-4.989358,-1.546161,234.743000,0.170637,0.330516,1,0,14.446520,0.045450,0.000136,0.139542,1,1,10,5,4
279,16.127090,0.045450,player,9,5,9.000001,4.855781,815.197800,369.984200,812.939100,368.613800,2.641900,821.205400,373.206300,804.672900,364.021300,821.205400,361.631700,804.672900,352.838700,3.271765,0.295553,-0.337217,2.973259,0.285541,-0.102682,3.163294,-0.254944,305.247400,0.569685,-0.379132,0,0,14.763790,0.020296,0.000000,0.138367,3,9,5,5,4
280,16.167540,0.040495,father,1,2,1.461415,2.000000,617.231200,589.696300,617.978100,589.497800,0.772811,624.997600,586.878800,610.958600,592.116800,624.997600,576.922500,610.958600,583.280000,-0.270876,0.254226,-5.793217,-0.524360,0.225644,-5.926967,-0.411103,-5.865160,234.731700,0.673195,-0.284187,0,1,12.460940,0.040495,0.000000,0.128861,1,1,2,7,4
280,16.167540,0.040495,mother,8,10,8.002558,10.000000,555.557700,282.331100,553.479400,283.114000,2.220866,547.710100,284.990200,559.248700,281.237800,547.710100,273.839100,559.248700,272.329600,-1.666346,0.284737,1.915329,-1.458009,0.227465,2.011145,-1.524653,1.983227,54.742520,0.753153,-0.225431,0,1,14.909650,0.040495,0.000136,0.128432,5,11,10,5,4
280,16.167540,0.040495,older_sister,2,9,2.422712,8.999999,361.943700,421.413500,363.845700,420.091600,2.316261,357.577100,423.693600,370.114200,416.489500,357.577100,412.705500,370.114200,402.924200,-5.099301,0.280573,-1.626380,-4.872938,0.346382,-1.442428,-5.020461,-1.568160,234.726800,0.221571,0.291033,1,0,14.487020,0.040495,0.000097,0.139542,1,1,10,5,4
280,16.167540,0.040495,player,9,5,9.000001,4.872305,814.499300,369.634800,812.914500,368.708000,1.835881,821.301800,373.272900,804.527300,364.143200,821.301800,361.572800,804.527300,353.149600,3.273503,0.298754,-0.338917,2.970632,0.280717,-0.105796,3.150681,-0.246020,305.280000,0.590342,-0.381889,0,0,14.780210,0.016422,0.000110,0.138367,3,9,5,5,4
281,16.207760,0.040413,father,1,2,1.420929,2.000000,615.519700,590.552000,617.354700,589.858000,1.961940,623.767800,587.612100,610.941700,592.103800,623.767800,577.002100,610.941700,583.225600,-0.293082,0.270920,-5.811943,-0.524664,0.226699,-5.926634,-0.442007,-5.887011,234.737400,0.723803,-0.255304,0,1,12.501170,0.040236,0.000061,0.128861,1,1,2,7,4
281,16.207760,0.040413,mother,8,10,8.043222,10.000000,557.276800,281.471600,555.416400,282.218400,2.004625,551.230600,283.351200,559.602300,281.085600,551.230600,271.464800,559.602300,272.099200,-1.602780,0.303512,1.957181,-1.451626,0.229463,2.015031,-1.493613,2.005173,54.738230,0.803984,-0.156818,0,1,14.950060,0.040413,0.000061,0.128432,5,11,10,5,4
281,16.207760,0.040413,older_sister,2,9,2.382047,8.999999,360.224600,422.272900,362.441700,420.769800,2.678514,357.593100,423.670500,367.290200,417.869100,357.593100,412.656400,367.290200,403.116800,-5.099013,0.281239,-1.625790,-4.923926,0.376693,-1.477654,-5.051500,-1.590102,234.742900,0.272402,0.228482,1,0,14.527430,0.040413,0.000136,0.139542,1,1,10,5,4
281,16.207760,0.040413,player,9,5,9.000001,4.887466,813.858300,369.314300,812.769700,368.732200,1.234505,821.307700,373.312500,804.231700,364.151900,821.307700,361.462100,804.231700,353.217300,3.273610,0.302593,-0.339927,2.965295,0.279207,-0.106018,3.139109,-0.237838,305.262300,0.609291,-0.386786,0,0,14.795270,0.015067,0.000136,0.138367,3,9,5,5,4
282,16.248940,0.041247,father,1,2,1.380796,2.000000,613.823000,591.400300,615.901600,590.613100,2.222615,621.087800,589.033400,610.715300,592.192800,621.087800,577.550100,610.715300,583.259000,-0.341470,0.293220,-5.848234,-0.528751,0.228120,-5.928907,-0.472640,-5.908671,234.737200,0.773968,-0.199492,0,1,12.541060,0.039884,0.000136,0.112962,1,1,2,7,4
282,16.248940,0.041247,mother,8,10,8.084726,9.999999,559.031400,280.594400,558.064200,281.031000,1.061136,556.014500,281.204100,560.113900,280.858000,556.014500,269.473000,560.113900,271.741900,-1.516405,0.299547,2.012007,-1.442387,0.232774,2.020844,-1.461933,2.027573,54.737180,0.855864,-0.065538,0,1,14.991310,0.041247,0.000000,0.128194,5,11,10,5,4
282,16.248940,0.041247,older_sister,2,9,2.340543,8.999999,358.470000,423.150200,360.551400,421.871600,2.442743,357.445100,423.782200,363.657700,419.961200,357.445100,412.699600,363.657700,404.457800,-5.101686,0.282986,-1.628641,-4.989514,0.395870,-1.531074,-5.083180,-1.612506,234.733400,0.324284,0.147919,1,0,14.568680,0.041247,0.000068,0.132805,1,1,10,5,4
282,16.248940,0.041247,player,9,5,9.000001,4.901811,813.251900,369.010900,812.610200,368.732200,0.699581,821.245400,373.345100,803.975000,364.119400,821.245400,361.319400,803.975000,353.219100,3.272487,0.307069,-0.340760,2.960660,0.278332,-0.105187,3.128159,-0.230090,305.282500,0.627224,-0.390618,0,0,14.809530,0.014256,0.000301,0.128681,3,9,5,5,4
283,16.340970,0.086691,father,1,2,1.309254,2.000000,610.798600,592.912400,611.598400,592.551100,0.877611,613.302700,592.546100,609.893900,592.556200,613.302700,580.949600,609.893900,583.425000,-0.482034,0.296110,-5.937929,-0.543582,0.233159,-5.938185,-0.527248,-5.947283,234.736900,0.863396,-0.050402,0,1,12.612160,0.025306,0.000136,0.112962,1,1,2,7,4
283,16.340970,0.086691,mother,8,10,8.165225,9.999999,562.434400,278.892700,564.243700,277.899100,2.064138,567.390100,275.418000,561.097300,280.380100,567.390100,265.739800,561.097300,271.108000,-1.311011,0.247128,2.159750,-1.424633,0.236758,2.033045,-1.400489,2.071027,54.732030,0.956486,0.165927,0,1,15.071310,0.030000,0.000164,0.128194,5,11,10,5,4
283,16.340970,0.086691,older_sister,2,9,2.260044,8.999999,355.066900,424.851600,355.068100,424.797300,0.054275,356.802300,424.175400,353.334000,425.419200,356.802300,412.908400,353.334000,412.131600,-5.113291,0.287698,-1.638683,-5.175915,0.339291,-1.670441,-5.144626,-1.655947,234.739800,0.424906,-0.069468,1,0,14.648680,0.030000,0.000273,0.132805,1,1,10,5,4
283,16.340970,0.086691,player,9,5,9.000000,4.927054,812.184700,368.477300,812.459800,368.789900,0.416396,821.014900,373.376300,803.904700,364.203400,821.014900,360.972300,803.904700,353.373300,3.268325,0.316730,-0.341558,2.959390,0.276540,-0.107333,3.108890,-0.216464,305.264900,0.658777,-0.387474,0,1,14.834620,0.008981,0.000329,0.128681,3,9,5,5,4
284,16.385970,0.045984,father,1,2,1.267987,2.000000,609.054000,593.784900,608.559100,594.057700,0.565150,607.679900,595.335400,609.438300,592.780000,607.679900,584.931900,609.438300,583.569200,-0.583557,0.265647,-6.009152,-0.551809,0.235194,-5.943902,-0.558747,-5.969561,234.729600,0.914979,0.063597,0,1,12.653170,0.002047,0.000000,0.112962,1,1,2,7,4
284,16.385970,0.045984,mother,8,10,8.218228,10.000000,564.675200,277.772200,567.152600,276.433400,2.816025,572.444400,272.853100,561.860800,280.013700,572.444400,263.397500,561.860800,270.582000,-1.219754,0.241443,2.225244,-1.410846,0.240833,2.042402,-1.360031,2.099637,54.733230,0.022741,0.261592,0,1,15.123990,0.002675,0.000246,0.128194,5,11,10,5,4
284,16.385970,0.045984,older_sister,2,9,2.207040,8.999999,352.826200,425.972000,350.853000,426.817200,2.146585,356.499200,424.355300,345.206800,429.279100,356.499200,412.998200,345.206800,417.521200,-5.118764,0.289996,-1.643275,-5.322656,0.300230,-1.769002,-5.185083,-1.684558,234.733000,0.491159,-0.239065,1,0,14.701350,0.002675,0.000178,0.132805,1,1,10,5,4
284,16.385970,0.045984,player,9,5,9.000000,4.942235,811.542900,368.156400,812.356400,368.821200,1.050636,820.726900,373.343800,803.986100,364.298600,820.726900,360.692800,803.986100,353.485800,3.263124,0.323036,-0.340728,2.960859,0.276099,-0.109765,3.097302,-0.208270,305.266000,0.677755,-0.380145,0,0,14.849710,0.000740,0.000329,0.128681,3,9,5,5,4
285,16.426070,0.045142,father,1,2,1.236669,2.000000,607.730000,594.446900,605.994400,595.400000,1.980110,602.976400,597.811800,609.012300,592.988100,602.976400,588.108800,609.012300,583.720200,-0.668481,0.247762,-6.072386,-0.559500,0.236651,-5.949214,-0.582652,-5.986464,234.736300,0.954126,0.160096,0,1,12.684290,0.031124,0.000000,0.112962,1,1,2,7,4
285,16.426070,0.045142,mother,8,10,8.263653,10.000000,566.595500,276.812300,568.132800,276.125200,1.683883,573.616600,272.538600,562.649000,279.711700,573.616600,263.589800,562.649000,270.036000,-1.198589,0.228502,2.233273,-1.396615,0.247062,2.050112,-1.325358,2.124146,54.745350,0.079519,0.267430,0,0,15.169130,0.045142,0.000000,0.128194,5,11,10,5,4
285,16.426070,0.045142,older_sister,2,9,2.161617,8.999999,350.905800,426.932300,348.117100,428.071300,3.012364,356.419400,424.396300,339.814800,431.746300,356.419400,412.929600,339.814800,420.406000,-5.120204,0.292796,-1.644323,-5.420012,0.289567,-1.832000,-5.219756,-1.709079,234.731300,0.547939,-0.353146,0,0,14.746500,0.045142,0.000068,0.132805,1,1,10,5,4
285,16.426070,0.045142,player,9,5,9.000000,4.954501,811.024400,367.897500,812.244600,368.823500,1.531782,820.375100,373.248400,804.114100,364.398700,820.375100,360.401200,804.114100,353.582700,3.256772,0.328047,-0.338291,2.963172,0.276179,-0.112319,3.087940,-0.201660,305.225900,0.693085,-0.370178,0,1,14.861890,0.012189,0.000031,0.128681,3,9,5,5,4
286,16.465570,0.039695,father,1,2,1.212018,2.000000,606.687900,594.968000,604.112000,596.381800,2.938333,599.503100,599.634000,608.720900,593.129500,599.503100,590.046000,608.720900,583.800200,-0.731196,0.244826,-6.118915,-0.564760,0.238220,-5.952825,-0.601469,-5.999769,234.736600,0.984940,0.231785,0,1,12.708790,0.024498,0.000061,0.112962,1,1,2,7,4
286,16.465570,0.039695,mother,8,10,8.303595,10.000000,568.284100,275.968000,568.806100,275.890200,0.527802,574.276100,272.326000,563.336100,279.454400,574.276100,263.535100,563.336100,269.404000,-1.186683,0.224470,2.238703,-1.384209,0.256631,2.056683,-1.294871,2.145707,54.730700,0.129448,0.266372,0,0,15.208820,0.039695,0.000061,0.128194,5,11,10,5,4
286,16.465570,0.039695,older_sister,2,9,2.121674,8.999999,349.217300,427.776600,347.739300,428.424200,1.613678,356.621100,424.322300,338.857400,432.526200,356.621100,412.566500,338.857400,421.575300,-5.116563,0.300178,-1.642433,-5.437296,0.279624,-1.851914,-5.250244,-1.730636,234.737700,0.597866,-0.382822,0,0,14.786190,0.039695,0.000136,0.132805,1,1,10,5,4
286,16.465570,0.039695,player,9,5,9.000000,4.964852,810.586800,367.678300,812.139800,368.799500,1.915460,819.964900,373.114100,804.314600,364.484900,819.964900,360.129400,804.314600,353.654600,3.249367,0.331557,-0.334862,2.966792,0.276545,-0.114520,3.080039,-0.196064,305.307500,0.706024,-0.357948,0,1,14.872180,0.010287,0.000356,0.128681,3,9,5,5,4
287,16.505550,0.039865,father,1,2,1.189715,2.000000,605.745000,595.439300,603.109200,596.876700,3.002251,597.834400,600.457000,608.384000,593.296400,597.834400,590.893400,608.384000,583.893800,-0.761324,0.244202,-6.139929,-0.570844,0.240090,-5.957086,-0.618493,-6.011805,234.739200,0.012819,0.261089,0,1,12.730960,0.022166,0.000061,0.112962,1,1,2,7,4
287,16.505550,0.039865,mother,8,10,8.343707,9.999999,569.979900,275.120000,569.354700,275.652600,0.821305,574.421200,272.192700,564.288300,279.112500,574.421200,263.406400,564.288300,268.526500,-1.184062,0.224353,2.242106,-1.367017,0.270310,2.065412,-1.264251,2.167359,54.734920,0.179590,0.251397,1,0,15.248690,0.039865,0.000110,0.128194,5,11,10,5,4
287,16.505550,0.039865,older_sister,2,9,2.081561,8.999999,347.521400,428.624500,347.649200,428.689300,0.143277,356.658600,424.482400,338.639800,432.896100,356.658600,412.215900,338.639800,422.046600,-5.115886,0.313217,-1.646522,-5.441225,0.277035,-1.861360,-5.280863,-1.752288,234.734200,0.648008,-0.389674,0,1,14.826060,0.039865,0.000068,0.132805,1,1,10,5,4
287,16.505550,0.039865,player,9,5,9.000000,5.000000,809.100900,366.935500,811.141800,368.407500,2.516393,817.599900,372.134100,804.683800,364.681000,817.599900,358.225400,804.683800,353.818100,3.206664,0.355150,-0.309838,2.973457,0.277377,-0.119527,3.053210,-0.177096,305.259500,0.749960,-0.300287,0,0,14.907110,0.000000,0.000214,0.128681,3,-1,-1,5,4
288,16.547790,0.038281,father,1,2,1.170304,2.000000,604.924400,595.849500,602.674700,597.030900,2.541054,597.332000,600.610500,608.017300,593.451400,597.332000,591.311200,608.017300,583.975200,-0.770395,0.237453,-6.143847,-0.577464,0.241967,-5.961044,-0.633309,-6.022280,234.739100,0.037083,0.263067,0,0,12.750250,0.019291,0.000136,0.131692,1,1,2,7,4
288,16.547790,0.038281,mother,8,10,8.382227,9.999999,571.608300,274.305700,570.020400,275.341900,1.896108,574.430500,272.156100,565.610400,278.527600,574.430500,263.309400,565.610400,267.228600,-1.183895,0.225897,2.243040,-1.343146,0.288514,2.080348,-1.234849,2.188153,54.731510,0.227739,0.223961,1,0,15.286970,0.038281,0.000193,0.126059,5,11,10,5,4
288,16.547790,0.038281,older_sister,2,9,2.043041,8.999999,345.893000,429.438600,347.626300,428.897000,1.815922,356.185200,424.990300,339.067400,432.803600,356.185200,412.109200,339.067400,421.985200,-5.124434,0.328912,-1.659491,-5.433505,0.276242,-1.858999,-5.310265,-1.773074,234.740800,0.696158,-0.367543,0,1,14.864340,0.038281,0.000205,0.124765,1,1,10,5,4
288,16.547790,0.038281,player,9,5,9.000000,4.994102,809.350300,367.060300,812.244400,367.342300,2.907815,820.236800,367.469300,804.252000,367.215400,820.236800,353.401600,804.252000,356.340200,3.254274,0.359213,-0.190727,2.965661,0.277692,-0.184241,3.057713,-0.180282,266.983500,0.757332,-0.287872,0,1,14.912970,0.005862,0.000136,0.125976,7,8,3,4,4
289,16.639840,0.087988,father,1,2,1.134720,2.000000,603.420100,596.601700,601.919900,597.265100,1.640316,596.432900,600.852700,607.407000,593.677600,596.432900,591.914800,607.407000,583.989000,-0.786629,0.228223,-6.150032,-0.588486,0.247394,-5.966821,-0.660470,-6.041487,234.734200,0.081562,0.267561,0,0,12.785610,0.012407,0.000086,0.131692,1,1,2,7,4
289,16.639840,0.087988,mother,8,10,8.462725,9.999999,575.011400,272.604400,573.342000,273.533500,1.910524,575.389500,271.605100,571.294600,275.461900,575.389500,262.696500,571.294600,262.736900,-1.166579,0.227475,2.257110,-1.240514,0.324926,2.158629,-1.173405,2.231595,54.739170,0.328362,0.117224,1,0,15.366970,0.030000,0.000000,0.126059,5,11,10,5,4
289,16.639840,0.087988,older_sister,2,9,1.962543,8.999999,342.489900,431.140300,344.885400,430.381300,2.512856,350.060900,428.269400,339.709900,432.493100,350.060900,413.446600,339.709900,421.540500,-5.235011,0.378494,-1.743222,-5.421905,0.279668,-1.851070,-5.371709,-1.816527,234.732100,0.796780,-0.214863,0,1,14.944340,0.030000,0.000031,0.124765,1,1,10,5,4
289,16.639840,0.087988,player,9,5,9.000000,4.943690,811.481400,368.125800,811.805500,366.554100,1.604766,812.152800,363.291200,811.458300,369.817000,812.152800,348.170200,811.458300,358.788300,3.108315,0.386105,-0.084039,3.095774,0.281611,-0.250673,3.096192,-0.207489,179.006500,0.820347,-0.166392,0,1,14.963070,0.024787,0.000193,0.125976,7,8,3,4,4
290,16.686040,0.046913,father,1,2,1.113543,2.000000,602.524800,597.049500,601.526700,597.391200,1.054989,596.006300,600.970200,607.047100,593.812300,596.006300,592.140100,607.047100,583.942500,-0.794331,0.225470,-6.153031,-0.594983,0.252019,-5.970260,-0.676635,-6.052920,234.729600,0.108034,0.268294,0,0,12.806660,0.001789,0.000000,0.131692,1,1,2,7,4
290,16.686040,0.046913,mother,9,10,8.517968,9.999999,577.346800,271.436600,576.657300,271.758100,0.760730,576.306700,271.098900,577.008000,272.417200,576.306700,262.135200,577.008000,260.809300,-1.150017,0.228884,2.270036,-1.137356,0.296401,2.236373,-1.131238,2.261413,54.733590,0.397415,0.009098,1,0,15.421870,0.004901,0.000110,0.126059,5,11,10,5,4
290,16.686040,0.046913,older_sister,2,9,1.907299,8.999999,340.154500,432.308000,341.039100,432.028400,0.927759,342.490100,431.548600,339.588200,432.508400,342.490100,416.912500,339.588200,421.313700,-5.371706,0.373722,-1.826951,-5.424102,0.285848,-1.851459,-5.413877,-1.846343,234.736800,0.865833,-0.056931,0,1,14.999240,0.004901,0.000068,0.124765,1,1,10,5,4
290,16.686040,0.046913,player,9,5,9.000000,4.888628,813.809200,369.289900,813.797600,369.141600,0.148707,814.102100,369.097600,813.493100,369.185600,814.102100,355.072600,813.493100,357.919300,3.143509,0.358120,-0.232302,3.132515,0.287679,-0.234550,3.138222,-0.237212,132.099500,0.889174,0.006650,0,1,15.017790,0.004901,0.000061,0.125976,7,8,3,4,4
291,16.725710,0.045666,father,1,2,1.097632,2.000000,601.852200,597.385800,601.292500,597.481900,0.567828,595.814200,601.046400,606.770900,593.917500,595.814200,592.254400,606.770900,583.881400,-0.797799,0.224499,-6.154979,-0.599970,0.256265,-5.972946,-0.688780,-6.061507,234.738600,0.127924,0.266621,0,0,12.822470,0.015813,0.000000,0.131692,1,1,2,7,4
291,16.725710,0.045666,mother,9,10,8.563919,9.999999,579.289400,270.465300,580.062300,270.052900,0.875984,577.093000,270.679900,583.031500,269.425900,577.093000,261.709900,583.031500,259.460400,-1.135820,0.229045,2.280734,-1.028598,0.254463,2.312755,-1.096163,2.286214,54.736920,0.454853,-0.106034,1,0,15.467540,0.045666,0.000031,0.126059,5,11,10,5,4
291,16.725710,0.045666,older_sister,2,9,1.861349,8.999999,338.211900,433.279200,337.269600,433.870200,1.112310,334.948200,435.239400,339.591100,432.501100,334.948200,422.261100,339.591100,421.141200,-5.507880,0.331391,-1.921194,-5.424050,0.290067,-1.851273,-5.448951,-1.871143,234.737500,0.923271,0.108816,0,1,15.044900,0.045666,0.000136,0.124765,1,1,10,5,4
291,16.725710,0.045666,player,9,5,9.000000,4.842678,815.751700,370.261000,817.879800,371.148500,2.305683,822.225800,373.054500,813.533800,369.242500,822.225800,360.680000,813.533800,357.818200,3.290189,0.315975,-0.333341,3.133249,0.291713,-0.236003,3.173295,-0.262012,125.264000,0.946611,0.184339,0,1,15.063460,0.045666,0.000110,0.125976,7,8,3,4,4
292,16.766360,0.041270,father,1,2,1.084277,2.000000,601.287600,597.668000,601.134800,597.561600,0.186178,595.756700,601.110800,606.512900,594.012600,595.756700,592.326600,606.512900,583.810800,-0.798837,0.224299,-6.156622,-0.604629,0.260497,-5.975373,-0.698974,-6.068713,234.743400,0.144617,0.263209,0,0,12.835740,0.013273,0.000136,0.131692,1,1,2,7,4
292,16.766360,0.041270,mother,9,10,8.605446,9.999999,581.045000,269.587700,582.845400,268.737300,1.991137,577.683600,270.372100,588.007100,267.102500,577.683600,261.404600,588.007100,257.645100,-1.125157,0.228981,2.288594,-0.938759,0.241488,2.372081,-1.064465,2.308625,54.738910,0.506762,-0.200397,1,0,15.508810,0.041270,0.000110,0.126059,5,11,10,5,4
292,16.766360,0.041270,older_sister,2,9,1.819822,8.999999,336.456400,434.157000,333.475800,435.877200,3.441318,327.467300,439.222400,339.484200,432.532000,327.467300,427.329500,339.484200,421.010900,-5.642950,0.303677,-2.022898,-5.425980,0.294185,-1.852064,-5.480649,-1.893557,234.734200,0.975182,0.275787,0,1,15.086170,0.041270,0.000097,0.124765,1,1,10,5,4
292,16.766360,0.041270,player,9,5,9.000000,4.801151,817.507300,371.138800,821.427700,372.826200,4.268077,829.312000,376.405000,813.543400,369.247300,829.312000,364.533500,813.543400,357.636800,3.418133,0.303132,-0.418893,3.133423,0.296468,-0.236127,3.204993,-0.284424,125.261300,0.998520,0.337986,0,1,15.104730,0.041270,0.000193,0.125976,7,8,3,4,4
293,16.806150,0.039638,father,1,2,1.072234,2.000000,600.778400,597.922500,600.966100,597.631600,0.346236,595.701900,601.151700,606.230300,594.111600,595.701900,592.371600,606.230300,583.746200,-0.799826,0.224194,-6.157667,-0.609730,0.264673,-5.977901,-0.708167,-6.075212,234.740100,0.159670,0.258998,1,0,12.847710,0.011968,0.000136,0.131692,1,1,2,7,4
293,16.806150,0.039638,mother,9,10,8.645331,9.999999,582.731100,268.744500,584.886300,267.760000,2.369425,578.128800,270.147300,591.643700,265.372700,578.128800,261.109300,591.643700,256.094100,-1.117118,0.230779,2.294335,-0.873100,0.236924,2.416250,-1.034022,2.330155,54.731060,0.556620,-0.269624,0,0,15.548440,0.039638,0.000031,0.126059,5,11,10,5,4
293,16.806150,0.039638,older_sister,2,9,1.779936,8.999999,334.770200,435.000100,331.699300,436.741100,3.530135,324.156800,440.853400,339.241900,432.628800,324.156800,429.282600,339.241900,420.911900,-5.702725,0.295454,-2.064546,-5.430356,0.299185,-1.854535,-5.511094,-1.915084,234.737300,0.025038,0.343639,0,1,15.125810,0.039638,0.000136,0.124765,1,1,10,5,4
293,16.806150,0.039638,player,9,5,9.000000,4.761265,819.193400,371.981900,821.915000,373.242400,2.999331,829.963100,376.978600,813.866900,369.506200,829.963100,365.680000,813.866900,357.693100,3.429890,0.288504,-0.433540,3.139264,0.301641,-0.242737,3.235437,-0.305953,125.267200,0.048376,0.347455,0,0,15.144370,0.039638,0.000110,0.125976,7,8,3,4,4
294,16.845820,0.039993,father,1,2,1.060713,2.000000,600.291400,598.166000,600.796500,597.700400,0.686915,595.670100,601.179500,605.922900,594.221400,595.670100,592.396100,605.922900,583.695700,-0.800400,0.224280,-6.158378,-0.615281,0.268766,-5.980705,-0.716960,-6.081430,234.733500,0.174070,0.253730,1,0,12.859160,0.011449,0.000136,0.124597,1,1,2,7,4
294,16.845820,0.039993,mother,9,10,8.685574,9.999999,584.432300,267.893700,585.398200,267.367100,1.100097,578.375100,270.009200,592.421300,264.725000,578.375100,260.723800,592.421300,255.774900,-1.112672,0.237096,2.297861,-0.859059,0.228538,2.432789,-1.003306,2.351880,54.729780,0.606920,-0.284971,0,0,15.588440,0.039993,0.000220,0.122962,5,11,10,5,4
294,16.845820,0.039993,older_sister,2,9,1.739694,8.999999,333.069000,435.850600,331.067000,436.828300,2.228031,323.291600,440.963100,338.842300,432.693500,323.291600,429.900100,338.842300,420.725600,-5.718346,0.282487,-2.067346,-5.437569,0.305593,-1.856187,-5.541810,-1.936801,234.738900,0.075340,0.351166,0,0,15.165800,0.039993,0.000205,0.136243,1,1,10,5,4
294,16.845820,0.039993,player,9,5,9.000000,4.721024,820.894700,372.832400,822.192400,373.594800,1.505052,830.307900,377.425500,814.076900,369.764200,830.307900,366.480700,814.076900,357.620600,3.436115,0.279470,-0.444951,3.143055,0.310078,-0.249324,3.266154,-0.327670,125.260500,0.098679,0.352228,0,0,15.184360,0.039993,0.000246,0.132422,7,8,3,4,4
295,16.936130,0.084845,father,1,2,1.039104,2.000000,599.377900,598.622900,600.446600,597.843500,1.322701,595.651200,601.207200,605.241900,594.479900,595.651200,592.399700,605.241900,583.645300,-0.800742,0.224894,-6.159083,-0.627577,0.276655,-5.987306,-0.733454,-6.093096,234.728800,0.201082,0.240569,1,0,12.880630,0.007815,0.000000,0.124597,1,1,2,7,4
295,16.936130,0.084845,mother,9,10,8.766071,9.999999,587.835400,266.192200,586.270300,266.757700,1.664150,579.590300,269.159800,592.950400,264.355700,579.590300,258.810700,592.950400,255.496700,-1.090731,0.264257,2.319551,-0.849507,0.226209,2.442220,-0.941860,2.395325,54.737720,0.707542,-0.267783,0,1,15.668440,0.030000,0.000136,0.122962,5,11,10,5,4
295,16.936130,0.084845,older_sister,2,9,1.659196,8.999999,329.665900,437.552300,330.433800,436.894200,1.011340,323.281000,440.841400,337.586600,432.947000,323.281000,429.912500,337.586600,420.006000,-5.718537,0.279063,-2.064239,-5.460242,0.330440,-1.862660,-5.603255,-1.980254,234.732400,0.175962,0.327279,1,0,15.245800,0.030000,0.000068,0.136243,1,1,10,5,4
295,16.936130,0.084845,player,9,5,9.000000,4.640525,824.297800,374.534200,822.476100,373.960800,1.909843,829.787500,377.180800,815.164700,370.740600,829.787500,366.223100,815.164700,357.534700,3.426718,0.279801,-0.438704,3.162694,0.337205,-0.274257,3.327599,-0.371124,125.267900,0.199301,0.310517,1,0,15.264360,0.030000,0.000000,0.132422,7,8,3,4,4
296,16.975250,0.044641,father,1,2,1.026447,2.000000,598.842800,598.890500,600.213900,597.950700,1.662275,595.646100,601.217200,604.781800,594.684200,595.646100,592.388100,604.781800,583.618800,-0.800835,0.225445,-6.159338,-0.635884,0.282547,-5.992524,-0.743115,-6.099928,234.733500,0.216904,0.230994,1,0,12.893210,0.012579,0.000000,0.124597,1,1,2,7,4
296,16.975250,0.044641,mother,9,10,8.815866,9.999999,589.940600,265.139900,587.849700,265.927700,2.234364,582.536900,267.566400,593.162400,264.288900,582.536900,256.148300,593.162400,255.360500,-1.037528,0.291555,2.360236,-0.845679,0.227981,2.443924,-0.903851,2.422196,54.740960,0.769787,-0.204965,0,1,15.717920,0.049486,0.000110,0.122962,5,11,10,5,4
296,16.975250,0.044641,older_sister,2,9,1.609401,8.999999,327.560800,438.604800,329.807500,437.128900,2.688110,323.911400,440.535600,335.703700,433.722300,323.911400,429.533000,335.703700,419.753000,-5.707155,0.280945,-2.056429,-5.494240,0.356697,-1.882455,-5.641263,-2.007128,234.737200,0.238205,0.274288,1,0,15.295290,0.049486,0.000136,0.136243,1,1,10,5,4
296,16.975250,0.044641,player,9,5,9.000000,4.590731,826.402900,375.586500,823.649600,374.608200,2.921926,829.483900,377.041100,817.815300,372.175400,829.483900,366.029700,817.815300,357.657800,3.421238,0.281171,-0.435136,3.210554,0.370698,-0.310892,3.365608,-0.397995,125.259300,0.261545,0.243757,1,0,15.313850,0.049486,0.000246,0.132422,7,8,3,4,4
297,17.017490,0.039856,father,1,2,1.000000,2.000000,597.724700,599.449300,599.510300,598.321400,2.111979,595.518400,601.303600,603.502200,595.339100,595.518400,592.442300,603.502200,583.588400,-0.803140,0.226269,-6.161547,-0.658988,0.300049,-6.009247,-0.763304,-6.114199,234.744200,0.249964,0.205624,0,0,12.919500,0.000000,0.000136,0.124597,1,5,3,6,4
297,17.017490,0.039856,mother,9,10,8.855970,10.000000,591.635900,264.291900,589.976000,264.992200,1.801597,586.394000,265.869300,593.558000,264.115200,586.394000,253.857500,593.558000,255.089800,-0.967887,0.306713,2.403571,-0.838535,0.230459,2.448360,-0.873240,2.443848,54.726680,0.819916,-0.131469,0,1,15.757780,0.039856,0.000136,0.122962,5,11,10,5,4
297,17.017490,0.039856,older_sister,2,9,1.569297,8.999999,325.865400,439.452600,328.066800,437.985600,2.645372,323.735300,440.603200,332.398100,435.368100,323.735300,429.580100,332.398100,420.304100,-5.710334,0.281468,-2.058156,-5.553922,0.384650,-1.924481,-5.671875,-2.028777,234.732400,0.288336,0.204889,1,0,15.335150,0.039856,0.000000,0.136243,1,1,10,5,4
297,17.017490,0.039856,player,9,5,9.000000,4.550626,828.098300,376.434500,825.574800,375.455600,2.706660,829.641400,377.103200,821.508200,373.808000,829.641400,366.047000,821.508200,358.403500,3.424080,0.282314,-0.436722,3.277231,0.393346,-0.352580,3.396219,-0.419647,125.272500,0.311674,0.168478,1,0,15.353700,0.039856,0.000031,0.132422,7,8,3,4,4
298,17.060490,0.041984,father,1,2,1.007095,2.000000,598.024700,599.299400,600.412800,599.299100,2.388123,594.863600,599.654000,605.962000,598.944300,594.863600,590.792500,605.962000,587.031600,-0.814962,0.226272,-6.119424,-0.614574,0.304186,-6.101304,-0.757887,-6.110369,276.725300,0.258831,0.196887,1,0,12.926550,0.007051,0.000136,0.124597,5,5,3,6,4
298,17.060490,0.041984,mother,9,10,8.898216,10.000000,593.421900,263.399100,592.833200,263.662900,0.645074,591.566500,263.453700,594.100000,263.871900,591.566500,252.049700,594.100000,254.724300,-0.874495,0.291195,2.465251,-0.828750,0.233581,2.454571,-0.840994,2.466645,54.741730,0.872723,-0.031188,0,1,15.799760,0.041984,0.000000,0.122962,5,11,10,5,4
298,17.060490,0.041984,older_sister,2,9,1.527052,8.999999,324.079400,440.345400,326.020900,439.193600,2.257442,323.547400,440.750200,328.494400,437.637000,323.547400,429.631700,328.494400,422.119500,-5.713727,0.283902,-2.061909,-5.624406,0.396231,-1.982417,-5.704121,-2.051574,234.741400,0.341143,0.118823,1,0,15.377130,0.041984,0.000205,0.136243,1,1,10,5,4
298,17.060490,0.041984,player,9,5,9.000000,4.508381,829.884200,377.327300,828.113400,376.559200,1.930152,829.978600,377.217600,826.248300,375.900800,829.978600,366.052600,826.248300,360.657500,3.430168,0.285091,-0.439643,3.362816,0.389229,-0.406019,3.428464,-0.442443,125.259000,0.364481,0.074407,1,0,15.395690,0.041984,0.000136,0.132422,7,8,3,4,4
299,17.104650,0.044225,father,1,2,1.029913,2.000000,598.989300,598.817100,600.659100,600.013500,2.054124,596.877800,597.975500,604.440200,602.051600,596.877800,589.108600,604.440200,589.666500,-0.778595,0.226411,-6.076565,-0.642052,0.316245,-6.180645,-0.740470,-6.098055,320.947400,0.287354,0.166852,1,0,12.949220,0.022677,0.000086,0.124597,5,5,3,6,4
299,17.104650,0.044225,mother,9,10,8.942717,10.000000,595.303100,262.458500,596.195900,261.976300,1.014720,597.800700,260.326500,594.591200,263.626100,597.800700,250.218500,594.591200,254.396600,-0.761932,0.258102,2.545102,-0.819881,0.235671,2.460849,-0.807027,2.490662,54.736530,0.928349,0.095959,0,1,15.843990,0.044225,0.000031,0.122962,5,11,10,5,4
299,17.104650,0.044225,older_sister,1,9,1.482552,9.000000,322.198200,441.286100,323.078000,440.782700,1.013638,323.177400,440.974800,322.978500,440.590700,323.177400,429.755400,322.978500,426.281300,-5.720408,0.286481,-2.067645,-5.723999,0.365383,-2.057837,-5.738088,-2.075595,234.732100,0.396767,0.002732,1,0,15.421360,0.044225,0.000097,0.136243,1,1,10,5,4
299,17.104650,0.044225,player,9,4,9.000000,4.463881,831.765400,378.267900,831.531600,378.204300,0.242321,830.411900,377.401900,832.651400,379.006600,830.411900,366.143000,832.651400,365.539300,3.437991,0.287490,-0.444349,3.478428,0.343879,-0.485324,3.462431,-0.466461,125.263500,0.420107,-0.056674,1,0,15.439910,0.044225,0.000164,0.132422,7,8,3,4,4
300,17.148010,0.043425,father,1,2,1.067552,2.000000,600.580500,598.021600,600.516900,599.476600,1.456406,599.714400,597.289200,601.319500,601.664100,599.714400,588.373400,601.319500,588.941500,-0.727378,0.227659,-6.059041,-0.698399,0.324863,-6.170751,-0.711741,-6.077742,4.369376,0.334402,0.109178,1,0,12.986630,0.037406,0.000000,0.127717,5,5,3,6,4
300,17.148010,0.043425,mother,9,10,8.986413,10.000000,597.150300,261.534700,599.684200,260.144100,2.890361,604.200900,256.938400,595.167500,263.349900,604.200900,247.360600,595.167500,254.024900,-0.646373,0.244564,2.631615,-0.809475,0.238106,2.467904,-0.773674,2.514253,54.728030,0.982967,0.227696,0,1,15.887410,0.043425,0.000164,0.132279,5,11,10,5,4
300,17.148010,0.043425,older_sister,1,9,1.438856,9.000000,320.351000,442.209800,319.436600,442.598000,0.993287,322.817700,441.182100,316.055600,444.013900,322.817700,429.871600,316.055600,431.602900,-5.726903,0.288807,-2.072937,-5.848996,0.316908,-2.145247,-5.771441,-2.099181,234.733000,0.451386,-0.141437,1,0,15.464780,0.043425,0.000000,0.138390,1,1,10,5,4
300,17.148010,0.043425,player,9,4,9.000000,4.420185,833.612700,379.191700,835.032200,380.003600,1.635330,830.727700,377.532200,839.336800,382.475000,830.727700,366.188800,839.336800,370.523200,3.443694,0.289646,-0.447675,3.599136,0.305183,-0.573888,3.495784,-0.490050,125.270600,0.474726,-0.199789,1,0,15.483340,0.043425,0.000031,0.139168,7,8,3,4,4
301,17.246740,0.090451,father,1,2,1.148050,2.000000,603.983600,596.319800,604.234900,596.161500,0.297001,602.195000,596.339700,606.274800,595.983300,602.195000,587.372900,606.274800,585.526900,-0.682590,0.228961,-6.034795,-0.608926,0.266998,-6.025696,-0.650295,-6.034289,54.732960,0.435026,-0.065398,1,0,13.066630,0.030000,0.000220,0.127717,5,5,3,6,4
301,17.246740,0.090451,mother,9,10,9.066912,10.000000,600.553500,259.833400,602.016900,259.194000,1.597027,607.508400,255.606700,596.525400,262.781300,607.508400,246.679100,596.525400,253.079500,-0.586654,0.227960,2.665621,-0.784958,0.247729,2.482421,-0.712229,2.557694,54.739770,0.083590,0.267682,0,0,15.967410,0.030000,0.000086,0.132279,5,11,10,5,4
301,17.246740,0.090451,older_sister,1,9,1.358358,9.000000,316.947900,443.911300,314.167500,445.044600,3.002426,322.605100,441.304100,305.730000,448.785000,322.605100,429.820200,305.730000,437.474900,-5.730741,0.293234,-2.076053,-6.035431,0.288799,-2.267075,-5.832886,-2.142627,234.737100,0.552010,-0.359066,0,0,15.544780,0.030000,0.000097,0.138390,1,1,10,5,4
301,17.246740,0.090451,player,9,4,9.000000,4.339687,837.015700,380.893000,839.136000,382.176200,2.478327,830.795200,377.561100,847.476800,386.791400,830.795200,365.953700,847.476800,375.654300,3.444912,0.296388,-0.448414,3.746109,0.284380,-0.684103,3.557229,-0.533492,125.260400,0.575348,-0.382000,0,0,15.563340,0.030000,0.000164,0.139168,7,8,3,4,4
302,17.297090,0.051436,father,1,2,1.210322,2.000000,606.616100,595.003800,608.509300,594.116800,2.090662,603.113000,595.859000,613.905700,592.374700,603.113000,586.890600,613.905700,582.939900,-0.666016,0.229004,-6.022521,-0.471147,0.240910,-5.933551,-0.602764,-6.000685,54.739890,0.512865,-0.210480,1,0,13.128520,0.011886,0.000000,0.127717,5,5,3,6,4
302,17.297090,0.051436,mother,9,10,9.129184,10.000000,603.186000,258.516900,602.959200,258.829300,0.385947,608.207500,255.313000,597.711000,262.345600,608.207500,246.532900,597.711000,251.960500,-0.574031,0.224194,2.673120,-0.763552,0.265176,2.493547,-0.664698,2.591310,54.731070,0.161430,0.258422,1,0,16.029300,0.011886,0.000110,0.132279,5,11,10,5,4
302,17.297090,0.051436,older_sister,1,9,1.296085,9.000000,314.315200,445.227600,313.818500,445.529300,0.581177,322.848200,441.306300,304.788800,449.752300,322.848200,429.252300,304.788800,438.858700,-5.726351,0.307793,-2.076109,-6.052424,0.278162,-2.291774,-5.880419,-2.176238,234.735500,0.629849,-0.390752,0,0,15.606670,0.011886,0.000097,0.138390,1,1,10,5,4
302,17.297090,0.051436,player,9,4,8.999999,4.277415,839.648400,382.209500,839.538900,382.003800,0.233018,830.950400,377.406300,848.127400,386.601200,830.950400,365.074500,848.127400,375.761900,3.447716,0.314886,-0.444462,3.757855,0.276776,-0.679248,3.604762,-0.567107,125.267700,0.653187,-0.388782,0,1,15.625220,0.011886,0.000031,0.139168,7,8,3,4,4
303,17.348340,0.051373,father,1,2,1.262016,2.000000,608.801500,593.911000,610.635400,593.054500,2.024019,603.609500,595.610700,617.661200,590.498200,603.609500,586.492400,617.661200,581.348700,-0.657051,0.232832,-6.016181,-0.403339,0.233629,-5.885638,-0.563306,-5.972780,54.732220,0.577482,-0.282522,0,0,13.179890,0.001373,0.000136,0.127717,5,5,3,6,4
303,17.348340,0.051373,mother,9,10,9.180877,10.000000,605.371300,257.424100,603.816200,258.446400,1.861115,608.251600,255.247400,599.380700,261.645400,608.251600,246.403300,599.380700,250.384800,-0.573236,0.225829,2.674794,-0.733403,0.287535,2.511424,-0.625240,2.619214,54.732680,0.226046,0.225101,1,0,16.080670,0.001373,0.000273,0.132279,5,11,10,5,4
303,17.348340,0.051373,older_sister,1,9,1.244392,9.000000,312.129900,446.320100,313.813000,445.799400,1.761825,322.402600,441.873500,305.223300,449.725300,322.402600,429.010600,305.223300,438.908400,-5.734396,0.328446,-2.090592,-6.044579,0.276204,-2.291084,-5.919877,-2.204135,234.739000,0.694466,-0.369018,0,1,15.658040,0.001373,0.000246,0.138390,1,1,10,5,4
303,17.348340,0.051373,player,9,4,8.999999,4.225721,841.833600,383.302000,840.040000,382.042100,2.191891,832.523200,377.861100,847.556800,386.223200,832.523200,364.692300,847.556800,375.382500,3.476113,0.336257,-0.456074,3.747553,0.276810,-0.669595,3.644219,-0.595004,125.261700,0.717804,-0.344906,0,1,15.676590,0.001373,0.000136,0.139168,7,8,3,4,4
304,17.390320,0.049811,father,1,2,1.312136,2.000000,610.920400,592.851500,611.057000,592.671600,0.225907,603.953600,595.361400,618.160300,589.981800,603.953600,585.783500,618.160300,581.098000,-0.650838,0.244565,-6.009815,-0.394328,0.226841,-5.872450,-0.525048,-5.945726,54.734370,0.640133,-0.288747,0,0,13.229700,0.049811,0.000136,0.127717,5,5,3,6,4
304,17.390320,0.049811,mother,9,10,9.230998,10.000000,607.490200,256.364600,605.692100,257.460200,2.105659,608.785200,254.945300,602.599000,259.975200,608.785200,246.077700,602.599000,247.571500,-0.563601,0.226430,2.682508,-0.675295,0.316721,2.554075,-0.586982,2.646268,54.733860,0.288696,0.165350,1,0,16.130480,0.049811,0.000301,0.132279,5,11,10,5,4
304,17.390320,0.049811,older_sister,1,9,1.194271,9.000000,310.011000,447.379600,312.671200,446.525700,2.793917,319.534500,443.613000,305.808000,449.438400,319.534500,429.549700,305.808000,438.563600,-5.786183,0.359097,-2.135009,-6.034022,0.277681,-2.283759,-5.958134,-2.231189,234.734200,0.757116,-0.288240,0,1,15.707850,0.049811,0.000178,0.138390,1,1,10,5,4
304,17.390320,0.049811,player,9,4,8.999999,4.175600,843.952600,384.361500,842.031700,382.918000,2.402778,836.808200,379.790300,847.255100,386.045700,836.808200,365.259800,847.255100,375.130800,3.553482,0.371029,-0.505335,3.742106,0.278705,-0.665062,3.682477,-0.622058,125.266200,0.780455,-0.246231,0,1,15.726410,0.049811,0.000110,0.139168,7,8,3,4,4
305,17.431580,0.041746,father,1,2,1.354143,2.000000,612.696200,591.963500,611.465500,592.369300,1.295935,604.593300,594.889300,618.337600,589.849200,604.593300,584.700000,618.337600,581.010200,-0.639289,0.260179,-5.997762,-0.391126,0.225699,-5.869064,-0.492985,-5.923052,54.733390,0.692640,-0.276926,0,1,13.271450,0.041746,0.000273,0.127717,5,5,3,6,4
305,17.431580,0.041746,mother,9,10,9.273004,10.000000,609.266100,255.477100,607.697000,256.326500,1.784196,609.364300,254.606200,606.029700,258.046800,609.364300,245.682300,606.029700,245.343200,-0.553146,0.227867,2.691168,-0.613353,0.324377,2.603314,-0.554919,2.668930,54.747370,0.341204,0.099874,1,0,16.172230,0.041746,0.000031,0.132279,5,11,10,5,4
305,17.431580,0.041746,older_sister,1,9,1.152264,9.000000,308.235200,448.267600,310.441700,447.544500,2.322009,314.996800,445.693800,305.886700,449.395200,314.996800,430.684100,305.886700,438.405300,-5.868114,0.383267,-2.188143,-6.032601,0.280620,-2.282654,-5.990198,-2.253863,234.732900,0.809624,-0.188869,0,1,15.749600,0.041746,0.000097,0.138390,1,1,10,5,4
305,17.431580,0.041746,player,9,4,8.999999,4.133594,845.728400,385.249400,844.285300,384.290600,1.732543,841.351200,382.522100,847.219400,386.059200,841.351200,367.362300,847.219400,374.981100,3.635508,0.387097,-0.575090,3.741460,0.282872,-0.665407,3.714540,-0.644729,125.262600,0.832962,-0.138655,0,1,15.768150,0.041746,0.000164,0.139168,7,8,3,4,4
306,17.473550,0.041889,father,1,2,1.396292,2.000000,614.478100,591.072500,612.435500,591.850200,2.185570,606.473100,593.840600,618.397900,589.859700,606.473100,582.823400,618.397900,580.960300,-0.605347,0.281318,-5.970984,-0.390037,0.227240,-5.869333,-0.460813,-5.900301,54.733060,0.745327,-0.234486,0,1,13.313330,0.041889,0.000273,0.123031,5,5,3,6,4
306,17.473550,0.041889,mother,9,10,9.315153,10.000000,611.047900,254.586100,610.283600,254.947600,0.845544,610.078400,254.214600,610.488800,255.680600,610.078400,245.251100,610.488800,243.969700,-0.540251,0.228878,2.701166,-0.532842,0.299031,2.663733,-0.522746,2.691681,54.734190,0.393892,0.015563,1,0,16.214120,0.041889,0.000031,0.128853,5,11,10,5,4
306,17.473550,0.041889,older_sister,1,9,1.110115,9.000000,306.453300,449.158500,307.434900,448.837200,1.032861,309.096800,448.257200,305.773000,449.417200,309.096800,433.543000,305.773000,438.234200,-5.974641,0.375718,-2.253597,-6.034653,0.285552,-2.283218,-6.022370,-2.276610,234.738600,0.862310,-0.066102,0,1,15.791480,0.041889,0.000178,0.133481,1,1,10,5,4
306,17.473550,0.041889,player,9,4,8.999999,4.091444,847.510300,386.140400,847.372600,385.939500,0.243541,847.445200,385.755600,847.299900,386.123500,847.445200,371.627800,847.299900,374.867400,3.745539,0.360744,-0.657654,3.742917,0.287417,-0.667049,3.746714,-0.667479,125.264600,0.885651,-0.003283,0,1,15.810040,0.041889,0.000136,0.135309,7,8,3,4,4
307,17.566900,0.086360,father,1,2,1.476791,2.000000,617.881200,589.371200,616.692700,589.905900,1.303206,614.199700,590.295300,619.185700,589.516500,614.199700,578.402600,619.185700,580.423200,-0.465839,0.303674,-5.880455,-0.375813,0.232191,-5.860569,-0.399367,-5.856859,54.740080,0.845951,-0.084990,0,1,13.393330,0.030000,0.000061,0.123031,5,5,3,6,4
307,17.566900,0.086360,mother,9,10,9.395652,10.000000,614.451000,252.884300,616.042300,252.117500,1.766373,611.369900,253.530300,620.714700,250.704800,611.369900,244.562600,620.714700,241.182100,-0.516932,0.228986,2.718640,-0.348207,0.243157,2.790788,-0.461300,2.735134,54.732650,0.494515,-0.179416,1,0,16.294120,0.030000,0.000164,0.128853,5,11,10,5,4
307,17.566900,0.086360,older_sister,1,9,1.029616,9.000000,303.050200,450.859900,300.507100,452.342100,2.943480,295.346900,455.234500,305.667400,449.449600,295.346900,443.179200,305.667400,437.972200,-6.222903,0.307826,-2.431759,-6.036561,0.293069,-2.284043,-6.083815,-2.320056,234.737100,0.962935,0.237431,0,1,15.871480,0.030000,0.000273,0.133481,1,1,10,5,4
307,17.566900,0.086360,player,9,4,9.000000,4.010946,850.913400,387.841800,854.540400,389.403800,3.949065,861.717400,392.636800,847.363500,386.170800,861.717400,380.789400,847.363500,374.608400,4.003230,0.302515,-0.833363,3.744063,0.295240,-0.668258,3.808158,-0.710925,125.262800,0.986273,0.306933,0,1,15.890040,0.030000,0.000220,0.135309,7,8,3,4,4
308,17.614870,0.047794,father,2,2,1.531281,2.000000,620.184800,588.219400,620.653600,587.960100,0.535732,621.483700,586.707300,619.823500,589.212800,621.483700,576.281800,619.823500,580.003300,-0.334322,0.266208,-5.788837,-0.364298,0.235160,-5.852816,-0.357774,-5.827448,54.734660,0.914064,0.061414,0,1,13.447490,0.004153,0.000136,0.123031,5,5,3,6,4
308,17.614870,0.047794,mother,9,10,9.450143,10.000000,616.754600,251.732600,618.867000,250.766500,2.322793,611.987900,253.218300,625.746200,248.314900,611.987900,244.160000,625.746200,239.063900,-0.505776,0.231298,2.726608,-0.257361,0.236218,2.851812,-0.419708,2.764542,54.737950,0.562628,-0.275118,0,0,16.348270,0.004153,0.000123,0.128853,5,11,10,5,4
308,17.614870,0.047794,older_sister,1,9,1.000000,9.002578,301.689300,451.431600,297.955100,453.252900,4.154588,290.032700,456.924000,305.877600,449.581800,290.032700,445.086400,305.877600,437.952400,-6.318855,0.302264,-2.474897,-6.032765,0.296950,-2.287418,-6.108388,-2.334655,239.286100,0.003176,0.341715,0,1,15.903480,0.002561,0.000110,0.133481,1,1,10,5,4
308,17.614870,0.047794,player,9,4,9.000000,3.956455,853.217000,388.993800,855.773900,390.200100,2.827157,863.836100,393.954400,847.711800,386.445700,863.836100,382.716300,847.711800,374.602300,4.041486,0.286960,-0.867008,3.750352,0.302415,-0.675278,3.849751,-0.740341,125.269200,0.054386,0.348405,0,0,15.944190,0.004153,0.000086,0.135309,7,8,3,4,4
309,17.656250,0.048477,father,2,2,1.580060,2.000000,622.246900,587.188200,624.597100,585.900000,2.680090,628.732500,582.892800,620.461700,588.907200,628.732500,573.328500,620.461700,579.599500,-0.203440,0.244220,-5.691437,-0.352776,0.237667,-5.845011,-0.320542,-5.801119,54.733930,0.975037,0.210599,0,1,13.495960,0.048477,0.000136,0.123031,5,5,3,6,4
309,17.656250,0.048477,mother,9,10,9.498922,10.000000,618.816800,250.701400,619.389100,250.334600,0.679774,612.300500,253.021200,626.477700,247.647900,612.300500,243.602200,626.477700,238.726200,-0.500131,0.240508,2.731639,-0.244152,0.227811,2.868843,-0.382475,2.790875,54.729530,0.623602,-0.288217,0,0,16.396750,0.048477,0.000273,0.128853,5,11,10,5,4
309,17.656250,0.048477,older_sister,1,9,1.000000,9.042896,299.984700,450.579500,296.986200,451.130800,3.048764,287.659000,452.880500,306.313500,449.381100,287.659000,441.634400,306.313500,437.541900,-6.361713,0.287163,-2.371651,-6.024895,0.302307,-2.282294,-6.139164,-2.312896,257.054000,0.053574,0.348276,0,0,15.943550,0.040069,0.000000,0.133481,3,1,10,5,4
309,17.656250,0.048477,player,9,4,9.000000,3.907676,855.279100,390.024700,856.068700,390.594400,0.973659,864.154400,394.427500,847.982800,386.761300,864.154400,383.522800,847.982800,374.482200,4.047233,0.278447,-0.879088,3.755246,0.313539,-0.683335,3.886983,-0.766666,125.262500,0.115360,0.351424,0,0,15.992670,0.048477,0.000110,0.135309,7,8,3,4,4
310,17.697080,0.041188,father,2,2,1.621504,2.000000,623.999000,586.312200,626.411100,585.016800,2.737919,631.714600,581.436800,621.107700,588.597000,631.714600,572.025400,621.107700,579.152600,-0.149597,0.240313,-5.654258,-0.341112,0.241157,-5.837090,-0.288907,-5.778749,54.735500,0.026842,0.261930,0,1,13.537150,0.041188,0.000136,0.123031,5,5,3,6,4
310,17.697080,0.041188,mother,10,10,9.540366,10.000000,620.568800,249.825300,619.764200,250.048000,0.834818,612.756000,252.658200,626.772400,247.437900,612.756000,242.675500,626.772400,238.601900,-0.491906,0.254902,2.740909,-0.238832,0.225620,2.874206,-0.350842,2.813245,54.734330,0.675407,-0.283592,0,1,16.437930,0.041188,0.000301,0.128853,5,11,10,5,4
310,17.697080,0.041188,older_sister,1,9,1.000000,9.084341,298.232700,449.703500,296.782900,449.550400,1.457888,287.028700,449.469200,306.537000,449.631600,287.028700,438.544700,306.537000,437.435900,-6.373094,0.278949,-2.284544,-6.020858,0.311409,-2.288691,-6.170799,-2.290526,272.150300,0.105379,0.352143,0,0,15.984740,0.041188,0.000000,0.133481,3,1,10,5,4
310,17.697080,0.041188,player,9,4,9.000000,3.866232,857.031200,390.900800,856.170800,390.722000,0.878795,863.918600,394.251900,848.423000,387.192100,863.918600,383.330700,848.423000,374.349500,4.042974,0.278864,-0.874603,3.763193,0.327927,-0.694335,3.918618,-0.789035,125.264500,0.167166,0.332518,1,0,16.033860,0.041188,0.000136,0.135309,7,8,3,4,4
311,17.739570,0.042514,father,2,2,1.664283,2.000000,625.807500,585.408100,627.330300,584.730100,1.666931,632.815200,581.143100,621.845400,588.317200,632.815200,572.198600,621.845400,578.636500,-0.129725,0.228391,-5.646758,-0.327792,0.247190,-5.829946,-0.256254,-5.755663,54.739170,0.080315,0.267483,0,0,13.579670,0.042514,0.000061,0.123031,5,5,3,6,4
311,17.739570,0.042514,mother,10,10,9.583144,10.000000,622.377300,248.921200,620.478500,249.643600,2.031579,614.160100,251.835400,626.796800,247.451800,614.160100,241.123400,626.796800,238.568700,-0.466553,0.273523,2.761919,-0.238391,0.226824,2.873851,-0.318189,2.836330,54.740020,0.728880,-0.250921,0,1,16.480450,0.042514,0.000233,0.128853,5,11,10,5,4
311,17.739570,0.042514,older_sister,1,9,1.000000,9.127119,296.424200,448.798900,297.026900,448.736100,0.605982,288.027000,446.976900,306.026900,450.495400,288.027000,436.061600,306.026900,437.751100,-6.355067,0.278716,-2.220905,-6.030070,0.325418,-2.310747,-6.203452,-2.267428,287.725600,0.158852,0.336921,1,0,16.027250,0.042514,0.000314,0.133481,3,1,10,5,4
311,17.739570,0.042514,player,9,4,9.000000,3.823453,858.839700,391.804900,856.465900,390.989600,2.509853,863.377200,393.978000,849.554500,388.001200,863.377200,382.991000,849.554500,374.457400,4.033200,0.280545,-0.867609,3.783623,0.345830,-0.714994,3.951271,-0.812122,125.261700,0.220638,0.291892,1,0,16.076370,0.042514,0.000220,0.135309,7,8,3,4,4
312,17.780030,0.040531,father,2,2,1.705066,2.000000,627.531600,584.545800,628.007800,584.490400,0.479350,633.467500,580.926900,622.547900,588.053700,633.467500,572.137100,622.547900,577.985700,-0.117947,0.224442,-5.641240,-0.315108,0.257081,-5.823219,-0.225124,-5.733645,54.728110,0.131294,0.266052,0,0,13.620200,0.040531,0.000273,0.125045,5,5,3,6,4
312,17.780030,0.040531,mother,10,10,9.623928,10.000000,624.101400,248.059300,622.048600,248.843300,2.197480,617.046300,250.338100,627.050800,247.348600,617.046300,238.765900,627.050800,238.406600,-0.414442,0.295488,2.800152,-0.233804,0.228330,2.876484,-0.287057,2.858338,54.741860,0.779860,-0.191566,0,1,16.520980,0.040531,0.000015,0.111840,5,11,10,5,4
312,17.780030,0.040531,older_sister,1,9,1.000000,9.167903,294.700100,447.937000,296.850800,448.556300,2.238150,289.526500,445.691100,304.175100,451.421600,289.526500,434.717700,304.175100,438.084200,-6.327993,0.280199,-2.188073,-6.063504,0.340562,-2.334397,-6.234581,-2.245421,302.587400,0.209831,0.301659,1,0,16.067780,0.040531,0.000136,0.130346,3,1,10,5,4
312,17.780030,0.040531,player,9,4,9.000000,3.782670,860.563800,392.667100,857.819100,391.690300,2.913374,863.329500,393.967600,852.308700,389.413000,863.329500,382.953700,852.308700,374.677400,4.032337,0.281234,-0.867344,3.833352,0.376266,-0.751045,3.982402,-0.834136,125.265200,0.271618,0.229616,1,0,16.116900,0.040531,0.000136,0.131165,7,8,3,4,4
313,17.872360,0.085888,father,2,2,1.785564,2.000000,630.934700,582.844500,629.272100,583.911500,1.975539,633.617800,580.760300,624.926400,587.062700,633.617800,571.907700,624.926400,575.669800,-0.115234,0.226046,-5.636984,-0.272162,0.290911,-5.797913,-0.163679,-5.690203,54.739150,0.231916,0.221041,1,0,13.700200,0.030000,0.000061,0.125045,5,5,3,6,4
313,17.872360,0.085888,mother,10,10,9.704427,10.000000,627.504500,246.357500,627.098500,246.534800,0.443027,626.205600,246.141900,627.991400,246.927900,626.205600,234.908700,627.991400,237.767300,-0.249065,0.286832,2.907298,-0.216823,0.233908,2.887230,-0.225613,2.901791,54.732650,0.880482,-0.014737,0,1,16.600980,0.030000,0.000233,0.111840,5,11,10,5,4
313,17.872360,0.085888,older_sister,1,9,1.000000,9.248401,291.297000,446.235300,293.831600,447.215200,2.717450,289.718400,445.547600,297.944800,448.882900,289.718400,434.493600,297.944800,433.491000,-6.324528,0.282257,-2.184408,-6.175997,0.393021,-2.269573,-6.296026,-2.201968,305.267300,0.310453,0.170444,1,0,16.147780,0.030000,0.000341,0.130346,3,1,10,5,4
313,17.872360,0.085888,player,9,4,9.000000,3.702172,863.966900,394.368500,862.368200,393.669500,1.744830,863.863800,394.152800,860.872800,393.186300,863.863800,382.974800,860.872800,378.138600,4.041985,0.285425,-0.872073,3.987980,0.384233,-0.847393,4.043847,-0.877581,125.263000,0.372240,0.058344,1,0,16.196900,0.030000,0.000246,0.131165,7,8,3,4,4
314,17.920670,0.048449,father,2,2,1.840240,2.000000,633.246100,581.688800,631.458400,582.746900,2.077385,634.265900,580.397200,628.650900,585.096600,634.265900,571.520900,628.650900,572.545900,-0.103532,0.226650,-5.627713,-0.204915,0.320475,-5.747711,-0.121946,-5.660693,54.735280,0.300261,0.152060,1,0,13.754530,0.004336,0.000061,0.125045,5,5,3,6,4
314,17.920670,0.048449,mother,10,10,9.759101,10.000000,629.815900,245.201800,631.384300,244.341400,1.788925,634.114400,242.084300,628.654200,246.598600,634.114400,232.317400,628.654200,237.339700,-0.106268,0.249392,3.010907,-0.204854,0.236422,2.895636,-0.183880,2.931302,54.734410,0.948826,0.147048,0,1,16.655320,0.004336,0.000233,0.111840,5,11,10,5,4
314,17.920670,0.048449,older_sister,1,9,1.000000,9.303076,288.985600,445.079600,290.428100,445.712900,1.575386,289.256300,445.384400,291.599900,446.041400,289.256300,434.195300,291.599900,431.177900,-6.332872,0.285707,-2.180241,-6.290558,0.379531,-2.197019,-6.337759,-2.172457,305.265200,0.378798,0.044236,1,0,16.202120,0.004336,0.000341,0.130346,3,1,10,5,4
314,17.920670,0.048449,player,9,4,9.000000,3.647496,866.278300,395.524300,866.743400,395.817700,0.549898,864.381700,394.375800,869.105100,397.259500,864.381700,383.082700,869.105100,384.516000,4.051337,0.288364,-0.877768,4.136619,0.325398,-0.951400,4.085580,-0.907093,125.265400,0.440584,-0.112144,1,0,16.251240,0.004336,0.000193,0.131165,7,8,3,4,4
315,17.962450,0.048676,father,2,2,1.889219,2.000000,635.316700,580.653400,633.978800,581.345200,1.506180,634.992000,579.980000,632.965400,582.710200,634.992000,571.034400,632.965400,570.208600,-0.090422,0.228423,-5.617062,-0.127014,0.319221,-5.686775,-0.084560,-5.634257,54.735770,0.361485,0.070126,1,0,13.803210,0.048676,0.000086,0.125045,5,5,3,6,4
315,17.962450,0.048676,mother,10,10,9.808081,10.000000,631.886500,244.166700,634.566600,242.702800,3.053813,639.838200,239.122300,629.295000,246.283100,639.838200,229.528300,629.295000,236.888300,-0.002921,0.244978,3.086539,-0.193285,0.239891,2.903691,-0.146493,2.957733,54.740630,0.010048,0.260995,0,1,16.703990,0.048676,0.000110,0.111840,5,11,10,5,4
315,17.962450,0.048676,older_sister,1,9,1.000000,9.352055,286.915000,444.044400,286.469500,443.761300,0.527885,288.796700,445.184900,284.142400,442.337600,288.796700,433.892700,284.142400,429.575200,-6.341171,0.288340,-2.175147,-6.425207,0.325881,-2.102444,-6.375145,-2.146026,305.260300,0.440022,-0.110589,1,0,16.250790,0.048676,0.000205,0.130346,3,1,10,5,4
315,17.962450,0.048676,player,9,4,9.000000,3.598517,868.348900,396.559700,870.336600,397.723200,2.303171,864.641800,394.485300,876.031300,400.961200,864.641800,383.118600,876.031300,389.301300,4.056034,0.290242,-0.880563,4.261675,0.297727,-1.045920,4.122967,-0.933532,125.267500,0.501808,-0.263376,1,0,16.299920,0.048676,0.000061,0.131165,7,8,3,4,4
316,18.004800,0.042574,father,2,2,1.932058,2.000000,637.127700,579.747800,636.853000,579.853600,0.294401,635.737400,579.577600,637.968700,580.129700,635.737400,570.612500,637.968700,569.063400,-0.076964,0.228918,-5.606786,-0.036677,0.282570,-5.620883,-0.051860,-5.611132,54.732190,0.415033,-0.024753,1,0,13.845780,0.042574,0.000193,0.125045,5,5,3,6,4
316,18.004800,0.042574,mother,10,10,9.850921,10.000000,633.697600,243.260900,635.512600,242.386000,2.014931,640.952500,238.801100,630.072800,245.970900,640.952500,229.746800,630.072800,236.385100,0.017197,0.231194,3.094743,-0.179241,0.244768,2.911664,-0.113794,2.980862,54.728010,0.063597,0.266096,0,0,16.746560,0.042574,0.000315,0.111840,5,11,10,5,4
316,18.004800,0.042574,older_sister,1,9,1.000000,9.394895,285.103900,443.139100,283.270300,442.074300,2.120361,288.557600,445.085600,277.983100,439.063000,288.557600,433.726700,277.983100,427.327500,-6.345489,0.290042,-2.172612,-6.536417,0.299658,-2.018827,-6.407845,-2.122909,305.258500,0.493570,-0.244678,1,0,16.293370,0.042574,0.000031,0.130346,3,1,10,5,4
316,18.004800,0.042574,player,9,4,9.000000,3.555678,870.160000,397.465200,872.583600,398.933900,2.833952,864.678300,394.503500,880.488900,403.364300,864.678300,383.004400,880.488900,392.078500,4.056692,0.293623,-0.881028,4.342160,0.288178,-1.107284,4.155666,-0.956652,125.262800,0.555357,-0.363713,0,0,16.342490,0.042574,0.000110,0.131165,7,8,3,4,4
317,18.044990,0.040380,father,2,2,1.972690,2.000000,638.845500,578.889100,639.858000,578.366800,1.139333,636.405900,579.220800,643.310200,577.512800,636.405900,570.248700,643.310200,567.723900,-0.064894,0.229097,-5.597675,0.059768,0.249955,-5.554063,-0.020846,-5.589206,54.740620,0.465822,-0.126969,1,0,13.886160,0.040380,0.000061,0.125045,5,5,3,6,4
317,18.044990,0.040380,mother,10,10,9.891552,10.000000,635.415300,242.402200,636.284000,242.140000,0.907414,641.804000,238.566900,630.764000,245.713200,641.804000,229.753600,630.764000,235.795300,0.032572,0.225043,3.100721,-0.166761,0.253247,2.918244,-0.082780,3.002789,54.739150,0.114388,0.268105,0,0,16.786950,0.040380,0.000164,0.111840,5,11,10,5,4
317,18.044990,0.040380,older_sister,1,9,1.000000,9.435526,283.386200,442.279900,280.937000,440.801400,2.860878,288.480300,445.048900,273.393800,436.553900,288.480300,433.595900,273.393800,425.187600,-6.346882,0.292446,-2.171675,-6.619279,0.290232,-1.954759,-6.438859,-2.100971,305.273700,0.544359,-0.347650,0,0,16.333750,0.040380,0.000301,0.130346,3,1,10,5,4
317,18.044990,0.040380,player,9,4,9.000001,3.515046,871.877700,398.323900,873.035900,398.954900,1.318958,864.528300,394.384200,881.543500,403.525600,864.528300,382.561000,881.543500,392.588900,4.053984,0.301900,-0.877983,4.361201,0.279263,-1.111402,4.186680,-0.978579,125.260500,0.606148,-0.385606,0,0,16.382870,0.040380,0.000246,0.131165,7,8,3,4,4
318,18.086070,0.041450,father,2,2,2.014398,2.000000,640.608600,578.007500,642.571200,577.093400,2.164951,636.985500,578.922700,648.156800,575.264100,636.985500,569.952400,648.156800,565.846400,-0.054428,0.229053,-5.590065,0.147276,0.240476,-5.496643,0.010990,-5.566695,54.736220,0.517958,-0.218628,1,0,13.927610,0.041450,0.000061,0.128750,5,5,3,6,4
318,18.086070,0.041450,mother,10,10,9.933260,10.000000,637.178500,241.520600,636.839200,241.894600,0.504903,642.041500,238.392500,631.637000,245.396800,642.041500,229.611600,631.637000,234.954500,0.036860,0.224214,3.105175,-0.150999,0.266638,2.926324,-0.050944,3.025300,54.736210,0.166523,0.256646,1,0,16.828400,0.041450,0.000150,0.124541,5,11,10,5,4
318,18.086070,0.041450,older_sister,1,9,1.000000,9.477234,281.623000,441.398500,280.229900,440.603800,1.603897,288.649900,445.156100,271.809800,436.051500,288.649900,433.410900,271.809800,425.095700,-6.343821,0.299906,-2.174411,-6.647878,0.279750,-1.941932,-6.470695,-2.078464,305.259400,0.596495,-0.382482,0,0,16.375200,0.041450,0.000164,0.130016,3,1,10,5,4
318,18.086070,0.041450,player,9,3,9.000000,3.473338,873.640900,399.205800,873.380400,398.902600,0.399668,864.822900,394.314200,881.937900,403.491000,864.822900,381.916600,881.937900,392.660200,4.059302,0.316566,-0.876194,4.368324,0.276560,-1.110519,4.218516,-1.001098,125.273100,0.658283,-0.387606,0,1,16.424320,0.041450,0.000031,0.124438,7,8,3,4,4
319,18.177960,0.086340,father,2,2,2.094896,2.000000,644.011800,576.305800,644.710900,575.886700,0.815131,637.633900,578.565100,651.788000,573.208400,637.633900,569.189500,651.788000,564.274500,-0.042721,0.239402,-5.580933,0.212838,0.228122,-5.444151,0.072435,-5.523241,54.732060,0.618580,-0.287633,0,0,14.007610,0.030000,0.000193,0.128750,5,5,3,6,4
319,18.177960,0.086340,mother,10,10,10.013760,10.000000,640.581600,239.818900,638.798300,240.948000,2.110741,642.399600,238.154400,635.197000,243.741600,642.399600,229.292300,635.197000,231.682900,0.043326,0.226290,3.111252,-0.086721,0.307911,2.968589,0.010501,3.068753,54.732340,0.267147,0.188552,1,0,16.908400,0.030000,0.000356,0.124541,5,11,10,5,4
319,18.177960,0.086340,older_sister,1,10,1.000000,9.557700,278.221300,439.697600,279.545600,440.686800,1.652927,287.588000,445.082000,271.503200,436.291600,287.588000,432.191200,271.503200,425.472300,-6.362995,0.329159,-2.172519,-6.653415,0.276265,-1.948062,-6.532115,-2.035033,305.264400,0.697077,-0.366718,0,1,16.455160,0.029968,0.000164,0.130016,3,1,10,5,4
319,18.177960,0.086340,player,9,3,9.000000,3.392840,877.044000,400.907100,875.023200,399.416000,2.511362,868.923000,395.843600,881.123300,402.988400,868.923000,381.743000,881.123300,392.110600,4.133333,0.360052,-0.915247,4.353615,0.277759,-1.097686,4.279961,-1.044540,125.260500,0.758905,-0.285189,0,1,16.504320,0.030000,0.000220,0.124438,7,8,3,4,4
320,18.223820,0.046517,father,2,2,2.148082,2.000000,646.260300,575.181700,645.210000,575.508100,1.099847,638.265200,578.073000,652.154700,572.943200,638.265200,567.974200,652.154700,564.107600,-0.031323,0.257868,-5.568367,0.219460,0.225610,-5.437379,0.113032,-5.494539,54.740090,0.685062,-0.280392,0,1,14.060470,0.002857,0.000061,0.128750,5,5,3,6,4
320,18.223820,0.046517,mother,10,10,10.066950,10.000000,642.830100,238.694800,641.198600,239.593000,1.862369,643.092300,237.748300,639.304900,241.437800,643.092300,228.833400,639.304900,228.714000,0.055833,0.227638,3.121624,-0.012552,0.324894,3.027415,0.051098,3.097454,54.740760,0.333628,0.110224,1,0,16.961250,0.002857,0.000164,0.124541,5,11,10,5,4
320,18.223820,0.046517,older_sister,1,10,1.000000,9.610054,276.008000,438.591000,278.020300,440.084100,2.505648,283.977500,443.589900,272.062900,436.578300,283.977500,429.415600,272.062900,425.694500,-6.428184,0.361932,-2.134419,-6.643308,0.277911,-1.955383,-6.572077,-2.006778,305.262300,0.762518,-0.279014,0,1,16.507190,0.002780,0.000097,0.130016,3,1,10,5,4
320,18.223820,0.046517,player,9,3,9.000000,3.339654,879.292500,402.031300,877.744200,400.977200,1.873048,874.453200,398.992100,881.035200,402.962200,874.453200,383.838300,881.035200,391.913700,4.233183,0.386943,-0.995642,4.352025,0.282119,-1.097017,4.320558,-1.073245,125.262900,0.825388,-0.155562,0,1,16.557180,0.002857,0.000246,0.124438,7,8,3,4,4
321,18.263110,0.044741,father,2,2,2.193102,2.000000,648.163500,574.230100,646.146600,575.000700,2.159038,640.090700,577.045400,652.202500,572.955900,640.090700,566.098300,652.202500,564.060700,0.001639,0.279529,-5.542128,0.220324,0.227132,-5.437704,0.147396,-5.470241,54.735870,0.741337,-0.238845,0,1,14.105210,0.044741,0.000061,0.128750,5,5,3,6,4
321,18.263110,0.044741,mother,10,10,10.111970,10.000000,644.733300,237.743400,643.887100,238.149100,0.938453,643.843700,237.333500,643.930500,238.964800,643.843700,228.370600,643.930500,227.139800,0.069400,0.228864,3.132215,0.070968,0.301942,3.090562,0.085462,3.121750,54.738790,0.389902,0.022767,1,0,17.005990,0.044741,0.000061,0.124541,5,11,10,5,4
321,18.263110,0.044741,older_sister,1,10,1.000000,9.651834,274.241800,437.707900,275.893700,438.885200,2.028559,279.654400,441.168200,272.133100,436.602100,279.654400,426.101300,272.133100,425.594600,-6.506240,0.384727,-2.072585,-6.642041,0.281069,-1.955991,-6.603968,-1.984225,305.267600,0.814743,-0.178198,0,1,16.548710,0.041521,0.000136,0.130016,3,1,10,5,4
321,18.263110,0.044741,player,9,3,9.000000,3.294634,881.195700,402.983100,880.945400,402.720900,0.362390,880.769700,402.408500,881.121200,403.033400,880.769700,388.170400,881.121200,391.789200,4.347230,0.363561,-1.082878,4.353578,0.287114,-1.098834,4.354922,-1.097549,125.270600,0.881662,-0.014396,0,1,16.601920,0.044741,0.000086,0.124438,7,8,3,4,4
322,18.302800,0.039854,father,2,2,2.233204,2.000000,649.858800,573.382400,647.879300,574.154100,2.124506,643.255600,575.478100,652.503100,572.830000,643.255600,563.745400,652.503100,563.868700,0.058781,0.299588,-5.502107,0.225750,0.228824,-5.434490,0.178006,-5.448596,54.735030,0.791462,-0.175368,0,1,14.145060,0.039854,0.000061,0.128750,5,5,3,6,4
322,18.302800,0.039854,mother,10,10,10.152070,10.000000,646.428600,236.895500,646.818500,236.668700,0.451063,644.539700,236.963200,649.097200,236.374200,644.539700,227.995600,649.097200,226.057300,0.081967,0.228982,3.141671,0.164255,0.263437,3.156709,0.116072,3.143399,54.730850,0.440031,-0.075867,1,0,17.045850,0.039854,0.000233,0.124541,5,11,10,5,4
322,18.302800,0.039854,older_sister,1,10,1.000000,9.686452,272.778300,436.976300,273.640300,437.585100,1.055318,275.213700,438.628900,272.066800,436.541300,275.213700,423.827600,272.066800,425.372800,-6.586420,0.377943,-2.007745,-6.643238,0.285183,-1.954439,-6.630392,-1.965544,305.258200,0.858017,-0.077167,0,1,16.583120,0.034405,0.000000,0.130016,3,1,10,5,4
322,18.302800,0.039854,player,9,3,9.000000,3.254532,882.890900,403.830600,884.338300,404.421600,1.563410,887.558000,405.809700,881.118700,403.033500,887.558000,393.066700,881.118700,391.650700,4.469797,0.325383,-1.169724,4.353532,0.290655,-1.098837,4.385530,-1.119189,125.260100,0.931789,0.135857,0,1,16.641770,0.039854,0.000164,0.124438,7,8,3,4,4
323,18.342390,0.039797,father,2,2,2.273249,2.000000,651.551600,572.535900,650.267600,573.111600,1.407176,647.580900,573.594400,652.954200,572.628800,647.580900,561.641000,652.954200,563.546600,0.136878,0.305222,-5.454007,0.233896,0.231912,-5.429353,0.208572,-5.426981,54.734810,0.841518,-0.093448,0,1,14.184860,0.039797,0.000136,0.128750,5,5,3,6,4
323,18.342390,0.039797,mother,10,10,10.192110,10.000000,648.121500,236.049200,649.628000,235.316600,1.675215,645.139500,236.645900,654.116500,233.987300,645.139500,227.676900,654.116500,224.437700,0.092797,0.229019,3.149773,0.254881,0.243843,3.217659,0.146638,3.165009,54.739870,0.490086,-0.171537,1,0,17.085640,0.039797,0.000136,0.124541,5,11,10,5,4
323,18.342390,0.039797,older_sister,1,10,1.000000,9.718200,271.436200,436.305200,271.217700,436.316400,0.218764,270.373400,436.104000,272.062000,436.528800,270.373400,422.338700,272.062000,425.238300,-6.673813,0.351489,-1.943273,-6.643326,0.288296,-1.954120,-6.654625,-1.948409,305.264600,0.897701,0.031155,0,1,16.614670,0.031551,0.000000,0.130016,3,1,10,5,4
323,18.342390,0.039797,player,9,3,9.000000,3.214487,884.583800,404.677200,888.082200,406.184600,3.809312,894.981400,409.284500,881.182900,403.084800,894.981400,397.431400,881.182900,391.539000,4.603832,0.302663,-1.258452,4.354690,0.294815,-1.100146,4.416097,-1.140808,125.270200,0.981846,0.294821,0,1,16.681570,0.039797,0.000000,0.124438,7,8,3,4,4
324,18.383300,0.040820,father,2,2,2.314323,2.000000,653.288100,571.667800,653.186700,571.696700,0.105410,652.910500,570.998500,653.462900,572.394900,652.910500,560.059600,653.462900,563.215500,0.233106,0.279319,-5.387722,0.243081,0.234392,-5.423380,0.239924,-5.404814,54.738550,0.892862,0.012441,0,1,14.225680,0.040820,0.000000,0.129733,5,5,3,6,4
324,18.383300,0.040820,mother,10,10,10.233190,10.000000,649.857900,235.180900,652.026500,234.188500,2.384893,645.656100,236.383100,658.397100,231.993900,645.656100,227.384200,658.397100,222.652800,0.102123,0.229780,3.156484,0.332169,0.238520,3.268559,0.177991,3.187179,54.734470,0.541428,-0.252538,0,0,17.126460,0.040820,0.000164,0.128636,5,11,10,5,4
324,18.383300,0.040820,older_sister,1,10,1.000000,9.747852,270.182600,435.678300,268.603200,435.028600,1.707784,265.160500,433.536300,272.045800,436.521000,265.160500,420.871100,272.045800,425.130100,-6.767936,0.323398,-1.877707,-6.643617,0.290860,-1.953919,-6.677259,-1.932402,305.267400,0.934767,0.145506,0,1,16.644140,0.029469,0.000068,0.138687,3,1,10,5,4
324,18.383300,0.040820,player,9,3,9.000000,3.173413,886.320300,405.545500,889.452600,406.940000,3.428740,897.466600,410.623200,881.438600,403.256900,897.466600,399.151100,881.438600,391.508200,4.648703,0.292933,-1.292634,4.359308,0.299996,-1.104541,4.447449,-1.162978,125.265400,0.033188,0.344885,0,0,16.722390,0.040820,0.000031,0.143353,7,8,3,4,4
325,18.473270,0.085677,father,2,2,2.394822,2.000000,656.691200,569.966100,659.429000,568.460900,3.124223,664.417800,565.015000,654.440000,571.906700,664.417800,555.364900,654.440000,562.557300,0.440878,0.246409,-5.234937,0.260722,0.238735,-5.410915,0.301369,-5.361361,54.732340,0.993485,0.248700,0,1,14.305680,0.030000,0.000193,0.129733,5,5,3,6,4
325,18.473270,0.085677,mother,10,10,10.313680,10.000000,653.261000,233.479300,653.346600,233.321400,0.179621,646.244000,236.009900,660.449200,230.632800,646.244000,226.412000,660.449200,221.753200,0.112738,0.245076,3.166013,0.369223,0.226737,3.303313,0.239435,3.230629,54.734580,0.642052,-0.288689,0,0,17.206460,0.030000,0.000246,0.128636,5,11,10,5,4
325,18.473270,0.085677,older_sister,1,10,1.000000,9.798129,268.057100,434.615400,264.155200,432.935700,4.248122,256.320800,429.380300,271.989600,436.491000,256.320800,417.511100,271.989600,424.884200,-6.927542,0.303073,-1.771586,-6.644632,0.296373,-1.953155,-6.715636,-1.905261,305.269400,0.997614,0.335822,0,1,16.694110,0.017411,0.000273,0.138687,3,1,10,5,4
325,18.473270,0.085677,player,9,3,9.000000,3.092914,889.723400,407.246800,889.922200,407.540700,0.354804,897.935800,411.299100,881.908600,403.782300,897.935800,400.397200,881.908600,391.321400,4.657174,0.278373,-1.309893,4.367794,0.318181,-1.117957,4.508894,-1.206420,125.260400,0.133810,0.347093,0,0,16.802390,0.030000,0.000164,0.143353,7,8,3,4,4
326,18.517760,0.044335,father,2,2,2.445145,2.000000,658.818600,568.902400,660.754400,567.943100,2.160472,666.170200,564.360800,655.338500,571.525400,666.170200,555.247700,655.338500,561.973900,0.472517,0.232698,-5.218234,0.276946,0.243890,-5.401176,0.339780,-5.334200,54.735680,0.056387,0.265305,0,0,14.355690,0.000011,0.000136,0.129733,5,5,3,6,4
326,18.517760,0.044335,mother,10,10,10.364010,10.000000,655.388400,232.415600,653.877300,232.954600,1.604350,647.160100,235.379500,660.594600,230.529700,647.160100,225.059800,660.594600,221.674700,0.129280,0.263508,3.182110,0.371848,0.226107,3.305946,0.277846,3.257790,54.735660,0.704954,-0.269553,0,0,17.256470,0.000011,0.000193,0.128636,5,11,10,5,4
326,18.517760,0.044335,older_sister,1,10,1.000000,9.824763,266.931200,434.052500,263.738300,432.637900,3.492120,255.729000,428.963000,271.747700,436.312900,255.729000,417.463200,271.747700,424.573000,-6.938226,0.293640,-1.760931,-6.649001,0.299772,-1.948606,-6.735965,-1.890887,305.262300,0.030907,0.344507,0,0,16.720570,0.000000,0.000205,0.138687,3,1,10,5,4
326,18.517760,0.044335,player,9,3,9.000000,3.042591,891.850800,408.310600,890.102400,407.766500,1.831126,897.455700,411.014500,882.749000,404.518500,897.455700,400.060600,882.749000,391.341100,4.648507,0.279700,-1.302626,4.382967,0.336476,-1.136755,4.547306,-1.233584,125.267100,0.196713,0.312578,0,0,16.852400,0.000011,0.000086,0.143353,7,8,3,4,4
327,18.557030,0.044001,father,2,2,2.489420,2.000000,660.690300,567.966600,661.614000,567.671300,0.969738,667.135500,564.095900,656.092500,571.246700,667.135500,555.276000,656.092500,561.349400,0.489946,0.225210,-5.211469,0.290559,0.252721,-5.394061,0.373575,-5.310306,54.737700,0.111733,0.268218,0,0,14.399690,0.044001,0.000136,0.129733,5,5,3,6,4
327,18.557030,0.044001,mother,10,10,10.408280,10.000000,657.260200,231.479700,655.165300,232.264800,2.237174,649.583900,234.037400,660.746600,230.492100,649.583900,222.769500,660.746600,221.575400,0.173042,0.287719,3.216379,0.374591,0.227682,3.306906,0.311643,3.281689,54.733390,0.760298,-0.216828,0,1,17.300470,0.044001,0.000259,0.128636,5,11,10,5,4
327,18.557030,0.044001,older_sister,1,10,1.000000,9.832556,266.601700,433.888000,263.668600,432.560200,3.219688,255.634100,428.853900,271.703100,436.266400,255.634100,417.470400,271.703100,424.488100,-6.939940,0.290670,-1.758144,-6.649805,0.300752,-1.947419,-6.741913,-1.886687,305.225500,0.040646,0.346181,0,0,16.728320,0.007744,0.000000,0.138687,3,1,10,5,4
327,18.557030,0.044001,player,9,3,9.000000,3.000000,893.651400,409.211000,890.885500,408.202100,2.944135,897.067700,410.821900,884.703300,405.582300,897.067700,399.814600,884.703300,391.333900,4.641501,0.281065,-1.297709,4.418253,0.363825,-1.163920,4.579816,-1.256575,125.268400,0.249952,0.259523,1,0,16.894730,0.042328,0.000061,0.143353,7,8,3,4,4
328,18.595770,0.039426,father,3,2,2.529092,2.000000,662.367500,567.128100,662.143100,567.439000,0.383500,667.392700,563.922700,656.893600,570.955300,667.392700,555.142700,656.893600,560.571500,0.494591,0.224194,-5.207048,0.305022,0.265144,-5.386621,0.403857,-5.288893,54.735510,0.161322,0.258459,1,0,14.439120,0.039426,0.000086,0.129733,5,5,3,6,4
328,18.595770,0.039426,mother,10,10,10.447950,10.000000,658.937300,230.641100,657.145800,231.371400,1.934689,653.177600,232.410100,661.113900,230.332800,653.177600,220.469600,661.113900,221.333100,0.237929,0.304892,3.257932,0.381223,0.229801,3.310974,0.341924,3.303102,54.734890,0.809887,-0.147622,0,1,17.339900,0.039426,0.000259,0.128636,5,11,10,5,4
328,18.595770,0.039426,older_sister,1,10,1.000000,9.849823,265.871700,433.522900,263.532400,432.388100,2.600026,255.451400,428.611500,271.613300,436.164700,255.451400,417.446300,271.613300,424.278700,-6.943238,0.285097,-1.751954,-6.651427,0.303503,-1.944823,-6.755094,-1.877364,305.271500,0.062231,0.349614,0,0,16.745480,0.017161,0.000110,0.138687,3,1,10,5,4
328,18.595770,0.039426,player,9,3,9.000000,3.000000,893.651400,409.211000,890.885500,408.202100,2.944135,897.067700,410.821900,884.703300,405.582300,897.067700,399.814600,884.703300,391.333900,4.641501,0.281065,-1.297709,4.418253,0.363825,-1.163920,4.579816,-1.256575,125.268400,0.249952,0.259523,1,0,16.894730,0.042328,0.000061,0.143353,7,8,3,4,4
329,18.636390,0.039305,father,3,2,2.568642,2.000000,664.039400,566.292000,662.784100,567.173400,1.533896,667.441800,563.866000,658.126300,570.480800,667.441800,555.045300,658.126300,559.519800,0.495477,0.225229,-5.205598,0.327280,0.279883,-5.374504,0.434046,-5.267547,54.736170,0.210758,0.234850,1,0,14.478420,0.039305,0.000136,0.129733,5,5,3,6,4
329,18.636390,0.039305,mother,10,10,10.487500,10.000000,660.609300,229.805300,659.718900,230.207500,0.976954,657.827100,230.303700,661.610700,230.111300,657.827100,218.631700,661.610700,220.988000,0.321877,0.298037,3.311716,0.390194,0.232956,3.316631,0.372112,3.324445,54.739790,0.859325,-0.058621,0,1,17.379210,0.039305,0.000179,0.128636,5,11,10,5,4
329,18.636390,0.039305,older_sister,1,10,0.999999,9.866307,265.174800,433.174500,263.415900,432.242000,1.990847,255.301400,428.425800,271.530300,436.058100,255.301400,417.408700,271.530300,424.036400,-6.945946,0.281317,-1.747215,-6.652925,0.306966,-1.942101,-6.767677,-1.868468,305.260200,0.082836,0.351770,0,0,16.761860,0.016382,0.000068,0.138687,3,1,10,5,4
329,18.636390,0.039305,player,9,3,8.993782,3.000000,893.388500,409.342500,891.433100,407.652500,2.584505,895.444600,411.637100,887.421600,403.668000,895.444600,400.627000,887.421600,389.236000,4.612195,0.281136,-1.318523,4.467334,0.368513,-1.115038,4.575070,-1.259933,149.168200,0.257725,0.248971,1,0,16.900910,0.006180,0.000086,0.143353,1,8,3,4,4
330,18.674590,0.038649,father,3,2,2.607532,2.000000,665.683500,565.469900,663.908900,566.599900,2.103799,667.685300,563.716900,660.132600,569.482800,667.685300,554.855400,660.132600,557.560400,0.499873,0.226273,-5.201791,0.363505,0.304432,-5.349021,0.463730,-5.246554,54.732080,0.259371,0.196350,1,0,14.517070,0.038649,0.000193,0.126405,5,5,3,6,4
330,18.674590,0.038649,mother,11,10,10.526390,10.000000,662.253400,228.983100,662.550000,228.811700,0.342591,663.053300,227.723400,662.046900,229.900000,663.053300,217.150100,662.046900,220.699200,0.416239,0.269983,3.377602,0.398069,0.234938,3.322025,0.401798,3.345437,54.733970,0.907936,0.046925,0,1,17.417850,0.038649,0.000233,0.130245,5,11,10,5,4
330,18.674590,0.038649,older_sister,1,10,0.999999,9.881247,264.543300,432.858500,263.330700,432.126900,1.416202,255.219800,428.291900,271.441500,435.961900,255.219800,417.356500,271.441500,423.796500,-6.947419,0.279230,-1.743795,-6.654529,0.310637,-1.939644,-6.779080,-1.860400,305.280800,0.101509,0.352215,0,0,16.776710,0.014847,0.000232,0.131915,3,1,10,5,4
330,18.674590,0.038649,player,9,3,8.975541,3.000000,892.617300,409.727900,891.793100,407.649800,2.235607,893.092000,411.806700,890.494100,403.492900,893.092000,400.789600,890.494100,388.573500,4.569717,0.281315,-1.322855,4.522811,0.380958,-1.110566,4.561146,-1.269775,172.669100,0.280525,0.216539,1,0,16.919030,0.018128,0.000086,0.131226,1,8,3,4,4
331,18.762670,0.083327,father,3,2,2.688030,2.000000,669.086600,563.768600,667.727600,564.473400,1.530913,668.792200,563.081200,666.663000,565.865700,668.792200,554.137000,666.663000,553.339000,0.519858,0.228388,-5.185561,0.481415,0.319862,-5.256660,0.525175,-5.203112,54.739460,0.359993,0.072435,1,0,14.597070,0.030000,0.000000,0.126405,5,5,3,6,4
331,18.762670,0.083327,mother,11,10,10.605950,10.000000,665.616500,227.301500,668.339100,225.811800,3.103510,673.607200,222.230900,663.070900,229.392700,673.607200,212.607800,663.070900,220.005400,0.606796,0.245722,3.517851,0.416558,0.239699,3.334978,0.462521,3.388375,54.735180,0.007376,0.260911,0,1,17.496910,0.029103,0.000273,0.130245,5,11,10,5,4
331,18.762670,0.083327,older_sister,1,10,0.999999,9.909048,263.368000,432.270900,263.248900,432.016400,0.280970,255.248400,428.272600,271.249500,435.760200,255.248400,417.368800,271.249500,423.273300,-6.946904,0.278425,-1.743303,-6.657994,0.318846,-1.934493,-6.800301,-1.845397,305.261300,0.136263,0.346278,0,0,16.804340,0.009821,0.000136,0.131915,3,1,10,5,4
331,18.762670,0.083327,player,9,3,8.903952,2.999999,889.590900,411.241100,890.830400,410.187400,1.626879,889.857100,411.234600,891.803900,409.140300,889.857100,400.060200,891.803900,394.032800,4.511307,0.285330,-1.308246,4.546459,0.385760,-1.254769,4.506503,-1.308413,223.336700,0.370012,0.063020,1,0,16.990180,0.030000,0.000031,0.131226,1,8,3,4,4
332,18.803010,0.045272,father,3,2,2.736932,2.000000,671.153900,562.734800,671.036700,562.760700,0.120071,669.643200,562.622300,672.430100,562.898900,669.643200,553.656900,672.430100,552.030200,0.535226,0.228928,-5.173843,0.585542,0.277527,-5.180906,0.562502,-5.176714,54.731940,0.421122,-0.037002,1,0,14.645670,0.048599,0.000136,0.126405,5,5,3,6,4
332,18.803010,0.045272,mother,11,10,10.651610,10.000000,667.547100,226.336300,669.347700,225.471700,1.997424,674.791000,221.887100,663.904400,229.056400,674.791000,212.839600,663.904400,219.466200,0.628171,0.231024,3.526630,0.431606,0.244879,3.343568,0.497378,3.413022,54.736560,0.064459,0.266185,0,0,17.542300,0.045384,0.000233,0.130245,5,11,10,5,4
332,18.803010,0.045272,older_sister,1,10,0.999999,9.924256,262.725000,431.949600,263.213700,431.969800,0.489034,255.348500,428.349700,271.078800,435.589900,255.348500,417.436200,271.078800,422.887900,-6.945096,0.278669,-1.745270,-6.661078,0.324338,-1.930145,-6.811909,-1.837192,305.252600,0.155272,0.338640,1,0,16.819450,0.015113,0.000043,0.131915,3,1,10,5,4
332,18.803010,0.045272,player,9,3,8.855049,2.999999,887.523600,412.274800,887.313900,412.324200,0.215406,889.429000,411.517100,885.198700,413.131400,889.429000,400.239700,885.198700,400.063000,4.503580,0.287962,-1.315459,4.427200,0.333696,-1.356681,4.469175,-1.334807,234.735900,0.431139,-0.086163,1,0,17.038780,0.048599,0.000086,0.131226,1,8,3,4,4
333,18.842580,0.039846,father,3,2,2.777026,2.000000,672.849000,561.887400,673.973000,561.315900,1.260983,670.287400,562.278400,677.658700,560.353300,670.287400,553.305600,677.658700,550.632900,0.546855,0.229114,-5.165060,0.679949,0.248205,-5.115906,0.593106,-5.155077,54.740300,0.471239,-0.137053,1,0,14.685520,0.039846,0.000000,0.126405,5,5,3,6,4
333,18.842580,0.039846,mother,11,10,10.686290,10.000000,669.013200,225.603300,670.015900,225.258800,1.060196,675.536800,221.680200,664.494900,228.837400,675.536800,212.849500,664.494900,218.969200,0.641637,0.225488,3.531913,0.442270,0.251978,3.349158,0.523850,3.431740,54.736690,0.107809,0.268295,0,0,17.576760,0.034466,0.000246,0.130245,5,11,10,5,4
333,18.842580,0.039846,older_sister,1,10,0.999999,9.935918,262.232000,431.702800,263.175400,431.917100,0.967416,255.460200,428.406700,270.890700,435.427500,255.460200,417.483300,270.890700,422.554100,-6.943080,0.278922,-1.746725,-6.664473,0.328714,-1.925997,-6.820811,-1.830890,305.297600,0.169851,0.330976,1,0,16.831040,0.011590,0.000301,0.131915,3,1,10,5,4
333,18.842580,0.039846,player,9,3,8.814955,2.999999,885.828600,413.122300,884.104900,413.868600,1.878298,889.201400,411.654400,879.008400,416.082700,889.201400,400.304500,879.008400,404.220900,4.499468,0.289813,-1.318966,4.315429,0.302885,-1.432040,4.438571,-1.356448,234.735200,0.481258,-0.215550,1,0,17.078620,0.039846,0.000061,0.131226,1,8,3,4,4
334,18.880770,0.038523,father,3,2,2.815789,2.000000,674.487700,561.068000,676.471700,560.145500,2.187983,670.823200,562.003900,682.120200,558.287000,670.823200,553.032500,682.120200,548.875200,0.556530,0.229078,-5.158051,0.760503,0.240325,-5.063144,0.622694,-5.134154,54.733300,0.519693,-0.221337,1,0,14.724040,0.038523,0.000061,0.126405,5,5,3,6,4
334,18.880770,0.038523,mother,11,10,10.717050,10.000000,670.313400,224.953200,670.428500,225.079600,0.170953,675.795200,221.532800,665.062000,228.626400,675.795200,212.749300,665.062000,218.407400,0.646301,0.224281,3.535676,0.452507,0.260936,3.354545,0.547326,3.448338,54.739200,0.146254,0.262805,0,0,17.607330,0.030565,0.000164,0.130245,5,11,10,5,4
334,18.880770,0.038523,older_sister,1,10,0.999999,9.946651,261.778300,431.476100,263.135900,431.860000,1.410877,255.580100,428.478300,270.691700,435.241600,255.580100,417.541900,270.691700,422.220400,-6.940915,0.279254,-1.748554,-6.668066,0.332489,-1.921251,-6.829003,-1.825103,305.236500,0.183266,0.322495,1,0,16.841710,0.010666,0.000110,0.131915,3,1,10,5,4
334,18.880770,0.038523,player,9,3,8.776192,2.999999,884.189800,413.941600,881.513300,415.046800,2.895706,889.084800,411.714200,873.941800,418.379300,889.084800,400.304600,873.941800,406.917600,4.497365,0.291337,-1.320492,4.223949,0.292670,-1.490683,4.408983,-1.377368,234.738200,0.529711,-0.321503,0,0,17.117150,0.038523,0.000136,0.131226,1,8,3,4,4
335,18.921740,0.040990,father,3,2,2.857035,2.000000,676.231400,560.196100,678.221600,559.279200,2.191219,671.222500,561.804200,685.220600,556.754300,671.222500,552.712300,685.220600,547.552500,0.563740,0.232157,-5.152952,0.816483,0.234964,-5.024007,0.654178,-5.111891,54.734550,0.571249,-0.280810,0,0,14.765030,0.040990,0.000086,0.126405,5,5,3,6,4
335,18.921740,0.040990,mother,11,10,10.746910,10.000000,671.575900,224.321900,670.865100,224.902400,0.917673,675.885300,221.457200,665.845000,228.347500,675.885300,212.668300,665.845000,217.716800,0.647928,0.224422,3.537606,0.466646,0.271449,3.361668,0.570120,3.464459,54.729130,0.183582,0.249599,1,0,17.637010,0.029678,0.000259,0.130245,5,11,10,5,4
335,18.921740,0.040990,older_sister,1,10,0.999999,9.957621,261.314500,431.244300,263.070600,431.791400,1.839311,255.721300,428.546400,270.419900,435.036300,255.721300,417.592100,270.419900,421.856000,-6.938366,0.279710,-1.750293,-6.672974,0.336551,-1.916010,-6.837376,-1.819182,305.265300,0.196978,0.312369,1,0,16.852610,0.010901,0.000068,0.131915,3,1,10,5,4
335,18.921740,0.040990,player,9,3,8.734945,2.999999,882.446200,414.813400,880.269300,415.709600,2.354110,889.198600,411.662500,871.340000,419.756600,889.198600,400.020300,871.340000,408.676700,4.499420,0.297277,-1.319174,4.176973,0.282918,-1.525850,4.377500,-1.399631,234.735000,0.581268,-0.382601,0,0,17.158140,0.040990,0.000110,0.131226,1,8,3,4,4
336,18.961620,0.039546,father,3,2,2.896828,2.000000,677.913600,559.354900,678.552500,558.960500,0.750848,671.469400,561.643300,685.635600,556.277700,671.469400,552.247100,685.635600,547.349700,0.568197,0.239925,-5.148844,0.823977,0.227973,-5.011837,0.684551,-5.090411,54.731760,0.620989,-0.287941,0,0,14.804570,0.039546,0.000136,0.123798,5,5,3,6,4
336,18.961620,0.039546,mother,11,10,10.772970,10.000000,672.677700,223.771100,671.320900,224.703800,1.646485,675.900200,221.432700,666.741600,227.974900,675.900200,212.604700,666.741600,216.923600,0.648198,0.225417,3.538234,0.482834,0.282189,3.371181,0.590014,3.478523,54.741990,0.216162,0.231463,1,0,17.662910,0.025902,0.000179,0.125627,5,11,10,5,4
336,18.961620,0.039546,older_sister,1,10,1.000000,9.967834,260.882800,431.028600,262.988400,431.716800,2.215224,255.858300,428.613600,270.118600,434.820000,255.858300,417.640300,270.118600,421.483900,-6.935892,0.280196,-1.752009,-6.678415,0.340529,-1.910487,-6.845171,-1.813674,305.245000,0.209745,0.301733,1,0,16.862760,0.010150,0.000043,0.130344,3,1,10,5,4
336,18.961620,0.039546,player,9,3,8.695153,2.999999,880.763900,415.654700,880.306700,415.941500,0.539707,889.336700,411.717700,871.276600,420.165300,889.336700,399.650900,871.276600,409.274600,4.501913,0.308118,-1.320581,4.175827,0.278087,-1.536287,4.347126,-1.421111,234.731800,0.631010,-0.390786,0,0,17.197690,0.039546,0.000000,0.128089,1,8,3,4,4
337,19.048980,0.083864,father,3,2,2.977326,2.000000,681.316700,557.653400,679.511800,558.333700,1.928824,673.059700,560.602000,685.963900,556.065600,673.059700,550.034700,685.963900,547.189500,0.596911,0.269830,-5.122254,0.829904,0.226644,-5.006419,0.745996,-5.046966,54.737410,0.721613,-0.257117,0,1,14.884570,0.030000,0.000136,0.123798,5,5,3,6,4
337,19.048980,0.083864,mother,11,10,10.818590,10.000000,674.606200,222.806900,672.814800,223.931200,2.114945,676.277500,221.212100,669.352100,226.650200,676.277500,212.349500,669.352100,214.486700,0.655011,0.226301,3.543866,0.529967,0.310588,3.405008,0.624834,3.503144,54.736510,0.273182,0.182267,1,0,17.708240,0.015804,0.000110,0.125627,5,11,10,5,4
337,19.048980,0.083864,older_sister,1,10,1.000000,10.000000,259.523000,430.348500,262.288800,431.357500,2.944078,256.106600,428.737500,268.470900,433.977300,256.106600,417.730200,268.470900,419.728900,-6.931408,0.281065,-1.755174,-6.708163,0.363825,-1.888969,-6.869724,-1.796309,305.269700,0.249952,0.259523,0,0,16.894730,0.000000,0.000061,0.130344,3,-1,-1,5,4
337,19.048980,0.083864,player,9,3,8.614655,2.999999,877.360800,417.356100,879.857100,416.501800,2.638369,887.569900,413.096400,872.144200,419.907200,887.569900,399.601500,872.144200,409.063300,4.470012,0.344585,-1.355787,4.191492,0.276894,-1.529696,4.285682,-1.464556,234.737200,0.731634,-0.327817,0,1,17.277690,0.030000,0.000086,0.128089,1,8,3,4,4
338,19.087480,0.042780,father,3,2,3.024261,2.000000,683.300800,556.661400,681.250200,557.445300,2.195316,676.261500,558.934100,686.239000,555.956500,676.261500,547.355800,686.239000,547.013800,0.654721,0.295646,-5.079667,0.834870,0.228347,-5.003635,0.781821,-5.021636,54.738060,0.780281,-0.190990,0,1,14.931220,0.046645,0.000000,0.123798,5,5,3,6,4
338,19.087480,0.042780,mother,11,10,10.841250,10.000000,675.564200,222.327800,673.778900,223.381200,2.072908,676.554400,221.049600,671.003400,225.712900,676.554400,212.172300,671.003400,213.148300,0.660011,0.226679,3.548014,0.559782,0.320827,3.428941,0.642131,3.515378,54.729650,0.301508,0.150587,1,0,17.730760,0.022521,0.000220,0.125627,5,11,10,5,4
338,19.087480,0.042780,older_sister,1,10,1.000000,10.000000,259.523000,430.348500,262.288800,431.357500,2.944078,256.106600,428.737500,268.470900,433.977300,256.106600,417.730200,268.470900,419.728900,-6.931408,0.281065,-1.755174,-6.708163,0.363825,-1.888969,-6.869724,-1.796309,305.269700,0.249952,0.259523,0,0,16.894730,0.000000,0.000061,0.130344,3,-1,-1,5,4
338,19.087480,0.042780,player,9,3,8.567719,2.999999,875.376600,418.348100,877.849100,417.573700,2.590915,883.323300,415.333000,872.374800,419.814500,883.323300,400.623700,872.374800,408.878100,4.393337,0.375594,-1.412896,4.195656,0.279255,-1.527329,4.249855,-1.489886,234.739400,0.790302,-0.227475,0,1,17.324330,0.046645,0.000193,0.128089,1,8,3,4,4
339,19.125370,0.037941,father,3,2,3.062439,2.000000,684.914900,555.854300,683.377600,556.522900,1.676353,680.120900,557.264300,686.634300,555.781600,680.120900,545.227300,686.634300,546.734000,0.724405,0.307359,-5.037029,0.842008,0.231024,-4.999167,0.810963,-5.001025,54.729660,0.828003,-0.117878,0,1,14.969160,0.037941,0.000136,0.123798,5,5,3,6,4
339,19.125370,0.037941,mother,11,10,10.857910,10.000000,676.268200,221.975800,674.562100,222.936900,1.958217,676.780500,220.915600,672.343800,224.958200,676.780500,212.014800,672.343800,212.246500,0.664093,0.227276,3.551436,0.583984,0.324587,3.448210,0.654843,3.524365,54.738470,0.322327,0.125005,1,0,17.747310,0.016552,0.000179,0.125627,5,11,10,5,4
339,19.125370,0.037941,older_sister,1,10,1.000000,10.000000,259.523000,430.348500,262.288800,431.357500,2.944078,256.106600,428.737500,268.470900,433.977300,256.106600,417.730200,268.470900,419.728900,-6.931408,0.281065,-1.755174,-6.708163,0.363825,-1.888969,-6.869724,-1.796309,305.269700,0.249952,0.259523,0,0,16.894730,0.000000,0.000061,0.130344,3,-1,-1,5,4
339,19.125370,0.037941,player,9,3,8.529542,2.999999,873.762700,419.155300,875.400700,418.554500,1.744708,878.458400,417.311100,872.343100,419.797900,878.458400,402.185000,872.343100,408.701000,4.305499,0.386234,-1.463405,4.195084,0.283352,-1.526906,4.220715,-1.510497,234.728400,0.838024,-0.126814,0,1,17.362270,0.037941,0.000000,0.128089,1,8,3,4,4
340,19.163660,0.038643,father,3,2,3.101322,2.000000,686.558700,555.032500,686.060500,555.253600,0.545098,684.979800,554.953100,687.141200,555.554000,684.979800,543.634200,687.141200,546.399800,0.812134,0.289022,-4.978014,0.851161,0.233746,-4.993358,0.840643,-4.980040,54.738780,0.876608,-0.023009,0,1,15.007800,0.038643,0.000061,0.123798,5,5,3,6,4
340,19.163660,0.038643,mother,11,10,10.873480,10.000000,676.926600,221.646500,675.363100,222.492400,1.777605,677.011800,220.781500,673.714500,224.203300,677.011800,211.856900,673.714500,211.502300,0.668269,0.227884,3.554862,0.608733,0.324312,3.467488,0.666730,3.532773,54.727840,0.341789,0.099061,1,0,17.762790,0.015475,0.000273,0.125627,5,11,10,5,4
340,19.163660,0.038643,older_sister,1,10,1.000000,10.000000,259.523000,430.348500,262.288800,431.357500,2.944078,256.106600,428.737500,268.470900,433.977300,256.106600,417.730200,268.470900,419.728900,-6.931408,0.281065,-1.755174,-6.708163,0.363825,-1.888969,-6.869724,-1.796309,305.269700,0.249952,0.259523,0,0,16.894730,0.000000,0.000061,0.130344,3,-1,-1,5,4
340,19.163660,0.038643,player,8,3,8.490659,2.999999,872.118800,419.977100,872.403100,419.965800,0.284466,872.561500,420.105900,872.244800,419.825700,872.561500,406.006200,872.244800,408.566800,4.199026,0.360027,-1.534770,4.193307,0.287490,-1.527616,4.191034,-1.531481,234.739100,0.886627,-0.000540,0,1,17.400910,0.038643,0.000110,0.128089,1,8,3,4,4
341,19.218400,0.051681,father,3,2,3.153326,2.000000,688.757100,553.933100,690.085600,553.207900,1.513550,692.418900,551.166300,687.752200,555.249500,692.418900,541.293000,687.752200,546.001600,0.946454,0.252108,-4.881319,0.862193,0.236139,-4.985582,0.880336,-4.951967,54.730510,0.941610,0.128999,0,1,15.059480,0.001681,0.000220,0.123798,5,5,3,6,4
341,19.218400,0.051681,mother,11,10,10.892720,10.000000,677.739900,221.240100,676.466200,221.891600,1.430658,677.328200,220.606600,675.604200,223.176600,677.328200,211.657100,675.604200,210.758000,0.673982,0.228520,3.559327,0.642854,0.317101,3.493704,0.681414,3.543152,54.747650,0.365837,0.063296,0,0,17.781910,0.000609,0.000136,0.125627,5,11,10,5,4
341,19.218400,0.051681,older_sister,1,10,1.000000,10.000000,259.523000,430.348500,262.288800,431.357500,2.944078,256.106600,428.737500,268.470900,433.977300,256.106600,417.730200,268.470900,419.728900,-6.931408,0.281065,-1.755174,-6.708163,0.363825,-1.888969,-6.869724,-1.796309,305.269700,0.249952,0.259523,0,0,16.894730,0.000000,0.000061,0.130344,3,-1,-1,5,4
341,19.218400,0.051681,player,8,3,8.438666,2.999999,869.920900,421.076100,867.824200,422.314200,2.434944,863.476400,424.770000,872.172100,419.858400,863.476400,412.504000,872.172100,408.418700,4.034991,0.313205,-1.653864,4.191995,0.292105,-1.528450,4.151349,-1.559542,234.736300,0.951618,0.200602,0,1,17.452580,0.001670,0.000110,0.128089,1,8,3,4,4
342,19.272100,0.053580,father,3,2,3.207239,2.000000,691.036300,552.793500,693.732900,551.319300,3.073215,699.003000,547.738600,688.462800,554.900100,699.003000,538.133200,688.462800,545.508200,1.065331,0.245269,-4.793797,0.875023,0.239816,-4.976660,0.921489,-4.922869,54.736610,0.009003,0.260962,0,1,15.113060,0.003579,0.000273,0.132560,5,5,3,6,4
342,19.272100,0.053580,mother,11,10,10.910800,10.000000,678.504200,220.857700,677.629000,221.279700,0.971529,677.643700,220.434000,677.614200,222.125400,677.643700,211.471400,677.614200,210.259600,0.679679,0.228856,3.563734,0.679146,0.302985,3.520546,0.695214,3.552915,54.722910,0.388437,0.025378,1,0,17.799880,0.001151,0.000287,0.128829,5,11,10,5,4
342,19.272100,0.053580,older_sister,1,10,1.000000,10.000000,259.523000,430.348500,262.288800,431.357500,2.944078,256.106600,428.737500,268.470900,433.977300,256.106600,417.730200,268.470900,419.728900,-6.931408,0.281065,-1.755174,-6.708163,0.363825,-1.888969,-6.869724,-1.796309,305.269700,0.249952,0.259523,0,0,16.894730,0.000000,0.000061,0.131027,3,-1,-1,5,4
342,19.272100,0.053580,player,8,3,8.385775,2.999999,867.684900,422.194100,864.464400,424.034000,3.709043,856.946900,428.144000,871.981900,419.924100,856.946900,416.484900,871.981900,408.236700,3.917096,0.297709,-1.740018,4.188564,0.298430,-1.530128,4.110978,-1.588092,234.733100,0.017733,0.342833,0,1,17.505150,0.003464,0.000061,0.143335,1,8,3,4,4
343,19.376350,0.101087,father,3,2,3.287738,2.000000,694.439400,551.092200,695.405800,550.770500,1.018553,700.927600,547.193500,689.884000,554.347500,700.927600,538.368000,689.884000,544.466100,1.100081,0.225354,-4.779877,0.900684,0.252317,-4.962550,0.982934,-4.879427,54.739460,0.109625,0.268271,0,0,15.193060,0.030000,0.000061,0.132560,5,5,3,6,4
343,19.376350,0.101087,mother,11,10,10.935010,10.000000,679.528000,220.346100,679.347800,220.403700,0.189101,678.065100,220.210400,680.630600,220.597000,678.065100,211.245100,680.630600,209.650500,0.687287,0.228924,3.569443,0.733607,0.279512,3.559572,0.713700,3.565979,54.748130,0.418709,-0.032129,1,0,17.823940,0.008657,0.000061,0.128829,5,11,10,5,4
343,19.376350,0.101087,older_sister,1,10,1.000000,10.000000,259.523000,430.348500,262.288800,431.357500,2.944078,256.106600,428.737500,268.470900,433.977300,256.106600,417.730200,268.470900,419.728900,-6.931408,0.281065,-1.755174,-6.708163,0.363825,-1.888969,-6.869724,-1.796309,305.269700,0.249952,0.259523,0,0,16.894730,0.000000,0.000068,0.131027,3,4,7,7,4
343,19.376350,0.101087,player,8,3,8.313688,2.999999,864.637500,423.717800,863.416700,424.178500,1.304732,855.599500,428.301400,871.234000,420.055600,855.599500,417.382900,871.234000,407.840200,3.892768,0.278797,-1.744037,4.175057,0.311911,-1.533484,4.055954,-1.626998,234.736900,0.107842,0.352051,0,0,17.576790,0.025570,0.000110,0.143335,1,8,3,4,4
344,19.419470,0.044714,father,3,2,3.353948,2.000000,697.238500,549.692700,696.344400,550.374500,1.124413,701.257000,546.968200,691.431800,553.780900,701.257000,538.171300,691.431800,543.046400,1.106029,0.224624,-4.774125,0.928628,0.274099,-4.948082,1.033472,-4.843691,54.735450,0.192389,0.245282,1,0,15.258860,0.015800,0.000000,0.132560,5,5,3,6,4
344,19.419470,0.044714,mother,11,10,10.953190,9.999999,680.296300,219.961800,680.724700,219.716100,0.493876,678.379400,220.042900,683.070100,219.389300,678.379400,211.075000,683.070100,209.110100,0.692960,0.228989,3.573721,0.777656,0.262474,3.590411,0.727573,3.575790,54.732410,0.441427,-0.078788,1,0,17.842000,0.004178,0.000136,0.128829,5,11,10,5,4
344,19.419470,0.044714,older_sister,1,10,1.008047,10.000000,259.863200,430.178400,261.679000,431.940100,2.529996,258.036200,427.854100,265.321800,436.026100,258.036200,416.843100,265.321800,421.542300,-6.896569,0.281157,-1.732614,-6.765022,0.369834,-1.941282,-6.863582,-1.791965,332.459500,0.260012,0.245847,1,0,16.902720,0.007997,0.000136,0.131027,5,4,7,7,4
344,19.419470,0.044714,player,8,3,8.262432,2.999999,862.470600,424.801400,863.127200,424.209800,0.883807,855.910000,428.176800,870.344400,420.242800,855.910000,417.251600,870.344400,407.346300,3.898376,0.278968,-1.740855,4.158995,0.329304,-1.538266,4.016829,-1.654666,234.732600,0.171911,0.329760,1,0,17.627730,0.011497,0.000000,0.143335,1,8,3,4,4
345,19.459300,0.042403,father,3,2,3.396615,2.000000,699.042200,548.790800,697.257800,549.914400,2.108789,701.342900,546.889200,693.172600,552.939600,701.342900,538.028200,693.172600,541.269200,1.107581,0.226261,-4.772107,0.960061,0.297998,-4.926600,1.066040,-4.820662,54.735440,0.245722,0.209646,1,0,15.301270,0.042403,0.000000,0.132560,5,5,3,6,4
345,19.459300,0.042403,mother,11,10,10.964290,10.000000,680.765400,219.727100,681.548200,219.309700,0.887164,678.559500,219.946900,684.537000,218.672500,678.559500,210.976800,684.537000,208.715400,0.696213,0.229048,3.576171,0.804139,0.254249,3.608712,0.736042,3.581783,54.715900,0.455296,-0.106897,1,0,17.853030,0.011027,0.000287,0.128829,5,11,10,5,4
345,19.459300,0.042403,older_sister,1,10,1.030546,10.000000,260.814300,429.702700,261.329300,431.811000,2.170269,260.633600,427.806300,262.025100,435.815700,260.633600,416.783400,262.025100,420.755200,-6.849671,0.281463,-1.731395,-6.824546,0.384560,-1.935910,-6.846408,-1.779819,358.244400,0.288136,0.205189,1,0,16.925080,0.022360,0.000205,0.131027,5,4,7,7,4
345,19.459300,0.042403,player,8,3,8.233829,2.999999,861.261400,425.406000,862.833100,424.260600,1.944819,856.273500,427.996000,869.392600,420.525200,856.273500,417.025700,869.392600,407.218700,3.904937,0.280121,-1.736240,4.141811,0.339774,-1.545477,3.994997,-1.670104,234.736200,0.207665,0.303544,1,0,17.656150,0.028426,0.000000,0.143335,1,8,3,4,4
346,19.499600,0.040588,father,3,2,3.437457,2.000000,700.768800,547.927400,698.976300,548.998200,2.087966,701.871200,546.597700,696.081400,551.398800,701.871200,537.724300,696.081400,538.889200,1.117118,0.226576,-4.764662,1.012580,0.319427,-4.887257,1.097215,-4.798617,54.734200,0.296774,0.156136,1,0,15.341860,0.040588,0.000061,0.132560,5,5,3,6,4
346,19.499600,0.040588,mother,11,10,10.974580,10.000000,681.200400,219.509600,682.261400,218.965800,1.192196,678.708300,219.867000,685.814500,218.064600,678.708300,210.894500,685.814500,208.306300,0.698899,0.229106,3.578213,0.827205,0.249172,3.624236,0.743896,3.587337,54.736150,0.468159,-0.131333,1,0,17.863260,0.010226,0.000259,0.128829,5,11,10,5,4
346,19.499600,0.040588,older_sister,1,10,1.065611,10.000000,262.296700,428.961500,261.487200,430.757000,1.969564,262.580700,428.215500,260.393700,433.298600,262.580700,417.116300,260.393700,417.771100,-6.814516,0.283410,-1.741842,-6.854002,0.396486,-1.871639,-6.819643,-1.760894,22.925860,0.331966,0.134926,1,0,16.959930,0.034848,0.000164,0.131027,5,4,7,7,4
346,19.499600,0.040588,player,8,3,8.208961,2.999999,860.210000,425.931400,862.462500,424.452900,2.694397,856.579700,427.851700,868.345300,421.054000,856.579700,416.848900,868.345300,407.072200,3.910467,0.280952,-1.732556,4.122902,0.357015,-1.558978,3.976014,-1.683520,234.747800,0.238749,0.273664,1,0,17.680870,0.024714,0.000246,0.143335,1,8,3,4,4
347,19.540190,0.040411,father,3,2,3.478120,2.000000,702.487900,547.068000,700.979900,547.872600,1.709178,702.449900,546.260700,699.510000,549.484600,702.449900,537.329200,699.510000,536.817200,1.127567,0.228060,-4.756057,1.074487,0.323454,-4.838378,1.128253,-4.776671,54.738160,0.347603,0.090866,1,0,15.382270,0.040411,0.000000,0.132560,5,5,3,6,4
347,19.540190,0.040411,mother,11,10,11.000000,10.000000,682.275300,218.972400,683.963400,218.167100,1.870340,679.070600,219.678800,688.856200,216.655400,679.070600,210.711600,688.856200,207.164400,0.705442,0.228972,3.583019,0.882126,0.242350,3.660218,0.763303,3.601056,54.743930,0.499939,-0.188839,0,0,17.888530,0.000000,0.000137,0.128829,5,-1,-1,5,4
347,19.540190,0.040411,older_sister,1,10,1.106275,10.000000,264.015800,428.102200,262.914900,428.904500,1.362214,263.439800,428.284600,262.389900,429.524400,263.439800,417.088600,262.389900,414.774300,-6.799003,0.285883,-1.743608,-6.817961,0.376635,-1.775265,-6.788604,-1.738952,47.538940,0.382793,0.035358,1,0,17.000340,0.040411,0.000031,0.131027,5,4,7,7,4
347,19.540190,0.040411,player,8,3,8.186641,2.999999,859.266400,426.403300,861.486100,424.894500,2.683908,856.456000,427.892400,866.516100,421.896600,856.456000,416.879600,866.516100,407.268200,3.908233,0.281207,-1.733594,4.089874,0.373530,-1.580496,3.958977,-1.695571,234.727700,0.266649,0.236704,1,0,17.703050,0.022183,0.000110,0.143335,1,8,3,4,4
348,19.578990,0.039437,father,4,2,3.517803,2.000000,704.165500,546.229100,703.471600,546.553000,0.765842,703.129600,545.889500,703.813500,547.216600,703.129600,536.925800,703.813500,535.602500,1.139840,0.228883,-4.746579,1.152189,0.296556,-4.780465,1.158544,-4.755251,54.733860,0.397207,0.009482,1,0,15.421700,0.039437,0.000000,0.128859,5,5,3,6,4
348,19.578990,0.039437,mother,11,10,11.000000,10.000000,682.275300,218.972400,683.963400,218.167100,1.870340,679.070600,219.678800,688.856200,216.655400,679.070600,210.711600,688.856200,207.164400,0.705442,0.228972,3.583019,0.882126,0.242350,3.660218,0.763303,3.601056,54.743930,0.499939,-0.188839,0,0,17.888530,0.000000,0.000137,0.128884,5,-1,-1,5,4
348,19.578990,0.039437,older_sister,1,10,1.145958,9.999999,265.693400,427.263200,265.947000,427.192400,0.263353,263.753700,428.037600,268.140400,426.347100,263.753700,416.758100,268.140400,413.322400,-6.793336,0.288015,-1.737301,-6.714131,0.332578,-1.694135,-6.758314,-1.717528,54.729290,0.432400,-0.089591,1,0,17.039780,0.039437,0.000136,0.137671,5,4,7,7,4
348,19.578990,0.039437,player,8,3,8.166924,2.999999,858.432900,426.820000,860.631000,425.363800,2.636665,856.395100,427.925400,864.866900,422.802100,856.395100,416.899200,864.866900,407.686200,3.907134,0.281548,-1.734436,4.060096,0.385975,-1.603616,3.943928,-1.706210,234.741100,0.291296,0.200420,1,0,17.722640,0.019595,0.000193,0.131434,1,8,3,4,4
349,19.669890,0.086417,father,4,2,3.598301,2.000000,707.568500,544.527600,709.220000,543.736800,1.831129,704.412200,545.210600,714.027800,542.263200,704.412200,536.243300,714.027800,532.759700,1.162998,0.228973,-4.729243,1.336614,0.242664,-4.653984,1.219987,-4.711806,54.736500,0.497829,-0.185209,1,0,15.501700,0.030000,0.000000,0.128859,5,5,3,6,4
349,19.669890,0.086417,mother,11,10,11.000000,10.000000,682.275300,218.972400,683.963400,218.167100,1.870340,679.070600,219.678800,688.856200,216.655400,679.070600,210.711600,688.856200,207.164400,0.705442,0.228972,3.583019,0.882126,0.242350,3.660218,0.763303,3.601056,54.743930,0.499939,-0.188839,0,0,17.888530,0.000000,0.000137,0.128884,5,-1,-1,5,4
349,19.669890,0.086417,older_sister,1,10,1.226456,10.000000,269.096400,425.562000,271.809200,424.444600,2.933876,264.091300,427.844000,279.527100,421.045200,264.091300,416.426100,279.527100,409.604800,-6.787240,0.291548,-1.732358,-6.508539,0.292124,-1.558753,-6.696869,-1.674086,54.739350,0.533022,-0.327791,0,0,17.119780,0.030000,0.000068,0.137671,5,4,7,7,4
349,19.669890,0.086417,player,8,3,8.131891,2.999999,856.951900,427.560800,858.950700,426.360400,2.331576,856.245700,428.047200,861.655600,424.673500,856.245700,416.941600,861.655600,409.145300,3.904435,0.283575,-1.737546,4.002115,0.396504,-1.651400,3.917187,-1.725127,234.723500,0.335085,0.129495,1,0,17.757460,0.012220,0.000110,0.131434,1,8,3,4,4
350,19.715840,0.046599,father,4,2,3.651647,2.000000,709.823700,543.400000,711.916200,542.442100,2.301322,705.004800,544.912200,718.827600,539.971900,705.004800,535.847000,718.827600,530.730500,1.173697,0.231475,-4.721627,1.423276,0.235974,-4.595478,1.260707,-4.683012,54.735500,0.564512,-0.276613,0,0,15.554720,0.003016,0.000000,0.128859,5,5,3,6,4
350,19.715840,0.046599,mother,11,10,11.000000,10.000000,682.275300,218.972400,683.963400,218.167100,1.870340,679.070600,219.678800,688.856200,216.655400,679.070600,210.711600,688.856200,207.164400,0.705442,0.228972,3.583019,0.882126,0.242350,3.660218,0.763303,3.601056,54.743930,0.499939,-0.188839,0,0,17.888530,0.000000,0.000137,0.128884,5,-1,-1,5,4
350,19.715840,0.046599,older_sister,1,10,1.279802,10.000000,271.351700,424.434300,272.770400,423.807100,1.551157,263.880500,427.918900,281.660200,419.695300,263.880500,416.148600,281.660200,408.749500,-6.791046,0.300548,-1.734271,-6.470024,0.279494,-1.524285,-6.656150,-1.645293,54.735020,0.599705,-0.383349,0,0,17.172800,0.003016,0.000031,0.137671,5,4,7,7,4
350,19.715840,0.046599,player,8,3,8.111670,2.999999,856.097100,427.988100,857.783800,427.018000,1.945780,856.100500,428.139400,859.467200,425.896500,856.100500,416.981700,859.467200,410.568400,3.901814,0.284906,-1.739901,3.962602,0.391396,-1.682631,3.901753,-1.736037,234.744100,0.360361,0.082696,1,0,17.777550,0.001107,0.000000,0.131434,1,8,3,4,4
351,19.758550,0.042730,father,4,2,3.694643,2.000000,711.641500,542.491100,712.348600,542.068800,0.823622,705.272500,544.746400,719.424800,539.391300,705.272500,535.373400,719.424800,530.456700,1.178530,0.239334,-4.717391,1.434059,0.228141,-4.580652,1.293526,-4.659804,54.733700,0.618256,-0.287584,0,0,15.597450,0.042730,0.000086,0.128859,5,5,3,6,4
351,19.758550,0.042730,mother,11,10,11.000000,10.000000,682.275300,218.972400,683.963400,218.167100,1.870340,679.070600,219.678800,688.856200,216.655400,679.070600,210.711600,688.856200,207.164400,0.705442,0.228972,3.583019,0.882126,0.242350,3.660218,0.763303,3.601056,54.743930,0.499939,-0.188839,0,0,17.888530,0.000000,0.000137,0.128884,5,7,7,8,4
351,19.758550,0.042730,older_sister,1,10,1.322798,10.000000,273.169300,423.525400,272.849200,423.533400,0.320229,263.858100,427.726400,281.840300,419.340300,263.858100,415.391200,281.840300,408.501500,-6.791451,0.314973,-1.729356,-6.466773,0.276764,-1.515221,-6.623332,-1.622084,54.733020,0.653452,-0.388728,0,1,17.215530,0.042730,0.000043,0.137671,5,4,7,7,4
351,19.758550,0.042730,player,8,3,8.096910,2.999999,855.473000,428.300000,856.798100,427.549800,1.522693,855.970100,428.221000,857.626200,426.878700,855.970100,417.031900,857.626200,412.015600,3.899460,0.285709,-1.741985,3.929361,0.379520,-1.707708,3.890485,-1.744002,234.744300,0.378813,0.044202,1,0,17.792220,0.014669,0.000110,0.131434,1,8,3,4,4
352,19.800200,0.042778,father,4,2,3.737688,2.000000,713.461200,541.581200,712.743900,541.767200,0.741002,705.718800,544.390400,719.769000,539.144000,705.718800,534.447600,719.769000,530.306500,1.186588,0.253881,-4.708300,1.440275,0.225660,-4.574337,1.326382,-4.636569,54.732160,0.672062,-0.284476,0,1,15.640230,0.042778,0.000136,0.128859,5,5,3,6,4
352,19.800200,0.042778,mother,11,10,11.000000,9.992634,682.586600,219.128100,684.699100,218.674500,2.160625,678.984000,219.208700,690.414300,218.140400,678.984000,210.240900,690.414300,208.692400,0.703878,0.228987,3.595021,0.910258,0.241249,3.622301,0.768925,3.597080,71.504070,0.509148,-0.204374,1,0,17.895850,0.007320,0.000110,0.128884,7,7,7,8,4
352,19.800200,0.042778,older_sister,1,10,1.365843,10.000000,274.989000,422.615400,272.945300,423.292400,2.152983,264.615700,427.059000,281.274800,419.525700,264.615700,414.059800,281.274800,408.694000,-6.777772,0.331927,-1.712312,-6.476982,0.276583,-1.519956,-6.590476,-1.598849,54.732410,0.707256,-0.356650,0,1,17.258300,0.042778,0.000136,0.137671,5,4,7,7,4
352,19.800200,0.042778,player,8,3,8.083122,2.999999,854.890100,428.591600,855.789400,428.077600,1.035838,855.849900,428.289600,855.728900,427.865700,855.849900,417.071400,855.728900,413.532200,3.897289,0.286451,-1.743735,3.895106,0.365997,-1.732911,3.879961,-1.751449,234.719300,0.396046,0.004470,1,0,17.805930,0.013703,0.000061,0.131434,1,8,3,4,4
353,19.842220,0.041163,father,4,2,3.779108,2.000000,715.212200,540.705700,713.376600,541.400000,1.962461,706.964200,543.645400,719.789100,539.154500,706.964200,533.034700,719.789100,530.276300,1.209075,0.270937,-4.689279,1.440636,0.226700,-4.574607,1.357998,-4.614215,54.737980,0.723837,-0.255276,0,1,15.681390,0.041163,0.000061,0.128859,5,5,3,6,4
353,19.842220,0.041163,mother,11,10,11.000000,9.971640,683.474200,219.571700,686.019900,219.568800,2.545717,679.209200,218.962300,692.830600,220.175300,679.209200,209.973900,692.830600,210.815500,0.707944,0.229514,3.601313,0.953885,0.238995,3.570341,0.784951,3.585751,87.631380,0.535389,-0.244451,0,0,17.916710,0.020865,0.000233,0.128884,7,7,7,8,4
353,19.842220,0.041163,older_sister,1,10,1.407262,10.000000,276.740100,421.739800,274.078200,422.589700,2.794230,267.286300,425.463000,280.870300,419.716500,267.286300,411.359700,280.870300,408.838500,-6.729554,0.360118,-1.671559,-6.484286,0.277764,-1.524827,-6.558860,-1.576491,54.733480,0.759031,-0.284975,0,1,17.299470,0.041163,0.000205,0.137671,5,4,7,7,4
353,19.842220,0.041163,player,8,3,8.070681,2.999999,854.364300,428.854600,854.806600,428.578700,0.521340,855.742200,428.351100,853.871100,428.806400,855.742200,417.106900,853.871100,415.014200,3.895346,0.287115,-1.745307,3.861561,0.352176,-1.756932,3.870466,-1.758162,234.737300,0.411596,-0.034297,1,0,17.818290,0.012364,0.000031,0.131434,1,8,3,4,4
354,19.884530,0.042805,father,4,2,3.822179,2.000000,717.033100,539.795300,714.969800,540.580900,2.207787,709.898700,542.107500,720.040800,539.054300,709.898700,530.567700,720.040800,530.115400,1.262060,0.294661,-4.650008,1.445181,0.228250,-4.572046,1.390875,-4.590968,54.736440,0.777676,-0.194530,0,1,15.724200,0.042805,0.000086,0.112138,5,5,3,6,4
354,19.884530,0.042805,mother,11,10,11.000000,9.935352,685.008200,220.338900,687.008700,220.742500,2.040857,679.698500,218.618700,694.319000,222.866300,679.698500,209.485900,694.319000,213.750200,0.716778,0.233199,3.610088,0.980760,0.232776,3.501625,0.812647,3.566163,104.401900,0.580748,-0.282664,0,0,17.952770,0.036062,0.000061,0.125142,7,7,7,8,4
354,19.884530,0.042805,older_sister,1,10,1.450334,10.000000,278.560900,420.829300,276.408400,421.543000,2.267775,272.016100,423.327200,280.800800,419.758900,272.016100,408.280700,280.800800,408.758100,-6.644154,0.384204,-1.617024,-6.485542,0.280899,-1.525908,-6.525983,-1.553241,54.732070,0.812870,-0.182111,0,1,17.342270,0.042805,0.000314,0.128976,5,4,7,7,4
354,19.884530,0.042805,player,8,3,8.058431,3.000000,853.846300,429.113300,853.780000,429.092400,0.069552,855.636600,428.411500,851.923500,429.773400,855.636600,417.141000,851.923500,416.558000,3.893438,0.287784,-1.746848,3.826396,0.337447,-1.781624,3.861113,-1.764770,234.759500,0.426910,-0.074822,1,0,17.830460,0.012175,0.000164,0.137456,1,8,3,4,4
355,19.978340,0.087287,father,4,2,3.902678,2.000000,720.436100,538.093700,719.977900,538.295900,0.500827,718.978800,537.955300,720.976900,538.636500,718.978800,526.673800,720.976900,529.479600,1.426005,0.288067,-4.543984,1.462084,0.233816,-4.561378,1.452318,-4.547518,54.734120,0.878298,-0.019415,0,1,15.804200,0.030000,0.000136,0.112138,5,5,3,6,4
355,19.978340,0.087287,mother,11,10,11.000000,9.854854,688.411300,222.040300,687.709000,221.497500,0.887637,681.939600,217.710900,693.478300,225.284000,681.939600,207.656500,693.478300,216.449000,0.757243,0.256732,3.633267,0.965581,0.225598,3.439891,0.874092,3.522717,125.262900,0.681372,-0.281752,0,1,18.032770,0.030000,0.000136,0.125142,7,7,7,8,4
355,19.978340,0.087287,older_sister,2,10,1.530832,10.000000,281.964000,419.128000,282.552300,418.718100,0.716987,284.188400,417.695300,280.916300,419.741000,284.188400,404.414400,280.916300,408.407300,-6.424376,0.339120,-1.473216,-6.483457,0.289399,-1.525452,-6.464539,-1.509799,54.739140,0.913492,0.078397,0,1,17.422270,0.030000,0.000110,0.128976,5,4,7,7,4
355,19.978340,0.087287,player,8,3,8.036992,3.000000,852.939900,429.566400,851.954200,429.988000,1.072094,855.474500,428.506300,848.433800,431.469800,855.474500,417.192300,848.433800,419.119200,3.890513,0.288896,-1.749269,3.763389,0.315364,-1.824940,3.844748,-1.776339,234.741100,0.453711,-0.147486,1,0,17.851770,0.007762,0.000246,0.137456,1,8,3,4,4
356,20.027610,0.049782,father,4,2,3.960103,2.000000,722.863800,536.880000,724.472700,535.997100,1.835206,727.271400,533.703100,721.674000,538.291100,727.271400,523.952600,721.674000,529.030100,1.575734,0.248974,-4.435409,1.474669,0.236474,-4.552559,1.496151,-4.516528,54.739050,0.950081,0.150154,0,1,15.861270,0.007069,0.000000,0.112138,5,5,3,6,4
356,20.027610,0.049782,mother,11,10,11.000000,9.797429,690.838900,223.254200,689.102200,222.129700,2.068979,684.676900,218.909300,693.527500,225.350200,684.676900,207.758200,693.527500,216.442000,0.806666,0.284736,3.602666,0.966468,0.227464,3.438203,0.917925,3.491723,125.264300,0.753153,-0.225431,0,1,18.089840,0.007069,0.000136,0.125142,7,7,7,8,4
356,20.027610,0.049782,older_sister,2,10,1.588257,10.000000,284.391600,417.914100,287.658100,416.031600,3.770135,294.300900,412.355900,281.015400,419.707300,294.300900,400.508300,281.015400,408.148700,-6.241789,0.302521,-1.336878,-6.481667,0.295144,-1.524593,-6.420707,-1.478805,54.735460,0.985273,0.304237,0,1,17.479340,0.007069,0.000136,0.128976,5,4,7,7,4
356,20.027610,0.049782,player,8,3,8.000000,3.000000,851.376100,430.348500,849.201600,431.271000,2.362081,855.319300,428.597000,843.083900,433.945000,855.319300,417.232300,843.083900,422.268300,3.887710,0.290190,-1.751585,3.666792,0.298158,-1.888144,3.816513,-1.796309,234.729000,0.499949,-0.259220,0,0,17.888530,0.000000,0.000061,0.137456,1,-1,-1,4,4
357,20.069050,0.048598,father,4,2,4.009003,2.000000,724.931000,535.846200,727.592300,534.393100,3.032136,732.864400,530.812100,722.320200,537.973900,732.864400,521.230800,722.320200,528.575900,1.676720,0.244654,-4.361588,1.486336,0.239974,-4.544462,1.533477,-4.490130,54.731490,0.011206,0.261033,0,1,15.909860,0.048598,0.000193,0.112138,5,5,3,6,4
357,20.069050,0.048598,mother,11,10,11.000000,9.748528,692.906200,224.287900,691.370900,223.369400,1.789042,688.813500,221.157400,693.928300,225.581300,688.813500,209.183000,693.928300,216.570900,0.881354,0.305762,3.545261,0.973707,0.230077,3.432300,0.955251,3.465328,125.265900,0.814278,-0.140625,0,1,18.138440,0.048598,0.000098,0.125142,7,7,7,8,4
357,20.069050,0.048598,older_sister,2,10,1.637158,10.000000,286.458900,416.880500,289.088300,415.456200,2.990381,296.742700,411.336800,281.434000,419.575600,296.742700,400.017400,281.434000,407.772000,-6.197701,0.289034,-1.310855,-6.474109,0.301399,-1.521230,-6.383381,-1.452411,54.734840,0.046398,0.347147,0,0,17.527940,0.048598,0.000164,0.128976,5,4,7,7,4
357,20.069050,0.048598,player,8,3,8.000000,3.000000,851.376100,430.348500,849.201600,431.271000,2.362081,855.319300,428.597000,843.083900,433.945000,855.319300,417.232300,843.083900,422.268300,3.887710,0.290190,-1.751585,3.666792,0.298158,-1.888144,3.816513,-1.796309,234.729000,0.499949,-0.259220,0,0,17.888530,0.000000,0.000061,0.137456,1,-1,-1,4,4
358,20.111100,0.041398,father,4,2,4.050658,2.000000,726.692000,534.965800,728.512700,534.087300,2.021560,733.952500,530.503200,723.073100,537.671400,733.952500,521.446500,723.073100,528.087300,1.696364,0.231257,-4.353700,1.499930,0.244727,-4.536737,1.565273,-4.467650,54.738910,0.063274,0.266062,0,0,15.951260,0.041398,0.000086,0.112138,5,5,3,6,4
358,20.111100,0.041398,mother,11,10,11.000000,9.706873,694.667200,225.168400,693.981200,224.789600,0.783652,693.541300,223.724200,694.421100,225.855100,693.541300,212.186100,694.421100,216.718500,0.966719,0.294618,3.479722,0.982603,0.233298,3.425309,0.987047,3.442845,125.264500,0.866346,-0.044384,0,1,18.179840,0.041398,0.000086,0.125142,7,7,7,8,4
358,20.111100,0.041398,older_sister,2,10,1.678813,10.000000,288.219900,416.000100,289.674300,415.385800,1.578841,297.487700,411.253000,281.861000,419.518600,297.487700,400.307400,281.861000,407.376700,-6.184250,0.279489,-1.308715,-6.466398,0.310037,-1.519775,-6.351585,-1.429931,54.739520,0.098467,0.352228,0,0,17.569340,0.041397,0.000031,0.128976,5,4,7,7,4
358,20.111100,0.041398,player,8,3,8.000000,3.000000,851.376100,430.348500,849.201600,431.271000,2.362081,855.319300,428.597000,843.083900,433.945000,855.319300,417.232300,843.083900,422.268300,3.887710,0.290190,-1.751585,3.666792,0.298158,-1.888144,3.816513,-1.796309,234.729000,0.499949,-0.259220,0,0,17.888530,0.000000,0.000061,0.137456,1,7,3,2,4
359,20.153850,0.042424,father,4,2,4.093347,2.000000,728.496700,534.063500,729.317700,533.829200,0.853809,734.834500,530.257600,723.801000,537.400800,734.834500,521.449300,723.801000,527.464800,1.712289,0.224915,-4.347430,1.513074,0.253711,-4.529827,1.597857,-4.444610,54.735750,0.116634,0.267965,0,0,15.993680,0.042424,0.000086,0.112138,5,5,3,6,4
359,20.153850,0.042424,mother,11,10,11.000000,9.664186,696.471900,226.070700,697.141200,226.377600,0.736349,699.396000,226.665200,694.886500,226.090000,699.396000,216.373000,694.886500,216.872500,1.072427,0.262804,3.404624,0.991007,0.235363,3.419311,1.019631,3.419804,125.265100,0.919706,0.074958,0,1,18.222260,0.042424,0.000031,0.125142,7,7,7,8,4
359,20.153850,0.042424,older_sister,2,10,1.721502,10.000000,290.024600,415.097700,289.933900,415.359700,0.277200,297.425300,411.312700,282.442600,419.406700,297.425300,400.400800,282.442600,406.745100,-6.185377,0.278630,-1.310241,-6.455898,0.323306,-1.516916,-6.319001,-1.406890,54.735020,0.151827,0.340204,1,0,17.611760,0.042424,0.000043,0.128976,5,4,7,7,4
359,20.153850,0.042424,player,8,3,7.992756,3.000000,851.069900,430.501500,848.710200,431.492700,2.559424,855.297500,428.609800,842.122900,434.375700,855.297500,417.235600,842.122900,422.771700,3.887316,0.290434,-1.751912,3.649441,0.296300,-1.899140,3.810984,-1.800215,234.762300,0.509003,-0.279234,1,0,17.895730,0.007199,0.000193,0.137456,1,7,3,2,4
360,20.195420,0.042060,father,4,2,4.135668,2.000000,730.285900,533.168900,729.880400,533.579300,0.576951,735.053200,530.086100,724.707400,537.072600,735.053200,521.304400,724.707400,526.596700,1.716239,0.224235,-4.343048,1.529440,0.267496,-4.521445,1.630162,-4.421767,54.735350,0.169537,0.255519,1,0,16.035740,0.042060,0.000086,0.124557,5,5,3,6,4
360,20.195420,0.042060,mother,11,10,11.000000,9.621864,698.261000,226.965100,700.695500,228.072000,2.674248,705.957000,229.766100,695.434100,226.377800,705.957000,220.196600,695.434100,217.075200,1.190889,0.244352,3.325444,1.000894,0.237539,3.411961,1.051935,3.396965,125.259800,0.972607,0.205084,0,1,18.264320,0.042060,0.000233,0.132030,7,7,7,8,4
360,20.195420,0.042060,older_sister,2,10,1.763824,10.000000,291.813700,414.203200,290.311200,415.306800,1.864210,296.931400,411.547100,283.691100,419.066500,296.931400,400.581100,283.691100,405.797900,-6.194294,0.280011,-1.316227,-6.433356,0.338805,-1.508229,-6.286697,-1.384047,54.735130,0.204729,0.306046,1,0,17.653820,0.042060,0.000043,0.130218,5,4,7,7,4
360,20.195420,0.042060,player,8,3,7.971272,3.000000,850.161700,430.955700,847.422400,432.082100,2.961890,855.261400,428.625900,839.583200,435.538400,855.261400,417.200200,839.583200,424.116000,3.886663,0.291747,-1.752322,3.603586,0.291665,-1.928829,3.794585,-1.811812,234.731500,0.535858,-0.333037,0,0,17.917080,0.021351,0.000136,0.140431,1,7,3,2,4
361,20.287430,0.085188,father,4,2,4.216167,2.000000,733.689000,531.467200,731.901600,532.594400,2.113188,735.434000,529.837500,728.369100,535.351300,735.434000,520.975100,728.369100,523.240000,1.723113,0.226295,-4.336701,1.595553,0.309255,-4.477493,1.691606,-4.378314,54.732670,0.270159,0.185441,1,0,16.115740,0.030000,0.000273,0.124557,5,5,3,6,4
361,20.287430,0.085188,mother,11,10,11.000000,9.541366,701.664100,228.666700,703.228800,229.512300,1.778502,709.833300,231.962400,696.624200,227.062200,709.833300,222.976600,696.624200,217.424600,1.260879,0.229447,3.269363,1.022382,0.246089,3.394488,1.113380,3.353516,125.264900,0.073231,0.266972,0,0,18.344320,0.030000,0.000150,0.132030,7,7,7,8,4
361,20.287430,0.085188,older_sister,2,10,1.844322,10.000000,295.216800,412.501400,293.046600,413.892600,2.577822,296.816700,411.605000,289.276600,416.180200,296.816700,400.559500,289.276600,400.847900,-6.196366,0.282038,-1.317704,-6.332507,0.391501,-1.434529,-6.225252,-1.340594,54.732730,0.305351,0.178609,1,0,17.733820,0.030000,0.000205,0.130218,5,4,7,7,4
361,20.287430,0.085188,player,8,3,7.897381,3.000000,847.037900,432.517700,846.486100,432.840200,0.639070,855.514000,428.617800,837.458300,437.062600,855.514000,416.581400,837.458300,426.164800,3.891225,0.307342,-1.752116,3.565219,0.278268,-1.967749,3.738184,-1.851699,234.732500,0.628222,-0.390678,0,0,17.990510,0.030000,0.000031,0.140431,1,7,3,2,4
362,20.335840,0.048933,father,4,2,4.270626,2.000000,735.991200,530.316200,734.396700,531.185400,1.815979,736.153300,529.415600,732.640300,532.955100,736.153300,520.495300,732.640300,520.241200,1.736100,0.227775,-4.325930,1.672671,0.324642,-4.416308,1.733175,-4.348925,54.739140,0.338232,0.103967,1,0,16.169860,0.004121,0.000086,0.124557,5,5,3,6,4
362,20.335840,0.048933,mother,11,9,11.000000,9.486906,703.966400,229.817800,703.955300,229.993200,0.175732,710.494300,232.407800,697.416300,227.578600,710.494300,223.622200,697.416300,217.411100,1.272813,0.224337,3.257990,1.036684,0.259620,3.381301,1.154948,3.324124,125.263400,0.141302,0.263993,0,0,18.398440,0.004121,0.000193,0.132030,7,7,7,8,4
362,20.335840,0.048933,older_sister,2,10,1.898781,10.000000,297.519100,411.350300,296.078500,412.168500,1.656726,297.165600,411.361900,294.991500,412.975200,297.165600,400.181900,294.991500,397.960100,-6.190066,0.285476,-1.311497,-6.229321,0.383401,-1.352691,-6.183683,-1.311202,54.736610,0.373425,0.055834,1,0,17.787940,0.004121,0.000178,0.130218,5,4,7,7,4
362,20.335840,0.048933,player,8,3,7.842923,3.000000,844.735700,433.668600,846.472900,433.125400,1.820200,855.029200,429.220200,837.916600,437.030500,855.029200,416.337600,837.916600,426.212000,3.882471,0.328949,-1.767498,3.573494,0.276245,-1.966931,3.696616,-1.881087,234.740100,0.696293,-0.367423,0,1,18.044640,0.004121,0.000164,0.140431,1,7,3,2,4
363,20.377080,0.047759,father,4,2,4.318683,2.000000,738.022800,529.300400,737.352700,529.611600,0.738930,736.965000,528.971200,737.740400,530.252000,736.965000,520.007400,737.740400,518.670400,1.750756,0.228885,-4.314580,1.764756,0.295730,-4.347286,1.769857,-4.322985,54.734360,0.398304,0.007452,1,0,16.217620,0.047759,0.000136,0.124557,5,5,3,6,4
363,20.377080,0.047759,mother,11,9,11.000000,9.438849,705.997900,230.833700,704.596400,230.378100,1.473669,710.675800,232.452400,698.517100,228.303900,710.675800,223.644500,698.517100,217.465900,1.276091,0.224905,3.256852,1.056558,0.276743,3.362781,1.191629,3.298184,125.267700,0.201374,0.240404,1,0,18.446200,0.047759,0.000110,0.132030,7,7,7,8,4
363,20.377080,0.047759,older_sister,2,10,1.946838,10.000000,299.550700,410.334500,299.843000,410.244800,0.305749,297.581000,411.123000,302.105000,409.366500,297.581000,399.841800,302.105000,396.379900,-6.182565,0.288061,-1.305398,-6.100881,0.331604,-1.260546,-6.147001,-1.285262,54.733400,0.433497,-0.092589,1,0,17.835700,0.047759,0.000205,0.130218,5,4,7,7,4
363,20.377080,0.047759,player,8,3,7.794867,3.000000,842.704000,434.684500,845.363300,433.828900,2.793559,852.254200,430.900500,838.472400,436.757300,852.254200,416.853200,838.472400,425.883800,3.832367,0.358691,-1.810405,3.583528,0.277649,-1.959954,3.659933,-1.907027,234.734200,0.756365,-0.289517,0,1,18.092400,0.047759,0.000110,0.140431,1,7,3,2,4
364,20.418940,0.041780,father,4,2,4.360723,2.000000,739.800100,528.411700,740.477400,528.044800,0.770320,737.689100,528.585400,743.265700,527.504200,737.689100,519.616000,743.265700,517.457000,1.763832,0.229030,-4.304730,1.864520,0.256548,-4.277121,1.801946,-4.300296,54.737310,0.450855,-0.098153,1,0,16.259410,0.041780,0.000086,0.124557,5,5,3,6,4
364,20.418940,0.041780,mother,11,9,11.000000,9.396810,707.775200,231.722300,705.675500,230.912000,2.250596,710.898100,232.532200,700.453000,229.291900,710.898100,223.670700,700.453000,217.467700,1.280103,0.226271,3.254815,1.091513,0.301925,3.337553,1.223719,3.275494,125.263500,0.253925,0.201753,1,0,18.487980,0.041780,0.000123,0.132030,7,7,7,8,4
364,20.418940,0.041780,older_sister,2,10,1.988878,10.000000,301.327900,409.445900,303.174100,408.650500,2.010193,297.810100,410.985400,308.538000,406.315500,297.810100,399.631900,308.538000,394.507400,-6.178429,0.289904,-1.301883,-5.984730,0.301514,-1.182641,-6.114912,-1.262572,54.736020,0.486046,-0.226999,1,0,17.877480,0.041780,0.000205,0.130218,5,4,7,7,4
364,20.418940,0.041780,player,8,3,7.752827,3.000000,840.926800,435.573200,843.144900,434.847800,2.333675,847.735200,432.982600,838.554600,436.713000,847.735200,417.980900,838.554600,425.725400,3.750774,0.383059,-1.863568,3.585013,0.280563,-1.958823,3.627845,-1.929717,234.735000,0.808916,-0.190339,0,1,18.134180,0.041780,0.000110,0.140431,1,7,3,2,4
365,20.460390,0.041881,father,4,2,4.402864,2.000000,741.581700,527.520800,743.329500,526.691000,1.934826,738.294800,528.268600,748.364300,525.113500,738.294800,519.301300,748.364300,515.641700,1.774768,0.228976,-4.296640,1.956577,0.241858,-4.216076,1.834113,-4.277544,54.728460,0.503532,-0.194955,1,0,16.301290,0.041881,0.000273,0.124557,5,5,3,6,4
365,20.460390,0.041881,mother,11,9,11.000000,9.354668,709.556800,232.613100,707.588500,231.775100,2.139233,711.478100,232.786100,703.699000,230.764100,711.478100,223.903900,703.699000,218.149000,1.290576,0.226803,3.248330,1.150120,0.322120,3.299961,1.255885,3.252747,125.266000,0.306603,0.144491,1,0,18.529860,0.041881,0.000061,0.132030,7,7,7,8,4
365,20.460390,0.041881,older_sister,2,10,2.031019,10.000000,303.109500,408.555000,305.871200,407.421600,2.985270,297.912900,410.932800,313.829600,403.910500,297.912900,399.498700,313.829600,392.506400,-6.176573,0.291963,-1.300540,-5.889188,0.291196,-1.121229,-6.082745,-1.239825,54.734720,0.538725,-0.338174,0,0,17.919360,0.041881,0.000273,0.130218,5,4,7,7,4
365,20.460390,0.041881,player,8,3,7.710685,3.000000,839.145200,436.463700,840.146500,436.134000,1.054151,841.851200,435.533900,838.441800,436.734200,841.851200,420.804500,838.441800,425.553600,3.644535,0.376106,-1.928714,3.582978,0.285491,-1.959364,3.595677,-1.952456,234.744100,0.861593,-0.067959,0,1,18.176060,0.041881,0.000329,0.140431,1,7,3,2,4
366,20.502560,0.042220,father,4,2,4.445348,2.000000,743.377600,526.623000,745.533000,525.639000,2.369359,738.774400,528.025400,752.291600,523.252600,738.774400,518.987400,752.291600,513.974100,1.783427,0.230781,-4.290431,2.027488,0.236923,-4.168560,1.866540,-4.254622,54.744190,0.556639,-0.269643,0,0,16.343510,0.042220,0.000061,0.128575,5,5,3,6,4
366,20.502560,0.042220,mother,11,9,11.000000,9.312183,711.352800,233.511300,709.955300,232.838400,1.551035,712.176500,233.088800,707.734100,232.588000,712.176500,224.144700,707.734100,220.056700,1.303187,0.228382,3.240601,1.222976,0.319979,3.253389,1.288314,3.229813,125.268300,0.359709,0.072873,1,0,18.572080,0.042220,0.000098,0.128382,7,7,7,8,4
366,20.502560,0.042220,older_sister,2,10,2.073503,10.000000,304.905500,407.657300,306.605900,406.931900,1.848619,297.729500,411.007100,315.482300,402.856700,297.729500,399.296700,315.482300,391.874500,-6.179885,0.299020,-1.302439,-5.859347,0.280424,-1.094322,-6.050317,-1.216903,54.744910,0.591829,-0.381877,0,0,17.961580,0.042220,0.000000,0.130900,5,4,7,7,4
366,20.502560,0.042220,player,8,3,7.668201,3.000001,837.349200,437.361800,836.718400,437.793200,0.764153,834.998700,438.858200,838.438200,436.728100,834.998700,425.615400,838.438200,425.391200,3.520808,0.338146,-2.013599,3.582912,0.289482,-1.959208,3.563250,-1.975391,234.729800,0.914700,0.082111,0,1,18.218280,0.042220,0.000164,0.137323,1,7,3,2,4
367,20.595250,0.086943,father,5,2,4.525846,2.000000,746.780700,524.921300,746.455600,524.939800,0.325660,739.373800,527.606900,753.537300,522.272600,739.373800,517.839400,753.537300,513.419900,1.794249,0.249408,-4.279745,2.049979,0.226047,-4.143537,1.927985,-4.211169,54.732070,0.657261,-0.287441,0,1,16.423510,0.030000,0.000273,0.128575,5,5,3,6,4
367,20.595250,0.086943,mother,11,9,11.000000,9.231685,714.755900,235.212600,715.680500,235.653200,1.024281,713.620100,233.759000,717.740800,237.547400,713.620100,224.787900,717.740800,227.677700,1.329253,0.229071,3.223488,1.403655,0.252017,3.126755,1.349759,3.186372,125.260400,0.460331,-0.116595,1,0,18.652080,0.030000,0.000150,0.128382,7,7,7,8,4
367,20.595250,0.086943,older_sister,2,10,2.154001,10.000000,308.308600,405.955600,306.685500,406.452000,1.697278,298.061300,410.400400,315.309800,402.503700,298.061300,397.560500,315.309800,391.688100,-6.173893,0.327857,-1.286945,-5.862461,0.276169,-1.085308,-5.988873,-1.173450,54.732070,0.692452,-0.370697,0,1,18.041580,0.030000,0.000205,0.130900,5,4,7,7,4
367,20.595250,0.086943,player,8,3,7.587703,3.000000,833.946200,439.063600,830.676400,440.934800,3.767344,823.165200,445.043900,838.187600,436.825700,823.165200,433.355100,838.187600,425.148000,3.307149,0.298467,-2.171547,3.578388,0.298184,-1.961701,3.501806,-2.018843,234.732500,0.015322,0.342621,0,1,18.298280,0.030000,0.000000,0.137323,1,7,3,2,4
368,20.641600,0.047109,father,5,2,4.580235,2.000000,749.080000,523.771500,747.226000,524.474300,1.982726,740.839500,526.705400,753.612400,522.243200,740.839500,516.066700,753.612400,513.363600,1.820712,0.271653,-4.256726,2.051336,0.226735,-4.142786,1.969499,-4.181811,54.733630,0.725246,-0.254085,0,1,16.477560,0.004051,0.000329,0.128575,5,5,3,6,4
368,20.641600,0.047109,mother,11,9,11.000000,9.177297,717.055100,236.362400,719.023500,237.426900,2.237795,714.378000,234.126000,723.668900,240.727800,714.378000,225.146800,723.668900,231.347000,1.342936,0.229279,3.214117,1.510691,0.239531,3.045545,1.391273,3.157013,125.267300,0.528318,-0.234298,1,0,18.706130,0.004051,0.000031,0.128382,7,7,7,8,4
368,20.641600,0.047109,older_sister,2,10,2.208390,10.000000,310.607900,404.805800,307.945700,405.653000,2.793734,301.206600,408.497600,314.684900,402.808500,301.206600,394.365400,314.684900,391.928100,-6.117103,0.360858,-1.238360,-5.873745,0.277824,-1.093090,-5.947358,-1.144092,54.733120,0.760439,-0.282571,0,1,18.095630,0.004051,0.000301,0.130900,5,4,7,7,4
368,20.641600,0.047109,player,8,3,7.533315,3.000000,831.646900,440.212900,829.828000,441.067000,2.009425,822.032800,445.203500,837.623300,436.930600,822.032800,434.189000,837.623300,424.905400,3.286702,0.281250,-2.175622,3.568198,0.307056,-1.964378,3.460291,-2.048190,234.743900,0.083309,0.351801,0,0,18.352330,0.004051,0.000301,0.137323,1,7,3,2,4
369,20.682530,0.046841,father,5,2,4.627367,2.000000,751.072500,522.775400,749.043500,523.555800,2.173975,744.179100,524.987900,753.907700,522.123800,744.179100,513.354300,753.907700,513.175000,1.881012,0.297057,-4.212870,2.056667,0.228501,-4.139737,2.005476,-4.156374,54.738490,0.784163,-0.185646,0,1,16.524400,0.046841,0.000220,0.128575,5,5,3,6,4
369,20.682530,0.046841,mother,11,9,11.000000,9.130164,719.047700,237.358700,720.527000,238.117800,1.662648,714.756500,234.314300,726.297300,241.921300,714.756500,225.150900,726.297300,232.873600,1.349771,0.233982,3.209309,1.558146,0.231028,3.015069,1.427250,3.131573,125.265100,0.587233,-0.282283,0,0,18.752980,0.046841,0.000015,0.128382,7,7,7,8,4
369,20.682530,0.046841,older_sister,2,10,2.255522,10.000000,312.600400,403.809700,310.562600,404.507700,2.154066,306.502000,406.161800,314.623100,402.853500,306.502000,391.049300,314.623100,391.828700,-6.021492,0.385888,-1.178715,-5.874860,0.281512,-1.094241,-5.911382,-1.118655,54.738180,0.819355,-0.168496,0,1,18.142480,0.046841,0.000205,0.130900,5,4,7,7,4
369,20.682530,0.046841,player,7,3,7.486182,3.000000,829.654400,441.209500,829.461900,441.106300,0.218413,821.865200,445.181000,837.058700,437.031700,821.865200,434.272900,837.058700,424.479700,3.283678,0.278530,-2.175047,3.558003,0.320507,-1.966960,3.424315,-2.073638,234.725400,0.142223,0.344126,0,0,18.399170,0.046841,0.000031,0.137323,1,7,3,2,4
370,20.721470,0.039105,father,5,2,4.666716,2.000000,752.736000,521.943500,751.290600,522.582500,1.580291,748.255400,523.227100,754.325700,521.937800,748.255400,511.201600,754.325700,512.876100,1.954612,0.307064,-4.167909,2.064215,0.231384,-4.134987,2.035511,-4.135134,54.732080,0.833347,-0.108496,0,1,16.563510,0.039105,0.000329,0.128575,5,5,3,6,4
370,20.721470,0.039105,mother,11,9,11.000000,9.090816,720.711100,238.190300,721.086500,238.273100,0.384376,715.130100,234.434700,727.042900,242.111400,715.130100,224.894700,727.042900,233.219600,1.356516,0.243600,3.206234,1.571608,0.227048,3.010214,1.457284,3.110337,125.262600,0.636417,-0.288794,0,0,18.792080,0.039105,0.000046,0.128382,7,7,7,8,4
370,20.721470,0.039105,older_sister,2,10,2.294870,10.000000,314.263900,402.977800,313.454300,403.224900,0.846462,312.166700,403.627200,314.741800,402.822600,312.166700,389.054600,314.741800,391.619300,-5.919212,0.372101,-1.113996,-5.872718,0.286072,-1.093453,-5.881347,-1.097415,54.732900,0.868540,-0.049822,0,1,18.181580,0.039105,0.000273,0.130900,5,4,7,7,4
370,20.721470,0.039105,player,7,3,7.446834,3.000000,827.990800,442.040900,829.166800,441.137400,1.482955,822.282400,444.992800,836.051300,437.282000,822.282400,434.046500,836.051300,424.165000,3.291209,0.279506,-2.170242,3.539814,0.334933,-1.973351,3.394280,-2.094867,234.748000,0.191408,0.316656,1,0,18.438280,0.039105,0.000329,0.137323,1,7,3,2,4
371,20.760240,0.039068,father,5,2,4.706027,2.000000,754.397900,521.112900,754.040400,521.266800,0.389216,753.245800,520.825200,754.834800,521.708500,753.245800,509.636900,754.834800,512.544700,2.044717,0.285686,-4.106578,2.073406,0.233990,-4.129132,2.065517,-4.113925,54.746040,0.882486,-0.010410,0,1,16.602570,0.039068,0.000000,0.128575,5,5,3,6,4
371,20.760240,0.039068,mother,11,9,11.000000,9.051505,722.373000,239.021100,721.576500,238.423400,0.995847,715.845700,234.651100,727.307400,242.195800,715.845700,224.546200,727.307400,233.360100,1.369436,0.258021,3.200710,1.576385,0.225613,3.008061,1.487291,3.089124,125.258700,0.685558,-0.280194,0,1,18.831150,0.039068,0.000179,0.128382,7,7,7,8,4
371,20.760240,0.039068,older_sister,2,10,2.334182,10.000000,315.925800,402.147100,316.663100,401.662000,0.882606,318.591400,400.492600,314.734800,402.831300,318.591400,387.343600,314.734800,391.486400,-5.803211,0.335753,-1.033957,-5.872843,0.289686,-1.093673,-5.851340,-1.076202,54.741390,0.917679,0.091331,0,1,18.220650,0.039068,0.000136,0.130900,5,4,7,7,4
371,20.760240,0.039068,player,7,3,7.407990,3.000000,826.348800,442.861900,828.611000,441.377100,2.705909,822.761800,444.761300,834.460100,437.993000,822.761800,433.757900,834.460100,423.983200,3.299865,0.280966,-2.164331,3.511086,0.357732,-1.991507,3.364631,-2.115832,234.734500,0.239964,0.272242,1,0,18.476880,0.038603,0.000273,0.137323,1,7,3,2,4
372,20.800600,0.039962,father,5,2,4.746237,2.000000,756.097800,520.263000,757.130400,519.704300,1.174058,758.975500,517.927100,755.285300,521.481400,758.975500,507.901300,755.285300,512.245800,2.148168,0.256003,-4.032578,2.081540,0.235825,-4.123333,2.096210,-4.092223,54.737210,0.932749,0.106798,0,1,16.642530,0.039962,0.000000,0.131083,5,5,3,6,4
372,20.800600,0.039962,mother,11,9,11.000000,9.011295,724.072900,239.871300,722.411600,238.808000,1.972459,717.535300,235.393600,727.288100,242.222400,717.535300,224.545400,727.288100,233.332800,1.399942,0.277002,3.181750,1.576036,0.226990,3.007380,1.517984,3.067414,125.272700,0.735821,-0.244459,0,1,18.871110,0.039962,0.000031,0.122797,7,7,7,8,4
372,20.800600,0.039962,older_sister,2,10,2.374392,10.000000,317.625700,401.296800,320.357800,399.711900,3.158612,325.873300,396.627800,314.842400,402.795900,325.873300,384.649700,314.842400,391.300900,-5.671732,0.305855,-0.935271,-5.870902,0.293518,-1.092769,-5.820648,-1.054492,54.727060,0.967941,0.253554,0,1,18.260610,0.039962,0.000369,0.140892,5,4,7,7,4
372,20.800600,0.039962,player,7,3,7.369675,3.000000,824.729000,443.672100,826.930700,442.203400,2.646591,822.584200,444.830100,831.277200,439.576700,822.584200,433.807500,831.277200,424.521100,3.296659,0.281457,-2.166089,3.453616,0.384434,-2.031945,3.335385,-2.136520,234.726100,0.287857,0.205607,1,0,18.514960,0.038078,0.000031,0.131352,1,7,3,2,4
373,20.890260,0.085387,father,5,2,4.826736,2.000000,759.500900,518.561300,761.809400,517.337800,2.612691,767.136300,513.757800,756.482400,520.917900,767.136300,504.418000,756.482400,511.453500,2.295517,0.238485,-3.926114,2.103154,0.241668,-4.108945,2.157655,-4.048770,54.732560,0.033373,0.262623,0,1,16.722530,0.030000,0.000136,0.131083,5,5,3,6,4
373,20.890260,0.085387,mother,11,9,11.000000,8.930797,727.476100,241.572800,726.190700,240.853700,1.472814,724.442400,239.112400,727.939000,242.595000,724.442400,227.106800,727.939000,233.525500,1.524655,0.306555,3.086793,1.587787,0.231585,2.997866,1.579429,3.023968,125.262900,0.836443,-0.102888,0,1,18.951110,0.030000,0.000086,0.122797,7,7,7,8,4
373,20.890260,0.085387,older_sister,2,10,2.454891,10.000000,321.028700,399.595600,323.183000,398.512600,2.411121,330.937000,394.380300,315.429000,402.644900,330.937000,383.268000,315.429000,390.721200,-5.580305,0.283747,-0.877882,-5.860310,0.304464,-1.088914,-5.759203,-1.011050,54.739490,0.068563,0.350461,0,0,18.340610,0.030000,0.000136,0.140892,5,4,7,7,4
373,20.890260,0.085387,player,7,3,7.299627,3.000000,821.767700,445.152500,823.166500,444.359100,1.608114,822.174200,445.116100,824.158800,443.602200,822.174200,433.932700,824.158800,428.642900,3.289258,0.285562,-2.173391,3.325089,0.381977,-2.134734,3.281917,-2.174320,234.740900,0.375418,0.051574,1,0,18.584570,0.024707,0.000301,0.131352,1,7,3,2,4
374,20.930400,0.044599,father,5,2,4.877033,2.000000,761.627200,517.498200,762.853800,517.010200,1.320067,768.363100,513.424400,757.344400,520.595900,768.363100,504.553300,757.344400,510.808300,2.317667,0.226520,-3.917603,2.118719,0.249921,-4.100723,2.196047,-4.021624,54.736860,0.096243,0.268164,0,0,16.772520,0.049986,0.000136,0.131083,5,5,3,6,4
374,20.930400,0.044599,mother,11,9,11.000000,8.880499,729.602400,242.635800,729.695600,242.660800,0.096478,730.863600,242.409000,728.527500,242.912600,730.863600,231.629900,728.527500,233.723900,1.640593,0.275238,3.002615,1.598413,0.234627,2.989757,1.617820,2.996823,125.263200,0.899315,0.027017,0,1,19.001090,0.049986,0.000136,0.122797,7,7,7,8,4
374,20.930400,0.044599,older_sister,3,10,2.505188,10.000000,323.155100,398.532300,323.690300,398.458900,0.540226,331.395000,394.366300,315.985700,402.551600,331.395000,383.466200,315.985700,390.115500,-5.572035,0.278327,-0.877524,-5.850259,0.317547,-1.086530,-5.720810,-0.983901,54.733460,0.131435,0.347839,0,0,18.390590,0.049986,0.000205,0.140892,5,4,7,7,4
374,20.930400,0.044599,player,7,3,7.261494,3.000000,820.155600,445.958600,820.218300,445.873900,0.105349,821.841600,445.306100,818.594900,446.441600,821.841600,434.042100,818.594900,433.086700,3.283252,0.287620,-2.178242,3.224630,0.341010,-2.207237,3.252810,-2.194903,234.733100,0.423084,-0.064604,1,0,18.622470,0.037897,0.000246,0.131352,1,7,3,2,4
375,20.969470,0.039323,father,5,2,4.916601,2.000000,763.300000,516.661600,763.427800,516.781200,0.175015,768.797200,513.232800,758.058300,520.329500,768.797200,504.449200,758.058300,510.116400,2.325506,0.224287,-3.912711,2.131608,0.260787,-4.093922,2.226250,-4.000262,54.729100,0.145704,0.262942,0,0,16.811840,0.039323,0.000273,0.131083,5,5,3,6,4
375,20.969470,0.039323,mother,11,9,11.000000,8.840931,731.275100,243.472300,732.943200,244.230400,1.832260,736.859700,245.296800,729.026700,243.163900,736.859700,235.529300,729.026700,233.905100,1.748856,0.249409,2.928877,1.607427,0.236420,2.983339,1.648023,2.975465,125.266200,0.948774,0.146920,0,1,19.040420,0.039323,0.000046,0.122797,7,7,7,8,4
375,20.969470,0.039323,older_sister,3,10,2.544756,10.000000,324.827800,397.695900,323.926300,398.434500,1.165473,330.997100,394.513400,316.855500,402.355600,330.997100,383.579600,316.855500,389.360700,-5.579219,0.279189,-0.881281,-5.834554,0.331818,-1.081527,-5.690609,-0.962543,54.733490,0.180897,0.324092,1,0,18.429920,0.039323,0.000273,0.140892,5,4,7,7,4
375,20.969470,0.039323,player,7,3,7.234618,3.000000,819.019400,446.526700,817.946200,446.989100,1.168617,821.641900,445.424000,814.250400,448.554300,821.641900,434.105600,814.250400,436.274800,3.279645,0.289010,-2.181253,3.146188,0.313549,-2.261182,3.232295,-2.209410,234.734800,0.456680,-0.155114,1,0,18.649180,0.026710,0.000220,0.131352,1,7,3,2,4
376,21.008110,0.039446,father,5,2,4.956293,2.000000,764.978000,515.822600,764.024400,516.537500,1.191870,768.898700,513.145100,759.150000,519.929900,768.898700,504.344900,759.150000,509.161400,2.327337,0.224709,-3.910472,2.151320,0.274967,-4.083718,2.256546,-3.978839,54.734940,0.195318,0.243741,1,0,16.851290,0.039446,0.000273,0.131083,5,5,3,6,4
376,21.008110,0.039446,mother,11,9,11.000000,8.801239,732.953000,244.311300,735.956400,245.673200,3.297718,742.419200,247.953400,729.493400,243.393100,742.419200,238.263400,729.493400,234.031000,1.849236,0.247428,2.861043,1.615854,0.239054,2.977488,1.678319,2.954041,125.266700,0.998390,0.257784,0,1,19.079860,0.039446,0.000015,0.122797,7,7,7,8,4
376,21.008110,0.039446,older_sister,3,10,2.584448,10.000000,326.505800,396.856800,324.387200,398.274800,2.549352,330.466800,394.773600,318.307500,401.776000,330.466800,383.776200,318.307500,387.991500,-5.588794,0.280812,-0.887925,-5.808336,0.351980,-1.066727,-5.660312,-0.941120,54.735650,0.230511,0.282487,1,0,18.469360,0.039446,0.000314,0.140892,5,4,7,7,4
376,21.008110,0.039446,player,7,3,7.210401,3.000000,817.995600,447.038800,816.126800,447.843600,2.034684,821.540500,445.485100,810.713400,450.202100,821.540500,434.131000,810.713400,438.403200,3.277813,0.289921,-2.182814,3.082325,0.301276,-2.303257,3.213809,-2.222487,234.723000,0.486952,-0.229150,1,0,18.673250,0.024067,0.000031,0.131352,1,7,3,2,4
377,21.047150,0.039149,father,5,2,4.995686,2.000000,766.643300,514.990100,764.860900,516.111600,2.105862,768.971600,513.075400,760.750200,519.147700,768.971600,504.214600,760.750200,507.499500,2.328653,0.226256,-3.908692,2.180212,0.297430,-4.063745,2.286615,-3.957583,54.743540,0.244560,0.210716,1,0,16.890440,0.039149,0.000136,0.131083,5,5,3,6,4
377,21.047150,0.039149,mother,11,9,11.000000,8.761847,734.618400,245.143900,736.726000,246.176800,2.347079,743.294600,248.572800,730.157200,243.780900,743.294600,239.380900,730.157200,234.267000,1.865041,0.234709,2.845227,1.627838,0.242932,2.967586,1.708387,2.932781,125.261200,0.047630,0.264322,0,0,19.119010,0.039149,0.000150,0.122797,7,7,7,8,4
377,21.047150,0.039149,older_sister,3,10,2.623840,10.000000,328.171100,396.024400,325.959700,397.514400,2.666564,330.570700,394.742300,321.348600,400.286500,330.570700,383.725600,321.348600,385.382400,-5.586916,0.281305,-0.887126,-5.753428,0.380567,-1.028694,-5.630243,-0.919864,54.743750,0.279751,0.217688,1,0,18.508510,0.039149,0.000097,0.140892,5,4,7,7,4
377,21.047150,0.039149,player,7,3,7.188650,3.000000,817.076100,447.498500,814.622100,448.525300,2.660180,821.465000,445.523900,807.779200,451.526700,821.465000,434.143600,807.779200,439.957400,3.276451,0.290589,-2.183804,3.029346,0.295415,-2.337082,3.197207,-2.234225,234.739800,0.514139,-0.290257,1,0,18.694860,0.021616,0.000086,0.131352,1,7,3,2,4
378,21.085740,0.038657,father,5,2,5.000000,2.000000,766.825700,514.898700,765.042200,516.028300,2.111125,769.028900,513.042400,761.055400,519.014300,769.028900,504.181000,761.055400,507.263700,2.329690,0.226269,-3.907847,2.185723,0.300044,-4.060337,2.289909,-3.955249,54.671180,0.249952,0.205635,1,0,16.894730,0.004288,0.000273,0.126399,5,5,3,6,4
378,21.085740,0.038657,mother,11,9,11.000000,8.722949,736.262800,245.966200,737.322300,246.621100,1.245542,743.939800,249.098700,730.704700,244.143500,743.939800,240.227600,730.704700,234.355900,1.876689,0.226519,2.831798,1.637725,0.249922,2.958325,1.738079,2.911786,125.264800,0.096251,0.268164,0,0,19.157670,0.038657,0.000086,0.128538,7,7,7,8,4
378,21.085740,0.038657,older_sister,3,10,2.662737,10.000000,329.815500,395.202200,327.761500,396.452600,2.404720,330.718800,394.625500,324.804100,398.279700,330.718800,383.534000,324.804100,382.759500,-5.584244,0.283215,-0.884144,-5.691037,0.396299,-0.977450,-5.600553,-0.898868,54.732420,0.328373,0.141067,1,0,18.547170,0.038657,0.000136,0.133028,5,4,7,7,4
378,21.085740,0.038657,player,7,3,7.169152,3.000000,816.251800,447.910700,813.491700,449.043800,2.983635,821.441000,445.536400,805.542300,452.551200,821.441000,434.102900,805.542300,441.145700,3.276019,0.291947,-2.184122,2.988957,0.291232,-2.363241,3.182325,-2.244750,234.731800,0.538511,-0.337798,0,0,18.714240,0.019377,0.000031,0.140513,1,7,3,2,4
379,21.174980,0.083347,father,5,2,5.000000,2.025759,765.736700,514.354300,765.813700,516.041700,1.689196,765.022100,512.614600,766.605500,519.469000,765.022100,503.750100,766.605500,507.159300,2.257344,0.226349,-3.896924,2.285932,0.314321,-4.071948,2.270246,-3.941348,4.008931,0.282152,0.172597,1,0,16.920330,0.015600,0.000220,0.126399,3,5,3,6,4
379,21.174980,0.083347,mother,11,9,11.000000,8.642450,739.665900,247.667800,738.361000,247.255300,1.368565,744.491700,249.362900,732.230200,245.147700,744.491700,240.560700,732.230200,234.361400,1.886656,0.224759,2.825053,1.665268,0.275422,2.932685,1.799523,2.868335,125.266000,0.196875,0.242903,1,0,19.237670,0.030000,0.000015,0.128538,7,7,7,8,4
379,21.174980,0.083347,older_sister,3,10,2.743236,10.000000,333.218600,393.500700,333.354900,393.487200,0.136994,331.371800,394.230400,335.338100,392.743900,331.371800,382.956500,335.338100,379.601300,-5.572454,0.287872,-0.874054,-5.500839,0.335590,-0.836099,-5.539108,-0.855423,54.737190,0.428995,-0.080388,1,0,18.627170,0.030000,0.000068,0.133028,5,4,7,7,4
379,21.174980,0.083347,player,7,3,7.133758,3.000000,814.755600,448.658900,812.645800,449.530500,2.282768,821.568100,445.479200,803.723400,453.581900,821.568100,433.828000,803.723400,442.517000,3.278313,0.297506,-2.182662,2.956117,0.282535,-2.389560,3.155308,-2.263854,234.735600,0.582754,-0.382525,0,0,18.749410,0.012343,0.000000,0.140513,1,7,3,2,4
380,21.214520,0.044816,father,5,2,5.000000,2.066073,764.032500,513.502200,764.942300,514.824800,1.605311,762.767900,513.104900,767.116800,516.544600,762.767900,504.191200,767.116800,503.819600,2.216641,0.227605,-3.909444,2.295164,0.324927,-3.997276,2.239475,-3.919589,336.767500,0.332544,0.111684,1,0,16.960390,0.040064,0.000220,0.126399,3,5,3,6,4
380,21.214520,0.044816,mother,11,9,11.000000,8.593987,741.714700,248.692100,739.616300,247.884900,2.248286,744.761500,249.463800,734.471100,246.306100,744.761500,240.602400,734.471100,234.417900,1.891527,0.226271,2.822476,1.705728,0.303559,2.903104,1.836516,2.842179,125.263600,0.257454,0.198256,1,0,19.285830,0.048164,0.000046,0.128538,7,7,7,8,4
380,21.214520,0.044816,older_sister,3,10,2.791700,10.000000,335.267500,392.476000,337.201700,391.645800,2.104914,331.642800,394.069100,342.760700,389.222500,331.642800,382.713100,342.760700,377.449600,-5.567560,0.289967,-0.869935,-5.366821,0.300614,-0.746180,-5.502115,-0.829257,54.727660,0.489576,-0.235350,1,0,18.675330,0.048164,0.000314,0.133028,5,4,7,7,4
380,21.214520,0.044816,player,7,3,7.115180,3.000000,813.970100,449.051500,812.737700,449.614800,1.355064,821.667500,445.468800,803.807700,453.760900,821.667500,433.646900,803.807700,442.824000,3.280109,0.301863,-2.182395,2.957640,0.279267,-2.394131,3.141127,-2.273879,234.741500,0.605976,-0.385542,0,0,18.767880,0.018463,0.000110,0.140513,1,7,3,2,4
381,21.252660,0.038047,father,5,2,5.000000,2.104357,762.413900,512.693100,763.316200,513.308300,1.092024,761.854900,513.275200,764.777300,513.341400,761.854900,504.315500,764.777300,501.265000,2.200159,0.228782,-3.913793,2.252925,0.308364,-3.915483,2.210252,-3.898928,313.604300,0.380400,0.039375,1,0,16.998440,0.038047,0.000136,0.126399,3,5,3,6,4
381,21.252660,0.038047,mother,11,9,11.000000,8.555702,743.333200,249.501400,741.356700,248.662800,2.147032,745.283000,249.689800,737.430300,247.635800,745.283000,240.808900,737.430300,235.032600,1.900943,0.226770,2.816703,1.759158,0.321816,2.869152,1.865738,2.821515,125.264500,0.305311,0.146048,1,0,19.323880,0.038047,0.000015,0.128538,7,7,7,8,4
381,21.252660,0.038047,older_sister,3,10,2.829984,10.000000,336.885900,391.666900,339.638400,390.536600,2.975506,331.732700,394.022600,347.544100,387.050600,331.732700,382.592400,347.544100,375.638200,-5.565937,0.291863,-0.868748,-5.280454,0.291409,-0.690724,-5.472893,-0.808597,54.739810,0.537432,-0.335880,0,0,18.713380,0.038047,0.000205,0.133028,5,4,7,7,4
381,21.252660,0.038047,player,7,3,7.101746,3.000000,813.402200,449.335400,812.669100,449.724900,0.830223,821.688800,445.510700,803.649300,453.939100,821.688800,433.531700,803.649300,443.027400,3.280491,0.305878,-2.183468,2.954779,0.278624,-2.398681,3.130874,-2.281127,234.743100,0.622768,-0.390198,0,0,18.781230,0.013350,0.000164,0.140513,1,7,3,2,4
382,21.291080,0.038613,father,5,2,5.000000,2.143210,760.771400,511.871800,760.639300,511.839000,0.136093,761.276700,512.996000,760.002000,510.682100,761.276700,504.029900,760.002000,500.052300,2.189718,0.228942,-3.906663,2.166702,0.271425,-3.847579,2.180595,-3.877959,305.263100,0.428967,-0.052904,1,0,17.037050,0.038613,0.000110,0.126399,3,5,3,6,4
382,21.291080,0.038613,mother,11,9,11.000000,8.516849,744.975700,250.322500,743.487600,249.615900,1.647319,745.913700,249.961200,741.061500,249.270700,745.913700,241.022700,741.061500,236.661000,1.912331,0.228238,2.809775,1.824721,0.321981,2.827405,1.895395,2.800549,125.258900,0.353876,0.081715,1,0,19.362490,0.038613,0.000164,0.128538,7,7,7,8,4
382,21.291080,0.038613,older_sister,3,10,2.868837,10.000000,338.528400,390.845700,340.488600,390.028000,2.123871,331.584800,394.087800,349.392400,385.968100,331.584800,382.416400,349.392400,374.935400,-5.568608,0.298021,-0.870413,-5.247082,0.281714,-0.663082,-5.443236,-0.787627,54.736310,0.585999,-0.382227,0,0,18.751990,0.038613,0.000178,0.133028,5,4,7,7,4
382,21.291080,0.038613,player,7,3,7.089012,3.000001,812.863800,449.604400,812.669400,449.790900,0.269411,821.699200,445.572000,803.639600,454.009800,821.699200,433.418100,803.639600,443.138300,3.280679,0.310343,-2.185032,2.954604,0.277596,-2.400485,3.121153,-2.287997,234.751100,0.638685,-0.390634,0,0,18.793880,0.012656,0.000301,0.140513,1,7,3,2,4
383,21.332460,0.041531,father,5,2,5.000000,2.184999,759.004800,510.988600,757.683300,510.323500,1.479408,760.599200,512.678200,754.767500,507.968800,760.599200,503.706200,754.767500,498.354000,2.177485,0.229095,-3.898549,2.072190,0.245509,-3.778297,2.148698,-3.855406,305.262300,0.481203,-0.155400,1,0,17.078580,0.041531,0.000000,0.126399,3,5,3,6,4
383,21.332460,0.041531,mother,11,8,11.000000,8.475060,746.742400,251.206000,746.285900,250.949500,0.523588,746.677500,250.311800,745.894300,251.587200,746.677500,241.347400,745.894300,240.237500,1.926122,0.228900,2.800822,1.911981,0.289807,2.768255,1.927293,2.777989,125.269300,0.406113,-0.007260,1,0,19.404020,0.041531,0.000046,0.128538,7,7,7,8,4
383,21.332460,0.041531,older_sister,3,10,2.910627,10.000000,340.295100,389.962400,340.504900,389.770000,0.284702,331.476000,393.990700,349.533900,385.549400,331.476000,381.842100,349.533900,374.676800,-5.570572,0.310208,-0.867934,-5.244526,0.277624,-0.652390,-5.411338,-0.765074,54.738700,0.638235,-0.390660,0,0,18.793520,0.041531,0.000110,0.133028,5,4,7,7,4
383,21.332460,0.041531,player,7,3,7.076121,3.000001,812.318800,449.876900,812.686800,449.850900,0.368842,821.672500,445.662000,803.701100,454.039600,821.672500,433.309500,803.701100,443.203100,3.280198,0.315415,-2.187331,2.955714,0.276704,-2.401248,3.111313,-2.294955,234.734000,0.654800,-0.388444,0,1,18.806690,0.012811,0.000301,0.140513,1,7,3,2,4
384,21.373170,0.039738,father,5,2,5.000000,2.224985,757.314400,510.143200,755.324000,509.064300,2.263946,760.061400,512.415100,750.586500,505.713700,760.061400,503.432500,750.586500,496.341700,2.167776,0.229365,-3.891830,1.996702,0.239306,-3.720713,2.118176,-3.833819,305.270800,0.531185,-0.238481,1,0,17.118320,0.039738,0.000193,0.128677,3,5,3,6,4
384,21.373170,0.039738,mother,11,8,11.000000,8.435074,748.432700,252.051100,749.267600,252.443400,0.922468,747.388200,250.644700,751.147200,254.242100,747.388200,241.674500,751.147200,244.299900,1.938952,0.229050,2.792320,2.006825,0.253869,2.700464,1.957814,2.756409,125.262700,0.456095,-0.108449,1,0,19.443760,0.039738,0.000061,0.128968,7,7,7,8,4
384,21.373170,0.039738,older_sister,3,10,2.950613,10.000000,341.985500,389.117000,340.489700,389.563700,1.561149,331.797800,393.553900,349.181500,385.573500,331.797800,380.767800,349.181500,374.759600,-5.564762,0.326485,-0.856780,-5.250889,0.276128,-0.653006,-5.380816,-0.743488,54.729980,0.688215,-0.373924,0,1,18.833260,0.039738,0.000273,0.124543,5,4,7,7,4
384,21.373170,0.039738,player,7,3,7.064479,3.000001,811.826800,450.123100,812.699100,449.907000,0.898689,821.592100,445.780600,803.806200,454.033500,821.592100,433.238300,803.806200,443.216600,3.278746,0.320261,-2.190357,2.957613,0.276203,-2.401091,3.102428,-2.301242,234.719000,0.669352,-0.383868,0,1,18.818260,0.011570,0.000136,0.124065,1,7,3,2,4
385,21.461040,0.084552,father,5,2,5.000000,2.305484,753.911300,508.441700,753.424600,508.295000,0.508349,759.380400,512.131500,747.468600,504.458400,759.380400,502.636700,747.468600,495.556100,2.155480,0.242444,-3.884589,1.940405,0.227315,-3.688662,2.056731,-3.790373,305.262900,0.631807,-0.288725,0,0,17.198320,0.030000,0.000110,0.128677,3,5,3,6,4
385,21.461040,0.084552,mother,11,8,11.000000,8.354575,751.835900,253.752600,753.866300,254.861000,2.313295,748.428900,251.150600,759.303700,258.571500,748.428900,242.112300,759.303700,249.293300,1.957744,0.230787,2.779404,2.154095,0.236913,2.589916,2.019258,2.712964,125.262900,0.556717,-0.269720,0,0,19.523760,0.030000,0.000150,0.128968,7,7,7,8,4
385,21.461040,0.084552,older_sister,3,10,3.031111,10.000000,345.388600,387.415600,342.900800,388.193500,2.606593,337.360700,390.463700,348.440900,385.923300,337.360700,375.780600,348.440900,374.990300,-5.464320,0.374925,-0.777875,-5.264261,0.279168,-0.661938,-5.319372,-0.700042,54.737160,0.788839,-0.230284,0,1,18.913260,0.030000,0.000205,0.124543,5,4,7,7,4
385,21.461040,0.084552,player,7,3,7.042573,3.000001,810.900600,450.586200,812.650900,450.037300,1.834303,821.198100,446.136500,804.103600,453.938100,821.198100,433.249200,804.103600,443.119100,3.271632,0.329068,-2.199445,2.962982,0.276257,-2.398656,3.085706,-2.313067,234.732700,0.696735,-0.367026,0,1,18.840030,0.007908,0.000136,0.124065,1,7,3,2,4
386,21.500350,0.043616,father,5,2,5.000000,2.353952,751.862200,507.417100,752.807900,508.099400,1.166147,758.461300,511.842600,747.154700,504.356200,758.461300,501.656000,747.154700,495.517400,2.138884,0.260107,-3.877212,1.934737,0.225693,-3.686052,2.019735,-3.764208,305.269200,0.692392,-0.277054,0,1,17.246490,0.048168,0.000246,0.128677,3,5,3,6,4
386,21.500350,0.043616,mother,11,8,11.000000,8.306107,753.884900,254.777300,754.703700,255.120300,0.887809,748.779600,251.296200,760.628000,258.944500,748.779600,241.931100,760.628000,250.007800,1.964075,0.239132,2.775686,2.178005,0.228193,2.580391,2.056255,2.686798,125.269900,0.617302,-0.287430,0,0,19.571930,0.048168,0.000000,0.128968,7,7,7,8,4
386,21.500350,0.043616,older_sister,3,10,3.079580,10.000000,347.437600,386.390900,346.101700,386.865500,1.417663,343.686000,387.806000,348.517500,385.925000,343.686000,372.844800,348.517500,374.786500,-5.350114,0.382026,-0.710012,-5.262878,0.284416,-0.661982,-5.282377,-0.673876,54.729110,0.849424,-0.098956,0,1,18.961430,0.048168,0.000409,0.124543,5,4,7,7,4
386,21.500350,0.043616,player,7,3,7.030129,3.000001,810.374600,450.849200,812.539700,450.119800,2.284576,820.754800,446.424600,804.324500,453.815100,820.754800,433.356400,804.324500,442.977900,3.263628,0.333689,-2.206802,2.966971,0.276722,-2.395515,3.076208,-2.319781,234.744900,0.712288,-0.351176,0,1,18.852400,0.012366,0.000193,0.124065,1,7,3,2,4
387,21.539600,0.039143,father,5,2,5.000000,2.393339,750.197200,506.584600,751.898500,507.673400,2.019843,756.636500,511.025700,747.160600,504.321000,756.636500,500.073500,747.160600,495.425600,2.105937,0.279658,-3.856354,1.934843,0.227140,-3.685153,1.989672,-3.742953,305.261400,0.741625,-0.238538,0,1,17.285630,0.039143,0.000164,0.128677,3,5,3,6,4
387,21.539600,0.039143,mother,11,8,11.000000,8.266721,755.549900,255.609700,755.192700,255.269400,0.493316,749.319700,251.449800,761.065700,259.089100,749.319700,241.572800,761.065700,250.247400,1.973827,0.252204,2.771764,2.185909,0.225768,2.576699,2.086318,2.665543,125.261400,0.666536,-0.285783,0,1,19.611070,0.039143,0.000098,0.128968,7,7,7,8,4
387,21.539600,0.039143,older_sister,3,10,3.118966,10.000000,349.102700,385.558400,349.191000,385.394400,0.186270,349.819200,384.871300,348.562900,385.917600,349.819200,371.135300,348.562900,374.624500,-5.239376,0.350739,-0.635075,-5.262058,0.288363,-0.661791,-5.252312,-0.652621,54.739900,0.898657,0.033944,0,1,19.000570,0.039143,0.000273,0.124543,5,4,7,7,4
387,21.539600,0.039143,player,7,3,7.000000,3.000000,809.100900,451.486000,811.743900,450.616200,2.782464,818.865900,447.553100,804.621800,453.679200,818.865900,433.644700,804.621800,442.816400,3.229523,0.355145,-2.235619,2.972339,0.277377,-2.392045,3.053210,-2.336044,234.734600,0.749950,-0.300303,0,0,18.882340,0.000000,0.000193,0.124065,1,-1,-1,2,4
388,21.577340,0.038757,father,5,2,5.000000,2.432337,748.548500,505.760400,750.242200,506.827800,2.001951,753.582800,509.487700,746.901500,504.167900,753.582800,497.769700,746.901500,495.208500,2.050802,0.299214,-3.817082,1.930165,0.228774,-3.681244,1.959904,-3.721908,305.259000,0.790375,-0.176922,0,1,17.324390,0.038757,0.000031,0.128677,3,5,3,6,4
388,21.577340,0.038757,mother,11,8,11.000000,8.227721,757.198600,256.434000,755.782500,255.507100,1.692456,750.488200,251.911300,761.076900,259.102800,750.488200,241.456500,761.076900,250.233400,1.994925,0.266958,2.759979,2.186111,0.226473,2.576349,2.116086,2.644497,125.259800,0.715284,-0.262118,0,1,19.649830,0.038757,0.000164,0.128968,7,7,7,8,4
388,21.577340,0.038757,older_sister,3,10,3.157965,10.000000,350.751400,384.734200,352.677100,383.592700,2.238641,356.724400,381.300000,348.629800,385.885400,356.724400,368.943500,348.629800,374.458700,-5.114698,0.315517,-0.543884,-5.260850,0.291774,-0.660969,-5.222544,-0.631576,54.741420,0.947405,0.186931,0,1,19.039330,0.038757,0.000164,0.124543,5,4,7,7,4
388,21.577340,0.038757,player,7,3,7.000000,3.000000,809.100900,451.486000,811.743900,450.616200,2.782464,818.865900,447.553100,804.621800,453.679200,818.865900,433.644700,804.621800,442.816400,3.229523,0.355145,-2.235619,2.972339,0.277377,-2.392045,3.053210,-2.336044,234.734600,0.749950,-0.300303,0,0,18.882340,0.000000,0.000193,0.124065,1,-1,-1,2,4
389,21.620220,0.039942,father,5,2,5.000000,2.472528,746.849400,504.910800,748.061800,505.585100,1.387293,749.638800,507.235200,746.484700,503.934900,749.638800,495.271000,746.484700,494.854900,1.979590,0.305500,-3.759566,1.922642,0.231854,-3.675294,1.929226,-3.700213,305.266700,0.840612,-0.095154,0,1,17.364330,0.039942,0.000136,0.128677,3,5,3,6,4
389,21.620220,0.039942,mother,11,8,11.000000,8.187531,758.897700,257.283700,757.149000,256.147900,2.085150,753.071900,253.089400,761.226300,259.206400,753.071900,241.738700,761.226300,250.283300,2.041575,0.289834,2.729898,2.188807,0.227846,2.573704,2.146764,2.622799,125.271200,0.765522,-0.210398,0,1,19.689770,0.039942,0.000031,0.128968,7,7,7,8,4
389,21.620220,0.039942,older_sister,3,10,3.198156,10.000000,352.450500,383.884600,355.991000,381.842700,4.087115,363.343900,377.803400,348.638000,385.882000,363.343900,365.934100,348.638000,374.275000,-4.995179,0.303076,-0.454601,-5.260702,0.296376,-0.660882,-5.191866,-0.609882,54.733980,0.997644,0.335895,0,1,19.079270,0.039942,0.000178,0.124543,5,4,7,7,4
389,21.620220,0.039942,player,7,3,7.000000,3.000000,809.100900,451.486000,811.743900,450.616200,2.782464,818.865900,447.553100,804.621800,453.679200,818.865900,433.644700,804.621800,442.816400,3.229523,0.355145,-2.235619,2.972339,0.277377,-2.392045,3.053210,-2.336044,234.734600,0.749950,-0.300303,0,0,18.882340,0.000000,0.000193,0.124065,1,9,5,5,4
390,21.659700,0.040590,father,5,3,5.000000,2.513371,745.122800,504.047300,745.224900,504.120400,0.125574,744.446300,504.567600,746.003700,503.673200,744.446300,493.599100,746.003700,494.495500,1.885835,0.280075,-3.691449,1.913955,0.234347,-3.668612,1.898051,-3.678164,305.271100,0.891666,0.009770,0,1,17.404920,0.040589,0.000273,0.129691,3,5,3,6,4
390,21.659700,0.040590,mother,11,8,11.000000,8.146688,760.624400,258.147000,759.108300,257.246500,1.763399,756.629600,255.081400,761.586900,259.411600,756.629600,243.090500,761.586900,250.395200,2.105813,0.306182,2.679033,2.195319,0.230230,2.568463,2.177940,2.600754,125.264600,0.816576,-0.136919,0,1,19.730360,0.040590,0.000000,0.120133,7,7,7,8,4
390,21.659700,0.040590,older_sister,3,10,3.238999,10.000000,354.177100,383.021100,356.757800,381.631400,2.931139,364.422500,377.510200,349.093000,385.752500,364.422500,366.214900,349.093000,373.937900,-4.975704,0.288419,-0.447114,-5.252486,0.301681,-0.657577,-5.160691,-0.587832,54.727930,0.048697,0.347504,0,0,19.119860,0.040590,0.000369,0.141553,5,4,7,7,4
390,21.659700,0.040590,player,7,3,7.006631,3.000000,809.381200,451.345800,812.185800,451.923400,2.863427,820.024800,452.867200,804.346800,450.979600,820.024800,438.780400,804.346800,440.102900,3.250448,0.359698,-2.371310,2.967372,0.277730,-2.323111,3.058273,-2.332461,275.319900,0.758240,-0.286325,0,1,18.888930,0.006590,0.000273,0.126010,5,9,5,5,4
391,21.749200,0.084331,father,5,3,5.000000,2.593293,741.744100,502.358000,738.861000,501.050600,3.165690,732.686900,498.914300,745.034900,503.186900,732.686900,489.279700,745.034900,493.842100,1.673514,0.246014,-3.547096,1.896464,0.238615,-3.656194,1.837046,-3.635027,305.263900,0.991570,0.245026,0,1,17.484350,0.029427,0.000273,0.129691,3,5,3,6,4
391,21.749200,0.084331,mother,11,8,11.000000,8.066190,764.027400,259.848400,764.621600,260.119200,0.652945,766.738900,260.339100,762.504200,259.899200,766.738900,249.988500,762.504200,250.685200,2.288341,0.264298,2.544779,2.211882,0.235274,2.556013,2.239384,2.557308,125.263400,0.917198,0.068916,0,1,19.810360,0.030000,0.000086,0.120133,7,7,7,8,4
391,21.749200,0.084331,older_sister,3,10,3.319497,10.000000,357.580200,381.319800,357.562500,381.540200,0.221108,365.083300,377.486000,350.041600,385.594400,365.083300,366.575100,350.041600,372.961900,-4.963773,0.278603,-0.446496,-5.235361,0.322563,-0.653540,-5.099247,-0.544390,54.739520,0.149321,0.341286,1,0,19.199860,0.030000,0.000164,0.141553,5,4,7,7,4
391,21.749200,0.084331,player,7,3,7.058530,3.000000,811.575300,450.249000,811.247900,451.783200,1.568711,810.867900,454.927500,811.628100,448.638900,810.867900,439.786200,811.628100,437.599400,3.085114,0.386623,-2.423919,3.098840,0.281889,-2.263345,3.097886,-2.304457,359.642100,0.823111,-0.160486,0,1,18.940510,0.025341,0.000031,0.126010,5,9,5,5,4
392,21.787900,0.044106,father,5,3,5.000000,2.639612,739.785900,501.379100,737.716400,500.359300,2.307076,731.145000,497.959400,744.288000,502.759300,731.145000,488.784700,744.288000,493.237900,1.645673,0.234272,-3.522715,1.882977,0.243123,-3.645275,1.801690,-3.610034,305.257100,0.049467,0.264523,0,0,17.530380,0.046032,0.000031,0.129691,3,5,3,6,4
392,21.787900,0.044106,mother,11,8,11.000000,8.017450,766.087900,260.878700,768.668600,262.052200,2.834954,774.212100,263.881200,763.125100,260.223100,774.212100,254.317700,763.125100,250.908800,2.423274,0.244198,2.454335,2.223092,0.237835,2.547742,2.276587,2.531003,125.263700,0.978123,0.217377,0,1,19.858800,0.048437,0.000086,0.120133,7,7,7,8,4
392,21.787900,0.044106,older_sister,3,10,3.368236,10.000000,359.640700,380.289600,358.009000,381.470200,2.013955,364.514800,377.757200,351.503200,385.183200,364.514800,366.783300,351.503200,371.839700,-4.974038,0.280213,-0.453422,-5.208970,0.340720,-0.643040,-5.062044,-0.518085,54.736450,0.210243,0.301297,1,0,19.248300,0.048437,0.000136,0.141553,5,4,7,7,4
392,21.787900,0.044106,player,7,3,7.107191,3.000000,813.632400,449.220200,813.287200,449.317000,0.358522,812.947300,449.305900,813.627100,449.328100,812.947300,435.129800,813.627100,438.077100,3.122658,0.361978,-2.280375,3.134933,0.287288,-2.280941,3.135030,-2.278186,43.743780,0.883936,-0.008079,0,1,18.988870,0.048359,0.000246,0.126010,5,9,5,5,4
393,21.826500,0.039145,father,5,3,5.000000,2.674512,738.310500,500.641100,737.180200,499.958600,1.320415,730.563300,497.482700,743.797100,502.434500,730.563300,488.598400,743.797100,492.668600,1.635170,0.226854,-3.510540,1.874116,0.249367,-3.636983,1.775051,-3.591189,305.276800,0.093094,0.268093,0,0,17.565060,0.034684,0.000382,0.129691,3,5,3,6,4
393,21.826500,0.039145,mother,11,8,11.000000,7.978061,767.753100,261.711100,770.274200,262.883600,2.780437,776.816300,265.226600,763.732000,260.540600,776.816300,255.820900,763.732000,251.094700,2.470295,0.240169,2.419981,2.234051,0.241198,2.539634,2.306653,2.509747,125.258800,0.027359,0.261979,0,1,19.897940,0.039145,0.000220,0.120133,7,7,7,8,4
393,21.826500,0.039145,older_sister,3,10,3.407625,10.000000,361.305800,379.457000,359.079800,380.966100,2.689331,364.332900,377.856400,353.826700,384.075800,364.332900,366.845700,353.826700,369.604000,-4.977322,0.281152,-0.455955,-5.167018,0.369530,-0.614763,-5.031978,-0.496825,54.736340,0.259480,0.246574,1,0,19.287440,0.039145,0.000136,0.141553,5,4,7,7,4
393,21.826500,0.039145,player,7,3,7.146580,3.000000,815.297600,448.387800,816.624500,447.588500,1.549011,819.647700,445.852400,813.601400,449.324700,819.647700,433.145700,813.601400,437.938100,3.243639,0.324457,-2.192191,3.134470,0.290750,-2.280854,3.165096,-2.256930,54.740970,0.933172,0.140325,0,1,19.028010,0.039145,0.000110,0.126010,5,9,5,5,4
394,21.866690,0.040023,father,5,3,5.000000,2.707431,736.918900,499.945500,736.758300,499.683700,0.307135,730.195000,497.242600,743.321500,502.124900,730.195000,488.454200,743.321500,492.028300,1.628521,0.224406,-3.504408,1.865527,0.257812,-3.629077,1.749924,-3.573428,305.254000,0.134243,0.265498,0,0,17.597780,0.032715,0.000136,0.129691,3,5,3,6,4
394,21.866690,0.040023,mother,11,8,11.000000,7.937789,769.455600,262.562500,770.923800,263.372800,1.676909,777.532500,265.830000,764.315100,260.915500,777.532500,256.871200,764.315100,251.251200,2.483226,0.228760,2.404573,2.244577,0.246772,2.530062,2.337394,2.488007,125.267900,0.077700,0.267305,0,0,19.937970,0.040023,0.000136,0.120133,7,7,7,8,4
394,21.866690,0.040023,older_sister,3,10,3.447897,10.000000,363.008400,378.605700,360.854500,379.972500,2.550952,364.470800,377.773400,357.238300,382.171500,364.470800,366.720500,357.238300,366.786500,-4.974834,0.282228,-0.453834,-5.105420,0.392849,-0.566139,-5.001238,-0.475085,54.731080,0.309820,0.171463,1,0,19.327470,0.040023,0.000232,0.141553,5,4,7,7,4
394,21.866690,0.040023,player,7,3,7.186852,3.000000,817.000100,447.536700,820.221000,445.680900,3.717258,826.756900,442.061100,813.685200,449.300700,826.756900,430.211700,813.685200,437.748700,3.371999,0.302567,-2.095383,3.135983,0.294974,-2.280242,3.195836,-2.235198,54.740250,0.983513,0.299433,0,1,19.068040,0.040023,0.000031,0.126010,5,9,5,5,4
395,21.905220,0.038775,father,5,3,5.000000,2.736577,735.686700,499.329400,736.395900,499.475100,0.723966,730.022500,497.197200,742.769400,501.752900,730.022500,488.415100,742.769400,491.264400,1.625404,0.224245,-3.503251,1.855558,0.267817,-3.619578,1.727677,-3.557696,305.265300,0.170673,0.255081,1,0,17.626740,0.028965,0.000136,0.129691,3,5,3,6,4
395,21.905220,0.038775,mother,11,8,11.000000,7.898772,771.105000,263.387400,771.455200,263.746300,0.501431,778.037100,266.214800,764.873400,261.277700,778.037100,257.421500,764.873400,251.255200,2.492337,0.224531,2.394748,2.254657,0.255920,2.520813,2.367174,2.466946,125.268800,0.126469,0.266846,0,0,19.976740,0.038775,0.000000,0.120133,7,7,7,8,4
395,21.905220,0.038775,older_sister,3,10,3.486914,10.000000,364.657800,377.781000,362.942000,378.770300,1.980588,364.702700,377.607000,361.181300,379.933500,364.702700,366.452600,361.181300,364.574200,-4.970646,0.284823,-0.449587,-5.034225,0.392189,-0.508991,-4.971456,-0.454028,54.737000,0.358591,0.086209,1,0,19.366240,0.038775,0.000178,0.141553,5,4,7,7,4
395,21.905220,0.038775,player,7,3,7.225869,3.000000,818.649600,446.711500,821.571200,445.074300,3.349017,829.147200,440.958400,813.995200,449.190200,829.147200,429.475300,813.995200,437.445000,3.415157,0.293213,-2.067227,3.141581,0.299908,-2.277422,3.225618,-2.214129,54.723450,0.032284,0.344733,0,0,19.106810,0.038775,0.000301,0.126010,5,9,5,5,4
396,21.943830,0.039032,father,5,3,5.000000,2.763238,734.559600,498.765900,736.016500,499.246200,1.533975,729.968200,497.192200,742.064800,501.300200,729.968200,488.380700,742.064800,490.430600,1.624426,0.224994,-3.503122,1.842836,0.277548,-3.608019,1.707327,-3.543307,305.263000,0.204001,0.238895,1,0,17.653240,0.026496,0.000136,0.125255,3,5,3,6,4
396,21.943830,0.039032,mother,11,8,11.000000,7.859497,772.765400,264.217400,771.941000,264.020200,0.847660,778.277000,266.268900,765.605200,261.771500,778.277000,257.484800,765.605200,251.229500,2.496667,0.224297,2.393367,2.267872,0.269183,2.508205,2.397153,2.445752,125.258800,0.175564,0.253116,1,0,20.015770,0.039032,0.000164,0.124615,7,7,7,8,4
396,21.943830,0.039032,older_sister,4,10,3.526189,10.000000,366.318200,376.950800,365.753300,377.289300,0.658554,365.044900,377.403700,366.461700,377.175000,365.044900,366.166200,366.461700,363.238800,-4.964466,0.286943,-0.444394,-4.938886,0.355852,-0.438554,-4.941477,-0.432830,54.736560,0.407684,-0.024258,1,0,19.405270,0.039032,0.000205,0.136638,5,4,7,7,4
396,21.943830,0.039032,player,7,3,7.265144,2.999999,820.310000,445.881500,822.173700,444.997300,2.062825,829.964500,440.860900,814.382900,449.133600,829.964500,429.835500,814.382900,437.122700,3.429915,0.281528,-2.064737,3.148580,0.306691,-2.275976,3.255597,-2.192935,54.740780,0.081377,0.351668,0,0,19.145840,0.039032,0.000164,0.135497,5,9,5,5,4
397,22.030340,0.082409,father,5,3,5.000000,2.810643,732.555500,497.763800,734.654900,498.572400,2.249735,729.639800,497.059100,739.670000,500.085800,729.639800,488.197200,739.670000,488.095300,1.618495,0.226283,-3.499724,1.799598,0.306170,-3.577009,1.671142,-3.517718,305.266900,0.263258,0.192488,1,0,17.700350,0.016423,0.000220,0.125255,3,5,3,6,4
397,22.030340,0.082409,mother,11,8,11.000000,7.778998,776.168500,265.919100,774.076400,265.096100,2.248158,778.781500,266.464400,769.371300,263.727900,778.781500,257.601300,769.371300,251.513700,2.505778,0.226312,2.388376,2.335871,0.311884,2.458250,2.458598,2.402298,125.267800,0.276186,0.179068,1,0,20.095770,0.030000,0.000000,0.124615,7,7,7,8,4
397,22.030340,0.082409,older_sister,4,10,3.606688,10.000000,369.721300,375.249500,372.067000,374.262600,2.544791,365.516600,377.131300,378.617200,371.393900,365.516600,365.757900,378.617200,359.785000,-4.955950,0.290415,-0.437440,-4.719411,0.296426,-0.290937,-4.880032,-0.389388,54.739540,0.508307,-0.277718,1,0,19.485270,0.030000,0.000043,0.136638,5,4,7,7,4
397,22.030340,0.082409,player,7,3,7.345643,2.999999,823.713100,444.180100,822.782000,444.936500,1.199638,829.834200,441.021900,815.729700,448.851200,829.834200,430.086900,815.729700,435.844100,3.427562,0.279219,-2.068846,3.172897,0.332129,-2.268763,3.317042,-2.149489,54.737110,0.181999,0.323355,1,0,19.225840,0.030000,0.000086,0.135497,5,9,5,5,4
398,22.069000,0.042854,father,5,3,5.000000,2.833452,731.591200,497.281500,733.639400,498.117200,2.212099,729.337500,496.928600,737.941300,499.305800,729.337500,488.059100,737.941300,486.860400,1.613037,0.226481,-3.496394,1.768385,0.317787,-3.557093,1.653731,-3.505404,305.271300,0.291771,0.161881,1,0,17.723020,0.022668,0.000301,0.125255,3,5,3,6,4
398,22.069000,0.042854,mother,11,8,11.000000,7.733452,778.093900,266.881800,776.346900,266.092100,1.917192,779.453900,266.746800,773.239900,265.437500,779.453900,257.832500,773.239900,252.713100,2.517918,0.227622,2.381165,2.405721,0.324910,2.414598,2.493363,2.377717,125.263600,0.333118,0.110911,1,0,20.141040,0.045263,0.000000,0.124615,7,7,7,8,4
398,22.069000,0.042854,older_sister,4,10,3.652233,10.000000,371.646700,374.286300,374.312200,373.203300,2.877108,365.512900,377.134700,383.111600,369.271900,365.512900,365.585000,383.111600,358.057000,-4.956017,0.294914,-0.437526,-4.638263,0.286364,-0.236752,-4.845267,-0.364795,54.723350,0.565239,-0.375357,0,0,19.530540,0.045263,0.000341,0.136638,5,4,7,7,4
398,22.069000,0.042854,player,7,3,7.391188,2.999999,825.638500,443.217300,823.384700,444.697100,2.696172,829.261700,441.299700,817.507600,448.094500,829.261700,430.296800,817.507600,434.108600,3.417225,0.280955,-2.075943,3.204999,0.357123,-2.249444,3.351806,-2.124907,54.736230,0.238932,0.273452,1,0,19.271110,0.045263,0.000086,0.135497,5,9,5,5,4
399,22.107710,0.038869,father,5,3,5.000000,2.851162,730.842600,496.907500,732.760300,497.737900,2.089754,729.079700,496.821700,736.440900,498.654100,729.079700,487.931600,736.440900,485.983900,1.608383,0.227003,-3.493662,1.741293,0.323527,-3.540454,1.640213,-3.495852,305.245400,0.313908,0.135549,1,0,17.740620,0.017600,0.000061,0.125255,3,5,3,6,4
399,22.107710,0.038869,mother,11,8,11.000000,7.694342,779.747400,267.708400,778.760500,267.206300,1.107266,780.150100,267.058700,777.370900,267.353900,780.150100,258.098200,777.370900,255.317400,2.530489,0.228801,2.373198,2.480309,0.307343,2.365664,2.523217,2.356610,125.259800,0.382006,0.036625,1,0,20.179900,0.038869,0.000110,0.124615,7,7,7,8,4
399,22.107710,0.038869,older_sister,4,10,3.691344,10.000000,373.300200,373.459900,374.302500,372.975200,1.113396,365.315700,377.162800,383.289400,368.787500,365.315700,365.268700,383.289400,357.857300,-4.959578,0.303709,-0.438245,-4.635053,0.279097,-0.224386,-4.815413,-0.343692,54.745210,0.614126,-0.388447,0,0,19.569400,0.038869,0.000097,0.136638,5,4,7,7,4
399,22.107710,0.038869,player,7,3,7.430299,2.999999,827.291900,442.390500,825.090000,443.859300,2.646777,829.438000,441.231900,820.742100,446.486500,829.438000,430.209300,820.742100,431.431700,3.420408,0.281456,-2.074211,3.263399,0.384417,-2.208383,3.381659,-2.103793,54.729070,0.287819,0.205664,1,0,19.309970,0.038869,0.000246,0.135497,5,9,5,5,4
400,22.147170,0.039301,father,5,3,5.000000,2.867542,730.150100,496.561200,731.883400,497.347100,1.903133,728.816200,496.710300,734.950600,497.983900,728.816200,487.794500,734.950600,485.261300,1.603626,0.227659,-3.490817,1.714386,0.324863,-3.523338,1.627711,-3.487010,305.271000,0.334381,0.109207,1,0,17.756900,0.016278,0.000136,0.125255,3,5,3,6,4
400,22.147170,0.039301,mother,11,8,11.000000,7.654797,781.419200,268.544300,781.616700,268.609900,0.208133,780.866000,267.394900,782.367400,269.824900,780.866000,258.428600,782.367400,259.266100,2.543414,0.228949,2.364615,2.570522,0.269615,2.302566,2.553402,2.335267,125.262800,0.431437,-0.057956,1,0,20.219210,0.039301,0.000136,0.124615,7,7,7,8,4
400,22.147170,0.039301,older_sister,4,10,3.730889,10.000000,374.971900,372.623900,374.296700,372.766000,0.689997,365.358900,376.920900,383.234600,368.611200,365.358900,364.454400,383.234600,357.787800,-4.958798,0.318326,-0.432067,-4.636043,0.276370,-0.219882,-4.785229,-0.322345,54.731060,0.663559,-0.386032,0,1,19.608710,0.039301,0.000205,0.136638,5,4,7,7,4
400,22.147170,0.039301,player,7,3,7.469844,2.999999,828.963700,441.554900,826.984200,442.737900,2.306044,829.607500,441.097900,824.360900,444.377900,829.607500,429.987800,824.360900,428.851500,3.423468,0.283690,-2.070787,3.328738,0.396455,-2.154540,3.411844,-2.082457,54.746280,0.337252,0.125699,1,0,19.349280,0.039301,0.000031,0.135497,5,9,5,5,4
401,22.187330,0.040615,father,5,3,5.000000,2.883141,729.490700,496.231400,730.978700,496.938100,1.647242,728.552900,496.592800,733.404500,497.283400,728.552900,487.654300,733.404500,484.673800,1.598870,0.228238,-3.487817,1.686471,0.321979,-3.505452,1.615805,-3.478590,305.265000,0.353882,0.081707,1,0,17.772400,0.015503,0.000136,0.125255,3,5,3,6,4
401,22.187330,0.040615,mother,11,8,11.000000,7.613928,783.146900,269.408400,784.492200,270.087900,1.507216,781.524000,267.703800,787.460400,272.472000,781.524000,258.732100,787.460400,262.868300,2.555295,0.229085,2.356728,2.662481,0.245224,2.234975,2.584597,2.313203,125.272700,0.482523,-0.157817,1,0,20.259820,0.040615,0.000031,0.124615,7,7,7,8,4
401,22.187330,0.040615,older_sister,4,10,3.771757,10.000000,376.699700,371.760300,374.484300,372.510700,2.339059,366.325700,376.172700,382.642900,368.848600,366.325700,363.065000,382.642900,358.009600,-4.941342,0.334696,-0.412961,-4.646726,0.276769,-0.225946,-4.754034,-0.300293,54.743070,0.714644,-0.348529,0,1,19.649320,0.040615,0.000000,0.136638,5,4,7,7,4
401,22.187330,0.040615,player,8,3,7.510712,2.999999,830.691400,440.690800,829.591000,441.314200,1.264710,829.939000,440.892400,829.243000,441.736000,829.939000,429.687000,829.243000,427.153100,3.429454,0.286124,-2.065542,3.416888,0.372365,-2.087081,3.443039,-2.060393,54.727270,0.388336,0.022697,1,0,19.389890,0.040615,0.000136,0.135497,5,9,5,5,4
402,22.225110,0.037824,father,5,3,5.000000,2.896585,728.922400,495.947100,730.127900,496.543100,1.344821,728.305700,496.482100,731.950200,496.604100,728.305700,487.528700,731.950200,484.291700,1.594408,0.228619,-3.484991,1.660213,0.314390,-3.488106,1.605542,-3.471331,305.273500,0.370686,0.055522,1,0,17.785760,0.013362,0.000246,0.128604,3,5,3,6,4
402,22.225110,0.037824,mother,11,8,11.000000,7.575869,784.755900,270.212700,786.738400,271.286000,2.254446,782.034900,267.954700,791.442000,274.617300,782.034900,258.973400,791.442000,265.242200,2.564518,0.229332,2.350322,2.734370,0.239390,2.180194,2.613647,2.292665,125.259200,0.530098,-0.236903,1,0,20.297650,0.037824,0.000110,0.128683,7,7,7,8,4
402,22.225110,0.037824,older_sister,4,10,3.809817,10.000000,378.308700,370.955400,375.647100,371.800000,2.792310,368.976100,374.609600,382.318200,368.990400,368.976100,360.441400,382.318200,358.107100,-4.893486,0.361778,-0.373049,-4.652588,0.277899,-0.229566,-4.724983,-0.279743,54.725040,0.762219,-0.279529,0,1,19.687150,0.037824,0.000273,0.126161,5,4,7,7,4
402,22.225110,0.037824,player,8,3,7.548772,2.999999,832.300400,439.886500,832.678800,439.755100,0.400565,830.264800,440.706400,835.092900,438.803800,830.264800,429.421100,835.092900,425.900900,3.435336,0.288165,-2.060792,3.522511,0.329468,-2.012210,3.472091,-2.039855,54.741910,0.435911,-0.099228,1,0,19.427720,0.037824,0.000000,0.137808,5,9,5,5,4
403,22.311040,0.082643,father,5,3,5.000000,2.922440,727.829300,495.400800,728.359600,495.692500,0.605189,727.834500,496.263500,728.884800,495.121500,727.834500,487.299400,728.884800,483.679100,1.585900,0.228892,-3.479409,1.604863,0.292172,-3.450248,1.585808,-3.457381,305.257000,0.403004,-0.001349,1,0,17.811460,0.009183,0.000086,0.128604,3,5,3,6,4
403,22.311040,0.082643,mother,11,7,11.000000,7.495370,788.158900,271.914200,788.671800,272.076000,0.537806,782.716600,268.240100,794.627000,275.911900,782.716600,258.755700,794.627000,267.007100,2.576827,0.242178,2.343035,2.791877,0.227379,2.147138,2.675092,2.249219,125.262900,0.630720,-0.288688,0,0,20.377650,0.030000,0.000136,0.128683,7,7,7,8,4
403,22.311040,0.082643,older_sister,4,10,3.890315,10.000000,381.711700,369.254200,380.744700,369.569200,1.017023,379.114500,370.134100,382.374900,369.004200,379.114500,355.431400,382.374900,357.819400,-4.710432,0.375425,-0.258770,-4.651565,0.285597,-0.229918,-4.663539,-0.236301,54.739120,0.862843,-0.064723,0,1,19.767150,0.030000,0.000068,0.126161,5,4,7,7,4
403,22.311040,0.082643,player,8,3,7.629270,2.999999,835.703500,438.184700,838.448600,437.056500,2.967937,830.581000,440.525800,846.316300,433.587100,830.581000,429.098200,846.316300,422.169000,3.441045,0.291797,-2.056180,3.725155,0.291555,-1.879004,3.533535,-1.996402,54.732590,0.536535,-0.334267,0,0,19.507720,0.030000,0.000164,0.137808,5,9,5,5,4
404,22.349360,0.042196,father,5,3,5.000000,2.935647,727.271100,495.121600,727.387000,495.212100,0.147062,727.593400,496.150100,727.180300,494.274100,727.593400,487.184700,727.180300,483.353600,1.581549,0.228926,-3.476513,1.574089,0.278849,-3.428611,1.575727,-3.450252,305.268100,0.419512,-0.033749,1,0,17.824580,0.013125,0.000164,0.128604,3,5,3,6,4
404,22.349360,0.042196,mother,11,7,11.000000,7.450252,790.066400,272.867900,789.235500,272.250300,1.035325,783.521200,268.483400,794.949600,276.017100,783.521200,258.359700,794.949600,267.180900,2.591356,0.258503,2.336821,2.797702,0.225626,2.144452,2.709532,2.224865,125.266100,0.687120,-0.279546,0,1,20.422490,0.044839,0.000136,0.128683,7,7,7,8,4
404,22.349360,0.042196,older_sister,4,10,3.935433,10.000000,383.619100,368.300400,384.412900,367.786300,0.945772,386.450500,366.561500,382.375200,369.011100,386.450500,353.461000,382.375200,357.662100,-4.577977,0.334511,-0.167544,-4.651557,0.289791,-0.230095,-4.629100,-0.211947,54.733600,0.919241,0.096193,0,1,19.811990,0.044839,0.000110,0.126161,5,4,7,7,4
404,22.349360,0.042196,player,8,3,7.674388,2.999999,837.610800,437.231000,839.265900,436.521100,1.800819,830.392900,440.601500,848.138900,432.440900,830.392900,428.883100,848.138900,421.466400,3.437650,0.299222,-2.058112,3.758064,0.280228,-1.849736,3.567974,-1.972049,54.733590,0.592934,-0.381923,0,0,19.552560,0.044839,0.000246,0.137808,5,9,5,5,4
405,22.387450,0.037791,father,5,3,5.000000,2.946191,726.825300,494.898800,726.593900,494.816200,0.245632,727.403200,496.060800,725.784700,493.571600,727.403200,487.094400,725.784700,483.048700,1.578113,0.228953,-3.474235,1.548890,0.268697,-3.410673,1.567678,-3.444564,305.246800,0.432692,-0.060547,1,0,17.835060,0.010479,0.000031,0.128604,3,5,3,6,4
405,22.387450,0.037791,mother,11,7,11.000000,7.412225,791.674000,273.671600,790.022200,272.614400,1.961106,785.118300,269.188800,794.926000,276.039900,785.118300,258.362700,794.926000,267.151500,2.620192,0.276439,2.318808,2.797275,0.226962,2.143869,2.738558,2.204343,125.261800,0.734654,-0.245587,0,1,20.460280,0.037791,0.000164,0.128683,7,7,7,8,4
405,22.387450,0.037791,older_sister,4,10,3.973460,10.000000,385.226700,367.496700,387.916200,365.935400,3.109836,393.350500,362.896000,382.482000,368.974700,393.350500,350.901000,382.482000,357.483900,-4.453395,0.306285,-0.073950,-4.649631,0.293412,-0.229166,-4.600074,-0.191425,54.738340,0.966776,0.249840,0,1,19.849780,0.037791,0.000068,0.126161,5,4,7,7,4
405,22.387450,0.037791,player,8,3,7.712416,2.999999,839.218400,436.427200,839.351500,436.264000,0.210549,830.325400,440.482600,848.377600,432.045500,830.325400,428.307700,848.377600,421.178400,3.436432,0.310878,-2.055077,3.762373,0.277484,-1.839640,3.597000,-1.951526,54.737500,0.640469,-0.390512,0,0,19.590350,0.037791,0.000193,0.137808,5,9,5,5,4
406,22.422740,0.035444,father,5,3,5.000000,2.955692,726.423600,494.697900,725.868700,494.451000,0.607373,727.231900,495.981400,724.505500,492.920700,727.231900,487.013000,724.505500,482.723700,1.575020,0.229003,-3.472205,1.525793,0.260373,-3.394053,1.560426,-3.439433,305.278000,0.444567,-0.085323,1,0,17.844500,0.009442,0.000110,0.128604,3,5,3,6,4
406,22.422740,0.035444,mother,11,7,11.000000,7.376560,793.181700,274.425700,791.450300,273.316500,2.056210,787.771100,270.469800,795.129500,276.163200,787.771100,258.906800,795.129500,267.222000,2.668091,0.295254,2.286101,2.800948,0.228307,2.140722,2.765780,2.185090,125.269000,0.779236,-0.192415,0,1,20.495720,0.035444,0.000031,0.128683,7,7,7,8,4
406,22.422740,0.035444,older_sister,4,10,4.000000,10.000000,386.348600,366.935500,389.930600,364.870100,4.134778,397.405900,360.768200,382.455400,368.972100,397.405900,348.893300,382.455400,357.355800,-4.380171,0.303219,-0.019617,-4.650111,0.296616,-0.229098,-4.579816,-0.177096,54.728520,0.999949,0.341350,0,1,19.876150,0.026376,0.000214,0.126161,5,4,7,7,4
406,22.422740,0.035444,player,8,3,7.748080,2.999999,840.726200,435.673500,839.329200,436.082600,1.455622,830.592000,440.099300,848.066300,432.065700,830.592000,427.354200,848.066300,421.252600,3.441245,0.325440,-2.045291,3.756753,0.276108,-1.840158,3.624222,-1.932281,54.741950,0.685049,-0.376047,0,1,19.625790,0.035444,0.000031,0.137808,5,9,5,5,4
407,22.464090,0.038821,father,5,3,5.000000,2.965775,725.997300,494.484900,725.138900,494.080100,0.949026,727.065200,495.903000,723.212800,492.257300,727.065200,486.932600,723.212800,482.334500,1.572011,0.229055,-3.470205,1.502452,0.253373,-3.377113,1.552729,-3.433993,305.254000,0.457172,-0.110535,1,0,17.854520,0.010021,0.000031,0.128604,3,5,3,6,4
407,22.464090,0.038821,mother,11,7,11.000000,7.337496,794.833100,275.251500,793.430100,274.449900,1.615798,791.358700,272.526800,795.501400,276.372900,791.358700,260.489700,795.501400,267.325200,2.732866,0.307360,2.233574,2.807664,0.231029,2.135367,2.795597,2.164002,125.270300,0.828062,-0.117777,0,1,20.534540,0.038821,0.000061,0.128683,7,7,7,8,4
407,22.464090,0.038821,older_sister,4,10,4.000000,9.970497,387.595900,367.559300,390.907400,366.569800,3.456227,399.770400,364.007800,382.044400,369.131700,399.770400,352.579600,382.044400,357.368800,-4.337478,0.291815,-0.102339,-4.657530,0.300359,-0.233174,-4.557296,-0.193023,69.942250,0.036829,0.345512,0,0,19.905470,0.029321,0.000110,0.126161,7,4,7,7,4
407,22.464090,0.038821,player,8,3,7.787143,2.999999,842.377600,434.847800,839.854400,435.710200,2.666540,832.207000,439.078800,847.501800,432.341600,832.207000,425.529800,847.501800,421.496800,3.470403,0.345963,-2.019231,3.746560,0.276917,-1.847202,3.654040,-1.911197,54.736070,0.733877,-0.324802,0,1,19.664610,0.038821,0.000000,0.137808,5,9,5,5,4
408,22.503680,0.039846,father,5,3,5.000000,3.000000,724.550500,493.761200,722.913800,492.904000,1.847539,726.560800,495.662400,719.266800,490.145700,726.560800,486.695200,719.266800,480.654700,1.562904,0.228972,-3.464059,1.431207,0.242347,-3.323195,1.526606,-3.415514,305.273700,0.499954,-0.188865,0,0,17.888540,0.000000,0.000275,0.128883,3,-1,-1,6,4
408,22.503680,0.039846,mother,11,7,11.000000,7.297402,796.528100,276.098800,796.103000,275.859400,0.487851,796.218500,275.076900,795.987600,276.641800,796.218500,263.792800,795.987600,267.485100,2.820611,0.288134,2.168459,2.816443,0.233811,2.128501,2.826202,2.142365,125.258800,0.878182,-0.019663,0,1,20.574390,0.039846,0.000086,0.129183,7,7,7,8,4
408,22.503680,0.039846,older_sister,4,10,4.000000,9.930905,389.269700,368.396000,391.355900,368.336000,2.087137,401.052400,367.608700,381.659500,369.063200,401.052400,356.610100,381.659500,357.015300,-4.314332,0.280844,-0.194286,-4.664482,0.307637,-0.231425,-4.527076,-0.214390,85.557620,0.086319,0.351975,0,0,19.944820,0.039346,0.000205,0.134828,7,4,7,7,4
408,22.503680,0.039846,player,8,3,7.827238,2.999999,844.072600,434.000300,841.538700,434.790300,2.654155,835.783600,437.158300,847.293900,432.422300,835.783600,422.562000,847.293900,421.500100,3.534980,0.372708,-1.970194,3.742807,0.278890,-1.849261,3.684644,-1.889556,54.734130,0.783995,-0.239511,0,1,19.704460,0.039846,0.000031,0.127063,5,9,5,5,4
409,22.599580,0.085112,father,5,3,5.000000,2.974241,725.639400,494.305600,726.995500,492.806000,2.021839,722.657500,496.452500,731.333700,489.159500,722.657500,487.468600,731.333700,479.790500,1.492427,0.229397,-3.484235,1.649080,0.239233,-3.298014,1.546267,-3.429415,30.379580,0.532154,-0.239876,1,0,17.914140,0.015600,0.000329,0.128883,7,2,2,5,4
409,22.599580,0.085112,mother,11,7,11.000000,7.216904,799.931200,277.800300,802.529000,278.981400,2.853738,808.106200,280.826600,796.951800,277.136200,808.106200,271.262200,796.951800,267.820400,3.035252,0.244222,2.021644,2.833851,0.237873,2.115877,2.887646,2.098920,125.263000,0.978804,0.218850,0,1,20.654390,0.030000,0.000136,0.129183,7,7,7,8,4
409,22.599580,0.085112,older_sister,4,10,4.000000,9.850408,392.672700,370.097800,391.147500,369.786000,1.556812,399.127700,372.526800,383.167100,367.045200,399.127700,361.586200,383.167100,353.982100,-4.349083,0.279362,-0.319865,-4.637259,0.333561,-0.179897,-4.465631,-0.257842,118.912500,0.186941,0.319928,1,0,20.024820,0.030000,0.000031,0.134828,7,4,7,7,4
409,22.599580,0.085112,player,8,3,7.907736,2.999999,847.475600,432.298600,847.131000,432.337700,0.346818,846.843800,432.260000,847.418200,432.415400,846.843800,418.103000,847.418200,421.162400,3.734679,0.361492,-1.845117,3.745052,0.287340,-1.849087,3.746088,-1.846103,54.732590,0.884617,-0.006177,0,1,19.784460,0.030000,0.000220,0.127063,5,9,5,5,4
410,22.645660,0.050329,father,5,3,5.000000,2.926605,727.653300,495.312500,729.290800,495.123400,1.648400,721.413300,495.289300,737.168200,494.957400,721.413300,486.102300,737.168200,485.950700,1.469962,0.234586,-3.454534,1.754426,0.229980,-3.446059,1.582628,-3.455127,80.704710,0.591698,-0.282098,0,0,17.961480,0.005441,0.000329,0.128883,7,2,2,5,4
410,22.645660,0.050329,mother,11,7,11.000000,7.161118,802.289600,278.979600,804.378100,280.006200,2.327235,810.947800,282.404800,797.808500,277.607700,810.947800,273.221400,797.808500,268.090100,3.086556,0.234492,1.981346,2.849321,0.243025,2.103837,2.930228,2.068807,125.267100,0.048536,0.264420,0,0,20.709830,0.005441,0.000031,0.129183,7,7,7,8,4
410,22.645660,0.050329,older_sister,4,10,4.000000,9.794621,395.031100,371.276800,392.273400,370.289400,2.929112,398.256200,372.799300,386.290600,367.779400,398.256200,361.789700,386.290600,353.371500,-4.364820,0.281126,-0.326825,-4.580863,0.367895,-0.198642,-4.423050,-0.287947,125.261300,0.256676,0.250406,1,0,20.080260,0.005441,0.000164,0.134828,7,4,7,7,4
410,22.645660,0.050329,player,8,3,7.963522,3.000000,849.834000,431.119500,852.038500,429.822100,2.557905,856.580900,427.262000,847.496000,432.382100,856.580900,415.050300,847.496000,420.933600,3.910489,0.311818,-1.717497,3.746455,0.292331,-1.848235,3.788671,-1.815997,54.739760,0.954351,0.209414,0,1,19.839900,0.005441,0.000086,0.127063,5,9,5,5,4
411,22.687310,0.047743,father,5,3,5.000000,2.878564,729.684100,496.328200,729.687100,496.196000,0.132206,723.753800,492.359300,735.620400,500.032900,723.753800,482.655200,735.620400,491.171700,1.512221,0.247786,-3.379716,1.726479,0.226264,-3.575658,1.619297,-3.481063,125.272300,0.651749,-0.288073,0,0,18.009220,0.047743,0.000086,0.128883,7,2,2,5,4
411,22.687310,0.047743,mother,11,7,11.000000,7.113078,804.320600,279.995100,805.095900,280.541600,0.948600,811.707100,283.029600,798.484700,278.053500,811.707100,274.201100,798.484700,268.179700,3.100267,0.225429,1.965392,2.861530,0.252122,2.092453,2.966898,2.042878,125.263800,0.108587,0.268287,0,0,20.757570,0.047743,0.000086,0.129183,7,7,7,8,4
411,22.687310,0.047743,older_sister,4,10,4.000000,9.746580,397.062000,372.292200,394.585500,371.319200,2.660807,398.459900,372.881900,390.711100,369.756400,398.459900,361.815700,390.711100,354.304700,-4.361141,0.282568,-0.328933,-4.501050,0.394550,-0.249126,-4.386381,-0.313876,125.263500,0.316725,0.160313,1,0,20.128000,0.047743,0.000205,0.134828,7,4,7,7,4
411,22.687310,0.047743,player,8,3,8.011562,3.000000,851.864900,430.104100,855.153600,428.221200,3.789518,862.662900,424.112800,847.644300,432.329700,862.662900,412.412600,847.644300,420.655600,4.020302,0.298757,-1.637083,3.749133,0.298091,-1.846897,3.825339,-1.790069,54.735520,0.014400,0.342545,0,1,19.887640,0.047743,0.000061,0.127063,5,9,5,5,4
412,22.726170,0.039114,father,5,3,5.000000,2.839206,731.348000,497.160200,730.212400,496.376900,1.379559,724.677400,492.681600,735.747400,500.072300,724.677400,482.404400,735.747400,491.223400,1.528898,0.262422,-3.387947,1.728773,0.225950,-3.576664,1.649340,-3.502307,125.265400,0.700945,-0.272154,0,1,18.048330,0.039114,0.000031,0.128883,7,2,2,5,4
412,22.726170,0.039114,mother,11,7,11.000000,7.073720,805.984400,280.826900,805.578600,280.819000,0.405838,812.038500,283.163600,799.118900,278.474500,812.038500,274.383400,799.118900,268.130200,3.106249,0.224198,1.961970,2.872980,0.264136,2.081704,2.996939,2.021638,125.261300,0.157784,0.259593,1,0,20.796690,0.039114,0.000136,0.129183,7,7,7,8,4
412,22.726170,0.039114,older_sister,4,10,4.000000,9.707222,398.725900,373.124100,396.986000,372.368100,1.897011,398.783400,372.994600,395.188700,371.741600,398.783400,361.827100,395.188700,356.531500,-4.355300,0.285155,-0.331811,-4.420205,0.388379,-0.299815,-4.356338,-0.335117,125.261500,0.365923,0.071468,1,0,20.167120,0.039114,0.000273,0.134828,7,4,7,7,4
412,22.726170,0.039114,player,8,3,8.050920,2.999999,853.528800,429.272300,855.791900,428.112100,2.543179,863.526500,423.982500,848.057300,432.241700,863.526500,412.829300,848.057300,420.347800,4.035895,0.284792,-1.633758,3.756590,0.303704,-1.844651,3.855381,-1.768828,54.739280,0.063599,0.349810,0,0,19.926760,0.039114,0.000061,0.127063,5,9,5,5,4
413,22.766260,0.040104,father,5,3,5.000000,2.798853,733.054000,498.013000,731.319900,496.892800,2.064377,726.844500,493.651600,735.795400,500.134000,726.844500,482.530200,735.795400,491.227900,1.568025,0.283977,-3.412715,1.729640,0.227412,-3.578240,1.680141,-3.524081,125.257000,0.751387,-0.227519,0,1,18.088440,0.040104,0.000220,0.128883,7,2,2,5,4
413,22.766260,0.040104,mother,11,7,11.000000,7.033367,807.690300,281.679700,806.146800,281.160100,1.628646,812.142300,283.182000,800.151200,279.138200,812.142300,274.364800,800.151200,268.213700,3.108126,0.225141,1.961502,2.891618,0.278953,2.064756,3.027741,1.999859,125.263300,0.208227,0.236392,1,0,20.836790,0.040104,0.000246,0.129183,7,7,7,8,4
413,22.766260,0.040104,older_sister,4,10,4.000000,9.666869,400.431800,373.977200,400.073000,373.851400,0.380247,399.176500,373.161900,400.969500,374.541000,399.176500,361.909400,400.969500,360.930300,-4.348202,0.287326,-0.336083,-4.315827,0.347540,-0.371296,-4.325536,-0.356903,125.271400,0.416365,-0.046766,1,0,20.207220,0.040104,0.000110,0.134828,7,4,7,7,4
413,22.766260,0.040104,player,8,3,8.091274,2.999999,855.234900,428.419100,856.293300,428.060800,1.117483,864.102300,423.945700,848.484300,432.175800,864.102300,413.039000,848.484300,419.908400,4.046292,0.278496,-1.632817,3.764299,0.313240,-1.842968,3.886184,-1.747043,54.729720,0.114040,0.351579,0,0,19.966860,0.040104,0.000110,0.127063,5,9,5,5,4
414,22.807530,0.041013,father,5,3,5.000000,2.757584,734.798600,498.885400,733.176000,497.887500,1.904963,730.237100,495.455500,736.114800,500.319600,730.237100,483.579800,736.114800,491.335400,1.629280,0.303237,-3.458776,1.735406,0.229407,-3.582980,1.711643,-3.546359,125.268000,0.802973,-0.158363,0,1,18.129450,0.041013,0.000110,0.115430,7,2,2,5,4
414,22.807530,0.041013,mother,11,7,11.000000,7.000000,809.100900,282.385400,807.001700,281.570900,2.251644,812.309300,283.238500,801.694200,279.903400,812.309300,274.377100,801.694200,268.153100,3.111140,0.226269,1.960059,2.919479,0.300035,2.045218,3.053210,1.981843,125.273700,0.249935,0.205651,1,0,20.869950,0.033161,0.000061,0.126399,7,7,7,8,4
414,22.807530,0.041013,older_sister,4,10,4.000000,9.625601,402.176500,374.849700,403.437300,375.570200,1.452147,399.496100,373.295200,407.378400,377.845200,399.496100,361.960400,407.378400,365.786100,-4.342432,0.289427,-0.339488,-4.200112,0.307922,-0.455668,-4.294036,-0.379181,125.269300,0.467951,-0.183281,1,0,20.248240,0.041013,0.000068,0.138962,7,4,7,7,4
414,22.807530,0.041013,player,8,3,8.132543,2.999999,856.979400,427.546700,856.497100,428.035700,0.686882,863.808000,424.039800,849.186100,432.031500,863.808000,413.120000,849.186100,419.207000,4.040978,0.278832,-1.635221,3.776971,0.327465,-1.839283,3.917684,-1.724765,54.730680,0.165627,0.333378,1,0,20.007870,0.041013,0.000246,0.129296,5,9,5,5,4
415,22.903720,0.084103,father,5,3,5.000000,2.677086,738.201800,500.586700,738.409400,500.668400,0.223056,739.799700,500.527400,737.019000,500.809300,739.799700,489.851700,737.019000,491.614600,1.801938,0.272599,-3.588286,1.751733,0.234781,-3.595484,1.773087,-3.589801,125.260900,0.903597,0.036839,0,1,18.209450,0.030000,0.000356,0.115430,7,2,2,5,4
415,22.903720,0.084103,mother,11,7,10.974240,7.000001,808.012000,282.929700,807.620300,281.264300,1.710900,809.045300,284.587900,806.195400,277.940600,809.045300,275.723400,806.195400,265.631200,3.052206,0.226350,1.925602,3.000750,0.314315,2.095336,3.033549,1.967942,176.419800,0.282135,0.172616,1,0,20.895550,0.015600,0.000031,0.126399,1,7,7,8,4
415,22.903720,0.084103,older_sister,4,10,4.000000,9.545102,405.579500,376.551000,407.858600,377.934800,2.666272,399.614300,373.348800,416.102900,382.520700,399.614300,361.780600,416.102900,371.330000,-4.340297,0.295390,-0.340857,-4.042586,0.285748,-0.575054,-4.232592,-0.422622,125.260500,0.568573,-0.378292,0,0,20.328240,0.030000,0.000164,0.138962,7,4,7,7,4
415,22.903720,0.084103,player,8,3,8.213040,3.000000,860.382400,425.845300,858.162200,427.354000,2.684293,863.205700,424.350300,853.118800,430.357700,863.205700,413.337600,853.118800,415.737900,4.030104,0.281204,-1.643148,3.847978,0.373307,-1.796544,3.979128,-1.681323,54.738850,0.266249,0.237267,1,0,20.087870,0.030000,0.000086,0.129296,5,9,5,5,4
416,22.955850,0.052289,father,5,3,5.000000,2.620342,740.600600,501.786500,743.087600,502.917900,2.732330,748.449000,504.660600,737.726400,501.175300,748.449000,495.095500,737.726400,491.868600,1.958106,0.244241,-3.693825,1.764504,0.237640,-3.604828,1.816399,-3.620437,125.272700,0.974526,0.209452,0,1,18.265840,0.006392,0.000000,0.115430,7,2,2,5,4
416,22.955850,0.052289,mother,11,7,10.925650,7.000002,805.957600,283.956500,806.818600,282.715900,1.510106,806.441300,284.740500,807.195900,280.691300,806.441300,275.814600,807.195900,267.995400,3.005192,0.227917,1.921705,3.018815,0.324184,2.025099,2.996457,1.941724,208.218300,0.342876,0.097547,1,0,20.943840,0.006392,0.000356,0.126399,1,7,7,8,4
416,22.955850,0.052289,older_sister,4,9,3.999999,9.488358,407.978400,377.750500,408.268200,377.802700,0.294462,399.632800,373.191100,416.903400,382.414400,399.632800,361.027600,416.903400,371.545000,-4.339962,0.310587,-0.336828,-4.028131,0.277544,-0.572340,-4.189280,-0.453250,125.265700,0.639504,-0.390582,0,0,20.384630,0.006392,0.000097,0.138962,7,4,7,7,4
416,22.955850,0.052289,player,8,3,8.269784,3.000000,862.781300,424.645800,860.801500,425.829700,2.306797,863.427100,424.187700,858.176000,427.471600,863.427100,413.077800,858.176000,411.945200,4.034099,0.283686,-1.638997,3.939288,0.396458,-1.722850,4.022440,-1.650694,54.733840,0.337179,0.125826,1,0,20.144270,0.006392,0.000136,0.129296,5,9,5,5,4
417,23.006980,0.051695,father,5,3,5.000000,2.568326,742.799600,502.885900,745.074200,503.975000,2.521882,751.631700,506.349900,738.516800,501.600100,751.631700,497.076900,738.516800,492.115800,2.015572,0.236782,-3.736960,1.778776,0.242174,-3.615675,1.856104,-3.648509,125.261500,0.039547,0.263369,0,0,18.317540,0.001695,0.000136,0.115430,7,2,2,5,4
417,23.006980,0.051695,mother,11,7,10.873630,7.000001,803.758600,285.056100,804.210300,284.859200,0.492757,805.008000,285.293900,803.412800,284.424500,805.008000,276.329300,803.412800,273.129600,2.979311,0.228905,1.907575,2.950508,0.288409,1.929773,2.956753,1.913647,234.734400,0.407898,-0.010701,1,0,20.995540,0.001695,0.000329,0.126399,1,7,7,8,4
417,23.006980,0.051695,older_sister,4,9,3.999999,9.436341,410.177400,378.850000,408.660100,377.750500,1.873757,400.792900,373.424900,416.527400,382.076100,400.792900,360.457000,416.527400,371.247700,-4.319016,0.331128,-0.342799,-4.034923,0.276496,-0.563702,-4.149575,-0.481327,125.265500,0.704525,-0.359500,0,1,20.436320,0.001695,0.000068,0.138962,7,4,7,7,4
417,23.006980,0.051695,player,8,3,8.321801,3.000000,864.980300,423.546300,864.253200,423.969000,0.841119,863.854700,423.928200,864.651600,424.009900,863.854700,412.699900,864.651600,409.883800,4.041820,0.286709,-1.632370,4.056210,0.360701,-1.634455,4.062145,-1.622619,54.735230,0.402201,-0.010545,1,0,20.195960,0.001695,0.000164,0.129296,5,9,5,5,4
418,23.058750,0.052502,father,5,3,5.000000,2.515496,745.033000,504.002500,745.878300,504.576000,1.021561,752.492100,507.062000,739.264500,502.090100,752.492100,498.224500,739.264500,492.237900,2.031106,0.225661,-3.755142,1.792277,0.251571,-3.628189,1.896428,-3.677020,125.262000,0.105583,0.268302,0,0,18.370040,0.002502,0.000220,0.115430,7,2,2,5,4
418,23.058750,0.052502,mother,11,7,10.820800,7.000002,801.525300,286.172900,800.346600,286.768600,1.320690,804.147300,285.752300,796.545700,287.785000,804.147300,276.779300,796.545700,278.095800,2.963772,0.229119,1.895870,2.826518,0.247408,1.843966,2.916428,1.885128,234.730400,0.473934,-0.142031,1,0,21.048040,0.002502,0.000164,0.126399,1,7,7,8,4
418,23.058750,0.052502,older_sister,4,9,3.999998,9.383512,412.410700,379.966800,410.430200,378.485400,2.473214,404.796400,375.141200,416.064000,381.829600,404.796400,360.804700,416.064000,370.932600,-4.246731,0.366075,-0.386624,-4.043290,0.278247,-0.557407,-4.109251,-0.509841,125.264800,0.770561,-0.264711,0,1,20.488820,0.002502,0.000043,0.138962,7,4,7,7,4
418,23.058750,0.052502,player,8,3,8.374631,3.000001,867.213700,422.429600,868.602100,421.825900,1.513884,864.239000,423.702800,872.965100,419.948900,864.239000,412.367600,872.965100,407.894700,4.048759,0.289437,-1.626615,4.206315,0.307799,-1.530762,4.102470,-1.594104,54.735420,0.468237,-0.183984,1,0,20.248460,0.002502,0.000193,0.129296,5,9,5,5,4
419,23.109140,0.050534,father,5,2,5.000000,2.464648,747.182600,505.077400,746.509400,504.948000,0.685540,752.894200,507.234500,740.124600,502.661500,752.894200,498.452900,740.124600,492.189900,2.038368,0.224232,-3.759547,1.807806,0.267385,-3.642779,1.935242,-3.704466,125.265500,0.169144,0.255668,0,0,18.420570,0.000534,0.000136,0.115430,7,2,2,5,4
419,23.109140,0.050534,mother,11,7,10.769950,7.000002,799.375600,287.247900,797.226600,288.233200,2.364162,803.477800,286.095400,790.975300,290.371000,803.477800,277.103600,790.975300,281.017500,2.951681,0.229598,1.887109,2.725944,0.238836,1.777934,2.877615,1.857682,234.734800,0.537495,-0.247346,0,0,21.098570,0.000534,0.000110,0.126399,1,7,7,8,4
419,23.109140,0.050534,older_sister,4,9,3.999999,9.332664,414.560400,381.041400,413.137400,380.097700,1.707509,410.260800,378.362300,416.013900,381.833000,410.260800,363.207400,416.013900,370.750700,-4.148069,0.386972,-0.468873,-4.044192,0.282981,-0.557495,-4.070437,-0.537280,125.258600,0.834120,-0.135980,0,0,20.539360,0.000534,0.000232,0.138962,7,4,7,7,4
419,23.109140,0.050534,player,8,3,8.425480,3.000000,869.363300,421.355000,872.063300,420.242000,2.920363,864.399000,423.616700,879.727500,416.867300,864.399000,412.201900,879.727500,405.419100,4.051649,0.291468,-1.624416,4.328413,0.292325,-1.452075,4.141282,-1.566665,54.740540,0.531796,-0.325480,0,0,20.299000,0.000534,0.000000,0.129296,5,9,5,5,4
420,23.160650,0.052054,father,5,2,5.000000,2.412269,749.396900,506.184700,747.383700,505.410300,2.157041,752.988300,507.235000,741.779100,503.585600,752.988300,498.379400,741.779100,492.134100,2.040066,0.226123,-3.759561,1.837678,0.292407,-3.666375,1.975222,-3.732741,125.268600,0.234617,0.219047,1,0,18.472630,0.002054,0.000000,0.126264,7,2,2,5,4
420,23.160650,0.052054,mother,11,7,10.717580,7.000002,797.161300,288.354700,796.105300,288.916700,1.196171,803.109300,286.291000,789.101300,291.542400,803.109300,277.033300,789.101300,282.586100,2.945028,0.236390,1.882114,2.692106,0.228691,1.748025,2.837634,1.829418,234.742700,0.602966,-0.283931,0,0,21.150630,0.002054,0.000382,0.122726,1,7,7,8,4
420,23.160650,0.052054,older_sister,4,9,3.999999,9.280285,416.774700,382.148700,417.052200,382.168100,0.278176,418.020700,382.443800,416.083700,381.892400,418.020700,368.736600,416.083700,370.596700,-4.007959,0.350005,-0.573091,-4.042933,0.288429,-0.559012,-4.030456,-0.565554,125.267500,0.899593,0.036684,0,1,20.591410,0.002054,0.000136,0.136297,7,4,7,7,4
420,23.160650,0.052054,player,8,3,8.477859,3.000000,871.577700,420.247700,873.075400,419.593000,1.634568,864.196300,423.692500,881.954600,415.493500,864.196300,411.941300,881.954600,404.540600,4.047989,0.300060,-1.626352,4.368624,0.279676,-1.416995,4.181263,-1.538390,54.732440,0.597269,-0.382669,0,0,20.351050,0.002054,0.000110,0.129914,5,9,5,5,4
421,23.266210,0.106039,father,5,2,5.000000,2.331770,752.800000,507.886100,751.076000,507.103100,1.893487,754.116200,507.727200,748.035800,506.479000,754.116200,498.810400,748.035800,493.757900,2.060431,0.227686,-3.772129,1.950646,0.324826,-3.740256,2.036666,-3.776187,125.263200,0.335241,0.108042,1,0,18.552630,0.030000,0.000086,0.126264,7,2,2,5,4
421,23.266210,0.106039,mother,11,7,10.637080,7.000002,793.758200,290.056500,795.239700,289.531900,1.571701,801.975800,287.095200,788.503500,291.968600,801.975800,276.790300,788.503500,283.115800,2.924565,0.263129,1.861581,2.681313,0.226052,1.737140,2.776189,1.785966,234.732800,0.703589,-0.270458,0,1,21.230630,0.030000,0.000164,0.122726,1,7,7,8,4
421,23.266210,0.106039,older_sister,4,9,3.999999,9.199786,420.177900,383.850400,424.121000,385.548900,4.293413,432.084100,389.167700,416.158000,381.930000,432.084100,377.295200,416.158000,370.312600,-3.754037,0.303158,-0.744782,-4.041592,0.296644,-0.559971,-3.969011,-0.609008,125.267700,0.000216,0.341488,0,1,20.671410,0.030000,0.000031,0.136297,7,4,7,7,4
421,23.266210,0.106039,player,9,3,8.558357,3.000000,874.980800,418.545900,873.196700,419.109300,1.870948,864.671500,422.996500,881.721800,415.222000,864.671500,410.097300,881.721800,404.401800,4.056569,0.329373,-1.608581,4.364421,0.276288,-1.410063,4.242708,-1.494937,54.732140,0.697891,-0.365973,0,1,20.431050,0.030000,0.000301,0.129914,5,9,5,5,4
422,23.328550,0.062651,father,5,2,5.000000,2.251272,756.203100,509.587400,756.520900,509.713800,0.342059,755.564200,508.393200,757.477700,511.034400,755.564200,499.426200,757.477700,500.601700,2.086575,0.228964,-3.789133,2.121125,0.266393,-3.856576,2.098111,-3.819629,125.260500,0.435864,-0.067146,1,0,18.632630,0.030000,0.000273,0.126264,7,2,2,5,4
422,23.328550,0.062651,mother,11,7,10.556580,7.000002,790.355100,291.757900,792.212900,291.011700,2.002030,796.390400,289.882500,788.035400,292.141000,796.390400,277.993700,788.035400,283.154000,2.823715,0.303573,1.790408,2.672862,0.229476,1.732739,2.714744,1.742521,234.737200,0.804213,-0.156467,0,1,21.310630,0.030000,0.000273,0.122726,1,7,7,8,4
422,23.328550,0.062651,older_sister,4,9,3.999999,9.119287,423.580900,385.551700,424.814100,386.290400,1.437468,432.927500,390.122800,416.700600,382.458000,432.927500,379.185300,416.700600,370.297800,-3.738809,0.279283,-0.769170,-4.031795,0.310504,-0.573453,-3.907566,-0.652449,125.260500,0.100838,0.352220,0,0,20.751410,0.030000,0.000164,0.136297,7,4,7,7,4
422,23.328550,0.062651,player,9,3,8.638856,3.000000,878.383900,416.844600,876.011100,417.599100,2.489868,870.916700,419.675700,881.105500,415.522500,870.916700,404.823800,881.105500,404.565300,4.169330,0.379235,-1.523784,4.353294,0.279786,-1.417736,4.304154,-1.451495,54.740180,0.798513,-0.211434,0,1,20.511050,0.030000,0.000086,0.129914,5,9,5,5,4
423,23.391820,0.063840,father,5,2,5.000000,2.178289,759.288500,511.130400,761.246800,512.188500,2.225971,756.641300,508.909100,765.852400,515.468000,756.641300,499.931200,765.852400,506.083200,2.106024,0.229245,-3.802308,2.272335,0.239635,-3.969785,2.153820,-3.859027,125.268700,0.527092,-0.232489,1,0,18.705160,0.022531,0.000061,0.126264,7,2,2,5,4
423,23.391820,0.063840,mother,10,7,10.483600,7.000002,787.269800,293.300700,787.305800,293.304300,0.036190,787.450900,294.067800,787.160500,292.540900,787.450900,283.192900,787.160500,283.357800,2.662309,0.277683,1.683539,2.657065,0.234486,1.722527,2.659037,1.703126,234.733200,0.895439,0.018229,0,1,21.383160,0.022531,0.000136,0.122726,1,7,7,8,4
423,23.391820,0.063840,older_sister,4,9,3.999999,9.046305,426.666300,387.094700,425.050700,386.604300,1.688347,432.476600,389.901400,417.624800,383.307200,432.476600,378.954200,417.624800,370.182500,-3.746950,0.279529,-0.763515,-4.015108,0.335133,-0.595138,-3.851859,-0.691848,125.269400,0.192066,0.316161,1,0,20.823940,0.022531,0.000068,0.136297,7,4,7,7,4
423,23.391820,0.063840,player,9,3,8.711839,3.000000,881.469200,415.301700,881.279400,415.269200,0.192571,881.322100,415.031700,881.236800,415.506800,881.322100,401.023600,881.236800,404.238800,4.357205,0.357688,-1.405203,4.355664,0.287722,-1.417334,4.359862,-1.412097,54.730760,0.889742,0.008263,0,1,20.583580,0.022531,0.000329,0.129914,5,9,5,5,4
424,23.450730,0.059639,father,5,2,5.000000,2.118279,761.825400,512.398900,762.944000,512.926300,1.236664,757.113600,509.134200,768.774400,516.718400,757.113600,499.882300,768.774400,507.760500,2.114552,0.236241,-3.808054,2.325094,0.228736,-4.001714,2.199625,-3.891418,125.265300,0.602104,-0.283716,0,0,18.764800,0.009639,0.000000,0.126264,7,2,2,5,4
424,23.450730,0.059639,mother,10,7,10.423580,7.000001,784.732800,294.568900,782.503700,295.790800,2.542066,778.601600,298.674500,786.405800,292.907200,778.601600,289.097600,786.405800,283.608900,2.502528,0.244539,1.565910,2.643437,0.237427,1.713174,2.613231,1.670743,234.740900,0.970453,0.200072,0,1,21.442800,0.009639,0.000409,0.122726,1,7,7,8,4
424,23.450730,0.059639,older_sister,4,9,3.999999,8.986294,429.203200,388.362900,426.452100,387.386000,2.919433,432.112000,389.733600,420.792200,385.038500,432.112000,378.720700,420.792200,370.400700,-3.753534,0.281209,-0.759231,-3.957918,0.373768,-0.639345,-3.806052,-0.724231,125.258400,0.267080,0.236097,1,0,20.883580,0.009639,0.000164,0.136297,7,4,7,7,4
424,23.450730,0.059639,player,9,3,8.771849,3.000000,884.006200,414.033500,886.619600,412.513500,3.023216,891.910500,409.551200,881.328600,415.475800,891.910500,397.525400,881.328600,403.992000,4.548385,0.307073,-1.265263,4.357322,0.293231,-1.416543,4.405667,-1.379714,54.740740,0.964756,0.243342,0,1,20.643220,0.009639,0.000061,0.129914,5,9,5,5,4
425,23.511900,0.061655,father,5,2,5.000000,2.056240,764.448100,513.710100,763.784900,513.190300,0.842659,758.001100,509.398800,769.568800,516.981800,758.001100,499.365200,769.568800,508.146600,2.130575,0.256204,-3.814813,2.339437,0.225599,-4.008437,2.246979,-3.924899,125.262100,0.679653,-0.282323,0,1,18.826450,0.011655,0.000136,0.126264,7,2,2,5,4
425,23.511900,0.061655,mother,10,7,10.361550,7.000002,782.110000,295.880400,780.036400,296.936900,2.327275,774.650900,300.517500,785.421900,293.356300,774.650900,291.329100,785.421900,283.841000,2.431197,0.234619,1.518851,2.625673,0.242970,1.701705,2.565876,1.637254,234.732300,0.048002,0.264362,0,0,21.504450,0.011655,0.000301,0.122726,1,7,7,8,4
425,23.511900,0.061655,older_sister,4,9,3.999999,8.924254,431.826000,389.674400,429.694400,388.779000,2.312052,432.447700,389.843800,426.941100,387.714300,432.447700,378.717800,426.941100,372.211300,-3.747473,0.284094,-0.762044,-3.846897,0.395859,-0.707668,-3.758698,-0.757720,125.268200,0.344629,0.112573,1,0,20.945240,0.011655,0.000031,0.136297,7,4,7,7,4
425,23.511900,0.061655,player,9,3,8.833889,3.000000,886.629000,412.721900,889.343900,411.235500,3.095236,896.976600,407.117400,881.711300,415.353600,896.976600,395.752900,881.711300,403.568300,4.639856,0.290185,-1.203117,4.364231,0.300932,-1.413423,4.453022,-1.346225,54.732720,0.042305,0.346468,0,0,20.704870,0.011655,0.000220,0.129914,5,9,5,5,4
426,23.574580,0.062835,father,5,2,5.000000,2.000000,766.825700,514.898700,765.094600,513.782200,2.059947,760.579300,510.523900,769.610000,517.040400,760.579300,499.426900,769.610000,508.135900,2.177126,0.283356,-3.843540,2.340180,0.227371,-4.009936,2.289909,-3.955249,125.259100,0.749952,-0.229198,0,1,18.882350,0.005892,0.000273,0.123154,7,2,2,5,4
426,23.574580,0.062835,mother,10,7,10.298320,7.000001,779.437100,297.216800,778.855700,297.323700,0.591233,773.373100,300.888700,784.338300,293.758800,773.373100,292.095900,784.338300,283.731000,2.408125,0.224518,1.509372,2.606107,0.256054,1.691428,2.517614,1.603131,234.738200,0.127035,0.266760,0,0,21.567290,0.012835,0.000382,0.125213,1,7,7,8,4
426,23.574580,0.062835,older_sister,4,9,3.999999,8.861027,434.498900,391.010700,434.384500,391.007000,0.114502,433.051600,390.096400,435.717200,391.917700,433.051600,378.831400,435.717200,378.584300,-3.736567,0.287645,-0.768494,-3.688439,0.340461,-0.815000,-3.710436,-0.791843,125.262000,0.423662,-0.066147,1,0,21.008070,0.012835,0.000136,0.137323,7,4,7,7,4
426,23.574580,0.062835,player,9,3,8.897116,3.000000,889.301900,411.385600,890.155200,411.147300,0.885910,897.936300,407.043200,882.374000,415.251500,897.936300,396.145000,882.374000,402.916600,4.657183,0.278280,-1.201221,4.376197,0.314964,-1.410816,4.501285,-1.312102,54.738500,0.121338,0.350432,0,0,20.767710,0.012835,0.000110,0.129449,5,9,5,5,4
427,23.670010,0.090429,father,5,2,4.974241,2.000000,765.736700,515.443500,766.021400,513.814600,1.653664,767.202000,510.128600,764.840800,517.500500,767.202000,498.523300,764.840800,508.555000,2.296703,0.296335,-3.833446,2.254071,0.228420,-4.021685,2.270246,-3.969161,180.249800,0.782152,-0.188423,0,1,18.907950,0.015600,0.000000,0.123154,1,2,2,5,4
427,23.670010,0.090429,mother,10,7,10.217820,7.000001,776.034100,298.918500,777.620500,297.883000,1.894496,773.209200,301.069400,782.031700,294.696600,773.209200,292.222700,782.031700,283.399400,2.405167,0.225894,1.504757,2.564462,0.288468,1.667482,2.456171,1.559677,234.731500,0.227659,0.224016,1,0,21.647290,0.030000,0.000164,0.125213,1,7,7,8,4
427,23.670010,0.090429,older_sister,4,9,3.999999,8.780528,437.902000,392.712500,440.214600,394.091500,2.692487,433.478500,390.281300,446.950700,397.901600,433.478500,378.884000,446.950700,386.402300,-3.728860,0.291023,-0.773216,-3.485611,0.293628,-0.967798,-3.648991,-0.835295,125.266800,0.524284,-0.310954,1,0,21.088070,0.030000,0.000031,0.137323,7,4,7,7,4
427,23.670010,0.090429,player,9,3,8.977614,3.000000,892.705000,409.683800,890.792900,411.010300,2.327184,897.053900,407.412800,884.531900,414.607800,897.053900,396.424300,884.531900,401.033400,4.641251,0.280585,-1.210661,4.415160,0.346616,-1.394379,4.562729,-1.268649,54.732310,0.221960,0.290673,1,0,20.847710,0.030000,0.000273,0.129449,5,9,5,5,4
428,23.723690,0.052500,father,5,2,4.919070,2.000000,763.404400,516.609600,764.133200,515.871300,1.037420,766.073000,515.000700,762.193200,516.741900,766.073000,503.189800,762.193200,507.636400,2.276318,0.301585,-3.957853,2.206267,0.232503,-4.002312,2.228135,-3.998935,212.175600,0.851114,-0.074935,0,1,18.962770,0.012929,0.000061,0.123154,1,2,2,5,4
428,23.723690,0.052500,mother,10,7,10.154500,7.000001,773.357200,300.257100,775.129900,299.225100,2.051280,772.491000,301.478200,777.768800,296.972000,772.491000,292.595700,777.768800,284.355000,2.392199,0.226808,1.494319,2.487492,0.322168,1.609381,2.407838,1.525498,234.733800,0.306810,0.144239,1,0,21.710220,0.012929,0.000086,0.125213,1,7,7,8,4
428,23.723690,0.052500,older_sister,4,9,3.999999,8.717208,440.578900,394.050600,441.798700,394.724800,1.393666,433.317500,390.161700,450.279900,399.287900,433.317500,378.361200,450.279900,388.348500,-3.731767,0.301320,-0.770164,-3.425502,0.279330,-1.003194,-3.600658,-0.869464,125.257900,0.603436,-0.384603,0,0,21.151000,0.012929,0.000246,0.137323,7,4,7,7,4
428,23.723690,0.052500,player,9,3,9.000000,3.000673,893.622900,409.196700,891.420900,410.749700,2.694614,896.816300,407.403300,886.025500,414.096100,896.816300,396.395700,886.025500,399.827700,4.636961,0.281074,-1.210417,4.442127,0.364336,-1.381314,4.579302,-1.256210,53.109790,0.250782,0.258411,0,0,20.870620,0.000669,0.000086,0.129449,5,9,5,5,4
429,23.780050,0.054896,father,5,2,4.863833,2.000000,761.069200,517.777200,760.423500,518.128200,0.734987,759.263800,519.548200,761.583100,516.708300,759.263800,509.266500,761.583100,507.490200,2.153374,0.262537,-4.073970,2.195251,0.235380,-4.001456,2.185971,-4.028750,234.734300,0.920162,0.076059,0,1,19.017670,0.004896,0.000061,0.123154,1,2,2,5,4
429,23.780050,0.054896,mother,10,7,10.099260,7.000001,771.022000,301.424800,772.130700,300.871000,1.239377,771.631800,301.967000,772.629700,299.774900,771.631800,293.010000,772.629700,287.586200,2.376686,0.228713,1.481836,2.394702,0.311233,1.537810,2.365674,1.495683,234.734600,0.375856,0.047028,1,0,21.765110,0.004896,0.000031,0.125213,1,7,7,8,4
429,23.780050,0.054896,older_sister,4,9,3.999999,8.661969,442.914100,395.218300,442.247300,394.650600,0.875688,433.815800,390.106800,450.679000,399.194400,433.815800,377.524000,450.679000,388.379800,-3.722771,0.321297,-0.768762,-3.418296,0.276145,-1.000807,-3.558495,-0.899279,125.265700,0.672483,-0.382574,0,1,21.205900,0.004896,0.000178,0.137323,7,4,7,7,4
429,23.780050,0.054896,player,9,3,9.000000,3.018515,892.868700,408.819600,892.246400,410.945500,2.215111,893.907500,406.631100,890.585300,415.259900,893.907500,395.616800,890.585300,400.493000,4.584440,0.281243,-1.190698,4.524457,0.377064,-1.411032,4.565684,-1.246581,20.218860,0.273087,0.227487,1,0,20.888360,0.002561,0.000031,0.129449,3,9,5,5,4
430,23.835050,0.055184,father,5,2,4.808305,2.000000,758.721700,518.950900,756.054200,520.416400,3.043578,751.235500,523.775600,760.872900,517.057300,751.235500,514.156400,760.872900,507.717200,2.008419,0.245620,-4.181914,2.182427,0.238493,-4.010366,2.143586,-4.058718,234.737900,0.989571,0.241119,0,1,19.072850,0.005184,0.000136,0.123154,1,2,2,5,4
430,23.835050,0.055184,mother,10,7,10.043730,7.000001,768.674400,302.598400,768.141600,302.895300,0.609959,770.669400,302.480300,765.613900,303.310300,770.669400,293.511800,765.613900,293.131100,2.359308,0.229006,1.468731,2.268028,0.259921,1.447536,2.323289,1.465715,234.738100,0.445265,-0.086768,1,0,21.820300,0.005184,0.000136,0.125213,1,7,7,8,4
430,23.835050,0.055184,older_sister,4,9,3.999999,8.606441,445.261600,396.391900,443.224200,394.951800,2.494948,436.457000,391.095800,449.991500,398.807900,436.457000,377.366500,449.991500,387.956300,-3.675082,0.350570,-0.794014,-3.430709,0.277087,-0.990937,-3.516110,-0.929249,125.263100,0.741892,-0.313223,0,1,21.261080,0.005184,0.000273,0.137323,7,4,7,7,4
430,23.835050,0.055184,player,9,3,9.000000,3.060902,891.076700,407.923400,891.942900,409.759500,2.030134,890.652800,407.056500,893.233000,412.462600,890.652800,395.970000,893.233000,396.950700,4.525676,0.283087,-1.201560,4.572262,0.396084,-1.339601,4.533330,-1.223697,347.155100,0.326069,0.144943,1,0,20.930480,0.004994,0.000220,0.129449,3,9,5,5,4
431,23.890020,0.055475,father,5,2,4.752484,2.000000,756.361900,520.130900,754.475500,521.055800,2.100991,749.049700,524.639200,759.901200,517.472300,749.049700,515.551000,759.901200,507.907200,1.968952,0.232062,-4.203967,2.164884,0.244240,-4.020964,2.100979,-4.088851,234.731100,0.059347,0.265637,0,0,19.128330,0.005475,0.000000,0.123154,1,2,2,5,4
431,23.890020,0.055475,mother,10,7,9.987913,7.000000,766.314700,303.778200,764.390900,304.677200,2.123522,769.868900,302.897400,758.912800,306.457000,769.868900,293.928300,758.912800,297.029500,2.344855,0.229021,1.458079,2.147038,0.240724,1.367188,2.280682,1.435590,234.737800,0.515041,-0.213995,1,0,21.875770,0.005475,0.000220,0.125213,1,7,7,8,4
431,23.890020,0.055475,older_sister,4,9,3.999999,8.550621,447.621500,397.572000,445.941400,396.362400,2.070193,442.046100,393.996400,449.836800,398.728400,442.046100,378.963300,449.836800,387.731700,-3.574169,0.383860,-0.868079,-3.433503,0.280793,-0.988907,-3.473501,-0.959380,125.267300,0.811668,-0.184615,0,1,21.316560,0.005475,0.000136,0.137323,7,4,7,7,4
431,23.890020,0.055475,player,9,3,9.000000,3.116706,888.717600,406.743800,889.605800,407.275600,1.035220,889.312000,407.350100,889.899600,407.201000,889.312000,396.132300,889.899600,392.860200,4.501466,0.286441,-1.209059,4.512076,0.366184,-1.205252,4.490734,-1.193576,313.917400,0.395824,0.005002,1,0,20.985940,0.005475,0.000273,0.129449,3,9,5,5,4
432,23.943490,0.053613,father,5,2,4.698537,2.000000,754.081300,521.271100,753.493600,521.381200,0.597922,748.009700,524.946100,758.977500,517.816200,748.009700,516.153100,758.977500,507.790800,1.950176,0.224523,-4.211803,2.148204,0.255993,-4.029745,2.059801,-4.117964,234.739600,0.126782,0.266799,0,0,19.181940,0.003613,0.000136,0.125225,1,2,2,5,4
432,23.943490,0.053613,mother,10,7,9.933966,7.000000,764.034100,304.918400,762.362600,305.713400,1.850887,769.378100,303.143900,755.347000,308.282800,769.378100,294.003400,755.347000,299.185100,2.335994,0.233399,1.451785,2.082655,0.232305,1.320566,2.239503,1.406476,234.739600,0.582476,-0.282613,0,0,21.929380,0.003613,0.000356,0.124772,1,7,7,8,4
432,23.943490,0.053613,older_sister,4,8,3.999999,8.496673,449.902100,398.712300,449.580700,398.411200,0.440404,449.247400,398.017100,449.914200,398.805200,449.247400,383.711600,449.914200,387.568800,-3.444145,0.365281,-0.970745,-3.432105,0.286915,-0.990870,-3.432323,-0.988498,125.264100,0.879103,-0.021450,0,1,21.370170,0.003613,0.000136,0.134819,7,4,7,7,4
432,23.943490,0.053613,player,9,3,9.000001,3.170654,886.436900,405.603600,885.290500,404.947800,1.320670,888.976300,407.085000,881.604700,402.810600,888.976300,395.756800,881.604700,390.668000,4.495406,0.289258,-1.202289,4.362309,0.310056,-1.093146,4.449555,-1.164462,305.260400,0.463259,-0.171686,1,0,21.039550,0.003613,0.000136,0.138805,3,9,5,5,4
